macro_attempt_id	automation_id	micro_attempt_id	commit	parent_commit	timestamp_utc	family	accuracy	parameters	status	description	proposal	train_exit	verify_exit
attempt-0075	nearest-position-unions	micro-0001	a7cbf2060695f27216a7f39826d22a256d77b6ed	346d89912f272074b2f8878b19d2df19def9735e	2026-08-16T08:51:57.566366+00:00	parameter tying			error	Union closest position groups 364 and 501	Family: parameter tying. Current retained frontier is 2,105 parameters at 99.050000%, a +0.050000 percentage-point margin over 99%. There have been 17 prior attempts in this family. The most recent accepted result is attempt-0074 at 2,105 parameters and 99.05%; the most recent failed result is attempt-0034 (shared normalization biases). This is a parameterization-preserving compression: union current position groups represented by coordinates 364 and 501, whose learned values are -0.0023571008 and -0.0023529029 (absolute difference 4.198e-06), using a multiplicity-weighted mean. Hypothesis: this preserves qualification and yields 2,104 parameters. It is more informative than the nearest untested alternative (difference 4.503e-06) because it is the minimum-distortion eligible union; exact pairs already rejected under the unchanged grouping are excluded. Acceptance and rollback remain solely governed by the official runner.	1	
attempt-0076	nearest-position-unions-repair	micro-0001	4b32ee79932cbca1cdd23d4431b0a4b370f31312	346d89912f272074b2f8878b19d2df19def9735e	2026-08-16T08:54:25.954388+00:00	parameter tying	99.050000%	2104	keep	Union closest position groups 364 and 501	Family: parameter tying. Current retained frontier is 2,105 parameters at 99.050000%, a +0.050000 percentage-point margin over 99%. There have been 18 prior attempts in this family. The most recent accepted result is attempt-0074 at 2,105 parameters and 99.05%; the most recent failed result is attempt-0075/micro-0001 (error, no score). This is a parameterization-preserving compression: union current position groups represented by coordinates 364 and 501, whose learned values are -0.0023571008 and -0.0023529029 (absolute difference 4.198e-06), using a multiplicity-weighted mean. Hypothesis: this preserves qualification and yields 2,104 parameters. It is more informative than the nearest untested alternative (difference 4.503e-06) because it is the minimum-distortion eligible union; exact pairs already rejected under the unchanged grouping are excluded. Acceptance and rollback remain solely governed by the official runner.	0	0
attempt-0076	nearest-position-unions-repair	micro-0002	cfdc0b55b0cca3f34d6d40ba7cb640177129d841	4b32ee79932cbca1cdd23d4431b0a4b370f31312	2026-08-16T08:55:27.797797+00:00	parameter tying	99.050000%	2103	keep	Union closest position groups 177 and 462	Family: parameter tying. Current retained frontier is 2,104 parameters at 99.050000%, a +0.050000 percentage-point margin over 99%. There have been 19 prior attempts in this family. The most recent accepted result is attempt-0076/micro-0001 at 2104 parameters and 99.050000%; the most recent failed result is attempt-0075/micro-0001 (error, no score). This is a parameterization-preserving compression: union current position groups represented by coordinates 177 and 462, whose learned values are 0.0004998767 and 0.0005043799 (absolute difference 4.503e-06), using a multiplicity-weighted mean. Hypothesis: this preserves qualification and yields 2,103 parameters. It is more informative than the nearest untested alternative (difference 4.790e-06) because it is the minimum-distortion eligible union; exact pairs already rejected under the unchanged grouping are excluded. Acceptance and rollback remain solely governed by the official runner.	0	0
attempt-0076	nearest-position-unions-repair	micro-0003	da68d84de106da89bed82a4a9eb18ca1b8fcc600	cfdc0b55b0cca3f34d6d40ba7cb640177129d841	2026-08-16T08:56:29.935831+00:00	parameter tying	99.050000%	2102	keep	Union closest position groups 211 and 348	Family: parameter tying. Current retained frontier is 2,103 parameters at 99.050000%, a +0.050000 percentage-point margin over 99%. There have been 20 prior attempts in this family. The most recent accepted result is attempt-0076/micro-0002 at 2103 parameters and 99.050000%; the most recent failed result is attempt-0075/micro-0001 (error, no score). This is a parameterization-preserving compression: union current position groups represented by coordinates 211 and 348, whose learned values are 0.0005243364 and 0.0005300569 (absolute difference 5.721e-06), using a multiplicity-weighted mean. Hypothesis: this preserves qualification and yields 2,102 parameters. It is more informative than the nearest untested alternative (difference 6.702e-06) because it is the minimum-distortion eligible union; exact pairs already rejected under the unchanged grouping are excluded. Acceptance and rollback remain solely governed by the official runner.	0	0
attempt-0076	nearest-position-unions-repair	micro-0004	c13d2fd61f1cd9c44ea36a730e02cb0e91473b2c	da68d84de106da89bed82a4a9eb18ca1b8fcc600	2026-08-16T08:57:31.845350+00:00	parameter tying	99.040000%	2101	keep	Union closest position groups 260 and 244	Family: parameter tying. Current retained frontier is 2,102 parameters at 99.050000%, a +0.050000 percentage-point margin over 99%. There have been 21 prior attempts in this family. The most recent accepted result is attempt-0076/micro-0003 at 2102 parameters and 99.050000%; the most recent failed result is attempt-0075/micro-0001 (error, no score). This is a parameterization-preserving compression: union current position groups represented by coordinates 260 and 244, whose learned values are 0.0018342569 and 0.0018409587 (absolute difference 6.702e-06), using a multiplicity-weighted mean. Hypothesis: this preserves qualification and yields 2,101 parameters. It is more informative than the nearest untested alternative (difference 6.728e-06) because it is the minimum-distortion eligible union; exact pairs already rejected under the unchanged grouping are excluded. Acceptance and rollback remain solely governed by the official runner.	0	0
attempt-0076	nearest-position-unions-repair	micro-0005	ef598b05ef2b846b5b110906d67d932d3c79fe43	c13d2fd61f1cd9c44ea36a730e02cb0e91473b2c	2026-08-16T08:58:34.032346+00:00	parameter tying	99.040000%	2100	keep	Union closest position groups 188 and 21	Family: parameter tying. Current retained frontier is 2,101 parameters at 99.040000%, a +0.040000 percentage-point margin over 99%. There have been 22 prior attempts in this family. The most recent accepted result is attempt-0076/micro-0004 at 2101 parameters and 99.040000%; the most recent failed result is attempt-0075/micro-0001 (error, no score). This is a parameterization-preserving compression: union current position groups represented by coordinates 188 and 21, whose learned values are -0.0111811543 and -0.0111744264 (absolute difference 6.728e-06), using a multiplicity-weighted mean. Hypothesis: this preserves qualification and yields 2,100 parameters. It is more informative than the nearest untested alternative (difference 7.017e-06) because it is the minimum-distortion eligible union; exact pairs already rejected under the unchanged grouping are excluded. Acceptance and rollback remain solely governed by the official runner.	0	0
attempt-0076	nearest-position-unions-repair	micro-0006	4aad56f79ff193978abef5f53526fc5e1e280417	ef598b05ef2b846b5b110906d67d932d3c79fe43	2026-08-16T08:59:34.999168+00:00	parameter tying	99.040000%	2099	keep	Union closest position groups 238 and 274	Family: parameter tying. Current retained frontier is 2,100 parameters at 99.040000%, a +0.040000 percentage-point margin over 99%. There have been 23 prior attempts in this family. The most recent accepted result is attempt-0076/micro-0005 at 2100 parameters and 99.040000%; the most recent failed result is attempt-0075/micro-0001 (error, no score). This is a parameterization-preserving compression: union current position groups represented by coordinates 238 and 274, whose learned values are -0.0127586974 and -0.0127516808 (absolute difference 7.017e-06), using a multiplicity-weighted mean. Hypothesis: this preserves qualification and yields 2,099 parameters. It is more informative than the nearest untested alternative (difference 7.042e-06) because it is the minimum-distortion eligible union; exact pairs already rejected under the unchanged grouping are excluded. Acceptance and rollback remain solely governed by the official runner.	0	0
attempt-0076	nearest-position-unions-repair	micro-0007	dfd05ee5006748cc5e45b51c0469ff5f428e05b0	4aad56f79ff193978abef5f53526fc5e1e280417	2026-08-16T09:00:36.079793+00:00	parameter tying	99.040000%	2098	keep	Union closest position groups 194 and 177	Family: parameter tying. Current retained frontier is 2,099 parameters at 99.040000%, a +0.040000 percentage-point margin over 99%. There have been 24 prior attempts in this family. The most recent accepted result is attempt-0076/micro-0006 at 2099 parameters and 99.040000%; the most recent failed result is attempt-0075/micro-0001 (error, no score). This is a parameterization-preserving compression: union current position groups represented by coordinates 194 and 177, whose learned values are 0.0004950865 and 0.0005021283 (absolute difference 7.042e-06), using a multiplicity-weighted mean. Hypothesis: this preserves qualification and yields 2,098 parameters. It is more informative than the nearest untested alternative (difference 8.389e-06) because it is the minimum-distortion eligible union; exact pairs already rejected under the unchanged grouping are excluded. Acceptance and rollback remain solely governed by the official runner.	0	0
attempt-0076	nearest-position-unions-repair	micro-0008	10ff092714cd04d288695f3ca30c4b49891060fa	dfd05ee5006748cc5e45b51c0469ff5f428e05b0	2026-08-16T09:01:38.002375+00:00	parameter tying	99.040000%	2097	keep	Union closest position groups 334 and 403	Family: parameter tying. Current retained frontier is 2,098 parameters at 99.040000%, a +0.040000 percentage-point margin over 99%. There have been 25 prior attempts in this family. The most recent accepted result is attempt-0076/micro-0007 at 2098 parameters and 99.040000%; the most recent failed result is attempt-0075/micro-0001 (error, no score). This is a parameterization-preserving compression: union current position groups represented by coordinates 334 and 403, whose learned values are 0.0252252594 and 0.0252336487 (absolute difference 8.389e-06), using a multiplicity-weighted mean. Hypothesis: this preserves qualification and yields 2,097 parameters. It is more informative than the nearest untested alternative (difference 8.624e-06) because it is the minimum-distortion eligible union; exact pairs already rejected under the unchanged grouping are excluded. Acceptance and rollback remain solely governed by the official runner.	0	0
attempt-0076	nearest-position-unions-repair	micro-0009	07222a573b8fae35ab2dacb7e55a75d6a159c4d3	10ff092714cd04d288695f3ca30c4b49891060fa	2026-08-16T09:02:39.745489+00:00	parameter tying	99.040000%	2096	keep	Union closest position groups 175 and 208	Family: parameter tying. Current retained frontier is 2,097 parameters at 99.040000%, a +0.040000 percentage-point margin over 99%. There have been 26 prior attempts in this family. The most recent accepted result is attempt-0076/micro-0008 at 2097 parameters and 99.040000%; the most recent failed result is attempt-0075/micro-0001 (error, no score). This is a parameterization-preserving compression: union current position groups represented by coordinates 175 and 208, whose learned values are -0.0037990911 and -0.0037904670 (absolute difference 8.624e-06), using a multiplicity-weighted mean. Hypothesis: this preserves qualification and yields 2,096 parameters. It is more informative than the nearest untested alternative (difference 8.790e-06) because it is the minimum-distortion eligible union; exact pairs already rejected under the unchanged grouping are excluded. Acceptance and rollback remain solely governed by the official runner.	0	0
attempt-0076	nearest-position-unions-repair	micro-0010	32ef4be35e25aa85757ce70f7c07db1c99137c51	07222a573b8fae35ab2dacb7e55a75d6a159c4d3	2026-08-16T09:03:41.913450+00:00	parameter tying	99.040000%	2095	keep	Union closest position groups 442 and 179	Family: parameter tying. Current retained frontier is 2,096 parameters at 99.040000%, a +0.040000 percentage-point margin over 99%. There have been 27 prior attempts in this family. The most recent accepted result is attempt-0076/micro-0009 at 2096 parameters and 99.040000%; the most recent failed result is attempt-0075/micro-0001 (error, no score). This is a parameterization-preserving compression: union current position groups represented by coordinates 442 and 179, whose learned values are -0.0129203992 and -0.0129116094 (absolute difference 8.790e-06), using a multiplicity-weighted mean. Hypothesis: this preserves qualification and yields 2,095 parameters. It is more informative than the nearest untested alternative (difference 9.119e-06) because it is the minimum-distortion eligible union; exact pairs already rejected under the unchanged grouping are excluded. Acceptance and rollback remain solely governed by the official runner.	0	0
attempt-0076	nearest-position-unions-repair	micro-0011	380ab3c26a6ab09e841c58772e587d48219f3be2	32ef4be35e25aa85757ce70f7c07db1c99137c51	2026-08-16T09:04:43.666957+00:00	parameter tying	99.040000%	2094	keep	Union closest position groups 41 and 106	Family: parameter tying. Current retained frontier is 2,095 parameters at 99.040000%, a +0.040000 percentage-point margin over 99%. There have been 28 prior attempts in this family. The most recent accepted result is attempt-0076/micro-0010 at 2095 parameters and 99.040000%; the most recent failed result is attempt-0075/micro-0001 (error, no score). This is a parameterization-preserving compression: union current position groups represented by coordinates 41 and 106, whose learned values are 0.0005422053 and 0.0005513247 (absolute difference 9.119e-06), using a multiplicity-weighted mean. Hypothesis: this preserves qualification and yields 2,094 parameters. It is more informative than the nearest untested alternative (difference 9.392e-06) because it is the minimum-distortion eligible union; exact pairs already rejected under the unchanged grouping are excluded. Acceptance and rollback remain solely governed by the official runner.	0	0
attempt-0076	nearest-position-unions-repair	micro-0012	a12a87f8a63132d2614a37cb4c98d671499a1107	380ab3c26a6ab09e841c58772e587d48219f3be2	2026-08-16T09:05:45.292621+00:00	parameter tying	99.040000%	2093	keep	Union closest position groups 95 and 424	Family: parameter tying. Current retained frontier is 2,094 parameters at 99.040000%, a +0.040000 percentage-point margin over 99%. There have been 29 prior attempts in this family. The most recent accepted result is attempt-0076/micro-0011 at 2094 parameters and 99.040000%; the most recent failed result is attempt-0075/micro-0001 (error, no score). This is a parameterization-preserving compression: union current position groups represented by coordinates 95 and 424, whose learned values are 0.0040847282 and 0.0040941206 (absolute difference 9.392e-06), using a multiplicity-weighted mean. Hypothesis: this preserves qualification and yields 2,093 parameters. It is more informative than the nearest untested alternative (difference 1.004e-05) because it is the minimum-distortion eligible union; exact pairs already rejected under the unchanged grouping are excluded. Acceptance and rollback remain solely governed by the official runner.	0	0
attempt-0076	nearest-position-unions-repair	micro-0013	6a62bc1b8fca089adeb85b851733a02ae6d72128	a12a87f8a63132d2614a37cb4c98d671499a1107	2026-08-16T09:06:46.167818+00:00	parameter tying	99.050000%	2092	keep	Union closest position groups 275 and 10	Family: parameter tying. Current retained frontier is 2,093 parameters at 99.040000%, a +0.040000 percentage-point margin over 99%. There have been 30 prior attempts in this family. The most recent accepted result is attempt-0076/micro-0012 at 2093 parameters and 99.040000%; the most recent failed result is attempt-0075/micro-0001 (error, no score). This is a parameterization-preserving compression: union current position groups represented by coordinates 275 and 10, whose learned values are 0.0054133600 and 0.0054233973 (absolute difference 1.004e-05), using a multiplicity-weighted mean. Hypothesis: this preserves qualification and yields 2,092 parameters. It is more informative than the nearest untested alternative (difference 1.071e-05) because it is the minimum-distortion eligible union; exact pairs already rejected under the unchanged grouping are excluded. Acceptance and rollback remain solely governed by the official runner.	0	0
attempt-0076	nearest-position-unions-repair	micro-0014	3f9dea055611f0a1682cda005b1e20a15b88242a	6a62bc1b8fca089adeb85b851733a02ae6d72128	2026-08-16T09:07:47.222674+00:00	parameter tying	99.050000%	2091	keep	Union closest position groups 471 and 445	Family: parameter tying. Current retained frontier is 2,092 parameters at 99.050000%, a +0.050000 percentage-point margin over 99%. There have been 31 prior attempts in this family. The most recent accepted result is attempt-0076/micro-0013 at 2092 parameters and 99.050000%; the most recent failed result is attempt-0075/micro-0001 (error, no score). This is a parameterization-preserving compression: union current position groups represented by coordinates 471 and 445, whose learned values are 0.0314305238 and 0.0314412378 (absolute difference 1.071e-05), using a multiplicity-weighted mean. Hypothesis: this preserves qualification and yields 2,091 parameters. It is more informative than the nearest untested alternative (difference 1.078e-05) because it is the minimum-distortion eligible union; exact pairs already rejected under the unchanged grouping are excluded. Acceptance and rollback remain solely governed by the official runner.	0	0
attempt-0076	nearest-position-unions-repair	micro-0015	f123660c07b69a63c07a1acff412b0ed9ecf98e0	3f9dea055611f0a1682cda005b1e20a15b88242a	2026-08-16T09:08:48.515954+00:00	parameter tying	99.050000%	2090	keep	Union closest position groups 24 and 113	Family: parameter tying. Current retained frontier is 2,091 parameters at 99.050000%, a +0.050000 percentage-point margin over 99%. There have been 32 prior attempts in this family. The most recent accepted result is attempt-0076/micro-0014 at 2091 parameters and 99.050000%; the most recent failed result is attempt-0075/micro-0001 (error, no score). This is a parameterization-preserving compression: union current position groups represented by coordinates 24 and 113, whose learned values are -0.0248801205 and -0.0248693433 (absolute difference 1.078e-05), using a multiplicity-weighted mean. Hypothesis: this preserves qualification and yields 2,090 parameters. It is more informative than the nearest untested alternative (difference 1.117e-05) because it is the minimum-distortion eligible union; exact pairs already rejected under the unchanged grouping are excluded. Acceptance and rollback remain solely governed by the official runner.	0	0
attempt-0076	nearest-position-unions-repair	micro-0016	7222731de4f5bddeaa5ddc776d85b8da0bc0e92c	f123660c07b69a63c07a1acff412b0ed9ecf98e0	2026-08-16T09:09:49.869312+00:00	parameter tying	99.040000%	2089	keep	Union closest position groups 294 and 314	Family: parameter tying. Current retained frontier is 2,090 parameters at 99.050000%, a +0.050000 percentage-point margin over 99%. There have been 33 prior attempts in this family. The most recent accepted result is attempt-0076/micro-0015 at 2090 parameters and 99.050000%; the most recent failed result is attempt-0075/micro-0001 (error, no score). This is a parameterization-preserving compression: union current position groups represented by coordinates 294 and 314, whose learned values are 0.0053202268 and 0.0053313975 (absolute difference 1.117e-05), using a multiplicity-weighted mean. Hypothesis: this preserves qualification and yields 2,089 parameters. It is more informative than the nearest untested alternative (difference 1.159e-05) because it is the minimum-distortion eligible union; exact pairs already rejected under the unchanged grouping are excluded. Acceptance and rollback remain solely governed by the official runner.	0	0
attempt-0076	nearest-position-unions-repair	micro-0017	8f174b4d6c9e724687573461c30ad77e875301c6	7222731de4f5bddeaa5ddc776d85b8da0bc0e92c	2026-08-16T09:10:51.092175+00:00	parameter tying	99.040000%	2088	keep	Union closest position groups 397 and 506	Family: parameter tying. Current retained frontier is 2,089 parameters at 99.040000%, a +0.040000 percentage-point margin over 99%. There have been 34 prior attempts in this family. The most recent accepted result is attempt-0076/micro-0016 at 2089 parameters and 99.040000%; the most recent failed result is attempt-0075/micro-0001 (error, no score). This is a parameterization-preserving compression: union current position groups represented by coordinates 397 and 506, whose learned values are 0.0130978301 and 0.0131094176 (absolute difference 1.159e-05), using a multiplicity-weighted mean. Hypothesis: this preserves qualification and yields 2,088 parameters. It is more informative than the nearest untested alternative (difference 1.222e-05) because it is the minimum-distortion eligible union; exact pairs already rejected under the unchanged grouping are excluded. Acceptance and rollback remain solely governed by the official runner.	0	0
attempt-0076	nearest-position-unions-repair	micro-0018	44ceb75f5660fe8d4d526750eaf8969ad020b1f5	8f174b4d6c9e724687573461c30ad77e875301c6	2026-08-16T09:11:52.206957+00:00	parameter tying	99.040000%	2087	keep	Union closest position groups 176 and 134	Family: parameter tying. Current retained frontier is 2,088 parameters at 99.040000%, a +0.040000 percentage-point margin over 99%. There have been 35 prior attempts in this family. The most recent accepted result is attempt-0076/micro-0017 at 2088 parameters and 99.040000%; the most recent failed result is attempt-0075/micro-0001 (error, no score). This is a parameterization-preserving compression: union current position groups represented by coordinates 176 and 134, whose learned values are -0.0016184105 and -0.0016061913 (absolute difference 1.222e-05), using a multiplicity-weighted mean. Hypothesis: this preserves qualification and yields 2,087 parameters. It is more informative than the nearest untested alternative (difference 1.270e-05) because it is the minimum-distortion eligible union; exact pairs already rejected under the unchanged grouping are excluded. Acceptance and rollback remain solely governed by the official runner.	0	0
attempt-0076	nearest-position-unions-repair	micro-0019	2687f36f6b1adad6a783a589dad193a83a020ee5	44ceb75f5660fe8d4d526750eaf8969ad020b1f5	2026-08-16T09:12:54.342300+00:00	parameter tying	99.040000%	2086	keep	Union closest position groups 379 and 223	Family: parameter tying. Current retained frontier is 2,087 parameters at 99.040000%, a +0.040000 percentage-point margin over 99%. There have been 36 prior attempts in this family. The most recent accepted result is attempt-0076/micro-0018 at 2087 parameters and 99.040000%; the most recent failed result is attempt-0075/micro-0001 (error, no score). This is a parameterization-preserving compression: union current position groups represented by coordinates 379 and 223, whose learned values are -0.0048395605 and -0.0048268624 (absolute difference 1.270e-05), using a multiplicity-weighted mean. Hypothesis: this preserves qualification and yields 2,086 parameters. It is more informative than the nearest untested alternative (difference 1.285e-05) because it is the minimum-distortion eligible union; exact pairs already rejected under the unchanged grouping are excluded. Acceptance and rollback remain solely governed by the official runner.	0	0
attempt-0076	nearest-position-unions-repair	micro-0020	91c23347ef536d769ead1c1934017082ebad35e0	2687f36f6b1adad6a783a589dad193a83a020ee5	2026-08-16T09:13:55.840001+00:00	parameter tying	99.040000%	2085	keep	Union closest position groups 7 and 465	Family: parameter tying. Current retained frontier is 2,086 parameters at 99.040000%, a +0.040000 percentage-point margin over 99%. There have been 37 prior attempts in this family. The most recent accepted result is attempt-0076/micro-0019 at 2086 parameters and 99.040000%; the most recent failed result is attempt-0075/micro-0001 (error, no score). This is a parameterization-preserving compression: union current position groups represented by coordinates 7 and 465, whose learned values are 0.0035159513 and 0.0035288008 (absolute difference 1.285e-05), using a multiplicity-weighted mean. Hypothesis: this preserves qualification and yields 2,085 parameters. It is more informative than the nearest untested alternative (difference 1.346e-05) because it is the minimum-distortion eligible union; exact pairs already rejected under the unchanged grouping are excluded. Acceptance and rollback remain solely governed by the official runner.	0	0
attempt-0077	position-union-0077	micro-0001	745ee602559ef4b70f7689cc20af71de7bd6d7d1	91c23347ef536d769ead1c1934017082ebad35e0	2026-08-16T09:16:51.904555+00:00	parameter tying	99.040000%	2084	keep	Union closest position groups 66 and 312	Family: parameter tying. Current retained frontier is 2,085 parameters at 99.040000%, a +0.040000 percentage-point margin over 99%. There have been 19 prior attempts in this family. The most recent accepted result is attempt-0076 (keep, 2085 parameters, 99.040000%); the most recent failed result is attempt-0075 (discard, no parameter count parameters, no score). Hypothesis: the one-parameter, parameterization-preserving union of current positional groups represented by coordinates 66 and 312, with values -0.0118125025 and -0.0117990421 (difference 1.346e-05), preserves qualification using a multiplicity-weighted mean and yields 2,084 parameters. Candidate ordering is ascending current absolute group-value difference with previously nonqualifying exact pairs excluded. This is more informative than the nearest untested alternative (difference 1.516e-05) because it is the eligible minimum-distortion merge. The official runner alone accepts or rolls back. Stop after exactly one micro-trial or immediately on error. Compute budget: one checkpoint migration, one official verification, and two minutes wall-clock.	0	0
attempt-0078	position-union-0078	micro-0001	2ca5332ccd65887d526976dc70c6cca2e77d5017	745ee602559ef4b70f7689cc20af71de7bd6d7d1	2026-08-16T09:17:53.811783+00:00	parameter tying	99.040000%	2083	keep	Union closest position groups 64 and 330	Family: parameter tying. Current retained frontier is 2,084 parameters at 99.040000%, a +0.040000 percentage-point margin over 99%. There have been 20 prior attempts in this family. The most recent accepted result is attempt-0077 (keep, 2084 parameters, 99.040000%); the most recent failed result is attempt-0075 (discard, no parameter count parameters, no score). Hypothesis: the one-parameter, parameterization-preserving union of current positional groups represented by coordinates 64 and 330, with values 0.0042936467 and 0.0043088091 (difference 1.516e-05), preserves qualification using a multiplicity-weighted mean and yields 2,083 parameters. Candidate ordering is ascending current absolute group-value difference with previously nonqualifying exact pairs excluded. This is more informative than the nearest untested alternative (difference 1.530e-05) because it is the eligible minimum-distortion merge. The official runner alone accepts or rolls back. Stop after exactly one micro-trial or immediately on error. Compute budget: one checkpoint migration, one official verification, and two minutes wall-clock.	0	0
attempt-0079	position-union-0079	micro-0001	f7d3cea9eb59c8192f028a30071bf3f7763c222f	2ca5332ccd65887d526976dc70c6cca2e77d5017	2026-08-16T09:18:55.446941+00:00	parameter tying	99.040000%	2082	keep	Union closest position groups 233 and 306	Family: parameter tying. Current retained frontier is 2,083 parameters at 99.040000%, a +0.040000 percentage-point margin over 99%. There have been 21 prior attempts in this family. The most recent accepted result is attempt-0078 (keep, 2083 parameters, 99.040000%); the most recent failed result is attempt-0075 (discard, no parameter count parameters, no score). Hypothesis: the one-parameter, parameterization-preserving union of current positional groups represented by coordinates 233 and 306, with values 0.0013918133 and 0.0014071175 (difference 1.530e-05), preserves qualification using a multiplicity-weighted mean and yields 2,082 parameters. Candidate ordering is ascending current absolute group-value difference with previously nonqualifying exact pairs excluded. This is more informative than the nearest untested alternative (difference 1.647e-05) because it is the eligible minimum-distortion merge. The official runner alone accepts or rolls back. Stop after exactly one micro-trial or immediately on error. Compute budget: one checkpoint migration, one official verification, and two minutes wall-clock.	0	0
attempt-0080	position-union-0080	micro-0001	90bfdbea2f69c085ddb586d995e87c8076c8ee1e	f7d3cea9eb59c8192f028a30071bf3f7763c222f	2026-08-16T09:19:57.408864+00:00	parameter tying	99.040000%	2081	keep	Union closest position groups 361 and 469	Family: parameter tying. Current retained frontier is 2,082 parameters at 99.040000%, a +0.040000 percentage-point margin over 99%. There have been 22 prior attempts in this family. The most recent accepted result is attempt-0079 (keep, 2082 parameters, 99.040000%); the most recent failed result is attempt-0075 (discard, no parameter count parameters, no score). Hypothesis: the one-parameter, parameterization-preserving union of current positional groups represented by coordinates 361 and 469, with values -0.0130450493 and -0.0130285807 (difference 1.647e-05), preserves qualification using a multiplicity-weighted mean and yields 2,081 parameters. Candidate ordering is ascending current absolute group-value difference with previously nonqualifying exact pairs excluded. This is more informative than the nearest untested alternative (difference 1.661e-05) because it is the eligible minimum-distortion merge. The official runner alone accepts or rolls back. Stop after exactly one micro-trial or immediately on error. Compute budget: one checkpoint migration, one official verification, and two minutes wall-clock.	0	0
attempt-0081	position-union-0081	micro-0001	098ef5f0fe5dbf8fba735120d84e43086ea81754	90bfdbea2f69c085ddb586d995e87c8076c8ee1e	2026-08-16T09:21:00.039382+00:00	parameter tying	99.040000%	2080	keep	Union closest position groups 473 and 99	Family: parameter tying. Current retained frontier is 2,081 parameters at 99.040000%, a +0.040000 percentage-point margin over 99%. There have been 23 prior attempts in this family. The most recent accepted result is attempt-0080 (keep, 2081 parameters, 99.040000%); the most recent failed result is attempt-0075 (discard, no parameter count parameters, no score). Hypothesis: the one-parameter, parameterization-preserving union of current positional groups represented by coordinates 473 and 99, with values -0.0121204974 and -0.0121038873 (difference 1.661e-05), preserves qualification using a multiplicity-weighted mean and yields 2,080 parameters. Candidate ordering is ascending current absolute group-value difference with previously nonqualifying exact pairs excluded. This is more informative than the nearest untested alternative (difference 1.664e-05) because it is the eligible minimum-distortion merge. The official runner alone accepts or rolls back. Stop after exactly one micro-trial or immediately on error. Compute budget: one checkpoint migration, one official verification, and two minutes wall-clock.	0	0
attempt-0082	position-union-0082	micro-0001	7e078695e02f177b77862e7d08da95bde163e376	098ef5f0fe5dbf8fba735120d84e43086ea81754	2026-08-16T09:22:01.922431+00:00	parameter tying	99.040000%	2079	keep	Union closest position groups 25 and 454	Family: parameter tying. Current retained frontier is 2,080 parameters at 99.040000%, a +0.040000 percentage-point margin over 99%. There have been 24 prior attempts in this family. The most recent accepted result is attempt-0081 (keep, 2080 parameters, 99.040000%); the most recent failed result is attempt-0075 (discard, no parameter count parameters, no score). Hypothesis: the one-parameter, parameterization-preserving union of current positional groups represented by coordinates 25 and 454, with values -0.0134330411 and -0.0134163965 (difference 1.664e-05), preserves qualification using a multiplicity-weighted mean and yields 2,079 parameters. Candidate ordering is ascending current absolute group-value difference with previously nonqualifying exact pairs excluded. This is more informative than the nearest untested alternative (difference 1.675e-05) because it is the eligible minimum-distortion merge. The official runner alone accepts or rolls back. Stop after exactly one micro-trial or immediately on error. Compute budget: one checkpoint migration, one official verification, and two minutes wall-clock.	0	0
attempt-0083	position-union-0083	micro-0001	2d1c4a7251a2cbd70ec4a98b62c74e90f4f269a4	7e078695e02f177b77862e7d08da95bde163e376	2026-08-16T09:23:04.067511+00:00	parameter tying	99.040000%	2078	keep	Union closest position groups 142 and 169	Family: parameter tying. Current retained frontier is 2,079 parameters at 99.040000%, a +0.040000 percentage-point margin over 99%. There have been 25 prior attempts in this family. The most recent accepted result is attempt-0082 (keep, 2079 parameters, 99.040000%); the most recent failed result is attempt-0075 (discard, no parameter count parameters, no score). Hypothesis: the one-parameter, parameterization-preserving union of current positional groups represented by coordinates 142 and 169, with values -0.0174008161 and -0.0173840653 (difference 1.675e-05), preserves qualification using a multiplicity-weighted mean and yields 2,078 parameters. Candidate ordering is ascending current absolute group-value difference with previously nonqualifying exact pairs excluded. This is more informative than the nearest untested alternative (difference 1.685e-05) because it is the eligible minimum-distortion merge. The official runner alone accepts or rolls back. Stop after exactly one micro-trial or immediately on error. Compute budget: one checkpoint migration, one official verification, and two minutes wall-clock.	0	0
attempt-0084	position-union-0084	micro-0001	5e60799be92be4001b64222fb0bf0b4c834d4b98	2d1c4a7251a2cbd70ec4a98b62c74e90f4f269a4	2026-08-16T09:24:06.041015+00:00	parameter tying	99.040000%	2077	keep	Union closest position groups 441 and 173	Family: parameter tying. Current retained frontier is 2,078 parameters at 99.040000%, a +0.040000 percentage-point margin over 99%. There have been 26 prior attempts in this family. The most recent accepted result is attempt-0083 (keep, 2078 parameters, 99.040000%); the most recent failed result is attempt-0075 (discard, no parameter count parameters, no score). Hypothesis: the one-parameter, parameterization-preserving union of current positional groups represented by coordinates 441 and 173, with values -0.0081322808 and -0.0081154266 (difference 1.685e-05), preserves qualification using a multiplicity-weighted mean and yields 2,077 parameters. Candidate ordering is ascending current absolute group-value difference with previously nonqualifying exact pairs excluded. This is more informative than the nearest untested alternative (difference 1.690e-05) because it is the eligible minimum-distortion merge. The official runner alone accepts or rolls back. Stop after exactly one micro-trial or immediately on error. Compute budget: one checkpoint migration, one official verification, and two minutes wall-clock.	0	0
attempt-0085	position-union-0085	micro-0001	bfcc1f1ee12be3ff60437d9dd210e6c275245adf	5e60799be92be4001b64222fb0bf0b4c834d4b98	2026-08-16T09:25:07.579234+00:00	parameter tying	99.040000%	2076	keep	Union closest position groups 139 and 279	Family: parameter tying. Current retained frontier is 2,077 parameters at 99.040000%, a +0.040000 percentage-point margin over 99%. There have been 27 prior attempts in this family. The most recent accepted result is attempt-0084 (keep, 2077 parameters, 99.040000%); the most recent failed result is attempt-0075 (discard, no parameter count parameters, no score). Hypothesis: the one-parameter, parameterization-preserving union of current positional groups represented by coordinates 139 and 279, with values 0.0168967135 and 0.0169136096 (difference 1.690e-05), preserves qualification using a multiplicity-weighted mean and yields 2,076 parameters. Candidate ordering is ascending current absolute group-value difference with previously nonqualifying exact pairs excluded. This is more informative than the nearest untested alternative (difference 1.704e-05) because it is the eligible minimum-distortion merge. The official runner alone accepts or rolls back. Stop after exactly one micro-trial or immediately on error. Compute budget: one checkpoint migration, one official verification, and two minutes wall-clock.	0	0
attempt-0086	position-union-0086	micro-0001	1449cf3f91dd4c050c96398b1759076c92dbd86f	bfcc1f1ee12be3ff60437d9dd210e6c275245adf	2026-08-16T09:26:09.099361+00:00	parameter tying	99.040000%	2075	keep	Union closest position groups 391 and 353	Family: parameter tying. Current retained frontier is 2,076 parameters at 99.040000%, a +0.040000 percentage-point margin over 99%. There have been 28 prior attempts in this family. The most recent accepted result is attempt-0085 (keep, 2076 parameters, 99.040000%); the most recent failed result is attempt-0075 (discard, no parameter count parameters, no score). Hypothesis: the one-parameter, parameterization-preserving union of current positional groups represented by coordinates 391 and 353, with values 0.0065754987 and 0.0065925373 (difference 1.704e-05), preserves qualification using a multiplicity-weighted mean and yields 2,075 parameters. Candidate ordering is ascending current absolute group-value difference with previously nonqualifying exact pairs excluded. This is more informative than the nearest untested alternative (difference 1.705e-05) because it is the eligible minimum-distortion merge. The official runner alone accepts or rolls back. Stop after exactly one micro-trial or immediately on error. Compute budget: one checkpoint migration, one official verification, and two minutes wall-clock.	0	0
attempt-0087	position-union-0087	micro-0001	f2aff0e7d0d88adacdc277104ae324946571744d	1449cf3f91dd4c050c96398b1759076c92dbd86f	2026-08-16T09:27:28.596084+00:00	parameter tying	99.040000%	2074	keep	Union closest position groups 452 and 447	Family: parameter tying. Current retained frontier is 2,075 parameters at 99.040000%, a +0.040000 percentage-point margin over 99%. There have been 29 prior attempts in this family. The most recent accepted result is attempt-0086 (keep, 2075 parameters, 99.040000%); the most recent failed result is attempt-0075 (discard, no parameter count parameters, no score). Hypothesis: the one-parameter, parameterization-preserving union of current positional groups represented by coordinates 452 and 447, with values -0.0080402214 and -0.0080231763 (difference 1.705e-05), preserves qualification using a multiplicity-weighted mean and yields 2,074 parameters. Candidate ordering is ascending current absolute group-value difference with previously nonqualifying exact pairs excluded. This is more informative than the nearest untested alternative (difference 1.728e-05) because it is the eligible minimum-distortion merge. The official runner alone accepts or rolls back. Stop after exactly one micro-trial or immediately on error. Compute budget: one checkpoint migration, one official verification, and two minutes wall-clock.	0	0
attempt-0088	position-union-0088	micro-0001	52759de620f498f40198cb340942676d78b5c266	f2aff0e7d0d88adacdc277104ae324946571744d	2026-08-16T09:28:30.455017+00:00	parameter tying	99.040000%	2073	keep	Union closest position groups 217 and 482	Family: parameter tying. Current retained frontier is 2,074 parameters at 99.040000%, a +0.040000 percentage-point margin over 99%. There have been 30 prior attempts in this family. The most recent accepted result is attempt-0087 (keep, 2074 parameters, 99.040000%); the most recent failed result is attempt-0075 (discard, no parameter count parameters, no score). Hypothesis: the one-parameter, parameterization-preserving union of current positional groups represented by coordinates 217 and 482, with values 0.0024018355 and 0.0024191204 (difference 1.728e-05), preserves qualification using a multiplicity-weighted mean and yields 2,073 parameters. Candidate ordering is ascending current absolute group-value difference with previously nonqualifying exact pairs excluded. This is more informative than the nearest untested alternative (difference 1.741e-05) because it is the eligible minimum-distortion merge. The official runner alone accepts or rolls back. Stop after exactly one micro-trial or immediately on error. Compute budget: one checkpoint migration, one official verification, and two minutes wall-clock.	0	0
attempt-0089	position-union-0089	micro-0001	e88245de6e18a38efc869e0d684fffe2279ebd6d	52759de620f498f40198cb340942676d78b5c266	2026-08-16T09:29:32.725782+00:00	parameter tying	99.040000%	2072	keep	Union closest position groups 386 and 83	Family: parameter tying. Current retained frontier is 2,073 parameters at 99.040000%, a +0.040000 percentage-point margin over 99%. There have been 31 prior attempts in this family. The most recent accepted result is attempt-0088 (keep, 2073 parameters, 99.040000%); the most recent failed result is attempt-0075 (discard, no parameter count parameters, no score). Hypothesis: the one-parameter, parameterization-preserving union of current positional groups represented by coordinates 386 and 83, with values -0.0120240804 and -0.0120066665 (difference 1.741e-05), preserves qualification using a multiplicity-weighted mean and yields 2,072 parameters. Candidate ordering is ascending current absolute group-value difference with previously nonqualifying exact pairs excluded. This is more informative than the nearest untested alternative (difference 1.761e-05) because it is the eligible minimum-distortion merge. The official runner alone accepts or rolls back. Stop after exactly one micro-trial or immediately on error. Compute budget: one checkpoint migration, one official verification, and two minutes wall-clock.	0	0
attempt-0090	position-union-0090	micro-0001	055e311aad20a0fca04d4ddacb32507bd82a3c81	e88245de6e18a38efc869e0d684fffe2279ebd6d	2026-08-16T09:30:34.914888+00:00	parameter tying	99.040000%	2071	keep	Union closest position groups 33 and 429	Family: parameter tying. Current retained frontier is 2,072 parameters at 99.040000%, a +0.040000 percentage-point margin over 99%. There have been 32 prior attempts in this family. The most recent accepted result is attempt-0089 (keep, 2072 parameters, 99.040000%); the most recent failed result is attempt-0075 (discard, no parameter count parameters, no score). Hypothesis: the one-parameter, parameterization-preserving union of current positional groups represented by coordinates 33 and 429, with values 0.0309574809 and 0.0309750866 (difference 1.761e-05), preserves qualification using a multiplicity-weighted mean and yields 2,071 parameters. Candidate ordering is ascending current absolute group-value difference with previously nonqualifying exact pairs excluded. This is more informative than the nearest untested alternative (difference 1.765e-05) because it is the eligible minimum-distortion merge. The official runner alone accepts or rolls back. Stop after exactly one micro-trial or immediately on error. Compute budget: one checkpoint migration, one official verification, and two minutes wall-clock.	0	0
attempt-0091	position-union-0091	micro-0001	e0b4bfd7aec485519de1084994e914220b5fc550	055e311aad20a0fca04d4ddacb32507bd82a3c81	2026-08-16T09:31:36.770227+00:00	parameter tying	99.040000%	2070	keep	Union closest position groups 105 and 290	Family: parameter tying. Current retained frontier is 2,071 parameters at 99.040000%, a +0.040000 percentage-point margin over 99%. There have been 33 prior attempts in this family. The most recent accepted result is attempt-0090 (keep, 2071 parameters, 99.040000%); the most recent failed result is attempt-0075 (discard, no parameter count parameters, no score). Hypothesis: the one-parameter, parameterization-preserving union of current positional groups represented by coordinates 105 and 290, with values -0.0133752627 and -0.0133576095 (difference 1.765e-05), preserves qualification using a multiplicity-weighted mean and yields 2,070 parameters. Candidate ordering is ascending current absolute group-value difference with previously nonqualifying exact pairs excluded. This is more informative than the nearest untested alternative (difference 1.836e-05) because it is the eligible minimum-distortion merge. The official runner alone accepts or rolls back. Stop after exactly one micro-trial or immediately on error. Compute budget: one checkpoint migration, one official verification, and two minutes wall-clock.	0	0
attempt-0092	position-union-0092	micro-0001	a2e43ebbd2ca07e3b9c078b4a7f065df6abc11d1	e0b4bfd7aec485519de1084994e914220b5fc550	2026-08-16T09:32:39.131598+00:00	parameter tying	99.040000%	2069	keep	Union closest position groups 50 and 161	Family: parameter tying. Current retained frontier is 2,070 parameters at 99.040000%, a +0.040000 percentage-point margin over 99%. There have been 34 prior attempts in this family. The most recent accepted result is attempt-0091 (keep, 2070 parameters, 99.040000%); the most recent failed result is attempt-0075 (discard, no parameter count parameters, no score). Hypothesis: the one-parameter, parameterization-preserving union of current positional groups represented by coordinates 50 and 161, with values -0.0137402015 and -0.0137218442 (difference 1.836e-05), preserves qualification using a multiplicity-weighted mean and yields 2,069 parameters. Candidate ordering is ascending current absolute group-value difference with previously nonqualifying exact pairs excluded. This is more informative than the nearest untested alternative (difference 1.861e-05) because it is the eligible minimum-distortion merge. The official runner alone accepts or rolls back. Stop after exactly one micro-trial or immediately on error. Compute budget: one checkpoint migration, one official verification, and two minutes wall-clock.	0	0
attempt-0093	position-union-0093	micro-0001	61ef15f4bccce205c805f229e650bac58ed7918e	a2e43ebbd2ca07e3b9c078b4a7f065df6abc11d1	2026-08-16T09:33:41.272581+00:00	parameter tying	99.040000%	2068	keep	Union closest position groups 509 and 84	Family: parameter tying. Current retained frontier is 2,069 parameters at 99.040000%, a +0.040000 percentage-point margin over 99%. There have been 35 prior attempts in this family. The most recent accepted result is attempt-0092 (keep, 2069 parameters, 99.040000%); the most recent failed result is attempt-0075 (discard, no parameter count parameters, no score). Hypothesis: the one-parameter, parameterization-preserving union of current positional groups represented by coordinates 509 and 84, with values -0.0472288392 and -0.0472102277 (difference 1.861e-05), preserves qualification using a multiplicity-weighted mean and yields 2,068 parameters. Candidate ordering is ascending current absolute group-value difference with previously nonqualifying exact pairs excluded. This is more informative than the nearest untested alternative (difference 1.957e-05) because it is the eligible minimum-distortion merge. The official runner alone accepts or rolls back. Stop after exactly one micro-trial or immediately on error. Compute budget: one checkpoint migration, one official verification, and two minutes wall-clock.	0	0
attempt-0094	position-union-0094	micro-0001	322e1131336315bdd55708e83ea21916ffa6e822	61ef15f4bccce205c805f229e650bac58ed7918e	2026-08-16T09:34:43.303127+00:00	parameter tying	99.040000%	2067	keep	Union closest position groups 211 and 41	Family: parameter tying. Current retained frontier is 2,068 parameters at 99.040000%, a +0.040000 percentage-point margin over 99%. There have been 36 prior attempts in this family. The most recent accepted result is attempt-0093 (keep, 2068 parameters, 99.040000%); the most recent failed result is attempt-0075 (discard, no parameter count parameters, no score). Hypothesis: the one-parameter, parameterization-preserving union of current positional groups represented by coordinates 211 and 41, with values 0.0005271967 and 0.0005467650 (difference 1.957e-05), preserves qualification using a multiplicity-weighted mean and yields 2,067 parameters. Candidate ordering is ascending current absolute group-value difference with previously nonqualifying exact pairs excluded. This is more informative than the nearest untested alternative (difference 1.958e-05) because it is the eligible minimum-distortion merge. The official runner alone accepts or rolls back. Stop after exactly one micro-trial or immediately on error. Compute budget: one checkpoint migration, one official verification, and two minutes wall-clock.	0	0
attempt-0095	position-union-0095	micro-0001	015eda7d1095954858602a52c1c8e8c9757cf6b2	322e1131336315bdd55708e83ea21916ffa6e822	2026-08-16T09:35:44.901434+00:00	parameter tying	99.040000%	2066	keep	Union closest position groups 271 and 254	Family: parameter tying. Current retained frontier is 2,067 parameters at 99.040000%, a +0.040000 percentage-point margin over 99%. There have been 37 prior attempts in this family. The most recent accepted result is attempt-0094 (keep, 2067 parameters, 99.040000%); the most recent failed result is attempt-0075 (discard, no parameter count parameters, no score). Hypothesis: the one-parameter, parameterization-preserving union of current positional groups represented by coordinates 271 and 254, with values 0.0000570905 and 0.0000766712 (difference 1.958e-05), preserves qualification using a multiplicity-weighted mean and yields 2,066 parameters. Candidate ordering is ascending current absolute group-value difference with previously nonqualifying exact pairs excluded. This is more informative than the nearest untested alternative (difference 2.175e-05) because it is the eligible minimum-distortion merge. The official runner alone accepts or rolls back. Stop after exactly one micro-trial or immediately on error. Compute budget: one checkpoint migration, one official verification, and two minutes wall-clock.	0	0
attempt-0096	position-union-0096	micro-0001	543a01fe7e118c0bd013a4abdfe4044b07a43d52	015eda7d1095954858602a52c1c8e8c9757cf6b2	2026-08-16T09:36:46.751219+00:00	parameter tying	99.040000%	2065	keep	Union closest position groups 418 and 57	Family: parameter tying. Current retained frontier is 2,066 parameters at 99.040000%, a +0.040000 percentage-point margin over 99%. There have been 38 prior attempts in this family. The most recent accepted result is attempt-0095 (keep, 2066 parameters, 99.040000%); the most recent failed result is attempt-0075 (discard, no parameter count parameters, no score). Hypothesis: the one-parameter, parameterization-preserving union of current positional groups represented by coordinates 418 and 57, with values -0.0206587948 and -0.0206370465 (difference 2.175e-05), preserves qualification using a multiplicity-weighted mean and yields 2,065 parameters. Candidate ordering is ascending current absolute group-value difference with previously nonqualifying exact pairs excluded. This is more informative than the nearest untested alternative (difference 2.175e-05) because it is the eligible minimum-distortion merge. The official runner alone accepts or rolls back. Stop after exactly one micro-trial or immediately on error. Compute budget: one checkpoint migration, one official verification, and two minutes wall-clock.	0	0
attempt-0097	position-union-0097	micro-0001	b5c67cfbced810d6100161af72eb17a21497c85b	543a01fe7e118c0bd013a4abdfe4044b07a43d52	2026-08-16T09:37:48.208248+00:00	parameter tying	99.040000%	2064	keep	Union closest position groups 131 and 119	Family: parameter tying. Current retained frontier is 2,065 parameters at 99.040000%, a +0.040000 percentage-point margin over 99%. There have been 39 prior attempts in this family. The most recent accepted result is attempt-0096 (keep, 2065 parameters, 99.040000%); the most recent failed result is attempt-0075 (discard, no parameter count parameters, no score). Hypothesis: the one-parameter, parameterization-preserving union of current positional groups represented by coordinates 131 and 119, with values -0.0271725915 and -0.0271508396 (difference 2.175e-05), preserves qualification using a multiplicity-weighted mean and yields 2,064 parameters. Candidate ordering is ascending current absolute group-value difference with previously nonqualifying exact pairs excluded. This is more informative than the nearest untested alternative (difference 2.204e-05) because it is the eligible minimum-distortion merge. The official runner alone accepts or rolls back. Stop after exactly one micro-trial or immediately on error. Compute budget: one checkpoint migration, one official verification, and two minutes wall-clock.	0	0
attempt-0098	position-union-0098	micro-0001	9678673e05f0301e7431ed4e4cff5b36f2f46baa	b5c67cfbced810d6100161af72eb17a21497c85b	2026-08-16T09:38:49.442626+00:00	parameter tying	99.040000%	2063	keep	Union closest position groups 110 and 150	Family: parameter tying. Current retained frontier is 2,064 parameters at 99.040000%, a +0.040000 percentage-point margin over 99%. There have been 40 prior attempts in this family. The most recent accepted result is attempt-0097 (keep, 2064 parameters, 99.040000%); the most recent failed result is attempt-0075 (discard, no parameter count parameters, no score). Hypothesis: the one-parameter, parameterization-preserving union of current positional groups represented by coordinates 110 and 150, with values 0.0058638183 and 0.0058858567 (difference 2.204e-05), preserves qualification using a multiplicity-weighted mean and yields 2,063 parameters. Candidate ordering is ascending current absolute group-value difference with previously nonqualifying exact pairs excluded. This is more informative than the nearest untested alternative (difference 2.272e-05) because it is the eligible minimum-distortion merge. The official runner alone accepts or rolls back. Stop after exactly one micro-trial or immediately on error. Compute budget: one checkpoint migration, one official verification, and two minutes wall-clock.	0	0
attempt-0099	position-union-0099	micro-0001	50cb7f64876be9351f6cb29c5656a88890174dbf	9678673e05f0301e7431ed4e4cff5b36f2f46baa	2026-08-16T09:39:51.522587+00:00	parameter tying	99.040000%	2062	keep	Union closest position groups 406 and 94	Family: parameter tying. Current retained frontier is 2,063 parameters at 99.040000%, a +0.040000 percentage-point margin over 99%. There have been 41 prior attempts in this family. The most recent accepted result is attempt-0098 (keep, 2063 parameters, 99.040000%); the most recent failed result is attempt-0075 (discard, no parameter count parameters, no score). Hypothesis: the one-parameter, parameterization-preserving union of current positional groups represented by coordinates 406 and 94, with values 0.0043964013 and 0.0044191196 (difference 2.272e-05), preserves qualification using a multiplicity-weighted mean and yields 2,062 parameters. Candidate ordering is ascending current absolute group-value difference with previously nonqualifying exact pairs excluded. This is more informative than the nearest untested alternative (difference 2.276e-05) because it is the eligible minimum-distortion merge. The official runner alone accepts or rolls back. Stop after exactly one micro-trial or immediately on error. Compute budget: one checkpoint migration, one official verification, and two minutes wall-clock.	0	0
attempt-0100	position-union-0100	micro-0001	a46167bb654682fe3402e673d05d3abba72837fd	50cb7f64876be9351f6cb29c5656a88890174dbf	2026-08-16T09:40:52.584163+00:00	parameter tying	99.040000%	2061	keep	Union closest position groups 253 and 151	Family: parameter tying. Current retained frontier is 2,062 parameters at 99.040000%, a +0.040000 percentage-point margin over 99%. There have been 42 prior attempts in this family. The most recent accepted result is attempt-0099 (keep, 2062 parameters, 99.040000%); the most recent failed result is attempt-0075 (discard, no parameter count parameters, no score). Hypothesis: the one-parameter, parameterization-preserving union of current positional groups represented by coordinates 253 and 151, with values -0.0078767557 and -0.0078539960 (difference 2.276e-05), preserves qualification using a multiplicity-weighted mean and yields 2,061 parameters. Candidate ordering is ascending current absolute group-value difference with previously nonqualifying exact pairs excluded. This is more informative than the nearest untested alternative (difference 2.279e-05) because it is the eligible minimum-distortion merge. The official runner alone accepts or rolls back. Stop after exactly one micro-trial or immediately on error. Compute budget: one checkpoint migration, one official verification, and two minutes wall-clock.	0	0
attempt-0101	position-union-0101	micro-0001	2e014e3d9ee6033626548ae7fc23a6e5da2100f1	a46167bb654682fe3402e673d05d3abba72837fd	2026-08-16T09:41:53.833876+00:00	parameter tying	99.040000%	2060	keep	Union closest position groups 286 and 159	Family: parameter tying. Current retained frontier is 2,061 parameters at 99.040000%, a +0.040000 percentage-point margin over 99%. There have been 43 prior attempts in this family. The most recent accepted result is attempt-0100 (keep, 2061 parameters, 99.040000%); the most recent failed result is attempt-0075 (discard, no parameter count parameters, no score). Hypothesis: the one-parameter, parameterization-preserving union of current positional groups represented by coordinates 286 and 159, with values -0.0041147554 and -0.0040919622 (difference 2.279e-05), preserves qualification using a multiplicity-weighted mean and yields 2,060 parameters. Candidate ordering is ascending current absolute group-value difference with previously nonqualifying exact pairs excluded. This is more informative than the nearest untested alternative (difference 2.316e-05) because it is the eligible minimum-distortion merge. The official runner alone accepts or rolls back. Stop after exactly one micro-trial or immediately on error. Compute budget: one checkpoint migration, one official verification, and two minutes wall-clock.	0	0
attempt-0102	position-union-0102	micro-0001	d7e13ffbba39da5f6ea9ad817e814cbec5e5cb1d	2e014e3d9ee6033626548ae7fc23a6e5da2100f1	2026-08-16T09:42:55.746010+00:00	parameter tying	99.040000%	2059	keep	Union closest position groups 190 and 115	Family: parameter tying. Current retained frontier is 2,060 parameters at 99.040000%, a +0.040000 percentage-point margin over 99%. There have been 44 prior attempts in this family. The most recent accepted result is attempt-0101 (keep, 2060 parameters, 99.040000%); the most recent failed result is attempt-0075 (discard, no parameter count parameters, no score). Hypothesis: the one-parameter, parameterization-preserving union of current positional groups represented by coordinates 190 and 115, with values -0.0278409049 and -0.0278177448 (difference 2.316e-05), preserves qualification using a multiplicity-weighted mean and yields 2,059 parameters. Candidate ordering is ascending current absolute group-value difference with previously nonqualifying exact pairs excluded. This is more informative than the nearest untested alternative (difference 2.407e-05) because it is the eligible minimum-distortion merge. The official runner alone accepts or rolls back. Stop after exactly one micro-trial or immediately on error. Compute budget: one checkpoint migration, one official verification, and two minutes wall-clock.	0	0
attempt-0103	position-union-0103	micro-0001	8134c15b9d60754d2cfed91694e7a7e118be2739	d7e13ffbba39da5f6ea9ad817e814cbec5e5cb1d	2026-08-16T09:43:56.524174+00:00	parameter tying	99.040000%	2058	keep	Union closest position groups 64 and 378	Family: parameter tying. Current retained frontier is 2,059 parameters at 99.040000%, a +0.040000 percentage-point margin over 99%. There have been 45 prior attempts in this family. The most recent accepted result is attempt-0102 (keep, 2059 parameters, 99.040000%); the most recent failed result is attempt-0075 (discard, no parameter count parameters, no score). Hypothesis: the one-parameter, parameterization-preserving union of current positional groups represented by coordinates 64 and 378, with values 0.0043012276 and 0.0043252981 (difference 2.407e-05), preserves qualification using a multiplicity-weighted mean and yields 2,058 parameters. Candidate ordering is ascending current absolute group-value difference with previously nonqualifying exact pairs excluded. This is more informative than the nearest untested alternative (difference 2.448e-05) because it is the eligible minimum-distortion merge. The official runner alone accepts or rolls back. Stop after exactly one micro-trial or immediately on error. Compute budget: one checkpoint migration, one official verification, and two minutes wall-clock.	0	0
attempt-0104	position-union-0104	micro-0001	29ba27be19433337d99f59c53a4be3bd31d0f43f	8134c15b9d60754d2cfed91694e7a7e118be2739	2026-08-16T09:44:58.094886+00:00	parameter tying	99.040000%	2057	keep	Union closest position groups 417 and 13	Family: parameter tying. Current retained frontier is 2,058 parameters at 99.040000%, a +0.040000 percentage-point margin over 99%. There have been 46 prior attempts in this family. The most recent accepted result is attempt-0103 (keep, 2058 parameters, 99.040000%); the most recent failed result is attempt-0075 (discard, no parameter count parameters, no score). Hypothesis: the one-parameter, parameterization-preserving union of current positional groups represented by coordinates 417 and 13, with values 0.0175062064 and 0.0175306890 (difference 2.448e-05), preserves qualification using a multiplicity-weighted mean and yields 2,057 parameters. Candidate ordering is ascending current absolute group-value difference with previously nonqualifying exact pairs excluded. This is more informative than the nearest untested alternative (difference 2.487e-05) because it is the eligible minimum-distortion merge. The official runner alone accepts or rolls back. Stop after exactly one micro-trial or immediately on error. Compute budget: one checkpoint migration, one official verification, and two minutes wall-clock.	0	0
attempt-0105	position-union-0105	micro-0001	068f6aec423d5274b795c17ab89bc9a90a07c4f8	29ba27be19433337d99f59c53a4be3bd31d0f43f	2026-08-16T09:46:00.024904+00:00	parameter tying	99.030000%	2056	keep	Union closest position groups 304 and 439	Family: parameter tying. Current retained frontier is 2,057 parameters at 99.040000%, a +0.040000 percentage-point margin over 99%. There have been 47 prior attempts in this family. The most recent accepted result is attempt-0104 (keep, 2057 parameters, 99.040000%); the most recent failed result is attempt-0075 (discard, no parameter count parameters, no score). Hypothesis: the one-parameter, parameterization-preserving union of current positional groups represented by coordinates 304 and 439, with values 0.0218563583 and 0.0218812283 (difference 2.487e-05), preserves qualification using a multiplicity-weighted mean and yields 2,056 parameters. Candidate ordering is ascending current absolute group-value difference with previously nonqualifying exact pairs excluded. This is more informative than the nearest untested alternative (difference 2.531e-05) because it is the eligible minimum-distortion merge. The official runner alone accepts or rolls back. Stop after exactly one micro-trial or immediately on error. Compute budget: one checkpoint migration, one official verification, and two minutes wall-clock.	0	0
attempt-0106	position-union-0106	micro-0001	e2c22ee42604be1547c22f7492ad6618863b9b41	068f6aec423d5274b795c17ab89bc9a90a07c4f8	2026-08-16T09:47:02.423735+00:00	parameter tying	99.040000%	2055	keep	Union closest position groups 66 and 504	Family: parameter tying. Current retained frontier is 2,056 parameters at 99.030000%, a +0.030000 percentage-point margin over 99%. There have been 48 prior attempts in this family. The most recent accepted result is attempt-0105 (keep, 2056 parameters, 99.030000%); the most recent failed result is attempt-0075 (discard, no parameter count parameters, no score). Hypothesis: the one-parameter, parameterization-preserving union of current positional groups represented by coordinates 66 and 504, with values -0.0118057728 and -0.0117804604 (difference 2.531e-05), preserves qualification using a multiplicity-weighted mean and yields 2,055 parameters. Candidate ordering is ascending current absolute group-value difference with previously nonqualifying exact pairs excluded. This is more informative than the nearest untested alternative (difference 2.595e-05) because it is the eligible minimum-distortion merge. The official runner alone accepts or rolls back. Stop after exactly one micro-trial or immediately on error. Compute budget: one checkpoint migration, one official verification, and two minutes wall-clock.	0	0
attempt-0107	position-union-0107	micro-0001	23ea4fbab543e8d68d57f87f7e0be3c0b1cdc678	e2c22ee42604be1547c22f7492ad6618863b9b41	2026-08-16T09:48:20.422286+00:00	parameter tying	99.030000%	2054	keep	Union closest position groups 301 and 7	Family: parameter tying. Current retained frontier is 2,055 parameters at 99.040000%, a +0.040000 percentage-point margin over 99%. There have been 49 prior attempts in this family. The most recent accepted result is attempt-0106 (keep, 2055 parameters, 99.040000%); the most recent failed result is attempt-0075 (discard, no parameter count parameters, no score). Hypothesis: the one-parameter, parameterization-preserving union of current positional groups represented by coordinates 301 and 7, with values 0.0034964248 and 0.0035223761 (difference 2.595e-05), preserves qualification using a multiplicity-weighted mean and yields 2,054 parameters. Candidate ordering is ascending current absolute group-value difference with previously nonqualifying exact pairs excluded. This is more informative than the nearest untested alternative (difference 2.610e-05) because it is the eligible minimum-distortion merge. The official runner alone accepts or rolls back. Stop after exactly one micro-trial or immediately on error. Compute budget: one checkpoint migration, one official verification, and two minutes wall-clock.	0	0
attempt-0108	position-union-0108	micro-0001	fba205000451dd6eb6e9d02265fb4c8c25f10c82	23ea4fbab543e8d68d57f87f7e0be3c0b1cdc678	2026-08-16T09:49:21.734813+00:00	parameter tying	99.030000%	2053	keep	Union closest position groups 65 and 399	Family: parameter tying. Current retained frontier is 2,054 parameters at 99.030000%, a +0.030000 percentage-point margin over 99%. There have been 50 prior attempts in this family. The most recent accepted result is attempt-0107 (keep, 2054 parameters, 99.030000%); the most recent failed result is attempt-0075 (discard, no parameter count parameters, no score). Hypothesis: the one-parameter, parameterization-preserving union of current positional groups represented by coordinates 65 and 399, with values 0.0027315114 and 0.0027576096 (difference 2.610e-05), preserves qualification using a multiplicity-weighted mean and yields 2,053 parameters. Candidate ordering is ascending current absolute group-value difference with previously nonqualifying exact pairs excluded. This is more informative than the nearest untested alternative (difference 2.672e-05) because it is the eligible minimum-distortion merge. The official runner alone accepts or rolls back. Stop after exactly one micro-trial or immediately on error. Compute budget: one checkpoint migration, one official verification, and two minutes wall-clock.	0	0
attempt-0109	position-union-0109	micro-0001	02e3756c082070f64789b68797bd4e5139fc6076	fba205000451dd6eb6e9d02265fb4c8c25f10c82	2026-08-16T09:50:23.767825+00:00	parameter tying	99.030000%	2052	keep	Union closest position groups 266 and 375	Family: parameter tying. Current retained frontier is 2,053 parameters at 99.030000%, a +0.030000 percentage-point margin over 99%. There have been 51 prior attempts in this family. The most recent accepted result is attempt-0108 (keep, 2053 parameters, 99.030000%); the most recent failed result is attempt-0075 (discard, no parameter count parameters, no score). Hypothesis: the one-parameter, parameterization-preserving union of current positional groups represented by coordinates 266 and 375, with values 0.0181030594 and 0.0181297828 (difference 2.672e-05), preserves qualification using a multiplicity-weighted mean and yields 2,052 parameters. Candidate ordering is ascending current absolute group-value difference with previously nonqualifying exact pairs excluded. This is more informative than the nearest untested alternative (difference 2.722e-05) because it is the eligible minimum-distortion merge. The official runner alone accepts or rolls back. Stop after exactly one micro-trial or immediately on error. Compute budget: one checkpoint migration, one official verification, and two minutes wall-clock.	0	0
attempt-0110	position-union-0110	micro-0001	4026087c4d963a80e3dff0b581d1d54ce6c35a36	02e3756c082070f64789b68797bd4e5139fc6076	2026-08-16T09:51:25.352625+00:00	parameter tying	99.030000%	2051	keep	Union closest position groups 104 and 175	Family: parameter tying. Current retained frontier is 2,052 parameters at 99.030000%, a +0.030000 percentage-point margin over 99%. There have been 52 prior attempts in this family. The most recent accepted result is attempt-0109 (keep, 2052 parameters, 99.030000%); the most recent failed result is attempt-0075 (discard, no parameter count parameters, no score). Hypothesis: the one-parameter, parameterization-preserving union of current positional groups represented by coordinates 104 and 175, with values -0.0038205665 and -0.0037933418 (difference 2.722e-05), preserves qualification using a multiplicity-weighted mean and yields 2,051 parameters. Candidate ordering is ascending current absolute group-value difference with previously nonqualifying exact pairs excluded. This is more informative than the nearest untested alternative (difference 2.723e-05) because it is the eligible minimum-distortion merge. The official runner alone accepts or rolls back. Stop after exactly one micro-trial or immediately on error. Compute budget: one checkpoint migration, one official verification, and two minutes wall-clock.	0	0
attempt-0111	position-union-0111	micro-0001	fcc6c243331374c3cb32ab1e5d83f7c4e72be80c	4026087c4d963a80e3dff0b581d1d54ce6c35a36	2026-08-16T09:52:27.541219+00:00	parameter tying	99.040000%	2050	keep	Union closest position groups 298 and 494	Family: parameter tying. Current retained frontier is 2,051 parameters at 99.030000%, a +0.030000 percentage-point margin over 99%. There have been 53 prior attempts in this family. The most recent accepted result is attempt-0110 (keep, 2051 parameters, 99.030000%); the most recent failed result is attempt-0075 (discard, no parameter count parameters, no score). Hypothesis: the one-parameter, parameterization-preserving union of current positional groups represented by coordinates 298 and 494, with values 0.0117288586 and 0.0117560923 (difference 2.723e-05), preserves qualification using a multiplicity-weighted mean and yields 2,050 parameters. Candidate ordering is ascending current absolute group-value difference with previously nonqualifying exact pairs excluded. This is more informative than the nearest untested alternative (difference 2.781e-05) because it is the eligible minimum-distortion merge. The official runner alone accepts or rolls back. Stop after exactly one micro-trial or immediately on error. Compute budget: one checkpoint migration, one official verification, and two minutes wall-clock.	0	0
attempt-0112	position-union-0112	micro-0001	e82f4e59008563789ce32038a05f445060d68664	fcc6c243331374c3cb32ab1e5d83f7c4e72be80c	2026-08-16T09:53:29.069604+00:00	parameter tying	99.030000%	2049	keep	Union closest position groups 280 and 72	Family: parameter tying. Current retained frontier is 2,050 parameters at 99.040000%, a +0.040000 percentage-point margin over 99%. There have been 54 prior attempts in this family. The most recent accepted result is attempt-0111 (keep, 2050 parameters, 99.040000%); the most recent failed result is attempt-0075 (discard, no parameter count parameters, no score). Hypothesis: the one-parameter, parameterization-preserving union of current positional groups represented by coordinates 280 and 72, with values -0.0102292011 and -0.0102013918 (difference 2.781e-05), preserves qualification using a multiplicity-weighted mean and yields 2,049 parameters. Candidate ordering is ascending current absolute group-value difference with previously nonqualifying exact pairs excluded. This is more informative than the nearest untested alternative (difference 2.833e-05) because it is the eligible minimum-distortion merge. The official runner alone accepts or rolls back. Stop after exactly one micro-trial or immediately on error. Compute budget: one checkpoint migration, one official verification, and two minutes wall-clock.	0	0
attempt-0113	position-union-0113	micro-0001	e981de89b532c8761b953c043dd3bd2d6de5e7c0	e82f4e59008563789ce32038a05f445060d68664	2026-08-16T09:54:30.752721+00:00	parameter tying	99.030000%	2048	keep	Union closest position groups 447 and 37	Family: parameter tying. Current retained frontier is 2,049 parameters at 99.030000%, a +0.030000 percentage-point margin over 99%. There have been 55 prior attempts in this family. The most recent accepted result is attempt-0112 (keep, 2049 parameters, 99.030000%); the most recent failed result is attempt-0075 (discard, no parameter count parameters, no score). Hypothesis: the one-parameter, parameterization-preserving union of current positional groups represented by coordinates 447 and 37, with values -0.0080316989 and -0.0080033690 (difference 2.833e-05), preserves qualification using a multiplicity-weighted mean and yields 2,048 parameters. Candidate ordering is ascending current absolute group-value difference with previously nonqualifying exact pairs excluded. This is more informative than the nearest untested alternative (difference 2.850e-05) because it is the eligible minimum-distortion merge. The official runner alone accepts or rolls back. Stop after exactly one micro-trial or immediately on error. Compute budget: one checkpoint migration, one official verification, and two minutes wall-clock.	0	0
attempt-0114	position-union-0114	micro-0001	114ad75df2ac72c49cdbfc859014970105fb5561	e981de89b532c8761b953c043dd3bd2d6de5e7c0	2026-08-16T09:55:32.847406+00:00	parameter tying	99.040000%	2047	keep	Union closest position groups 62 and 247	Family: parameter tying. Current retained frontier is 2,048 parameters at 99.030000%, a +0.030000 percentage-point margin over 99%. There have been 56 prior attempts in this family. The most recent accepted result is attempt-0113 (keep, 2048 parameters, 99.030000%); the most recent failed result is attempt-0075 (discard, no parameter count parameters, no score). Hypothesis: the one-parameter, parameterization-preserving union of current positional groups represented by coordinates 62 and 247, with values 0.0153121371 and 0.0153406421 (difference 2.850e-05), preserves qualification using a multiplicity-weighted mean and yields 2,047 parameters. Candidate ordering is ascending current absolute group-value difference with previously nonqualifying exact pairs excluded. This is more informative than the nearest untested alternative (difference 2.862e-05) because it is the eligible minimum-distortion merge. The official runner alone accepts or rolls back. Stop after exactly one micro-trial or immediately on error. Compute budget: one checkpoint migration, one official verification, and two minutes wall-clock.	0	0
attempt-0115	position-union-0115	micro-0001	a77647700926d5b38ebd8479d887dd6984623093	114ad75df2ac72c49cdbfc859014970105fb5561	2026-08-16T09:56:34.849863+00:00	parameter tying	99.040000%	2046	keep	Union closest position groups 478 and 264	Family: parameter tying. Current retained frontier is 2,047 parameters at 99.040000%, a +0.040000 percentage-point margin over 99%. There have been 57 prior attempts in this family. The most recent accepted result is attempt-0114 (keep, 2047 parameters, 99.040000%); the most recent failed result is attempt-0075 (discard, no parameter count parameters, no score). Hypothesis: the one-parameter, parameterization-preserving union of current positional groups represented by coordinates 478 and 264, with values 0.0086001214 and 0.0086287428 (difference 2.862e-05), preserves qualification using a multiplicity-weighted mean and yields 2,046 parameters. Candidate ordering is ascending current absolute group-value difference with previously nonqualifying exact pairs excluded. This is more informative than the nearest untested alternative (difference 3.049e-05) because it is the eligible minimum-distortion merge. The official runner alone accepts or rolls back. Stop after exactly one micro-trial or immediately on error. Compute budget: one checkpoint migration, one official verification, and two minutes wall-clock.	0	0
attempt-0116	position-union-0116	micro-0001	401ba6f716a3e9e612dcf3e61744da51b28b54df	a77647700926d5b38ebd8479d887dd6984623093	2026-08-16T09:57:36.792644+00:00	parameter tying	99.040000%	2045	keep	Union closest position groups 436 and 16	Family: parameter tying. Current retained frontier is 2,046 parameters at 99.040000%, a +0.040000 percentage-point margin over 99%. There have been 58 prior attempts in this family. The most recent accepted result is attempt-0115 (keep, 2046 parameters, 99.040000%); the most recent failed result is attempt-0075 (discard, no parameter count parameters, no score). Hypothesis: the one-parameter, parameterization-preserving union of current positional groups represented by coordinates 436 and 16, with values 0.0330760553 and 0.0331065468 (difference 3.049e-05), preserves qualification using a multiplicity-weighted mean and yields 2,045 parameters. Candidate ordering is ascending current absolute group-value difference with previously nonqualifying exact pairs excluded. This is more informative than the nearest untested alternative (difference 3.255e-05) because it is the eligible minimum-distortion merge. The official runner alone accepts or rolls back. Stop after exactly one micro-trial or immediately on error. Compute budget: one checkpoint migration, one official verification, and two minutes wall-clock.	0	0
attempt-0117	position-union-0117	micro-0001	7e112d01549c7021d79c920cf214eb3893df2b14	401ba6f716a3e9e612dcf3e61744da51b28b54df	2026-08-16T09:58:38.750346+00:00	parameter tying	99.040000%	2044	keep	Union closest position groups 152 and 366	Family: parameter tying. Current retained frontier is 2,045 parameters at 99.040000%, a +0.040000 percentage-point margin over 99%. There have been 59 prior attempts in this family. The most recent accepted result is attempt-0116 (keep, 2045 parameters, 99.040000%); the most recent failed result is attempt-0075 (discard, no parameter count parameters, no score). Hypothesis: the one-parameter, parameterization-preserving union of current positional groups represented by coordinates 152 and 366, with values 0.0197182689 and 0.0197508186 (difference 3.255e-05), preserves qualification using a multiplicity-weighted mean and yields 2,044 parameters. Candidate ordering is ascending current absolute group-value difference with previously nonqualifying exact pairs excluded. This is more informative than the nearest untested alternative (difference 3.303e-05) because it is the eligible minimum-distortion merge. The official runner alone accepts or rolls back. Stop after exactly one micro-trial or immediately on error. Compute budget: one checkpoint migration, one official verification, and two minutes wall-clock.	0	0
attempt-0118	position-union-0118	micro-0001	5915958c0fcdbf643a89ac903d26028fd354ed92	7e112d01549c7021d79c920cf214eb3893df2b14	2026-08-16T09:59:40.801687+00:00	parameter tying	99.050000%	2043	keep	Union closest position groups 154 and 288	Family: parameter tying. Current retained frontier is 2,044 parameters at 99.040000%, a +0.040000 percentage-point margin over 99%. There have been 60 prior attempts in this family. The most recent accepted result is attempt-0117 (keep, 2044 parameters, 99.040000%); the most recent failed result is attempt-0075 (discard, no parameter count parameters, no score). Hypothesis: the one-parameter, parameterization-preserving union of current positional groups represented by coordinates 154 and 288, with values 0.0038395720 and 0.0038725981 (difference 3.303e-05), preserves qualification using a multiplicity-weighted mean and yields 2,043 parameters. Candidate ordering is ascending current absolute group-value difference with previously nonqualifying exact pairs excluded. This is more informative than the nearest untested alternative (difference 3.316e-05) because it is the eligible minimum-distortion merge. The official runner alone accepts or rolls back. Stop after exactly one micro-trial or immediately on error. Compute budget: one checkpoint migration, one official verification, and two minutes wall-clock.	0	0
attempt-0119	position-union-0119	micro-0001	a1995dd9c8b451ecfa3963fbc1456d8f14e98baa	5915958c0fcdbf643a89ac903d26028fd354ed92	2026-08-16T10:00:42.977635+00:00	parameter tying	99.050000%	2042	keep	Union closest position groups 248 and 118	Family: parameter tying. Current retained frontier is 2,043 parameters at 99.050000%, a +0.050000 percentage-point margin over 99%. There have been 61 prior attempts in this family. The most recent accepted result is attempt-0118 (keep, 2043 parameters, 99.050000%); the most recent failed result is attempt-0075 (discard, no parameter count parameters, no score). Hypothesis: the one-parameter, parameterization-preserving union of current positional groups represented by coordinates 248 and 118, with values -0.0004757667 and -0.0004426104 (difference 3.316e-05), preserves qualification using a multiplicity-weighted mean and yields 2,042 parameters. Candidate ordering is ascending current absolute group-value difference with previously nonqualifying exact pairs excluded. This is more informative than the nearest untested alternative (difference 3.341e-05) because it is the eligible minimum-distortion merge. The official runner alone accepts or rolls back. Stop after exactly one micro-trial or immediately on error. Compute budget: one checkpoint migration, one official verification, and two minutes wall-clock.	0	0
attempt-0120	position-union-0120	micro-0001	39134f7e240f4918a602cde9d89a0f1f38b8c76f	a1995dd9c8b451ecfa3963fbc1456d8f14e98baa	2026-08-16T10:01:45.075394+00:00	parameter tying	99.060000%	2041	keep	Union closest position groups 192 and 63	Family: parameter tying. Current retained frontier is 2,042 parameters at 99.050000%, a +0.050000 percentage-point margin over 99%. There have been 62 prior attempts in this family. The most recent accepted result is attempt-0119 (keep, 2042 parameters, 99.050000%); the most recent failed result is attempt-0075 (discard, no parameter count parameters, no score). Hypothesis: the one-parameter, parameterization-preserving union of current positional groups represented by coordinates 192 and 63, with values -0.0016857947 and -0.0016523860 (difference 3.341e-05), preserves qualification using a multiplicity-weighted mean and yields 2,041 parameters. Candidate ordering is ascending current absolute group-value difference with previously nonqualifying exact pairs excluded. This is more informative than the nearest untested alternative (difference 3.489e-05) because it is the eligible minimum-distortion merge. The official runner alone accepts or rolls back. Stop after exactly one micro-trial or immediately on error. Compute budget: one checkpoint migration, one official verification, and two minutes wall-clock.	0	0
attempt-0121	position-union-0121	micro-0001	c5f7902c00d5d7f151b029d4b4529a96b3312344	39134f7e240f4918a602cde9d89a0f1f38b8c76f	2026-08-16T10:02:47.316423+00:00	parameter tying	99.050000%	2040	keep	Union closest position groups 7 and 166	Family: parameter tying. Current retained frontier is 2,041 parameters at 99.060000%, a +0.060000 percentage-point margin over 99%. There have been 63 prior attempts in this family. The most recent accepted result is attempt-0120 (keep, 2041 parameters, 99.060000%); the most recent failed result is attempt-0075 (discard, no parameter count parameters, no score). Hypothesis: the one-parameter, parameterization-preserving union of current positional groups represented by coordinates 7 and 166, with values 0.0035137255 and 0.0035486163 (difference 3.489e-05), preserves qualification using a multiplicity-weighted mean and yields 2,040 parameters. Candidate ordering is ascending current absolute group-value difference with previously nonqualifying exact pairs excluded. This is more informative than the nearest untested alternative (difference 3.495e-05) because it is the eligible minimum-distortion merge. The official runner alone accepts or rolls back. Stop after exactly one micro-trial or immediately on error. Compute budget: one checkpoint migration, one official verification, and two minutes wall-clock.	0	0
attempt-0122	position-union-0122	micro-0001	ef7874036ca23f8b09c8f0c8e5f72c8effdaccee	c5f7902c00d5d7f151b029d4b4529a96b3312344	2026-08-16T10:03:49.524995+00:00	parameter tying	99.060000%	2039	keep	Union closest position groups 197 and 398	Family: parameter tying. Current retained frontier is 2,040 parameters at 99.050000%, a +0.050000 percentage-point margin over 99%. There have been 64 prior attempts in this family. The most recent accepted result is attempt-0121 (keep, 2040 parameters, 99.050000%); the most recent failed result is attempt-0075 (discard, no parameter count parameters, no score). Hypothesis: the one-parameter, parameterization-preserving union of current positional groups represented by coordinates 197 and 398, with values -0.0037308012 and -0.0036958514 (difference 3.495e-05), preserves qualification using a multiplicity-weighted mean and yields 2,039 parameters. Candidate ordering is ascending current absolute group-value difference with previously nonqualifying exact pairs excluded. This is more informative than the nearest untested alternative (difference 3.505e-05) because it is the eligible minimum-distortion merge. The official runner alone accepts or rolls back. Stop after exactly one micro-trial or immediately on error. Compute budget: one checkpoint migration, one official verification, and two minutes wall-clock.	0	0
attempt-0123	position-union-0123	micro-0001	5495eeb2e3cf66b659cdc3d33cd8fac524dd21f6	ef7874036ca23f8b09c8f0c8e5f72c8effdaccee	2026-08-16T10:04:51.051579+00:00	parameter tying	99.060000%	2038	keep	Union closest position groups 112 and 128	Family: parameter tying. Current retained frontier is 2,039 parameters at 99.060000%, a +0.060000 percentage-point margin over 99%. There have been 65 prior attempts in this family. The most recent accepted result is attempt-0122 (keep, 2039 parameters, 99.060000%); the most recent failed result is attempt-0075 (discard, no parameter count parameters, no score). Hypothesis: the one-parameter, parameterization-preserving union of current positional groups represented by coordinates 112 and 128, with values 0.0059121135 and 0.0059471619 (difference 3.505e-05), preserves qualification using a multiplicity-weighted mean and yields 2,038 parameters. Candidate ordering is ascending current absolute group-value difference with previously nonqualifying exact pairs excluded. This is more informative than the nearest untested alternative (difference 3.524e-05) because it is the eligible minimum-distortion merge. The official runner alone accepts or rolls back. Stop after exactly one micro-trial or immediately on error. Compute budget: one checkpoint migration, one official verification, and two minutes wall-clock.	0	0
attempt-0124	position-union-0124	micro-0001	c3935b0ee254bf71fba65d570a34115edcda2ff4	5495eeb2e3cf66b659cdc3d33cd8fac524dd21f6	2026-08-16T10:05:52.773357+00:00	parameter tying	99.060000%	2037	keep	Union closest position groups 56 and 126	Family: parameter tying. Current retained frontier is 2,038 parameters at 99.060000%, a +0.060000 percentage-point margin over 99%. There have been 66 prior attempts in this family. The most recent accepted result is attempt-0123 (keep, 2038 parameters, 99.060000%); the most recent failed result is attempt-0075 (discard, no parameter count parameters, no score). Hypothesis: the one-parameter, parameterization-preserving union of current positional groups represented by coordinates 56 and 126, with values -0.0200093556 and -0.0199741181 (difference 3.524e-05), preserves qualification using a multiplicity-weighted mean and yields 2,037 parameters. Candidate ordering is ascending current absolute group-value difference with previously nonqualifying exact pairs excluded. This is more informative than the nearest untested alternative (difference 3.527e-05) because it is the eligible minimum-distortion merge. The official runner alone accepts or rolls back. Stop after exactly one micro-trial or immediately on error. Compute budget: one checkpoint migration, one official verification, and two minutes wall-clock.	0	0
attempt-0125	position-union-0125	micro-0001	a57eb53949746ad44a6652841f5c346b59f87ac7	c3935b0ee254bf71fba65d570a34115edcda2ff4	2026-08-16T10:06:54.932731+00:00	parameter tying	99.060000%	2036	keep	Union closest position groups 195 and 179	Family: parameter tying. Current retained frontier is 2,037 parameters at 99.060000%, a +0.060000 percentage-point margin over 99%. There have been 67 prior attempts in this family. The most recent accepted result is attempt-0124 (keep, 2037 parameters, 99.060000%); the most recent failed result is attempt-0075 (discard, no parameter count parameters, no score). Hypothesis: the one-parameter, parameterization-preserving union of current positional groups represented by coordinates 195 and 179, with values -0.0129512744 and -0.0129160043 (difference 3.527e-05), preserves qualification using a multiplicity-weighted mean and yields 2,036 parameters. Candidate ordering is ascending current absolute group-value difference with previously nonqualifying exact pairs excluded. This is more informative than the nearest untested alternative (difference 3.532e-05) because it is the eligible minimum-distortion merge. The official runner alone accepts or rolls back. Stop after exactly one micro-trial or immediately on error. Compute budget: one checkpoint migration, one official verification, and two minutes wall-clock.	0	0
attempt-0126	position-union-0126	micro-0001	2fc8361a073b189f0683018d3ad80c944539c066	a57eb53949746ad44a6652841f5c346b59f87ac7	2026-08-16T10:07:57.035619+00:00	parameter tying	99.050000%	2035	keep	Union closest position groups 317 and 336	Family: parameter tying. Current retained frontier is 2,036 parameters at 99.060000%, a +0.060000 percentage-point margin over 99%. There have been 68 prior attempts in this family. The most recent accepted result is attempt-0125 (keep, 2036 parameters, 99.060000%); the most recent failed result is attempt-0075 (discard, no parameter count parameters, no score). Hypothesis: the one-parameter, parameterization-preserving union of current positional groups represented by coordinates 317 and 336, with values -0.0211009458 and -0.0210656300 (difference 3.532e-05), preserves qualification using a multiplicity-weighted mean and yields 2,035 parameters. Candidate ordering is ascending current absolute group-value difference with previously nonqualifying exact pairs excluded. This is more informative than the nearest untested alternative (difference 3.563e-05) because it is the eligible minimum-distortion merge. The official runner alone accepts or rolls back. Stop after exactly one micro-trial or immediately on error. Compute budget: one checkpoint migration, one official verification, and two minutes wall-clock.	0	0
attempt-0127	position-union-0127	micro-0001	e55ba9f19dc58418ac174c241c043888624a1703	2fc8361a073b189f0683018d3ad80c944539c066	2026-08-16T10:09:14.125593+00:00	parameter tying	99.050000%	2034	keep	Union closest position groups 376 and 90	Family: parameter tying. Current retained frontier is 2,035 parameters at 99.050000%, a +0.050000 percentage-point margin over 99%. There have been 69 prior attempts in this family. The most recent accepted result is attempt-0126 (keep, 2035 parameters, 99.050000%); the most recent failed result is attempt-0075 (discard, no parameter count parameters, no score). Hypothesis: the one-parameter, parameterization-preserving union of current positional groups represented by coordinates 376 and 90, with values -0.0046655159 and -0.0046298895 (difference 3.563e-05), preserves qualification using a multiplicity-weighted mean and yields 2,034 parameters. Candidate ordering is ascending current absolute group-value difference with previously nonqualifying exact pairs excluded. This is more informative than the nearest untested alternative (difference 3.619e-05) because it is the eligible minimum-distortion merge. The official runner alone accepts or rolls back. Stop after exactly one micro-trial or immediately on error. Compute budget: one checkpoint migration, one official verification, and two minutes wall-clock.	0	0
attempt-0128	position-union-0128	micro-0001	1c9094bd1fd76fe66cd0847b22af934e7ebb4420	e55ba9f19dc58418ac174c241c043888624a1703	2026-08-16T10:10:16.281874+00:00	parameter tying	99.060000%	2033	keep	Union closest position groups 244 and 488	Family: parameter tying. Current retained frontier is 2,034 parameters at 99.050000%, a +0.050000 percentage-point margin over 99%. There have been 70 prior attempts in this family. The most recent accepted result is attempt-0127 (keep, 2034 parameters, 99.050000%); the most recent failed result is attempt-0075 (discard, no parameter count parameters, no score). Hypothesis: the one-parameter, parameterization-preserving union of current positional groups represented by coordinates 244 and 488, with values 0.0018376078 and 0.0018737979 (difference 3.619e-05), preserves qualification using a multiplicity-weighted mean and yields 2,033 parameters. Candidate ordering is ascending current absolute group-value difference with previously nonqualifying exact pairs excluded. This is more informative than the nearest untested alternative (difference 3.720e-05) because it is the eligible minimum-distortion merge. The official runner alone accepts or rolls back. Stop after exactly one micro-trial or immediately on error. Compute budget: one checkpoint migration, one official verification, and two minutes wall-clock.	0	0
attempt-0129	position-union-0129	micro-0001	72a01a8a773f0562600a4a71f6948e466f78df56	1c9094bd1fd76fe66cd0847b22af934e7ebb4420	2026-08-16T10:11:18.235662+00:00	parameter tying	99.060000%	2032	keep	Union closest position groups 177 and 41	Family: parameter tying. Current retained frontier is 2,033 parameters at 99.060000%, a +0.060000 percentage-point margin over 99%. There have been 71 prior attempts in this family. The most recent accepted result is attempt-0128 (keep, 2033 parameters, 99.060000%); the most recent failed result is attempt-0075 (discard, no parameter count parameters, no score). Hypothesis: the one-parameter, parameterization-preserving union of current positional groups represented by coordinates 177 and 41, with values 0.0004997810 and 0.0005369809 (difference 3.720e-05), preserves qualification using a multiplicity-weighted mean and yields 2,032 parameters. Candidate ordering is ascending current absolute group-value difference with previously nonqualifying exact pairs excluded. This is more informative than the nearest untested alternative (difference 3.728e-05) because it is the eligible minimum-distortion merge. The official runner alone accepts or rolls back. Stop after exactly one micro-trial or immediately on error. Compute budget: one checkpoint migration, one official verification, and two minutes wall-clock.	0	0
attempt-0130	position-union-0130	micro-0001	c1b7c7cb98969b2fb9703a45b6f8f9057fa9eaf9	72a01a8a773f0562600a4a71f6948e466f78df56	2026-08-16T10:12:18.596800+00:00	parameter tying	99.060000%	2031	keep	Union closest position groups 383 and 265	Family: parameter tying. Current retained frontier is 2,032 parameters at 99.060000%, a +0.060000 percentage-point margin over 99%. There have been 72 prior attempts in this family. The most recent accepted result is attempt-0129 (keep, 2032 parameters, 99.060000%); the most recent failed result is attempt-0075 (discard, no parameter count parameters, no score). Hypothesis: the one-parameter, parameterization-preserving union of current positional groups represented by coordinates 383 and 265, with values 0.0063178721 and 0.0063551543 (difference 3.728e-05), preserves qualification using a multiplicity-weighted mean and yields 2,031 parameters. Candidate ordering is ascending current absolute group-value difference with previously nonqualifying exact pairs excluded. This is more informative than the nearest untested alternative (difference 3.920e-05) because it is the eligible minimum-distortion merge. The official runner alone accepts or rolls back. Stop after exactly one micro-trial or immediately on error. Compute budget: one checkpoint migration, one official verification, and two minutes wall-clock.	0	0
attempt-0131	position-union-0131	micro-0001	aec65439023bf76756b70a7a2780ef152d238700	c1b7c7cb98969b2fb9703a45b6f8f9057fa9eaf9	2026-08-16T10:13:20.657295+00:00	parameter tying	99.060000%	2030	keep	Union closest position groups 323 and 381	Family: parameter tying. Current retained frontier is 2,031 parameters at 99.060000%, a +0.060000 percentage-point margin over 99%. There have been 73 prior attempts in this family. The most recent accepted result is attempt-0130 (keep, 2031 parameters, 99.060000%); the most recent failed result is attempt-0075 (discard, no parameter count parameters, no score). Hypothesis: the one-parameter, parameterization-preserving union of current positional groups represented by coordinates 323 and 381, with values 0.0139827719 and 0.0140219703 (difference 3.920e-05), preserves qualification using a multiplicity-weighted mean and yields 2,030 parameters. Candidate ordering is ascending current absolute group-value difference with previously nonqualifying exact pairs excluded. This is more informative than the nearest untested alternative (difference 3.927e-05) because it is the eligible minimum-distortion merge. The official runner alone accepts or rolls back. Stop after exactly one micro-trial or immediately on error. Compute budget: one checkpoint migration, one official verification, and two minutes wall-clock.	0	0
attempt-0132	position-union-0132	micro-0001	ba22b9c508e224d1317d7f7bb67146ddabdeb7bc	aec65439023bf76756b70a7a2780ef152d238700	2026-08-16T10:14:22.748490+00:00	parameter tying	99.050000%	2029	keep	Union closest position groups 320 and 257	Family: parameter tying. Current retained frontier is 2,030 parameters at 99.060000%, a +0.060000 percentage-point margin over 99%. There have been 74 prior attempts in this family. The most recent accepted result is attempt-0131 (keep, 2030 parameters, 99.060000%); the most recent failed result is attempt-0075 (discard, no parameter count parameters, no score). Hypothesis: the one-parameter, parameterization-preserving union of current positional groups represented by coordinates 320 and 257, with values 0.0212913547 and 0.0213306285 (difference 3.927e-05), preserves qualification using a multiplicity-weighted mean and yields 2,029 parameters. Candidate ordering is ascending current absolute group-value difference with previously nonqualifying exact pairs excluded. This is more informative than the nearest untested alternative (difference 3.943e-05) because it is the eligible minimum-distortion merge. The official runner alone accepts or rolls back. Stop after exactly one micro-trial or immediately on error. Compute budget: one checkpoint migration, one official verification, and two minutes wall-clock.	0	0
attempt-0133	position-union-0133	micro-0001	33bed685f9893535e65586053cd2349b25d83587	ba22b9c508e224d1317d7f7bb67146ddabdeb7bc	2026-08-16T10:15:23.779549+00:00	parameter tying	99.060000%	2028	keep	Union closest position groups 287 and 322	Family: parameter tying. Current retained frontier is 2,029 parameters at 99.050000%, a +0.050000 percentage-point margin over 99%. There have been 75 prior attempts in this family. The most recent accepted result is attempt-0132 (keep, 2029 parameters, 99.050000%); the most recent failed result is attempt-0075 (discard, no parameter count parameters, no score). Hypothesis: the one-parameter, parameterization-preserving union of current positional groups represented by coordinates 287 and 322, with values 0.0022841841 and 0.0023236161 (difference 3.943e-05), preserves qualification using a multiplicity-weighted mean and yields 2,028 parameters. Candidate ordering is ascending current absolute group-value difference with previously nonqualifying exact pairs excluded. This is more informative than the nearest untested alternative (difference 4.003e-05) because it is the eligible minimum-distortion merge. The official runner alone accepts or rolls back. Stop after exactly one micro-trial or immediately on error. Compute budget: one checkpoint migration, one official verification, and two minutes wall-clock.	0	0
attempt-0134	position-union-0134	micro-0001	6a1a7b46fc56051e726feb488cf22126fb2077d9	33bed685f9893535e65586053cd2349b25d83587	2026-08-16T10:16:24.799926+00:00	parameter tying	99.040000%	2027	keep	Union closest position groups 77 and 291	Family: parameter tying. Current retained frontier is 2,028 parameters at 99.060000%, a +0.060000 percentage-point margin over 99%. There have been 76 prior attempts in this family. The most recent accepted result is attempt-0133 (keep, 2028 parameters, 99.060000%); the most recent failed result is attempt-0075 (discard, no parameter count parameters, no score). Hypothesis: the one-parameter, parameterization-preserving union of current positional groups represented by coordinates 77 and 291, with values 0.0007743728 and 0.0008143999 (difference 4.003e-05), preserves qualification using a multiplicity-weighted mean and yields 2,027 parameters. Candidate ordering is ascending current absolute group-value difference with previously nonqualifying exact pairs excluded. This is more informative than the nearest untested alternative (difference 4.011e-05) because it is the eligible minimum-distortion merge. The official runner alone accepts or rolls back. Stop after exactly one micro-trial or immediately on error. Compute budget: one checkpoint migration, one official verification, and two minutes wall-clock.	0	0
attempt-0135	position-union-0135	micro-0001	20efd957f9e56b72075b14ac48f998d6221accf8	6a1a7b46fc56051e726feb488cf22126fb2077d9	2026-08-16T10:17:26.716485+00:00	parameter tying	99.040000%	2026	keep	Union closest position groups 434 and 430	Family: parameter tying. Current retained frontier is 2,027 parameters at 99.040000%, a +0.040000 percentage-point margin over 99%. There have been 77 prior attempts in this family. The most recent accepted result is attempt-0134 (keep, 2027 parameters, 99.040000%); the most recent failed result is attempt-0075 (discard, no parameter count parameters, no score). Hypothesis: the one-parameter, parameterization-preserving union of current positional groups represented by coordinates 434 and 430, with values -0.0226544142 and -0.0226143077 (difference 4.011e-05), preserves qualification using a multiplicity-weighted mean and yields 2,026 parameters. Candidate ordering is ascending current absolute group-value difference with previously nonqualifying exact pairs excluded. This is more informative than the nearest untested alternative (difference 4.051e-05) because it is the eligible minimum-distortion merge. The official runner alone accepts or rolls back. Stop after exactly one micro-trial or immediately on error. Compute budget: one checkpoint migration, one official verification, and two minutes wall-clock.	0	0
attempt-0136	position-union-0136	micro-0001	59e7dfffaebc372357fda74b8051d13a1c404f2d	20efd957f9e56b72075b14ac48f998d6221accf8	2026-08-16T10:18:28.649854+00:00	parameter tying	99.040000%	2025	keep	Union closest position groups 88 and 25	Family: parameter tying. Current retained frontier is 2,026 parameters at 99.040000%, a +0.040000 percentage-point margin over 99%. There have been 78 prior attempts in this family. The most recent accepted result is attempt-0135 (keep, 2026 parameters, 99.040000%); the most recent failed result is attempt-0075 (discard, no parameter count parameters, no score). Hypothesis: the one-parameter, parameterization-preserving union of current positional groups represented by coordinates 88 and 25, with values -0.0134652304 and -0.0134247188 (difference 4.051e-05), preserves qualification using a multiplicity-weighted mean and yields 2,025 parameters. Candidate ordering is ascending current absolute group-value difference with previously nonqualifying exact pairs excluded. This is more informative than the nearest untested alternative (difference 4.212e-05) because it is the eligible minimum-distortion merge. The official runner alone accepts or rolls back. Stop after exactly one micro-trial or immediately on error. Compute budget: one checkpoint migration, one official verification, and two minutes wall-clock.	0	0
attempt-0137	position-union-0137	micro-0001	77946cc4644784098317f94b7ca7e2efeaf4d767	59e7dfffaebc372357fda74b8051d13a1c404f2d	2026-08-16T10:19:30.762105+00:00	parameter tying	99.040000%	2024	keep	Union closest position groups 433 and 266	Family: parameter tying. Current retained frontier is 2,025 parameters at 99.040000%, a +0.040000 percentage-point margin over 99%. There have been 79 prior attempts in this family. The most recent accepted result is attempt-0136 (keep, 2025 parameters, 99.040000%); the most recent failed result is attempt-0075 (discard, no parameter count parameters, no score). Hypothesis: the one-parameter, parameterization-preserving union of current positional groups represented by coordinates 433 and 266, with values 0.0180742983 and 0.0181164220 (difference 4.212e-05), preserves qualification using a multiplicity-weighted mean and yields 2,024 parameters. Candidate ordering is ascending current absolute group-value difference with previously nonqualifying exact pairs excluded. This is more informative than the nearest untested alternative (difference 4.220e-05) because it is the eligible minimum-distortion merge. The official runner alone accepts or rolls back. Stop after exactly one micro-trial or immediately on error. Compute budget: one checkpoint migration, one official verification, and two minutes wall-clock.	0	0
attempt-0138	position-union-0138	micro-0001	7ae662d5a3e4ab9ccc6e8254cd014fa9b20cedfc	77946cc4644784098317f94b7ca7e2efeaf4d767	2026-08-16T10:20:32.905020+00:00	parameter tying	99.040000%	2023	keep	Union closest position groups 397 and 246	Family: parameter tying. Current retained frontier is 2,024 parameters at 99.040000%, a +0.040000 percentage-point margin over 99%. There have been 80 prior attempts in this family. The most recent accepted result is attempt-0137 (keep, 2024 parameters, 99.040000%); the most recent failed result is attempt-0075 (discard, no parameter count parameters, no score). Hypothesis: the one-parameter, parameterization-preserving union of current positional groups represented by coordinates 397 and 246, with values 0.0131036239 and 0.0131458230 (difference 4.220e-05), preserves qualification using a multiplicity-weighted mean and yields 2,023 parameters. Candidate ordering is ascending current absolute group-value difference with previously nonqualifying exact pairs excluded. This is more informative than the nearest untested alternative (difference 4.239e-05) because it is the eligible minimum-distortion merge. The official runner alone accepts or rolls back. Stop after exactly one micro-trial or immediately on error. Compute budget: one checkpoint migration, one official verification, and two minutes wall-clock.	0	0
attempt-0139	position-union-0139	micro-0001	ec5f7b214de40b37f662d65c0b5afea29792e1ae	7ae662d5a3e4ab9ccc6e8254cd014fa9b20cedfc	2026-08-16T10:21:34.398856+00:00	parameter tying	99.040000%	2022	keep	Union closest position groups 120 and 255	Family: parameter tying. Current retained frontier is 2,023 parameters at 99.040000%, a +0.040000 percentage-point margin over 99%. There have been 81 prior attempts in this family. The most recent accepted result is attempt-0138 (keep, 2023 parameters, 99.040000%); the most recent failed result is attempt-0075 (discard, no parameter count parameters, no score). Hypothesis: the one-parameter, parameterization-preserving union of current positional groups represented by coordinates 120 and 255, with values -0.0020713275 and -0.0020289347 (difference 4.239e-05), preserves qualification using a multiplicity-weighted mean and yields 2,022 parameters. Candidate ordering is ascending current absolute group-value difference with previously nonqualifying exact pairs excluded. This is more informative than the nearest untested alternative (difference 4.253e-05) because it is the eligible minimum-distortion merge. The official runner alone accepts or rolls back. Stop after exactly one micro-trial or immediately on error. Compute budget: one checkpoint migration, one official verification, and two minutes wall-clock.	0	0
attempt-0140	position-union-0140	micro-0001	c8cd024b90e506eeb207ecfcc69c859e487d99d5	ec5f7b214de40b37f662d65c0b5afea29792e1ae	2026-08-16T10:22:36.241254+00:00	parameter tying	99.040000%	2021	keep	Union closest position groups 34 and 304	Family: parameter tying. Current retained frontier is 2,022 parameters at 99.040000%, a +0.040000 percentage-point margin over 99%. There have been 82 prior attempts in this family. The most recent accepted result is attempt-0139 (keep, 2022 parameters, 99.040000%); the most recent failed result is attempt-0075 (discard, no parameter count parameters, no score). Hypothesis: the one-parameter, parameterization-preserving union of current positional groups represented by coordinates 34 and 304, with values 0.0218262654 and 0.0218687933 (difference 4.253e-05), preserves qualification using a multiplicity-weighted mean and yields 2,021 parameters. Candidate ordering is ascending current absolute group-value difference with previously nonqualifying exact pairs excluded. This is more informative than the nearest untested alternative (difference 4.263e-05) because it is the eligible minimum-distortion merge. The official runner alone accepts or rolls back. Stop after exactly one micro-trial or immediately on error. Compute budget: one checkpoint migration, one official verification, and two minutes wall-clock.	0	0
attempt-0141	position-union-0141	micro-0001	ce1248f6c8b1886f94775c30e5f8d279f7a9554d	c8cd024b90e506eeb207ecfcc69c859e487d99d5	2026-08-16T10:23:38.484668+00:00	parameter tying	99.040000%	2020	keep	Union closest position groups 463 and 138	Family: parameter tying. Current retained frontier is 2,021 parameters at 99.040000%, a +0.040000 percentage-point margin over 99%. There have been 83 prior attempts in this family. The most recent accepted result is attempt-0140 (keep, 2021 parameters, 99.040000%); the most recent failed result is attempt-0075 (discard, no parameter count parameters, no score). Hypothesis: the one-parameter, parameterization-preserving union of current positional groups represented by coordinates 463 and 138, with values -0.0027563022 and -0.0027136749 (difference 4.263e-05), preserves qualification using a multiplicity-weighted mean and yields 2,020 parameters. Candidate ordering is ascending current absolute group-value difference with previously nonqualifying exact pairs excluded. This is more informative than the nearest untested alternative (difference 4.457e-05) because it is the eligible minimum-distortion merge. The official runner alone accepts or rolls back. Stop after exactly one micro-trial or immediately on error. Compute budget: one checkpoint migration, one official verification, and two minutes wall-clock.	0	0
attempt-0142	position-union-0142	micro-0001	121180ea2bcf630b42ee0b74d97ab5f66c1d0dd3	ce1248f6c8b1886f94775c30e5f8d279f7a9554d	2026-08-16T10:24:40.668103+00:00	parameter tying	99.040000%	2019	keep	Union closest position groups 401 and 263	Family: parameter tying. Current retained frontier is 2,020 parameters at 99.040000%, a +0.040000 percentage-point margin over 99%. There have been 84 prior attempts in this family. The most recent accepted result is attempt-0141 (keep, 2020 parameters, 99.040000%); the most recent failed result is attempt-0075 (discard, no parameter count parameters, no score). Hypothesis: the one-parameter, parameterization-preserving union of current positional groups represented by coordinates 401 and 263, with values 0.0116190100 and 0.0116635850 (difference 4.457e-05), preserves qualification using a multiplicity-weighted mean and yields 2,019 parameters. Candidate ordering is ascending current absolute group-value difference with previously nonqualifying exact pairs excluded. This is more informative than the nearest untested alternative (difference 4.529e-05) because it is the eligible minimum-distortion merge. The official runner alone accepts or rolls back. Stop after exactly one micro-trial or immediately on error. Compute budget: one checkpoint migration, one official verification, and two minutes wall-clock.	0	0
attempt-0143	position-union-0143	micro-0001	bdf39180263dd718ec08c0948af2a798e069c806	121180ea2bcf630b42ee0b74d97ab5f66c1d0dd3	2026-08-16T10:25:42.284423+00:00	parameter tying	99.050000%	2018	keep	Union closest position groups 367 and 435	Family: parameter tying. Current retained frontier is 2,019 parameters at 99.040000%, a +0.040000 percentage-point margin over 99%. There have been 85 prior attempts in this family. The most recent accepted result is attempt-0142 (keep, 2019 parameters, 99.040000%); the most recent failed result is attempt-0075 (discard, no parameter count parameters, no score). Hypothesis: the one-parameter, parameterization-preserving union of current positional groups represented by coordinates 367 and 435, with values 0.0118183270 and 0.0118636144 (difference 4.529e-05), preserves qualification using a multiplicity-weighted mean and yields 2,018 parameters. Candidate ordering is ascending current absolute group-value difference with previously nonqualifying exact pairs excluded. This is more informative than the nearest untested alternative (difference 4.559e-05) because it is the eligible minimum-distortion merge. The official runner alone accepts or rolls back. Stop after exactly one micro-trial or immediately on error. Compute budget: one checkpoint migration, one official verification, and two minutes wall-clock.	0	0
attempt-0144	position-union-0144	micro-0001	9b58b652ae20822c23989c22848a4ec082e70267	bdf39180263dd718ec08c0948af2a798e069c806	2026-08-16T10:26:44.315053+00:00	parameter tying	99.060000%	2017	keep	Union closest position groups 198 and 273	Family: parameter tying. Current retained frontier is 2,018 parameters at 99.050000%, a +0.050000 percentage-point margin over 99%. There have been 86 prior attempts in this family. The most recent accepted result is attempt-0143 (keep, 2018 parameters, 99.050000%); the most recent failed result is attempt-0075 (discard, no parameter count parameters, no score). Hypothesis: the one-parameter, parameterization-preserving union of current positional groups represented by coordinates 198 and 273, with values 0.0105306180 and 0.0105762091 (difference 4.559e-05), preserves qualification using a multiplicity-weighted mean and yields 2,017 parameters. Candidate ordering is ascending current absolute group-value difference with previously nonqualifying exact pairs excluded. This is more informative than the nearest untested alternative (difference 4.569e-05) because it is the eligible minimum-distortion merge. The official runner alone accepts or rolls back. Stop after exactly one micro-trial or immediately on error. Compute budget: one checkpoint migration, one official verification, and two minutes wall-clock.	0	0
attempt-0145	position-union-0145	micro-0001	cd54ed03fe008777e037bf3048a823ea56392082	9b58b652ae20822c23989c22848a4ec082e70267	2026-08-16T10:27:46.372705+00:00	parameter tying	99.060000%	2016	keep	Union closest position groups 66 and 269	Family: parameter tying. Current retained frontier is 2,017 parameters at 99.060000%, a +0.060000 percentage-point margin over 99%. There have been 87 prior attempts in this family. The most recent accepted result is attempt-0144 (keep, 2017 parameters, 99.060000%); the most recent failed result is attempt-0075 (discard, no parameter count parameters, no score). Hypothesis: the one-parameter, parameterization-preserving union of current positional groups represented by coordinates 66 and 269, with values -0.0117973350 and -0.0117516462 (difference 4.569e-05), preserves qualification using a multiplicity-weighted mean and yields 2,016 parameters. Candidate ordering is ascending current absolute group-value difference with previously nonqualifying exact pairs excluded. This is more informative than the nearest untested alternative (difference 4.870e-05) because it is the eligible minimum-distortion merge. The official runner alone accepts or rolls back. Stop after exactly one micro-trial or immediately on error. Compute budget: one checkpoint migration, one official verification, and two minutes wall-clock.	0	0
attempt-0146	position-union-0146	micro-0001	cdac38472d83d738b974ec5dd9aa6c610e541744	cd54ed03fe008777e037bf3048a823ea56392082	2026-08-16T10:28:48.275791+00:00	parameter tying	99.060000%	2015	keep	Union closest position groups 382 and 182	Family: parameter tying. Current retained frontier is 2,016 parameters at 99.060000%, a +0.060000 percentage-point margin over 99%. There have been 88 prior attempts in this family. The most recent accepted result is attempt-0145 (keep, 2016 parameters, 99.060000%); the most recent failed result is attempt-0075 (discard, no parameter count parameters, no score). Hypothesis: the one-parameter, parameterization-preserving union of current positional groups represented by coordinates 382 and 182, with values 0.0127391340 and 0.0127878338 (difference 4.870e-05), preserves qualification using a multiplicity-weighted mean and yields 2,015 parameters. Candidate ordering is ascending current absolute group-value difference with previously nonqualifying exact pairs excluded. This is more informative than the nearest untested alternative (difference 4.944e-05) because it is the eligible minimum-distortion merge. The official runner alone accepts or rolls back. Stop after exactly one micro-trial or immediately on error. Compute budget: one checkpoint migration, one official verification, and two minutes wall-clock.	0	0
attempt-0147	position-union-0147	micro-0001	3a881425fe6ca1fc9481d4d37722233dc521b699	cdac38472d83d738b974ec5dd9aa6c610e541744	2026-08-16T10:30:05.297395+00:00	parameter tying	99.060000%	2014	keep	Union closest position groups 0 and 421	Family: parameter tying. Current retained frontier is 2,015 parameters at 99.060000%, a +0.060000 percentage-point margin over 99%. There have been 89 prior attempts in this family. The most recent accepted result is attempt-0146 (keep, 2015 parameters, 99.060000%); the most recent failed result is attempt-0075 (discard, no parameter count parameters, no score). Hypothesis: the one-parameter, parameterization-preserving union of current positional groups represented by coordinates 0 and 421, with values -0.0223338176 and -0.0222843736 (difference 4.944e-05), preserves qualification using a multiplicity-weighted mean and yields 2,014 parameters. Candidate ordering is ascending current absolute group-value difference with previously nonqualifying exact pairs excluded. This is more informative than the nearest untested alternative (difference 5.073e-05) because it is the eligible minimum-distortion merge. The official runner alone accepts or rolls back. Stop after exactly one micro-trial or immediately on error. Compute budget: one checkpoint migration, one official verification, and two minutes wall-clock.	0	0
attempt-0148	position-union-0148	micro-0001	24fb15cde002fd36f1d18915729077659649a2e5	3a881425fe6ca1fc9481d4d37722233dc521b699	2026-08-16T10:31:07.162061+00:00	parameter tying	99.070000%	2013	keep	Union closest position groups 136 and 285	Family: parameter tying. Current retained frontier is 2,014 parameters at 99.060000%, a +0.060000 percentage-point margin over 99%. There have been 90 prior attempts in this family. The most recent accepted result is attempt-0147 (keep, 2014 parameters, 99.060000%); the most recent failed result is attempt-0075 (discard, no parameter count parameters, no score). Hypothesis: the one-parameter, parameterization-preserving union of current positional groups represented by coordinates 136 and 285, with values 0.0092705246 and 0.0093212547 (difference 5.073e-05), preserves qualification using a multiplicity-weighted mean and yields 2,013 parameters. Candidate ordering is ascending current absolute group-value difference with previously nonqualifying exact pairs excluded. This is more informative than the nearest untested alternative (difference 5.174e-05) because it is the eligible minimum-distortion merge. The official runner alone accepts or rolls back. Stop after exactly one micro-trial or immediately on error. Compute budget: one checkpoint migration, one official verification, and two minutes wall-clock.	0	0
attempt-0149	position-union-0149	micro-0001	e10ec8fcc0f53c2daee02a9f6477800b8626b9e1	24fb15cde002fd36f1d18915729077659649a2e5	2026-08-16T10:32:08.862700+00:00	parameter tying	99.070000%	2012	keep	Union closest position groups 210 and 256	Family: parameter tying. Current retained frontier is 2,013 parameters at 99.070000%, a +0.070000 percentage-point margin over 99%. There have been 91 prior attempts in this family. The most recent accepted result is attempt-0148 (keep, 2013 parameters, 99.070000%); the most recent failed result is attempt-0075 (discard, no parameter count parameters, no score). Hypothesis: the one-parameter, parameterization-preserving union of current positional groups represented by coordinates 210 and 256, with values -0.0013240703 and -0.0012723338 (difference 5.174e-05), preserves qualification using a multiplicity-weighted mean and yields 2,012 parameters. Candidate ordering is ascending current absolute group-value difference with previously nonqualifying exact pairs excluded. This is more informative than the nearest untested alternative (difference 5.179e-05) because it is the eligible minimum-distortion merge. The official runner alone accepts or rolls back. Stop after exactly one micro-trial or immediately on error. Compute budget: one checkpoint migration, one official verification, and two minutes wall-clock.	0	0
attempt-0150	position-union-0150	micro-0001	874d462b7f01be08564900be7bdb3ab51cc28a11	e10ec8fcc0f53c2daee02a9f6477800b8626b9e1	2026-08-16T10:33:11.330128+00:00	parameter tying	99.070000%	2011	keep	Union closest position groups 295 and 422	Family: parameter tying. Current retained frontier is 2,012 parameters at 99.070000%, a +0.070000 percentage-point margin over 99%. There have been 92 prior attempts in this family. The most recent accepted result is attempt-0149 (keep, 2012 parameters, 99.070000%); the most recent failed result is attempt-0075 (discard, no parameter count parameters, no score). Hypothesis: the one-parameter, parameterization-preserving union of current positional groups represented by coordinates 295 and 422, with values 0.0098234033 and 0.0098751895 (difference 5.179e-05), preserves qualification using a multiplicity-weighted mean and yields 2,011 parameters. Candidate ordering is ascending current absolute group-value difference with previously nonqualifying exact pairs excluded. This is more informative than the nearest untested alternative (difference 5.235e-05) because it is the eligible minimum-distortion merge. The official runner alone accepts or rolls back. Stop after exactly one micro-trial or immediately on error. Compute budget: one checkpoint migration, one official verification, and two minutes wall-clock.	0	0
attempt-0151	position-union-0151	micro-0001	a993175c98baab3090a1e1c695d44b161ab5807b	874d462b7f01be08564900be7bdb3ab51cc28a11	2026-08-16T10:34:13.431091+00:00	parameter tying	99.070000%	2010	keep	Union closest position groups 58 and 97	Family: parameter tying. Current retained frontier is 2,011 parameters at 99.070000%, a +0.070000 percentage-point margin over 99%. There have been 93 prior attempts in this family. The most recent accepted result is attempt-0150 (keep, 2011 parameters, 99.070000%); the most recent failed result is attempt-0075 (discard, no parameter count parameters, no score). Hypothesis: the one-parameter, parameterization-preserving union of current positional groups represented by coordinates 58 and 97, with values -0.0096865334 and -0.0096341819 (difference 5.235e-05), preserves qualification using a multiplicity-weighted mean and yields 2,010 parameters. Candidate ordering is ascending current absolute group-value difference with previously nonqualifying exact pairs excluded. This is more informative than the nearest untested alternative (difference 5.288e-05) because it is the eligible minimum-distortion merge. The official runner alone accepts or rolls back. Stop after exactly one micro-trial or immediately on error. Compute budget: one checkpoint migration, one official verification, and two minutes wall-clock.	0	0
attempt-0152	position-union-0152	micro-0001	fb8a56e19972b92e15ad16d6aba3886b3a3d0689	a993175c98baab3090a1e1c695d44b161ab5807b	2026-08-16T10:35:15.271277+00:00	parameter tying	99.070000%	2009	keep	Union closest position groups 262 and 289	Family: parameter tying. Current retained frontier is 2,010 parameters at 99.070000%, a +0.070000 percentage-point margin over 99%. There have been 94 prior attempts in this family. The most recent accepted result is attempt-0151 (keep, 2010 parameters, 99.070000%); the most recent failed result is attempt-0075 (discard, no parameter count parameters, no score). Hypothesis: the one-parameter, parameterization-preserving union of current positional groups represented by coordinates 262 and 289, with values 0.0100165671 and 0.0100694429 (difference 5.288e-05), preserves qualification using a multiplicity-weighted mean and yields 2,009 parameters. Candidate ordering is ascending current absolute group-value difference with previously nonqualifying exact pairs excluded. This is more informative than the nearest untested alternative (difference 5.315e-05) because it is the eligible minimum-distortion merge. The official runner alone accepts or rolls back. Stop after exactly one micro-trial or immediately on error. Compute budget: one checkpoint migration, one official verification, and two minutes wall-clock.	0	0
attempt-0153	position-union-0153	micro-0001	b98684ebc65fc877c046dd54b334e011ba362ac0	fb8a56e19972b92e15ad16d6aba3886b3a3d0689	2026-08-16T10:36:17.804415+00:00	parameter tying	99.070000%	2008	keep	Union closest position groups 144 and 79	Family: parameter tying. Current retained frontier is 2,009 parameters at 99.070000%, a +0.070000 percentage-point margin over 99%. There have been 95 prior attempts in this family. The most recent accepted result is attempt-0152 (keep, 2009 parameters, 99.070000%); the most recent failed result is attempt-0075 (discard, no parameter count parameters, no score). Hypothesis: the one-parameter, parameterization-preserving union of current positional groups represented by coordinates 144 and 79, with values 0.0020982460 and 0.0021513964 (difference 5.315e-05), preserves qualification using a multiplicity-weighted mean and yields 2,008 parameters. Candidate ordering is ascending current absolute group-value difference with previously nonqualifying exact pairs excluded. This is more informative than the nearest untested alternative (difference 5.347e-05) because it is the eligible minimum-distortion merge. The official runner alone accepts or rolls back. Stop after exactly one micro-trial or immediately on error. Compute budget: one checkpoint migration, one official verification, and two minutes wall-clock.	0	0
attempt-0154	position-union-0154	micro-0001	a528b5a665fcf5bb96364cdd2aaf669cd1c5e6be	b98684ebc65fc877c046dd54b334e011ba362ac0	2026-08-16T10:37:19.886622+00:00	parameter tying	99.070000%	2007	keep	Union closest position groups 393 and 122	Family: parameter tying. Current retained frontier is 2,008 parameters at 99.070000%, a +0.070000 percentage-point margin over 99%. There have been 96 prior attempts in this family. The most recent accepted result is attempt-0153 (keep, 2008 parameters, 99.070000%); the most recent failed result is attempt-0075 (discard, no parameter count parameters, no score). Hypothesis: the one-parameter, parameterization-preserving union of current positional groups represented by coordinates 393 and 122, with values -0.0087742284 and -0.0087207556 (difference 5.347e-05), preserves qualification using a multiplicity-weighted mean and yields 2,007 parameters. Candidate ordering is ascending current absolute group-value difference with previously nonqualifying exact pairs excluded. This is more informative than the nearest untested alternative (difference 5.358e-05) because it is the eligible minimum-distortion merge. The official runner alone accepts or rolls back. Stop after exactly one micro-trial or immediately on error. Compute budget: one checkpoint migration, one official verification, and two minutes wall-clock.	0	0
attempt-0155	position-union-0155	micro-0001	d513fa1243c2edfb23981c10e7978dc354d89a5d	a528b5a665fcf5bb96364cdd2aaf669cd1c5e6be	2026-08-16T10:38:21.368545+00:00	parameter tying	99.080000%	2006	keep	Union closest position groups 319 and 7	Family: parameter tying. Current retained frontier is 2,007 parameters at 99.070000%, a +0.070000 percentage-point margin over 99%. There have been 97 prior attempts in this family. The most recent accepted result is attempt-0154 (keep, 2007 parameters, 99.070000%); the most recent failed result is attempt-0075 (discard, no parameter count parameters, no score). Hypothesis: the one-parameter, parameterization-preserving union of current positional groups represented by coordinates 319 and 7, with values 0.0034688686 and 0.0035224482 (difference 5.358e-05), preserves qualification using a multiplicity-weighted mean and yields 2,006 parameters. Candidate ordering is ascending current absolute group-value difference with previously nonqualifying exact pairs excluded. This is more informative than the nearest untested alternative (difference 5.434e-05) because it is the eligible minimum-distortion merge. The official runner alone accepts or rolls back. Stop after exactly one micro-trial or immediately on error. Compute budget: one checkpoint migration, one official verification, and two minutes wall-clock.	0	0
attempt-0156	position-union-0156	micro-0001	7244b8c6073b461dc48e9b1b37479add9e229581	d513fa1243c2edfb23981c10e7978dc354d89a5d	2026-08-16T10:39:22.472255+00:00	parameter tying	99.080000%	2005	keep	Union closest position groups 145 and 142	Family: parameter tying. Current retained frontier is 2,006 parameters at 99.080000%, a +0.080000 percentage-point margin over 99%. There have been 98 prior attempts in this family. The most recent accepted result is attempt-0155 (keep, 2006 parameters, 99.080000%); the most recent failed result is attempt-0075 (discard, no parameter count parameters, no score). Hypothesis: the one-parameter, parameterization-preserving union of current positional groups represented by coordinates 145 and 142, with values -0.0174467843 and -0.0173924416 (difference 5.434e-05), preserves qualification using a multiplicity-weighted mean and yields 2,005 parameters. Candidate ordering is ascending current absolute group-value difference with previously nonqualifying exact pairs excluded. This is more informative than the nearest untested alternative (difference 5.448e-05) because it is the eligible minimum-distortion merge. The official runner alone accepts or rolls back. Stop after exactly one micro-trial or immediately on error. Compute budget: one checkpoint migration, one official verification, and two minutes wall-clock.	0	0
attempt-0157	position-union-0157	micro-0001	62d170bb607f7d445ef5f6e5a3341d09c6e6d974	7244b8c6073b461dc48e9b1b37479add9e229581	2026-08-16T10:40:24.309633+00:00	parameter tying	99.080000%	2004	keep	Union closest position groups 407 and 109	Family: parameter tying. Current retained frontier is 2,005 parameters at 99.080000%, a +0.080000 percentage-point margin over 99%. There have been 99 prior attempts in this family. The most recent accepted result is attempt-0156 (keep, 2005 parameters, 99.080000%); the most recent failed result is attempt-0075 (discard, no parameter count parameters, no score). Hypothesis: the one-parameter, parameterization-preserving union of current positional groups represented by coordinates 407 and 109, with values 0.0032949767 and 0.0033494518 (difference 5.448e-05), preserves qualification using a multiplicity-weighted mean and yields 2,004 parameters. Candidate ordering is ascending current absolute group-value difference with previously nonqualifying exact pairs excluded. This is more informative than the nearest untested alternative (difference 5.480e-05) because it is the eligible minimum-distortion merge. The official runner alone accepts or rolls back. Stop after exactly one micro-trial or immediately on error. Compute budget: one checkpoint migration, one official verification, and two minutes wall-clock.	0	0
attempt-0158	position-union-0158	micro-0001	08404de6a9b502dd5487f44a228a7b2ac5a4af0e	62d170bb607f7d445ef5f6e5a3341d09c6e6d974	2026-08-16T10:41:26.035891+00:00	parameter tying	99.080000%	2003	keep	Union closest position groups 110 and 112	Family: parameter tying. Current retained frontier is 2,004 parameters at 99.080000%, a +0.080000 percentage-point margin over 99%. There have been 100 prior attempts in this family. The most recent accepted result is attempt-0157 (keep, 2004 parameters, 99.080000%); the most recent failed result is attempt-0075 (discard, no parameter count parameters, no score). Hypothesis: the one-parameter, parameterization-preserving union of current positional groups represented by coordinates 110 and 112, with values 0.0058748377 and 0.0059296377 (difference 5.480e-05), preserves qualification using a multiplicity-weighted mean and yields 2,003 parameters. Candidate ordering is ascending current absolute group-value difference with previously nonqualifying exact pairs excluded. This is more informative than the nearest untested alternative (difference 5.505e-05) because it is the eligible minimum-distortion merge. The official runner alone accepts or rolls back. Stop after exactly one micro-trial or immediately on error. Compute budget: one checkpoint migration, one official verification, and two minutes wall-clock.	0	0
attempt-0159	position-union-0159	micro-0001	935d20715a4270af791a090d5409d308e42a1542	08404de6a9b502dd5487f44a228a7b2ac5a4af0e	2026-08-16T10:42:27.743192+00:00	parameter tying	99.080000%	2002	keep	Union closest position groups 118 and 474	Family: parameter tying. Current retained frontier is 2,003 parameters at 99.080000%, a +0.080000 percentage-point margin over 99%. There have been 101 prior attempts in this family. The most recent accepted result is attempt-0158 (keep, 2003 parameters, 99.080000%); the most recent failed result is attempt-0075 (discard, no parameter count parameters, no score). Hypothesis: the one-parameter, parameterization-preserving union of current positional groups represented by coordinates 118 and 474, with values -0.0004591885 and -0.0004041397 (difference 5.505e-05), preserves qualification using a multiplicity-weighted mean and yields 2,002 parameters. Candidate ordering is ascending current absolute group-value difference with previously nonqualifying exact pairs excluded. This is more informative than the nearest untested alternative (difference 5.514e-05) because it is the eligible minimum-distortion merge. The official runner alone accepts or rolls back. Stop after exactly one micro-trial or immediately on error. Compute budget: one checkpoint migration, one official verification, and two minutes wall-clock.	0	0
attempt-0160	position-union-0160	micro-0001	58a276c1c116cabae911e886b769b1c2b411f432	935d20715a4270af791a090d5409d308e42a1542	2026-08-16T10:43:29.737637+00:00	parameter tying	99.080000%	2001	keep	Union closest position groups 224 and 207	Family: parameter tying. Current retained frontier is 2,002 parameters at 99.080000%, a +0.080000 percentage-point margin over 99%. There have been 102 prior attempts in this family. The most recent accepted result is attempt-0159 (keep, 2002 parameters, 99.080000%); the most recent failed result is attempt-0075 (discard, no parameter count parameters, no score). Hypothesis: the one-parameter, parameterization-preserving union of current positional groups represented by coordinates 224 and 207, with values -0.0031973307 and -0.0031421930 (difference 5.514e-05), preserves qualification using a multiplicity-weighted mean and yields 2,001 parameters. Candidate ordering is ascending current absolute group-value difference with previously nonqualifying exact pairs excluded. This is more informative than the nearest untested alternative (difference 5.563e-05) because it is the eligible minimum-distortion merge. The official runner alone accepts or rolls back. Stop after exactly one micro-trial or immediately on error. Compute budget: one checkpoint migration, one official verification, and two minutes wall-clock.	0	0
attempt-0161	position-union-0161	micro-0001	f7956cf6cd70b33dac6d433a08a680948c77fb2c	58a276c1c116cabae911e886b769b1c2b411f432	2026-08-16T10:44:31.829551+00:00	parameter tying	99.080000%	2000	keep	Union closest position groups 359 and 467	Family: parameter tying. Current retained frontier is 2,001 parameters at 99.080000%, a +0.080000 percentage-point margin over 99%. There have been 103 prior attempts in this family. The most recent accepted result is attempt-0160 (keep, 2001 parameters, 99.080000%); the most recent failed result is attempt-0075 (discard, no parameter count parameters, no score). Hypothesis: the one-parameter, parameterization-preserving union of current positional groups represented by coordinates 359 and 467, with values 0.0289382059 and 0.0289938338 (difference 5.563e-05), preserves qualification using a multiplicity-weighted mean and yields 2,000 parameters. Candidate ordering is ascending current absolute group-value difference with previously nonqualifying exact pairs excluded. This is more informative than the nearest untested alternative (difference 5.575e-05) because it is the eligible minimum-distortion merge. The official runner alone accepts or rolls back. Stop after exactly one micro-trial or immediately on error. Compute budget: one checkpoint migration, one official verification, and two minutes wall-clock.	0	0
attempt-0162	position-union-0162	micro-0001	07af418c79644e6050b9a5857317db3d54857272	f7956cf6cd70b33dac6d433a08a680948c77fb2c	2026-08-16T10:45:33.804854+00:00	parameter tying	99.070000%	1999	keep	Union closest position groups 321 and 363	Family: parameter tying. Current retained frontier is 2,000 parameters at 99.080000%, a +0.080000 percentage-point margin over 99%. There have been 104 prior attempts in this family. The most recent accepted result is attempt-0161 (keep, 2000 parameters, 99.080000%); the most recent failed result is attempt-0075 (discard, no parameter count parameters, no score). Hypothesis: the one-parameter, parameterization-preserving union of current positional groups represented by coordinates 321 and 363, with values 0.0215623453 and 0.0216180906 (difference 5.575e-05), preserves qualification using a multiplicity-weighted mean and yields 1,999 parameters. Candidate ordering is ascending current absolute group-value difference with previously nonqualifying exact pairs excluded. This is more informative than the nearest untested alternative (difference 5.633e-05) because it is the eligible minimum-distortion merge. The official runner alone accepts or rolls back. Stop after exactly one micro-trial or immediately on error. Compute budget: one checkpoint migration, one official verification, and two minutes wall-clock.	0	0
attempt-0163	position-union-0163	micro-0001	f92a91e82b17b9cbc12a0e7c67a17b6627236c1e	07af418c79644e6050b9a5857317db3d54857272	2026-08-16T10:46:36.029717+00:00	parameter tying	99.080000%	1998	keep	Union closest position groups 327 and 119	Family: parameter tying. Current retained frontier is 1,999 parameters at 99.070000%, a +0.070000 percentage-point margin over 99%. There have been 105 prior attempts in this family. The most recent accepted result is attempt-0162 (keep, 1999 parameters, 99.070000%); the most recent failed result is attempt-0075 (discard, no parameter count parameters, no score). Hypothesis: the one-parameter, parameterization-preserving union of current positional groups represented by coordinates 327 and 119, with values -0.0272180457 and -0.0271617156 (difference 5.633e-05), preserves qualification using a multiplicity-weighted mean and yields 1,998 parameters. Candidate ordering is ascending current absolute group-value difference with previously nonqualifying exact pairs excluded. This is more informative than the nearest untested alternative (difference 5.679e-05) because it is the eligible minimum-distortion merge. The official runner alone accepts or rolls back. Stop after exactly one micro-trial or immediately on error. Compute budget: one checkpoint migration, one official verification, and two minutes wall-clock.	0	0
attempt-0164	position-union-0164	micro-0001	5176537c0bd6c5288bc4b3a01cae4b9fff8c68b7	f92a91e82b17b9cbc12a0e7c67a17b6627236c1e	2026-08-16T10:47:38.183347+00:00	parameter tying	99.080000%	1997	keep	Union closest position groups 63 and 134	Family: parameter tying. Current retained frontier is 1,998 parameters at 99.080000%, a +0.080000 percentage-point margin over 99%. There have been 106 prior attempts in this family. The most recent accepted result is attempt-0163 (keep, 1998 parameters, 99.080000%); the most recent failed result is attempt-0075 (discard, no parameter count parameters, no score). Hypothesis: the one-parameter, parameterization-preserving union of current positional groups represented by coordinates 63 and 134, with values -0.0016690904 and -0.0016123009 (difference 5.679e-05), preserves qualification using a multiplicity-weighted mean and yields 1,997 parameters. Candidate ordering is ascending current absolute group-value difference with previously nonqualifying exact pairs excluded. This is more informative than the nearest untested alternative (difference 5.720e-05) because it is the eligible minimum-distortion merge. The official runner alone accepts or rolls back. Stop after exactly one micro-trial or immediately on error. Compute budget: one checkpoint migration, one official verification, and two minutes wall-clock.	0	0
attempt-0165	position-union-0165	micro-0001	45ca03af9b836a63fc4040e446de15901faccf34	5176537c0bd6c5288bc4b3a01cae4b9fff8c68b7	2026-08-16T10:48:40.156103+00:00	parameter tying	99.080000%	1996	keep	Union closest position groups 168 and 477	Family: parameter tying. Current retained frontier is 1,997 parameters at 99.080000%, a +0.080000 percentage-point margin over 99%. There have been 107 prior attempts in this family. The most recent accepted result is attempt-0164 (keep, 1997 parameters, 99.080000%); the most recent failed result is attempt-0075 (discard, no parameter count parameters, no score). Hypothesis: the one-parameter, parameterization-preserving union of current positional groups represented by coordinates 168 and 477, with values 0.0296001788 and 0.0296573825 (difference 5.720e-05), preserves qualification using a multiplicity-weighted mean and yields 1,996 parameters. Candidate ordering is ascending current absolute group-value difference with previously nonqualifying exact pairs excluded. This is more informative than the nearest untested alternative (difference 5.753e-05) because it is the eligible minimum-distortion merge. The official runner alone accepts or rolls back. Stop after exactly one micro-trial or immediately on error. Compute budget: one checkpoint migration, one official verification, and two minutes wall-clock.	0	0
attempt-0166	position-union-0166	micro-0001	e96904f6fe40f2f87955ef0ceb63b487b3412430	45ca03af9b836a63fc4040e446de15901faccf34	2026-08-16T10:49:41.887646+00:00	parameter tying	99.080000%	1995	keep	Union closest position groups 428 and 264	Family: parameter tying. Current retained frontier is 1,996 parameters at 99.080000%, a +0.080000 percentage-point margin over 99%. There have been 108 prior attempts in this family. The most recent accepted result is attempt-0165 (keep, 1996 parameters, 99.080000%); the most recent failed result is attempt-0075 (discard, no parameter count parameters, no score). Hypothesis: the one-parameter, parameterization-preserving union of current positional groups represented by coordinates 428 and 264, with values 0.0085569061 and 0.0086144321 (difference 5.753e-05), preserves qualification using a multiplicity-weighted mean and yields 1,995 parameters. Candidate ordering is ascending current absolute group-value difference with previously nonqualifying exact pairs excluded. This is more informative than the nearest untested alternative (difference 5.809e-05) because it is the eligible minimum-distortion merge. The official runner alone accepts or rolls back. Stop after exactly one micro-trial or immediately on error. Compute budget: one checkpoint migration, one official verification, and two minutes wall-clock.	0	0
attempt-0167	position-union-0167	micro-0001	94c805c28430a202d598fd944b11dd2733fbece0	e96904f6fe40f2f87955ef0ceb63b487b3412430	2026-08-16T10:51:01.337079+00:00	parameter tying	99.080000%	1994	keep	Union closest position groups 186 and 18	Family: parameter tying. Current retained frontier is 1,995 parameters at 99.080000%, a +0.080000 percentage-point margin over 99%. There have been 109 prior attempts in this family. The most recent accepted result is attempt-0166 (keep, 1995 parameters, 99.080000%); the most recent failed result is attempt-0075 (discard, no parameter count parameters, no score). Hypothesis: the one-parameter, parameterization-preserving union of current positional groups represented by coordinates 186 and 18, with values 0.0185883921 and 0.0186464861 (difference 5.809e-05), preserves qualification using a multiplicity-weighted mean and yields 1,994 parameters. Candidate ordering is ascending current absolute group-value difference with previously nonqualifying exact pairs excluded. This is more informative than the nearest untested alternative (difference 5.994e-05) because it is the eligible minimum-distortion merge. The official runner alone accepts or rolls back. Stop after exactly one micro-trial or immediately on error. Compute budget: one checkpoint migration, one official verification, and two minutes wall-clock.	0	0
attempt-0168	position-union-0168	micro-0001	58bca035fd00886489a3b143f5402ee6b456b175	94c805c28430a202d598fd944b11dd2733fbece0	2026-08-16T10:52:03.007263+00:00	parameter tying	99.080000%	1993	keep	Union closest position groups 459 and 497	Family: parameter tying. Current retained frontier is 1,994 parameters at 99.080000%, a +0.080000 percentage-point margin over 99%. There have been 110 prior attempts in this family. The most recent accepted result is attempt-0167 (keep, 1994 parameters, 99.080000%); the most recent failed result is attempt-0075 (discard, no parameter count parameters, no score). Hypothesis: the one-parameter, parameterization-preserving union of current positional groups represented by coordinates 459 and 497, with values 0.0181863587 and 0.0182462949 (difference 5.994e-05), preserves qualification using a multiplicity-weighted mean and yields 1,993 parameters. Candidate ordering is ascending current absolute group-value difference with previously nonqualifying exact pairs excluded. This is more informative than the nearest untested alternative (difference 6.003e-05) because it is the eligible minimum-distortion merge. The official runner alone accepts or rolls back. Stop after exactly one micro-trial or immediately on error. Compute budget: one checkpoint migration, one official verification, and two minutes wall-clock.	0	0
attempt-0169	position-union-0169	micro-0001	7582fb5a688ef2cd49e7cef86ae5cdc6a748da15	58bca035fd00886489a3b143f5402ee6b456b175	2026-08-16T10:53:05.251865+00:00	parameter tying	99.080000%	1992	keep	Union closest position groups 464 and 31	Family: parameter tying. Current retained frontier is 1,993 parameters at 99.080000%, a +0.080000 percentage-point margin over 99%. There have been 111 prior attempts in this family. The most recent accepted result is attempt-0168 (keep, 1993 parameters, 99.080000%); the most recent failed result is attempt-0075 (discard, no parameter count parameters, no score). Hypothesis: the one-parameter, parameterization-preserving union of current positional groups represented by coordinates 464 and 31, with values -0.0325202122 and -0.0324601866 (difference 6.003e-05), preserves qualification using a multiplicity-weighted mean and yields 1,992 parameters. Candidate ordering is ascending current absolute group-value difference with previously nonqualifying exact pairs excluded. This is more informative than the nearest untested alternative (difference 6.072e-05) because it is the eligible minimum-distortion merge. The official runner alone accepts or rolls back. Stop after exactly one micro-trial or immediately on error. Compute budget: one checkpoint migration, one official verification, and two minutes wall-clock.	0	0
attempt-0170	position-union-0170	micro-0001	ef537fefa7fa32f0457134acc3c5df6b8f462a45	7582fb5a688ef2cd49e7cef86ae5cdc6a748da15	2026-08-16T10:54:07.329987+00:00	parameter tying	99.080000%	1991	keep	Union closest position groups 346 and 254	Family: parameter tying. Current retained frontier is 1,992 parameters at 99.080000%, a +0.080000 percentage-point margin over 99%. There have been 112 prior attempts in this family. The most recent accepted result is attempt-0169 (keep, 1992 parameters, 99.080000%); the most recent failed result is attempt-0075 (discard, no parameter count parameters, no score). Hypothesis: the one-parameter, parameterization-preserving union of current positional groups represented by coordinates 346 and 254, with values 0.0000061579 and 0.0000668808 (difference 6.072e-05), preserves qualification using a multiplicity-weighted mean and yields 1,991 parameters. Candidate ordering is ascending current absolute group-value difference with previously nonqualifying exact pairs excluded. This is more informative than the nearest untested alternative (difference 6.088e-05) because it is the eligible minimum-distortion merge. The official runner alone accepts or rolls back. Stop after exactly one micro-trial or immediately on error. Compute budget: one checkpoint migration, one official verification, and two minutes wall-clock.	0	0
attempt-0171	position-union-0171	micro-0001	5f34bd45909f24b86ea11926b26e1cfbbf1bfa1f	ef537fefa7fa32f0457134acc3c5df6b8f462a45	2026-08-16T10:55:09.238614+00:00	parameter tying	99.080000%	1990	keep	Union closest position groups 318 and 405	Family: parameter tying. Current retained frontier is 1,991 parameters at 99.080000%, a +0.080000 percentage-point margin over 99%. There have been 113 prior attempts in this family. The most recent accepted result is attempt-0170 (keep, 1991 parameters, 99.080000%); the most recent failed result is attempt-0075 (discard, no parameter count parameters, no score). Hypothesis: the one-parameter, parameterization-preserving union of current positional groups represented by coordinates 318 and 405, with values 0.0254360475 and 0.0254969317 (difference 6.088e-05), preserves qualification using a multiplicity-weighted mean and yields 1,990 parameters. Candidate ordering is ascending current absolute group-value difference with previously nonqualifying exact pairs excluded. This is more informative than the nearest untested alternative (difference 6.112e-05) because it is the eligible minimum-distortion merge. The official runner alone accepts or rolls back. Stop after exactly one micro-trial or immediately on error. Compute budget: one checkpoint migration, one official verification, and two minutes wall-clock.	0	0
attempt-0172	position-union-0172	micro-0001	9793099ba16ce8d3ff25a59a9e38c4287442bf8f	5f34bd45909f24b86ea11926b26e1cfbbf1bfa1f	2026-08-16T10:56:10.817626+00:00	parameter tying	99.080000%	1989	keep	Union closest position groups 114 and 137	Family: parameter tying. Current retained frontier is 1,990 parameters at 99.080000%, a +0.080000 percentage-point margin over 99%. There have been 114 prior attempts in this family. The most recent accepted result is attempt-0171 (keep, 1990 parameters, 99.080000%); the most recent failed result is attempt-0075 (discard, no parameter count parameters, no score). Hypothesis: the one-parameter, parameterization-preserving union of current positional groups represented by coordinates 114 and 137, with values -0.0203367919 and -0.0202756710 (difference 6.112e-05), preserves qualification using a multiplicity-weighted mean and yields 1,989 parameters. Candidate ordering is ascending current absolute group-value difference with previously nonqualifying exact pairs excluded. This is more informative than the nearest untested alternative (difference 6.267e-05) because it is the eligible minimum-distortion merge. The official runner alone accepts or rolls back. Stop after exactly one micro-trial or immediately on error. Compute budget: one checkpoint migration, one official verification, and two minutes wall-clock.	0	0
attempt-0173	position-union-0173	micro-0001	9c83ee3e44b6f9f2d2bdf292393614b66411fabb	9793099ba16ce8d3ff25a59a9e38c4287442bf8f	2026-08-16T10:57:12.826667+00:00	parameter tying	99.080000%	1988	keep	Union closest position groups 231 and 13	Family: parameter tying. Current retained frontier is 1,989 parameters at 99.080000%, a +0.080000 percentage-point margin over 99%. There have been 115 prior attempts in this family. The most recent accepted result is attempt-0172 (keep, 1989 parameters, 99.080000%); the most recent failed result is attempt-0075 (discard, no parameter count parameters, no score). Hypothesis: the one-parameter, parameterization-preserving union of current positional groups represented by coordinates 231 and 13, with values 0.0174557809 and 0.0175184477 (difference 6.267e-05), preserves qualification using a multiplicity-weighted mean and yields 1,988 parameters. Candidate ordering is ascending current absolute group-value difference with previously nonqualifying exact pairs excluded. This is more informative than the nearest untested alternative (difference 6.277e-05) because it is the eligible minimum-distortion merge. The official runner alone accepts or rolls back. Stop after exactly one micro-trial or immediately on error. Compute budget: one checkpoint migration, one official verification, and two minutes wall-clock.	0	0
attempt-0174	position-union-0174	micro-0001	8c7160ef183364f65f5d8691d8ac2f95a2cd8c86	9c83ee3e44b6f9f2d2bdf292393614b66411fabb	2026-08-16T10:58:14.850971+00:00	parameter tying	99.080000%	1987	keep	Union closest position groups 90 and 141	Family: parameter tying. Current retained frontier is 1,988 parameters at 99.080000%, a +0.080000 percentage-point margin over 99%. There have been 116 prior attempts in this family. The most recent accepted result is attempt-0173 (keep, 1988 parameters, 99.080000%); the most recent failed result is attempt-0075 (discard, no parameter count parameters, no score). Hypothesis: the one-parameter, parameterization-preserving union of current positional groups represented by coordinates 90 and 141, with values -0.0046477029 and -0.0045849304 (difference 6.277e-05), preserves qualification using a multiplicity-weighted mean and yields 1,987 parameters. Candidate ordering is ascending current absolute group-value difference with previously nonqualifying exact pairs excluded. This is more informative than the nearest untested alternative (difference 6.388e-05) because it is the eligible minimum-distortion merge. The official runner alone accepts or rolls back. Stop after exactly one micro-trial or immediately on error. Compute budget: one checkpoint migration, one official verification, and two minutes wall-clock.	0	0
attempt-0175	position-union-0175	micro-0001	9582cf0a642acdadad50d54b149f9d4a2b7f9a0c	8c7160ef183364f65f5d8691d8ac2f95a2cd8c86	2026-08-16T10:59:17.108429+00:00	parameter tying	99.080000%	1986	keep	Union closest position groups 449 and 54	Family: parameter tying. Current retained frontier is 1,987 parameters at 99.080000%, a +0.080000 percentage-point margin over 99%. There have been 117 prior attempts in this family. The most recent accepted result is attempt-0174 (keep, 1987 parameters, 99.080000%); the most recent failed result is attempt-0075 (discard, no parameter count parameters, no score). Hypothesis: the one-parameter, parameterization-preserving union of current positional groups represented by coordinates 449 and 54, with values 0.0159679521 and 0.0160318278 (difference 6.388e-05), preserves qualification using a multiplicity-weighted mean and yields 1,986 parameters. Candidate ordering is ascending current absolute group-value difference with previously nonqualifying exact pairs excluded. This is more informative than the nearest untested alternative (difference 6.397e-05) because it is the eligible minimum-distortion merge. The official runner alone accepts or rolls back. Stop after exactly one micro-trial or immediately on error. Compute budget: one checkpoint migration, one official verification, and two minutes wall-clock.	0	0
attempt-0176	position-union-0176	micro-0001	aaba53799d33788427c65969f19c74c1850e558d	9582cf0a642acdadad50d54b149f9d4a2b7f9a0c	2026-08-16T11:00:18.935628+00:00	parameter tying	99.080000%	1985	keep	Union closest position groups 40 and 485	Family: parameter tying. Current retained frontier is 1,986 parameters at 99.080000%, a +0.080000 percentage-point margin over 99%. There have been 118 prior attempts in this family. The most recent accepted result is attempt-0175 (keep, 1986 parameters, 99.080000%); the most recent failed result is attempt-0075 (discard, no parameter count parameters, no score). Hypothesis: the one-parameter, parameterization-preserving union of current positional groups represented by coordinates 40 and 485, with values -0.0142924758 and -0.0142285088 (difference 6.397e-05), preserves qualification using a multiplicity-weighted mean and yields 1,985 parameters. Candidate ordering is ascending current absolute group-value difference with previously nonqualifying exact pairs excluded. This is more informative than the nearest untested alternative (difference 6.556e-05) because it is the eligible minimum-distortion merge. The official runner alone accepts or rolls back. Stop after exactly one micro-trial or immediately on error. Compute budget: one checkpoint migration, one official verification, and two minutes wall-clock.	0	0
attempt-0177	position-union-0177	micro-0001	d3e482110f0461b35d249cd6b2fb23392628451c	aaba53799d33788427c65969f19c74c1850e558d	2026-08-16T11:01:21.021680+00:00	parameter tying	99.080000%	1984	keep	Union closest position groups 154 and 61	Family: parameter tying. Current retained frontier is 1,985 parameters at 99.080000%, a +0.080000 percentage-point margin over 99%. There have been 119 prior attempts in this family. The most recent accepted result is attempt-0176 (keep, 1985 parameters, 99.080000%); the most recent failed result is attempt-0075 (discard, no parameter count parameters, no score). Hypothesis: the one-parameter, parameterization-preserving union of current positional groups represented by coordinates 154 and 61, with values 0.0038560850 and 0.0039216476 (difference 6.556e-05), preserves qualification using a multiplicity-weighted mean and yields 1,984 parameters. Candidate ordering is ascending current absolute group-value difference with previously nonqualifying exact pairs excluded. This is more informative than the nearest untested alternative (difference 6.673e-05) because it is the eligible minimum-distortion merge. The official runner alone accepts or rolls back. Stop after exactly one micro-trial or immediately on error. Compute budget: one checkpoint migration, one official verification, and two minutes wall-clock.	0	0
attempt-0178	position-union-0178	micro-0001	2cd4f808135dc2eeece9b94ea2943a9090cf19b6	d3e482110f0461b35d249cd6b2fb23392628451c	2026-08-16T11:02:22.955525+00:00	parameter tying	99.080000%	1983	keep	Union closest position groups 83 and 67	Family: parameter tying. Current retained frontier is 1,984 parameters at 99.080000%, a +0.080000 percentage-point margin over 99%. There have been 120 prior attempts in this family. The most recent accepted result is attempt-0177 (keep, 1984 parameters, 99.080000%); the most recent failed result is attempt-0075 (discard, no parameter count parameters, no score). Hypothesis: the one-parameter, parameterization-preserving union of current positional groups represented by coordinates 83 and 67, with values -0.0120153734 and -0.0119486405 (difference 6.673e-05), preserves qualification using a multiplicity-weighted mean and yields 1,983 parameters. Candidate ordering is ascending current absolute group-value difference with previously nonqualifying exact pairs excluded. This is more informative than the nearest untested alternative (difference 6.754e-05) because it is the eligible minimum-distortion merge. The official runner alone accepts or rolls back. Stop after exactly one micro-trial or immediately on error. Compute budget: one checkpoint migration, one official verification, and two minutes wall-clock.	0	0
attempt-0179	position-union-0179	micro-0001	b901fa200982c5dbccd78904312c65a0370bfd35	2cd4f808135dc2eeece9b94ea2943a9090cf19b6	2026-08-16T11:03:24.800776+00:00	parameter tying	99.080000%	1982	keep	Union closest position groups 57 and 456	Family: parameter tying. Current retained frontier is 1,983 parameters at 99.080000%, a +0.080000 percentage-point margin over 99%. There have been 121 prior attempts in this family. The most recent accepted result is attempt-0178 (keep, 1983 parameters, 99.080000%); the most recent failed result is attempt-0075 (discard, no parameter count parameters, no score). Hypothesis: the one-parameter, parameterization-preserving union of current positional groups represented by coordinates 57 and 456, with values -0.0206515454 and -0.0205840040 (difference 6.754e-05), preserves qualification using a multiplicity-weighted mean and yields 1,982 parameters. Candidate ordering is ascending current absolute group-value difference with previously nonqualifying exact pairs excluded. This is more informative than the nearest untested alternative (difference 6.838e-05) because it is the eligible minimum-distortion merge. The official runner alone accepts or rolls back. Stop after exactly one micro-trial or immediately on error. Compute budget: one checkpoint migration, one official verification, and two minutes wall-clock.	0	0
attempt-0180	position-union-0180	micro-0001	48fc3ca7f2315b3f0202f29ba09bdc10d45a2918	b901fa200982c5dbccd78904312c65a0370bfd35	2026-08-16T11:04:27.055269+00:00	parameter tying	99.080000%	1981	keep	Union closest position groups 120 and 157	Family: parameter tying. Current retained frontier is 1,982 parameters at 99.080000%, a +0.080000 percentage-point margin over 99%. There have been 122 prior attempts in this family. The most recent accepted result is attempt-0179 (keep, 1982 parameters, 99.080000%); the most recent failed result is attempt-0075 (discard, no parameter count parameters, no score). Hypothesis: the one-parameter, parameterization-preserving union of current positional groups represented by coordinates 120 and 157, with values -0.0020501311 and -0.0019817520 (difference 6.838e-05), preserves qualification using a multiplicity-weighted mean and yields 1,981 parameters. Candidate ordering is ascending current absolute group-value difference with previously nonqualifying exact pairs excluded. This is more informative than the nearest untested alternative (difference 6.874e-05) because it is the eligible minimum-distortion merge. The official runner alone accepts or rolls back. Stop after exactly one micro-trial or immediately on error. Compute budget: one checkpoint migration, one official verification, and two minutes wall-clock.	0	0
attempt-0181	position-union-0181	micro-0001	00094057550b2c645612763dfbb6250cebf6383c	48fc3ca7f2315b3f0202f29ba09bdc10d45a2918	2026-08-16T11:05:28.438953+00:00	parameter tying	99.080000%	1980	keep	Union closest position groups 215 and 202	Family: parameter tying. Current retained frontier is 1,981 parameters at 99.080000%, a +0.080000 percentage-point margin over 99%. There have been 123 prior attempts in this family. The most recent accepted result is attempt-0180 (keep, 1981 parameters, 99.080000%); the most recent failed result is attempt-0075 (discard, no parameter count parameters, no score). Hypothesis: the one-parameter, parameterization-preserving union of current positional groups represented by coordinates 215 and 202, with values 0.0224345662 and 0.0225033090 (difference 6.874e-05), preserves qualification using a multiplicity-weighted mean and yields 1,980 parameters. Candidate ordering is ascending current absolute group-value difference with previously nonqualifying exact pairs excluded. This is more informative than the nearest untested alternative (difference 6.962e-05) because it is the eligible minimum-distortion merge. The official runner alone accepts or rolls back. Stop after exactly one micro-trial or immediately on error. Compute budget: one checkpoint migration, one official verification, and two minutes wall-clock.	0	0
attempt-0182	position-union-0182	micro-0001	21c05a66bb5e87c89dc3023b171cdba78f9ae48c	00094057550b2c645612763dfbb6250cebf6383c	2026-08-16T11:06:30.208931+00:00	parameter tying	99.080000%	1979	keep	Union closest position groups 440 and 328	Family: parameter tying. Current retained frontier is 1,980 parameters at 99.080000%, a +0.080000 percentage-point margin over 99%. There have been 124 prior attempts in this family. The most recent accepted result is attempt-0181 (keep, 1980 parameters, 99.080000%); the most recent failed result is attempt-0075 (discard, no parameter count parameters, no score). Hypothesis: the one-parameter, parameterization-preserving union of current positional groups represented by coordinates 440 and 328, with values -0.0100251315 and -0.0099555161 (difference 6.962e-05), preserves qualification using a multiplicity-weighted mean and yields 1,979 parameters. Candidate ordering is ascending current absolute group-value difference with previously nonqualifying exact pairs excluded. This is more informative than the nearest untested alternative (difference 7.088e-05) because it is the eligible minimum-distortion merge. The official runner alone accepts or rolls back. Stop after exactly one micro-trial or immediately on error. Compute budget: one checkpoint migration, one official verification, and two minutes wall-clock.	0	0
attempt-0183	position-union-0183	micro-0001	fbc9c31a42a833f972462efca2d183efd08c19ab	21c05a66bb5e87c89dc3023b171cdba78f9ae48c	2026-08-16T11:07:32.488751+00:00	parameter tying	99.070000%	1978	keep	Union closest position groups 16 and 491	Family: parameter tying. Current retained frontier is 1,979 parameters at 99.080000%, a +0.080000 percentage-point margin over 99%. There have been 125 prior attempts in this family. The most recent accepted result is attempt-0182 (keep, 1979 parameters, 99.080000%); the most recent failed result is attempt-0075 (discard, no parameter count parameters, no score). Hypothesis: the one-parameter, parameterization-preserving union of current positional groups represented by coordinates 16 and 491, with values 0.0330912992 and 0.0331621766 (difference 7.088e-05), preserves qualification using a multiplicity-weighted mean and yields 1,978 parameters. Candidate ordering is ascending current absolute group-value difference with previously nonqualifying exact pairs excluded. This is more informative than the nearest untested alternative (difference 7.179e-05) because it is the eligible minimum-distortion merge. The official runner alone accepts or rolls back. Stop after exactly one micro-trial or immediately on error. Compute budget: one checkpoint migration, one official verification, and two minutes wall-clock.	0	0
attempt-0184	position-union-0184	micro-0001	131c8584b854897d2b633f87e7dd5550f404c9b1	fbc9c31a42a833f972462efca2d183efd08c19ab	2026-08-16T11:08:34.707276+00:00	parameter tying	99.070000%	1977	keep	Union closest position groups 25 and 105	Family: parameter tying. Current retained frontier is 1,978 parameters at 99.070000%, a +0.070000 percentage-point margin over 99%. There have been 126 prior attempts in this family. The most recent accepted result is attempt-0183 (keep, 1978 parameters, 99.070000%); the most recent failed result is attempt-0075 (discard, no parameter count parameters, no score). Hypothesis: the one-parameter, parameterization-preserving union of current positional groups represented by coordinates 25 and 105, with values -0.0134382220 and -0.0133664366 (difference 7.179e-05), preserves qualification using a multiplicity-weighted mean and yields 1,977 parameters. Candidate ordering is ascending current absolute group-value difference with previously nonqualifying exact pairs excluded. This is more informative than the nearest untested alternative (difference 7.403e-05) because it is the eligible minimum-distortion merge. The official runner alone accepts or rolls back. Stop after exactly one micro-trial or immediately on error. Compute budget: one checkpoint migration, one official verification, and two minutes wall-clock.	0	0
attempt-0185	position-union-0185	micro-0001	b22a5f6606717ac001d6d3923899849b82f0465c	131c8584b854897d2b633f87e7dd5550f404c9b1	2026-08-16T11:09:37.209572+00:00	parameter tying	99.070000%	1976	keep	Union closest position groups 394 and 41	Family: parameter tying. Current retained frontier is 1,977 parameters at 99.070000%, a +0.070000 percentage-point margin over 99%. There have been 127 prior attempts in this family. The most recent accepted result is attempt-0184 (keep, 1977 parameters, 99.070000%); the most recent failed result is attempt-0075 (discard, no parameter count parameters, no score). Hypothesis: the one-parameter, parameterization-preserving union of current positional groups represented by coordinates 394 and 41, with values 0.0004470043 and 0.0005210381 (difference 7.403e-05), preserves qualification using a multiplicity-weighted mean and yields 1,976 parameters. Candidate ordering is ascending current absolute group-value difference with previously nonqualifying exact pairs excluded. This is more informative than the nearest untested alternative (difference 7.534e-05) because it is the eligible minimum-distortion merge. The official runner alone accepts or rolls back. Stop after exactly one micro-trial or immediately on error. Compute budget: one checkpoint migration, one official verification, and two minutes wall-clock.	0	0
attempt-0186	position-union-0186	micro-0001	217e46da0056fd692e5f3beffa41c44030fd3a52	b22a5f6606717ac001d6d3923899849b82f0465c	2026-08-16T11:10:39.222925+00:00	parameter tying	99.060000%	1975	keep	Union closest position groups 377 and 66	Family: parameter tying. Current retained frontier is 1,976 parameters at 99.070000%, a +0.070000 percentage-point margin over 99%. There have been 128 prior attempts in this family. The most recent accepted result is attempt-0185 (keep, 1976 parameters, 99.070000%); the most recent failed result is attempt-0075 (discard, no parameter count parameters, no score). Hypothesis: the one-parameter, parameterization-preserving union of current positional groups represented by coordinates 377 and 66, with values -0.0118612573 and -0.0117859123 (difference 7.534e-05), preserves qualification using a multiplicity-weighted mean and yields 1,975 parameters. Candidate ordering is ascending current absolute group-value difference with previously nonqualifying exact pairs excluded. This is more informative than the nearest untested alternative (difference 7.754e-05) because it is the eligible minimum-distortion merge. The official runner alone accepts or rolls back. Stop after exactly one micro-trial or immediately on error. Compute budget: one checkpoint migration, one official verification, and two minutes wall-clock.	0	0
attempt-0187	position-union-0187	micro-0001	a2900ffd99b337179b4bafb08a5c23ed9dad8d59	217e46da0056fd692e5f3beffa41c44030fd3a52	2026-08-16T11:11:57.361197+00:00	parameter tying	99.070000%	1974	keep	Union closest position groups 60 and 6	Family: parameter tying. Current retained frontier is 1,975 parameters at 99.060000%, a +0.060000 percentage-point margin over 99%. There have been 129 prior attempts in this family. The most recent accepted result is attempt-0186 (keep, 1975 parameters, 99.060000%); the most recent failed result is attempt-0075 (discard, no parameter count parameters, no score). Hypothesis: the one-parameter, parameterization-preserving union of current positional groups represented by coordinates 60 and 6, with values 0.0080489628 and 0.0081265001 (difference 7.754e-05), preserves qualification using a multiplicity-weighted mean and yields 1,974 parameters. Candidate ordering is ascending current absolute group-value difference with previously nonqualifying exact pairs excluded. This is more informative than the nearest untested alternative (difference 7.780e-05) because it is the eligible minimum-distortion merge. The official runner alone accepts or rolls back. Stop after exactly one micro-trial or immediately on error. Compute budget: one checkpoint migration, one official verification, and two minutes wall-clock.	0	0
attempt-0188	position-union-0188	micro-0001	998d65a7ac920e798a6c962082e7363ea80038a2	a2900ffd99b337179b4bafb08a5c23ed9dad8d59	2026-08-16T11:12:58.953326+00:00	parameter tying	99.070000%	1973	keep	Union closest position groups 170 and 392	Family: parameter tying. Current retained frontier is 1,974 parameters at 99.070000%, a +0.070000 percentage-point margin over 99%. There have been 130 prior attempts in this family. The most recent accepted result is attempt-0187 (keep, 1974 parameters, 99.070000%); the most recent failed result is attempt-0075 (discard, no parameter count parameters, no score). Hypothesis: the one-parameter, parameterization-preserving union of current positional groups represented by coordinates 170 and 392, with values 0.0089218495 and 0.0089996448 (difference 7.780e-05), preserves qualification using a multiplicity-weighted mean and yields 1,973 parameters. Candidate ordering is ascending current absolute group-value difference with previously nonqualifying exact pairs excluded. This is more informative than the nearest untested alternative (difference 7.853e-05) because it is the eligible minimum-distortion merge. The official runner alone accepts or rolls back. Stop after exactly one micro-trial or immediately on error. Compute budget: one checkpoint migration, one official verification, and two minutes wall-clock.	0	0
attempt-0189	position-union-0189	micro-0001	523acc8446ab69d2967c6ea40c4990c854a5aa8b	998d65a7ac920e798a6c962082e7363ea80038a2	2026-08-16T11:14:00.958747+00:00	parameter tying	99.050000%	1972	keep	Union closest position groups 344 and 136	Family: parameter tying. Current retained frontier is 1,973 parameters at 99.070000%, a +0.070000 percentage-point margin over 99%. There have been 131 prior attempts in this family. The most recent accepted result is attempt-0188 (keep, 1973 parameters, 99.070000%); the most recent failed result is attempt-0075 (discard, no parameter count parameters, no score). Hypothesis: the one-parameter, parameterization-preserving union of current positional groups represented by coordinates 344 and 136, with values 0.0092173573 and 0.0092958901 (difference 7.853e-05), preserves qualification using a multiplicity-weighted mean and yields 1,972 parameters. Candidate ordering is ascending current absolute group-value difference with previously nonqualifying exact pairs excluded. This is more informative than the nearest untested alternative (difference 7.878e-05) because it is the eligible minimum-distortion merge. The official runner alone accepts or rolls back. Stop after exactly one micro-trial or immediately on error. Compute budget: one checkpoint migration, one official verification, and two minutes wall-clock.	0	0
attempt-0190	position-union-0190	micro-0001	c5da774172ae1ce6809d779480c41cda2801f7f6	523acc8446ab69d2967c6ea40c4990c854a5aa8b	2026-08-16T11:15:02.318071+00:00	parameter tying	99.060000%	1971	keep	Union closest position groups 445 and 455	Family: parameter tying. Current retained frontier is 1,972 parameters at 99.050000%, a +0.050000 percentage-point margin over 99%. There have been 132 prior attempts in this family. The most recent accepted result is attempt-0189 (keep, 1972 parameters, 99.050000%); the most recent failed result is attempt-0075 (discard, no parameter count parameters, no score). Hypothesis: the one-parameter, parameterization-preserving union of current positional groups represented by coordinates 445 and 455, with values 0.0314358808 and 0.0315146595 (difference 7.878e-05), preserves qualification using a multiplicity-weighted mean and yields 1,971 parameters. Candidate ordering is ascending current absolute group-value difference with previously nonqualifying exact pairs excluded. This is more informative than the nearest untested alternative (difference 8.052e-05) because it is the eligible minimum-distortion merge. The official runner alone accepts or rolls back. Stop after exactly one micro-trial or immediately on error. Compute budget: one checkpoint migration, one official verification, and two minutes wall-clock.	0	0
attempt-0191	position-union-0191	micro-0001	78b6d5306e64a1f8abe6a5780d457bf7a26a1961	c5da774172ae1ce6809d779480c41cda2801f7f6	2026-08-16T11:16:04.247770+00:00	parameter tying	99.060000%	1970	keep	Union closest position groups 77 and 362	Family: parameter tying. Current retained frontier is 1,971 parameters at 99.060000%, a +0.060000 percentage-point margin over 99%. There have been 133 prior attempts in this family. The most recent accepted result is attempt-0190 (keep, 1971 parameters, 99.060000%); the most recent failed result is attempt-0075 (discard, no parameter count parameters, no score). Hypothesis: the one-parameter, parameterization-preserving union of current positional groups represented by coordinates 77 and 362, with values 0.0007877152 and 0.0008682332 (difference 8.052e-05), preserves qualification using a multiplicity-weighted mean and yields 1,970 parameters. Candidate ordering is ascending current absolute group-value difference with previously nonqualifying exact pairs excluded. This is more informative than the nearest untested alternative (difference 8.069e-05) because it is the eligible minimum-distortion merge. The official runner alone accepts or rolls back. Stop after exactly one micro-trial or immediately on error. Compute budget: one checkpoint migration, one official verification, and two minutes wall-clock.	0	0
attempt-0192	position-union-0192	micro-0001	6b1539b4afc6a898ae0a3011e9beaac991da0bda	78b6d5306e64a1f8abe6a5780d457bf7a26a1961	2026-08-16T11:17:06.217902+00:00	parameter tying	99.060000%	1969	keep	Union closest position groups 156 and 343	Family: parameter tying. Current retained frontier is 1,970 parameters at 99.060000%, a +0.060000 percentage-point margin over 99%. There have been 134 prior attempts in this family. The most recent accepted result is attempt-0191 (keep, 1970 parameters, 99.060000%); the most recent failed result is attempt-0075 (discard, no parameter count parameters, no score). Hypothesis: the one-parameter, parameterization-preserving union of current positional groups represented by coordinates 156 and 343, with values -0.0508982651 and -0.0508175753 (difference 8.069e-05), preserves qualification using a multiplicity-weighted mean and yields 1,969 parameters. Candidate ordering is ascending current absolute group-value difference with previously nonqualifying exact pairs excluded. This is more informative than the nearest untested alternative (difference 8.201e-05) because it is the eligible minimum-distortion merge. The official runner alone accepts or rolls back. Stop after exactly one micro-trial or immediately on error. Compute budget: one checkpoint migration, one official verification, and two minutes wall-clock.	0	0
attempt-0193	position-union-0193	micro-0001	535be2180f3ea1fe331df0efa55bbf02c728ed06	6b1539b4afc6a898ae0a3011e9beaac991da0bda	2026-08-16T11:18:08.203264+00:00	parameter tying	99.060000%	1968	keep	Union closest position groups 315 and 331	Family: parameter tying. Current retained frontier is 1,969 parameters at 99.060000%, a +0.060000 percentage-point margin over 99%. There have been 135 prior attempts in this family. The most recent accepted result is attempt-0192 (keep, 1969 parameters, 99.060000%); the most recent failed result is attempt-0075 (discard, no parameter count parameters, no score). Hypothesis: the one-parameter, parameterization-preserving union of current positional groups represented by coordinates 315 and 331, with values 0.0121872602 and 0.0122692743 (difference 8.201e-05), preserves qualification using a multiplicity-weighted mean and yields 1,968 parameters. Candidate ordering is ascending current absolute group-value difference with previously nonqualifying exact pairs excluded. This is more informative than the nearest untested alternative (difference 8.215e-05) because it is the eligible minimum-distortion merge. The official runner alone accepts or rolls back. Stop after exactly one micro-trial or immediately on error. Compute budget: one checkpoint migration, one official verification, and two minutes wall-clock.	0	0
attempt-0194	position-union-0194	micro-0001	a2f9f5d0563733f41139fa64639acfe7e2cd8d98	535be2180f3ea1fe331df0efa55bbf02c728ed06	2026-08-16T11:19:10.537379+00:00	parameter tying	99.060000%	1967	keep	Union closest position groups 9 and 95	Family: parameter tying. Current retained frontier is 1,968 parameters at 99.060000%, a +0.060000 percentage-point margin over 99%. There have been 136 prior attempts in this family. The most recent accepted result is attempt-0193 (keep, 1968 parameters, 99.060000%); the most recent failed result is attempt-0075 (discard, no parameter count parameters, no score). Hypothesis: the one-parameter, parameterization-preserving union of current positional groups represented by coordinates 9 and 95, with values 0.0040072785 and 0.0040894244 (difference 8.215e-05), preserves qualification using a multiplicity-weighted mean and yields 1,967 parameters. Candidate ordering is ascending current absolute group-value difference with previously nonqualifying exact pairs excluded. This is more informative than the nearest untested alternative (difference 8.251e-05) because it is the eligible minimum-distortion merge. The official runner alone accepts or rolls back. Stop after exactly one micro-trial or immediately on error. Compute budget: one checkpoint migration, one official verification, and two minutes wall-clock.	0	0
attempt-0195	position-union-0195	micro-0001	66e27ec780941f6155b8ed471a97b51ec61e9c27	a2f9f5d0563733f41139fa64639acfe7e2cd8d98	2026-08-16T11:20:12.044552+00:00	parameter tying	99.060000%	1966	keep	Union closest position groups 151 and 410	Family: parameter tying. Current retained frontier is 1,967 parameters at 99.060000%, a +0.060000 percentage-point margin over 99%. There have been 137 prior attempts in this family. The most recent accepted result is attempt-0194 (keep, 1967 parameters, 99.060000%); the most recent failed result is attempt-0075 (discard, no parameter count parameters, no score). Hypothesis: the one-parameter, parameterization-preserving union of current positional groups represented by coordinates 151 and 410, with values -0.0078653758 and -0.0077828704 (difference 8.251e-05), preserves qualification using a multiplicity-weighted mean and yields 1,966 parameters. Candidate ordering is ascending current absolute group-value difference with previously nonqualifying exact pairs excluded. This is more informative than the nearest untested alternative (difference 8.252e-05) because it is the eligible minimum-distortion merge. The official runner alone accepts or rolls back. Stop after exactly one micro-trial or immediately on error. Compute budget: one checkpoint migration, one official verification, and two minutes wall-clock.	0	0
attempt-0196	position-union-0196	micro-0001	c830b4a55ef5adcee8c4000cce51f1e2c6cfb8da	66e27ec780941f6155b8ed471a97b51ec61e9c27	2026-08-16T11:21:13.783043+00:00	parameter tying	99.060000%	1965	keep	Union closest position groups 487 and 334	Family: parameter tying. Current retained frontier is 1,966 parameters at 99.060000%, a +0.060000 percentage-point margin over 99%. There have been 138 prior attempts in this family. The most recent accepted result is attempt-0195 (keep, 1966 parameters, 99.060000%); the most recent failed result is attempt-0075 (discard, no parameter count parameters, no score). Hypothesis: the one-parameter, parameterization-preserving union of current positional groups represented by coordinates 487 and 334, with values 0.0251469370 and 0.0252294540 (difference 8.252e-05), preserves qualification using a multiplicity-weighted mean and yields 1,965 parameters. Candidate ordering is ascending current absolute group-value difference with previously nonqualifying exact pairs excluded. This is more informative than the nearest untested alternative (difference 8.270e-05) because it is the eligible minimum-distortion merge. The official runner alone accepts or rolls back. Stop after exactly one micro-trial or immediately on error. Compute budget: one checkpoint migration, one official verification, and two minutes wall-clock.	0	0
attempt-0197	position-union-0197	micro-0001	e418d338291d68c00029e0606f29fa5af6cbb8c3	c830b4a55ef5adcee8c4000cce51f1e2c6cfb8da	2026-08-16T11:22:15.689164+00:00	parameter tying	99.050000%	1964	keep	Union closest position groups 222 and 50	Family: parameter tying. Current retained frontier is 1,965 parameters at 99.060000%, a +0.060000 percentage-point margin over 99%. There have been 139 prior attempts in this family. The most recent accepted result is attempt-0196 (keep, 1965 parameters, 99.060000%); the most recent failed result is attempt-0075 (discard, no parameter count parameters, no score). Hypothesis: the one-parameter, parameterization-preserving union of current positional groups represented by coordinates 222 and 50, with values -0.0138137192 and -0.0137310233 (difference 8.270e-05), preserves qualification using a multiplicity-weighted mean and yields 1,964 parameters. Candidate ordering is ascending current absolute group-value difference with previously nonqualifying exact pairs excluded. This is more informative than the nearest untested alternative (difference 8.364e-05) because it is the eligible minimum-distortion merge. The official runner alone accepts or rolls back. Stop after exactly one micro-trial or immediately on error. Compute budget: one checkpoint migration, one official verification, and two minutes wall-clock.	0	0
attempt-0198	position-union-0198	micro-0001	6c1e958ecf3c74ac17980db268b0051a398ebba6	e418d338291d68c00029e0606f29fa5af6cbb8c3	2026-08-16T11:23:17.961694+00:00	parameter tying	99.060000%	1963	keep	Union closest position groups 96 and 297	Family: parameter tying. Current retained frontier is 1,964 parameters at 99.050000%, a +0.050000 percentage-point margin over 99%. There have been 140 prior attempts in this family. The most recent accepted result is attempt-0197 (keep, 1964 parameters, 99.050000%); the most recent failed result is attempt-0075 (discard, no parameter count parameters, no score). Hypothesis: the one-parameter, parameterization-preserving union of current positional groups represented by coordinates 96 and 297, with values 0.0102503309 and 0.0103339693 (difference 8.364e-05), preserves qualification using a multiplicity-weighted mean and yields 1,963 parameters. Candidate ordering is ascending current absolute group-value difference with previously nonqualifying exact pairs excluded. This is more informative than the nearest untested alternative (difference 8.457e-05) because it is the eligible minimum-distortion merge. The official runner alone accepts or rolls back. Stop after exactly one micro-trial or immediately on error. Compute budget: one checkpoint migration, one official verification, and two minutes wall-clock.	0	0
attempt-0199	position-union-0199	micro-0001	fc6c29ac32e039056be4705dab868c0ea984152d	6c1e958ecf3c74ac17980db268b0051a398ebba6	2026-08-16T11:24:19.838010+00:00	parameter tying	99.040000%	1962	keep	Union closest position groups 483 and 214	Family: parameter tying. Current retained frontier is 1,963 parameters at 99.060000%, a +0.060000 percentage-point margin over 99%. There have been 141 prior attempts in this family. The most recent accepted result is attempt-0198 (keep, 1963 parameters, 99.060000%); the most recent failed result is attempt-0075 (discard, no parameter count parameters, no score). Hypothesis: the one-parameter, parameterization-preserving union of current positional groups represented by coordinates 483 and 214, with values 0.0142071303 and 0.0142917000 (difference 8.457e-05), preserves qualification using a multiplicity-weighted mean and yields 1,962 parameters. Candidate ordering is ascending current absolute group-value difference with previously nonqualifying exact pairs excluded. This is more informative than the nearest untested alternative (difference 8.475e-05) because it is the eligible minimum-distortion merge. The official runner alone accepts or rolls back. Stop after exactly one micro-trial or immediately on error. Compute budget: one checkpoint migration, one official verification, and two minutes wall-clock.	0	0
attempt-0200	position-union-0200	micro-0001	9b2e83239b8df7583a2a920e7bc835464da6ab4f	fc6c29ac32e039056be4705dab868c0ea984152d	2026-08-16T11:25:20.598363+00:00	parameter tying	99.050000%	1961	keep	Union closest position groups 283 and 373	Family: parameter tying. Current retained frontier is 1,962 parameters at 99.040000%, a +0.040000 percentage-point margin over 99%. There have been 142 prior attempts in this family. The most recent accepted result is attempt-0199 (keep, 1962 parameters, 99.040000%); the most recent failed result is attempt-0075 (discard, no parameter count parameters, no score). Hypothesis: the one-parameter, parameterization-preserving union of current positional groups represented by coordinates 283 and 373, with values 0.0623870976 and 0.0624718517 (difference 8.475e-05), preserves qualification using a multiplicity-weighted mean and yields 1,961 parameters. Candidate ordering is ascending current absolute group-value difference with previously nonqualifying exact pairs excluded. This is more informative than the nearest untested alternative (difference 8.561e-05) because it is the eligible minimum-distortion merge. The official runner alone accepts or rolls back. Stop after exactly one micro-trial or immediately on error. Compute budget: one checkpoint migration, one official verification, and two minutes wall-clock.	0	0
