attempt_id	commit	parent_commit	timestamp_utc	accuracy	parameters	status	description	proposal	train_exit	verify_exit
baseline	0ff01258f419ac9ba45186a0e4dac6f558810fbb		2026-08-16T02:20:47.607540+00:00	100.000000%	6080	keep	initial 6080-parameter pretrained starting model	baseline qualification check		0
attempt-0001	ff0794a701a77bb0aac8d842cd1cd702c8115fd1	0ff01258f419ac9ba45186a0e4dac6f558810fbb	2026-08-16T02:34:34.084872+00:00			error	Reduce both feed-forward hidden widths from 48 to 44	Family: feed-forward width. Current retained frontier is 6,080 parameters at 100.000000%, a +1.000000 percentage-point margin over 99%. There are 0 prior attempts in this family; consequently there is no most recent accepted result and no most recent failed result in-family. Hypothesis: the conventional two-layer GELU feed-forward sublayers are over-width, so reducing ff_dim 48->44 is parameterization-preserving compression that should remove 256 parameters while retaining qualification. This is more informative than the nearest untested ff_dim=46 because the larger step gives a clearer initial capacity signal while remaining only an 8.3% FF-width reduction. A pre-attempt infrastructure failure caused by sandboxed Git index access was repaired before any training, score, result row, or budget consumption.	0	
attempt-0002	e02f8b8d22ef03b7cb5b30830606996ecf675be4	0ff01258f419ac9ba45186a0e4dac6f558810fbb	2026-08-16T02:47:37.147270+00:00	99.900000%	5824	keep	Retrain ff_dim 44 with 45000-step cosine horizon and 99.9% checkpoint early stop	Family: training control. Current retained frontier is 6,080 parameters at 100.000000%, a +1.000000 percentage-point margin over 99%. There are 0 prior attempts in this family, so no most recent accepted or failed in-family result exists. Attempt-0001 in feed-forward width was an optimization failure: the valid 5,824-parameter ff_dim=44 candidate trained for 30,000 steps, reached 98.85% internal validation, produced no checkpoint, and received no official score. Hypothesis: capacity is plausible but the original cosine schedule annealed before crossing the checkpoint threshold; extending its horizon to 45,000 steps and stopping after an existing internal test checkpoint reaches 99.9% repairs the same intended candidate without altering its parameterization. This is more informative than the nearest untested ff_dim=46 retry because it distinguishes schedule limitation from width capacity at the already observed near-threshold architecture.	0	0
attempt-0003	9ab9cc034e122d4ef21f4d5aa8768e24d7ba85cb	e02f8b8d22ef03b7cb5b30830606996ecf675be4	2026-08-16T03:36:24.422914+00:00			error	Factor learned absolute positions through a four-dimensional code	Family: position representation. Current retained frontier is 5,824 parameters at 99.900000%, a +0.900000 percentage-point margin over 99%. There are 0 prior attempts in this family, so there is no most recent accepted or failed in-family result. Hypothesis: the 35 learned 16-dimensional absolute position vectors occupy a much lower-dimensional task-relevant subspace; replacing them with learned 4-dimensional position codes plus one shared bias-free projection is a representational change that removes 356 parameters while preserving adaptable absolute positions. This is more informative than the nearest untested fixed sinusoidal alternative because it directly tests positional rank while avoiding the confound of eliminating learned positional adaptation entirely. The preceding attempt-0002 accepted the current frontier under the repaired 45,000-step training control.	0	
attempt-0004	fbf9987bcce0305c82eca7bd97b20f755b26955e	e02f8b8d22ef03b7cb5b30830606996ecf675be4	2026-08-16T03:41:16.397148+00:00			error	Use an eight-dimensional learned positional subspace without a learned projection	Family: position representation. Current retained frontier is 5,824 parameters at 99.900000%, a +0.900000 percentage-point margin over 99%. There has been 1 prior attempt in this family. There is no accepted in-family result; the most recent failed result is attempt-0003, an optimization failure whose 4D learned-code/shared-projection representation plateaued at 11.45% internal validation with no checkpoint or official score. Hypothesis: the failure reflects either insufficient rank or the multiplicative bottleneck; an 8D learned position table embedded directly by zero-padding removes 280 parameters while doubling rank and eliminating the learned projection. This representational change is more informative than the nearest untested rank-6 factorization because it cleanly separates positional rank from projection optimization. Based on the prior accepted model's 96.90% validation versus attempt-0003's 4.95% at step 15,000, a fixed below-50% early-abort boundary limits compute on clearly stalled optimization without changing successful paths.	0	
attempt-0005	4b08a3409e29dddc4b1b3208912a374e2d1b0145	e02f8b8d22ef03b7cb5b30830606996ecf675be4	2026-08-16T03:46:05.987756+00:00	99.930000%	5792	keep	Interleave LSB-first operand digits and remove the unused plus token	Family: token representation. Current retained frontier is 5,824 parameters at 99.900000%, a +0.900000 percentage-point margin over 99%. There are 0 prior attempts in this family, so no most recent accepted or failed in-family result exists. Attempts-0003 and -0004 were position-representation optimization failures and motivate changing mechanism rather than further rank reduction. Hypothesis: arranging each least-significant-first operand column as adjacent token pairs gives attention a simpler column-local input geometry; removing the redundant plus separator/token coherently shortens the sequence by one and removes one tied vocabulary vector, yielding 5,792 parameters. This is a representational change, not pruning. It is more informative than the nearest untested alternative of merely reversing the two operand blocks because interleaving directly tests whether column adjacency improves the learned addition mechanism. A step-15,000 below-50% validation abort, calibrated from the accepted path versus the two stalled paths, bounds clearly failed optimization.	0	0
attempt-0006	23005957ac48942f60f6e39cbcf3fb7c4aacaab2	4b08a3409e29dddc4b1b3208912a374e2d1b0145	2026-08-16T03:52:01.968737+00:00	99.880000%	5024	keep	Reduce interleaved model feed-forward width from 44 to 32	Family: feed-forward width. Current retained frontier is 5,792 parameters at 99.930000%, a +0.930000 percentage-point margin over 99%. There has been 1 prior attempt in this family. There is no accepted result labeled in-family; the most recent failed result is attempt-0001, an optimization failure for ff_dim=44 under the original separated operand representation, which reached 98.85% internal validation without a checkpoint. Attempt-0005 subsequently changed token geometry and reached a 99.97% internal checkpoint by step 9,000. Hypothesis: adjacent interleaved digit columns reduce nonlinear routing demand enough to shrink both GELU hidden widths from 44 to 32, a parameterization-preserving compression removing 768 parameters. This is more informative than the nearest untested ff_dim=38 because the observed fourfold convergence acceleration supports a decisive width-slack probe; the retained step-15,000 abort bounds a stall.	0	0
attempt-0007	cae5ff02118e954a2f0f839538cc2f8f87668ca4	23005957ac48942f60f6e39cbcf3fb7c4aacaab2	2026-08-16T03:59:43.936390+00:00	99.980000%	4512	keep	Reduce interleaved model feed-forward width from 32 to 24	Family: feed-forward width. Current retained frontier is 5,024 parameters at 99.880000%, a +0.880000 percentage-point margin over 99%. There have been 2 prior attempts in this family. The most recent accepted in-family result is attempt-0006, ff_dim=32 at 5,024 parameters and 99.88% official accuracy; the most recent failed result is attempt-0001, an optimization failure for ff_dim=44 under the superseded separated-token representation with no official score. Hypothesis: the interleaved geometry retains further nonlinear-width slack, so reducing ff_dim 32->24 is parameterization-preserving compression that removes 512 parameters while leaving attention and representation unchanged. This is more informative than the nearest untested ff_dim=28 because a 25% cut establishes a clearer lower-capacity boundary after width 32 still achieved a 99.93% internal checkpoint at step 15,000.	0	0
attempt-0008	fad4c4f10ecd274c5c13b006249551ad5cfb5826	cae5ff02118e954a2f0f839538cc2f8f87668ca4	2026-08-16T04:07:43.652382+00:00	99.920000%	4000	keep	Reduce interleaved model feed-forward width from 24 to 16	Family: feed-forward width. Current retained frontier is 4,512 parameters at 99.980000%, a +0.980000 percentage-point margin over 99%. There have been 3 prior attempts in this family. The most recent accepted result is attempt-0007, ff_dim=24 at 4,512 parameters and 99.98% official accuracy; the most recent failed result is attempt-0001, an optimization failure under the superseded separated-token representation with no official score. Hypothesis: the interleaved model may not require an expanding FF hidden state; reducing ff_dim 24->16 is parameterization-preserving compression that removes 512 parameters and tests a square d_model-to-FF mapping. This is more informative than the nearest untested ff_dim=20 because width 24 retained a 0.98-point official margin and a decisive step exposes whether expansion itself is necessary before changing attention organization.	0	0
attempt-0009	48f1bd089a2da52dff44847b9269a102cb055a26	fad4c4f10ecd274c5c13b006249551ad5cfb5826	2026-08-16T04:21:31.726779+00:00	99.630000%	3488	keep	Reduce interleaved model feed-forward width from 16 to 8	Family: feed-forward width. Current retained frontier is 4,000 parameters at 99.920000%, a +0.920000 percentage-point margin over 99%. There have been 4 prior attempts in this family. The most recent accepted result is attempt-0008, ff_dim=16 at 4,000 parameters and 99.92% official accuracy; the most recent failed result remains attempt-0001, an optimization failure under the superseded separated-token representation with no official score. Hypothesis: interleaved column alignment may permit an 8D nonlinear bottleneck in each block; reducing ff_dim 16->8 is parameterization-preserving compression removing 512 parameters. This is more informative than the nearest untested ff_dim=12 because it tests whether half-model-width nonlinear state is viable after square width qualified. Since width 16 transitioned near step 12,000 and checkpointed at 24,000, the stalled-run observation gate moves from step 15,000 to 20,000 to avoid censoring a plausibly delayed transition while retaining a bounded stop.	0	0
attempt-0010	badd8ccecbee70e145ee174ad90ac327145c9f46	48f1bd089a2da52dff44847b9269a102cb055a26	2026-08-16T04:33:43.810311+00:00			error	Reduce interleaved model feed-forward width from 8 to 4	Family: feed-forward width. Current retained frontier is 3,488 parameters at 99.630000%, a +0.630000 percentage-point margin over 99%. There have been 5 prior attempts in this family. The most recent accepted result is attempt-0009, ff_dim=8 at 3,488 parameters and 99.63% official accuracy; the most recent failed result is attempt-0001, an optimization failure under the superseded separated-token representation with no official score. Hypothesis: a 4D nonlinear bottleneck may still encode the small carry-state computation while attention preserves the 16D residual stream; reducing ff_dim 8->4 is parameterization-preserving compression removing 256 parameters. This is more informative than the nearest untested ff_dim=6 because halving establishes a clear bottleneck boundary after width 8 required the full 45,000-step schedule and achieved only 99.58% on the existing internal test checkpoint. The 20,000-step below-50% stalled-run gate remains fixed.	0	
attempt-0011	557f35da9272defb902a0ac79e1b06d58b9b0a35	48f1bd089a2da52dff44847b9269a102cb055a26	2026-08-16T04:45:27.999323+00:00			error	Test midpoint feed-forward bottleneck width 6	Family: feed-forward width. Current retained frontier is 3,488 parameters at 99.630000%, a +0.630000 percentage-point margin over 99%. There have been 6 prior attempts in this family. The most recent accepted result is attempt-0009, ff_dim=8 at 3,488 parameters and 99.63% official accuracy; the most recent failed result is attempt-0010, an optimization failure for ff_dim=4 that ended at 90.65% internal validation without a checkpoint or official score. Hypothesis: the width-capacity transition lies between 4 and 8, and a 6D nonlinear state may retain the carry mechanism while removing 128 parameters. This parameterization-preserving midpoint is more informative than the nearest untested ff_dim=7 because it bisects the measured bracket and maximizes boundary information per full training run. Training schedule and step-20,000 stalled-run gate remain unchanged.	0	
attempt-0012	f0e2523a02c9b23b63c4859b588649999c48438d	48f1bd089a2da52dff44847b9269a102cb055a26	2026-08-16T04:58:10.031415+00:00	99.180000%	3424	keep	Test final feed-forward bottleneck boundary at width 7	Family: feed-forward width. Current retained frontier is 3,488 parameters at 99.630000%, a +0.630000 percentage-point margin over 99%. There have been 7 prior attempts in this family. The most recent accepted result is attempt-0009, ff_dim=8 at 3,488 parameters and 99.63% official accuracy; the most recent failed result is attempt-0011, an optimization failure for ff_dim=6 that reached 98.65% internal validation without a checkpoint or official score. Hypothesis: the capacity transition may occur at the single remaining integer width 7; reducing ff_dim 8->7 is parameterization-preserving compression removing 64 parameters. This is more informative than any nearest alternative in the family because it completes the exact bracket between accepted width 8 and failed width 6 under identical representation, schedule, and stopping conditions.	0	0
attempt-0013	198db00e35e1a42a13c64b65ae6e8d077f45619e	f0e2523a02c9b23b63c4859b588649999c48438d	2026-08-16T05:04:16.091716+00:00			error	Remove fixed-layout delimiter and unused padding token	Family: token representation. Current retained frontier is 3,424 parameters at 99.180000%, a +0.180000 percentage-point margin over 99%. There has been 1 prior attempt in this family. The most recent accepted result is attempt-0005, which introduced interleaved LSB-first operand pairs and removed the plus token at 5,792 parameters and 99.93% official accuracy; there is no failed in-family result. Hypothesis: absolute positions already mark the fixed input/output boundary, so the equals delimiter and wholly unused PAD vocabulary vector add no necessary representational information; removing both saves two tied vocabulary vectors and one position row, yielding 3,376 parameters. This combines delimiter removal (representational change) with unused-vector compression. It is more informative than the nearest untested PAD-only deletion because it tests whether the fixed boundary is implicit while still preserving BOS/EOS and generic greedy decoding. Feed-forward width remains at the accepted boundary 7.	0	
attempt-0014	56e9ea9fb5947a9f6b94e7769994e102c361e220	f0e2523a02c9b23b63c4859b588649999c48438d	2026-08-16T05:09:49.674126+00:00			error	Remove the unused padding vocabulary vector	Family: token representation. Current retained frontier is 3,424 parameters at 99.180000%, a +0.180000 percentage-point margin over 99%. There have been 2 prior attempts in this family. The most recent accepted result is attempt-0005, the interleaved LSB-first representation at 5,792 parameters and 99.93% official accuracy; the most recent failed result is attempt-0013, an optimization failure where removing both equals and PAD plateaued near 6.10% validation and produced no official score. Hypothesis: that failure identifies the equals delimiter as useful, while PAD is never present in any fixed-length training or inference sequence; deleting only PAD is parameterization-preserving compression that removes one tied 16D vocabulary vector, yielding 3,408 parameters without changing token streams. This is more informative than the nearest untested EOS removal because it isolates a provably unused parameter from a functional decoding symbol at the fragile width-7 frontier.	0	
attempt-0015	a79774abe7f1d24bcb074f3e4a1ab76761bebd6d	f0e2523a02c9b23b63c4859b588649999c48438d	2026-08-16T05:11:59.370790+00:00	99.180000%	3408	keep	Excise unused PAD row from retained checkpoint without changing digit logits	Family: token representation. Current retained frontier is 3,424 parameters at 99.180000%, a +0.180000 percentage-point margin over 99%. There have been 3 prior attempts in this family. The most recent accepted result is attempt-0005, the interleaved representation at 5,792 parameters and 99.93% official accuracy; the most recent failed result is attempt-0014, an optimization failure where the PAD-free architecture remained near 9% validation under fresh training and received no official score. Hypothesis: PAD is functionally unused and removable, but width-7 fresh optimization is seed-fragile; exact checkpoint surgery that deletes old row 11 and shifts the retained BOS/EOS rows preserves every digit logit, all attention/FF weights, and generic decoding while yielding 3,408 parameters. This parameterization-preserving repair is more informative than the nearest untested fresh-seed retry because it directly separates representational necessity from optimization luck and changes no candidate semantics beyond removing the unreachable PAD class.	0	0
attempt-0016	440271a60c1ab2acbee7ce94776577ded59fcaae	a79774abe7f1d24bcb074f3e4a1ab76761bebd6d	2026-08-16T05:14:18.849471+00:00	99.180000%	3376	keep	Remove fixed-length EOS row and unused final position by checkpoint surgery	Family: token representation. Current retained frontier is 3,408 parameters at 99.180000%, a +0.180000 percentage-point margin over 99%. There have been 4 prior attempts in this family. The most recent accepted result is attempt-0015, exact PAD-row excision at 3,408 parameters and 99.18% official accuracy; the most recent failed result is attempt-0014, a fresh-optimization failure for the same PAD-free semantics with no official score. Hypothesis: because every answer is exactly 11 digits, EOS and the twelfth decoding step are unnecessary; dropping the final EOS vocabulary row, generating exactly 11 greedy tokens, and cropping the now-unused final positional row preserves the retained model's first 11 digit logits while yielding 3,376 parameters. This parameterization-preserving fixed-length compression is more informative than the nearest untested BOS removal because it requires no positional shift or learned-state change and directly tests only the redundant termination symbol.	0	0
attempt-0017	010e6babb9402e6de11dc1ab9c3bafd111786e3b	440271a60c1ab2acbee7ce94776577ded59fcaae	2026-08-16T05:16:20.064769+00:00	0.020000%	3344	discard	Remove BOS and shift retained absolute positions left	Family: token representation. Current retained frontier is 3,376 parameters at 99.180000%, a +0.180000 percentage-point margin over 99%. There have been 5 prior attempts in this family. The most recent accepted result is attempt-0016, fixed-length EOS/position removal at 3,376 parameters and 99.18% official accuracy; the most recent failed result is attempt-0014, a fresh-optimization failure for PAD-free semantics with no official score. Hypothesis: BOS may be unnecessary because the delimiter and absolute positions already anchor the fixed stream; dropping its tied vocabulary row and shifting each retained real-token positional vector left saves 32 parameters, yielding 3,344. This is a representational change because the constant BOS key/value disappears from attention, unlike attempts-0015/0016. It is more informative than the nearest untested fresh BOS-free training alternative because checkpoint surgery preserves all real-token embeddings and weights, isolating BOS attention participation from optimization instability.	0	0
attempt-0018	81effb202f6962ef53608bef94839f0303cf352e	440271a60c1ab2acbee7ce94776577ded59fcaae	2026-08-16T05:18:08.195083+00:00	99.070000%	3360	keep	Remove only the final LayerNorm additive bias	Family: normalization. Current retained frontier is 3,376 parameters at 99.180000%, a +0.180000 percentage-point margin over 99%. There are 0 prior attempts in this family, so no most recent accepted or failed in-family result exists. Attempt-0017 in token representation was a scored nonqualification at 0.02%, establishing that BOS participates materially and motivating a mechanism switch. Hypothesis: the final LayerNorm's learned scale is useful but its 16D additive bias is redundant before the tied bias-free output head; deleting only that bias and transplanting all remaining retained weights yields 3,360 parameters. This is parameterization-preserving normalization compression and is more informative than the nearest untested all-layer RMSNorm substitution because it isolates the smallest affine component before changing centering or four residual-block normalizers.	0	0
attempt-0019	e2e38c74ad2ab04f790e16eea72ba8a5effd2496	81effb202f6962ef53608bef94839f0303cf352e	2026-08-16T05:20:11.340939+00:00	0.010000%	3344	discard	Remove lowest-norm residual LayerNorm bias group	Family: normalization. Current retained frontier is 3,360 parameters at 99.070000%, a +0.070000 percentage-point margin over 99%. There has been 1 prior attempt in this family. The most recent accepted result is attempt-0018, final-LayerNorm bias removal at 3,360 parameters and 99.07% official accuracy; there is no failed in-family result. Retained bias inspection ranks blocks.1.ln1.bias lowest by L2 norm at 0.2636, versus 0.3906, 0.6519, and 0.6638 for the other residual LayerNorm biases. Hypothesis: this least-magnitude additive group is the safest remaining affine redundancy; deleting it via checkpoint surgery yields 3,344 parameters. This parameterization-preserving, importance-ranked ablation is more informative than the nearest untested all-bias or RMSNorm substitution because it isolates one empirically weakest group under only seven-case qualification slack.	0	0
attempt-0020	0ade2c0f31543a316d6be4bc7c536332319336cf	81effb202f6962ef53608bef94839f0303cf352e	2026-08-16T05:30:45.535830+00:00	99.940000%	3168	keep	Replace both attention output projections with identity and widen FF to 12	Family: attention organization. Current retained frontier is 3,360 parameters at 99.070000%, a +0.070000 percentage-point margin over 99%. There are 0 prior attempts in this family, so no most recent accepted or failed in-family result exists. Attempt-0019 in normalization was a scored nonqualification at 0.01%, showing that another affine-bias deletion is not a safe local path. Hypothesis: concatenated two-head attention already returns a 16D residual-compatible vector, so learned 16x16 output mixing in both blocks can be replaced by identity; reallocating part of the 512-parameter saving to widen each FF bottleneck from 7 to 12 yields a 3,168-parameter representational substitution with more nonlinear capacity. This is more informative than the nearest untested one-block projection removal because it tests a coherent projection-free attention organization across depth while controlling for lost expressivity via budget reallocation.	0	0
attempt-0021	daafae2dc089658d4b0ce0e3236f4a2823819f7c	0ade2c0f31543a316d6be4bc7c536332319336cf	2026-08-16T05:42:55.108177+00:00	98.860000%	2912	discard	Reduce projection-free model feed-forward width from 12 to 8	Family: feed-forward width. Current retained frontier is 3,168 parameters at 99.940000%, a +0.940000 percentage-point margin over 99%. There have been 8 prior attempts in this family. The most recent accepted in-family result is attempt-0012, ff_dim=7 with conventional output projections at 3,424 parameters and 99.18% official accuracy; the most recent failed result is attempt-0011, ff_dim=6 under that architecture, an optimization failure reaching 98.65% internal validation without an official score. Attempt-0020 then established a projection-free attention architecture with ff_dim=12 and 99.94% official accuracy. Hypothesis: that architecture retains enough margin to reduce ff_dim 12->8, a parameterization-preserving compression removing 256 parameters and yielding 2,912. This is more informative than the nearest untested width 10 because it tests whether the previously viable half-width nonlinear state survives the major attention substitution.	0	0
attempt-0022	0f238238b535303ba022d3f231fcb8bfaf797056	0ade2c0f31543a316d6be4bc7c536332319336cf	2026-08-16T05:55:49.140526+00:00	99.850000%	3040	keep	Test projection-free feed-forward midpoint width 10	Family: feed-forward width. Current retained frontier is 3,168 parameters at 99.940000%, a +0.940000 percentage-point margin over 99%. There have been 9 prior attempts in this family. The most recent accepted in-family result is attempt-0012, width 7 under conventional attention at 99.18%; the most recent failed result is attempt-0021, the projection-free width-8 candidate, a valid scored nonqualification at 98.86% with 2,912 parameters. The projection-free width-12 result from attempt-0020 is accepted at 99.94%. Hypothesis: the capacity transition for projection-free attention lies between widths 8 and 12; ff_dim=10 removes 128 parameters for a 3,040-parameter midpoint. This parameterization-preserving midpoint is more informative than the nearest untested width 11 because it bisects the measured same-architecture bracket.	0	0
attempt-0023	3e89b2f6c91aec8489a2b9e7c285815e9bdb6e2e	0f238238b535303ba022d3f231fcb8bfaf797056	2026-08-16T06:07:03.226129+00:00			error	Test final projection-free feed-forward boundary at width 9	Family: feed-forward width. Current retained frontier is 3,040 parameters at 99.850000%, a +0.850000 percentage-point margin over 99%. There have been 10 prior attempts in this family. The most recent accepted result is attempt-0022, projection-free ff_dim=10 at 3,040 parameters and 99.85% official accuracy; the most recent failed result is attempt-0021, projection-free ff_dim=8 at 2,912 parameters and a scored 98.86% nonqualification. Hypothesis: the same-architecture capacity transition may lie at the sole remaining integer width 9; reducing ff_dim 10->9 removes 64 parameters for a 2,976-parameter model. This parameterization-preserving test is more informative than any nearest alternative in the family because it completes the exact accepted/failed projection-free bracket under identical training conditions.	0	
attempt-0024	2e948ff0bf9af207f2be45038df7a473eb420815	0f238238b535303ba022d3f231fcb8bfaf797056	2026-08-16T06:09:03.465099+00:00	25.180000%	3002	discard	Factor retained position table at highest compressive SVD rank 10	Family: position representation. Current retained frontier is 3,040 parameters at 99.850000%, a +0.850000 percentage-point margin over 99%. There have been 2 prior attempts in this family. There is no accepted in-family result; the most recent failed result is attempt-0004, an optimization failure where a freshly trained direct 8D positional subspace reached only 9.35% validation before aborting, under the older separated-token architecture. Attempt-0023 in feed-forward width was also an optimization failure (width 9 reached 98.35% validation without checkpoint), so width 10 remains retained. Hypothesis: the trained positional table itself is approximately low-rank; its top 10 singular components retain 99.6198% of squared energy, and rank 10 is the highest rank that reduces position parameters (528->490), yielding 3,002 total. This representational compression is more informative than the nearest untested rank 9 because it tests the least lossy parameter-saving boundary and uses checkpoint SVD to separate approximation error from fresh-training instability.	0	0
attempt-0025	09365a9f08da8b067c137cb3d767caea7165373e	0f238238b535303ba022d3f231fcb8bfaf797056	2026-08-16T06:10:53.643809+00:00	32.440000%	3018	discard	Use centered affine rank-10 positional SVD factorization	Family: position representation. Current retained frontier is 3,040 parameters at 99.850000%, a +0.850000 percentage-point margin over 99%. There have been 3 prior attempts in this family. There is no accepted in-family result; the most recent failed result is attempt-0024, a valid rank-10 uncentered SVD candidate that scored 25.18% official accuracy at 3,002 parameters. Hypothesis: the uncentered factor spent rank on the table mean; preserving that mean exactly as a 16D projection bias and applying rank-10 SVD to centered residuals raises retained residual energy to 99.7506% while still yielding 3,018 parameters. This is a changed affine factorization, not a retry of the failed approximation. It is more informative than the nearest untested centered rank 9 because rank 10 is the least-lossy centered factor that remains strictly smaller than the incumbent.	0	0
attempt-0026	c2b2ae3f502f532d584ad7a4ee4f79ee4b7c765c	0f238238b535303ba022d3f231fcb8bfaf797056	2026-08-16T06:20:08.218038+00:00	99.980000%	2656	keep	Share QKV transform across depth and widen feed-forward paths	Family: parameter tying. Current retained frontier is 3,040 parameters at 99.850000%, a +0.850000 percentage-point margin over 99%. There have been 0 prior attempts in this family, so there is no accepted or failed in-family result. The most recent experiment, attempt-0025 in position representation, was a scored nonqualification at 32.44%, while attempt-0022 remains retained. Hypothesis: both blocks can reuse one 16x48 QKV transform because their inputs, normalizers, attention maps, residual states, and feed-forward paths remain layer-specific; widening each feed-forward path from 10 to 16 reallocates 384 of the 768 saved parameters. The resulting 2,656-parameter model is a genuine parameter-sharing architecture. This is more informative than the nearest untested tying alternative, sharing the feed-forward matrices, because QKV sharing saves more capacity while retaining independent nonlinear computation in each block.	0	0
attempt-0027	6ba03c988eeedab7e704215bce121587b4c4ef9d	c2b2ae3f502f532d584ad7a4ee4f79ee4b7c765c	2026-08-16T06:22:10.010039+00:00	0.000000%	2528	discard	Prune two lowest-salience feed-forward units per block	Family: feed-forward width. Current retained frontier is 2,656 parameters at 99.980000%, a +0.980000 percentage-point margin over 99%. There have been 11 prior attempts in this family. The most recent accepted in-family result is attempt-0022, projection-free width 10 at 3,040 parameters and 99.85%; the most recent failed in-family result is attempt-0023, width 9, an optimization failure peaking at 98.35% internal validation. Attempt-0026 has since established a shared-QKV architecture at width 16 and 99.98%. Hypothesis: its larger feed-forward paths contain removable units; rank each unit by the product of its incoming-row and outgoing-column norms, then retain 14 of 16 independently per block. This checkpoint-derived, parameterization-preserving reduction yields 2,528 parameters and isolates functional redundancy from training noise. It is more informative than the nearest untested width 15 because removing two units is the smallest material step that tests whether the new architecture's large margin corresponds to redundant nonlinear channels.	0	0
attempt-0028	688cb7250c2dd359ac56b08459c0b91780bded6f	c2b2ae3f502f532d584ad7a4ee4f79ee4b7c765c	2026-08-16T06:24:06.904619+00:00	0.000000%	2592	discard	Prune one lowest-salience feed-forward unit per block	Family: feed-forward width. Current retained frontier is 2,656 parameters at 99.980000%, a +0.980000 percentage-point margin over 99%. There have been 12 prior attempts in this family. The most recent accepted in-family result is attempt-0022, width 10 under independent QKV at 3,040 parameters and 99.85%; the most recent failed in-family result is attempt-0027, salience-pruned width 14 under shared QKV, which validly scored 0.00%. Hypothesis: attempt-0027 may have crossed a discrete sensitivity boundary by removing two units per block; retaining 15 of 16 using the same two-sided norm score removes only 64 parameters and yields 2,592. This parameterization-preserving exact-boundary test is more informative than fresh width-15 retraining because it directly determines whether any individual trained feed-forward channel is dispensable, and it is more informative than another width below 14 because the measured width-14 checkpoint failed catastrophically.	0	0
attempt-0029	950da517c072298f15a04ada56d1842e37b26312	c2b2ae3f502f532d584ad7a4ee4f79ee4b7c765c	2026-08-16T06:36:13.412721+00:00	99.140000%	2144	keep	Share feed-forward transforms as well as QKV across depth	Family: parameter tying. Current retained frontier is 2,656 parameters at 99.980000%, a +0.980000 percentage-point margin over 99%. There has been 1 prior attempt in this family: attempt-0026 is the accepted shared-QKV result at 2,656 parameters and 99.98%, and there is no failed in-family result. The most recent failures, attempts 0027 and 0028 in feed-forward width, show that direct deletion of even one trained unit per block destroys exact-sequence accuracy. Hypothesis: instead of deleting nonlinear channels, both depth steps can reuse the complete width-16 feed-forward transform while retaining independent pre-attention and pre-FF LayerNorm affine parameters and distinct residual states. Fresh training can co-adapt this recurrent transform, yielding 2,144 unique parameters. This is more informative than the nearest untested partial tie of only one feed-forward matrix because it directly tests whether layer specialization resides in normalization/residual state rather than either half of the nonlinear transform, with a larger measurable compression.	0	0
attempt-0030	45b925ebdb16adb119d086aa1ac8f1151cb28705	950da517c072298f15a04ada56d1842e37b26312	2026-08-16T06:38:28.529270+00:00	99.140000%	2128	keep	Remove the never-forwarded final positional row	Family: position representation. Current retained frontier is 2,144 parameters at 99.140000%, a +0.140000 percentage-point margin over 99%. There have been 4 prior attempts in this family. There is no accepted in-family result; the most recent failed result is attempt-0025, whose centered rank-10 positional approximation scored 32.44% at 3,018 parameters. Attempt-0029 has since established the 2,144-parameter fully shared-transform frontier. Hypothesis: row 32 of the 33-row positional table is provably unused: teacher-forced inputs have length 32 after shifting, and the eleventh generation token is appended after the final length-32 forward pass. Cropping that row and attention masks exactly preserves every evaluated computation while yielding 2,128 parameters. This is more informative than the nearest untested lossy positional factorization because it removes a structurally unreachable parameter row with zero approximation error, crucial given the incumbent's narrow margin.	0	0
attempt-0031	a390a18a1713cc0e69ae8c548a97b295a4a48e11	45b925ebdb16adb119d086aa1ac8f1151cb28705	2026-08-16T06:40:13.240863+00:00			error	Train the fully shared transform at feed-forward width 15	Family: feed-forward width. Current retained frontier is 2,128 parameters at 99.140000%, a +0.140000 percentage-point margin over 99%. There have been 13 prior attempts in this family. The most recent accepted in-family result is attempt-0022, projection-free width 10 with independent feed-forward paths at 3,040 parameters and 99.85%; the most recent failed in-family result is attempt-0028, direct width-15 pruning under shared QKV but independent feed-forward paths, which scored 0.00%. Attempts 0029 and 0030 have since established a fully shared-transform architecture. Hypothesis: fresh training can distribute the recurrent feed-forward computation across 15 channels even though deleting a channel from a specialized independent-path checkpoint failed; reducing the single shared width 16->15 yields 2,096 parameters. This is more informative than width 14 because width 15 is the exact nearest capacity boundary, and more informative than another checkpoint prune because it tests learnability under the retained sharing topology.	1	
attempt-0032	579b9625292f189a9e6a73bae9df6c7d57522632	45b925ebdb16adb119d086aa1ac8f1151cb28705	2026-08-16T06:51:01.069603+00:00			error	Train shared width 15 with corrected shifted teacher forcing	Family: feed-forward width. Current retained frontier is 2,128 parameters at 99.140000%, a +0.140000 percentage-point margin over 99%. There have been 14 prior attempts in this family. The most recent accepted in-family result is attempt-0022 at width 10 under an older topology; the most recent failed result is attempt-0031, an execution error before optimization because fresh training forwarded 33 tokens after the model's exact maximum had become 32. The traceback was inspected and classified as a pipeline shape defect, not model evidence. Hypothesis: with intended shifted teacher forcing now forwarding the 32 input tokens and predicting the 32 following targets, the fully shared width-15 model can co-adapt and qualify at 2,096 parameters. This repaired executable test is more informative than the nearest untested width 14 because width 15 is the exact capacity boundary and attempt-0031 produced no accuracy observation.	0	
attempt-0033	3c5c19efeb4349d77f69ea2b28446231d3126b2b	45b925ebdb16adb119d086aa1ac8f1151cb28705	2026-08-16T07:01:24.547657+00:00			error	Share corresponding LayerNorm affines across recurrent depth	Family: parameter tying. Current retained frontier is 2,128 parameters at 99.140000%, a +0.140000 percentage-point margin over 99%. There have been 2 prior attempts in this family, both accepted: the most recent accepted result is attempt-0029, which shared QKV and both feed-forward matrices at 2,144 parameters and 99.14%; there is no failed in-family result. Attempt-0032 most recently showed shared feed-forward width 15 peaking at 98.75% internal validation, so width 16 is restored. Hypothesis: because both depth steps already reuse attention and feed-forward transforms, corresponding pre-attention and pre-FF LayerNorm affine parameters can also be shared while the residual state changes between applications; this yields a fully recurrent block with 2,064 unique parameters. This is more informative than the nearest untested partial tie of LayerNorm weights alone because it directly tests whether any depth-specific normalization affine state is required and realizes the complete 64-parameter saving.	0	
attempt-0034	2734bbfa9b9c35c8dd93151c1f9a2cd856f2a958	45b925ebdb16adb119d086aa1ac8f1151cb28705	2026-08-16T07:11:55.990173+00:00			error	Share only corresponding LayerNorm biases across depth	Family: parameter tying. Current retained frontier is 2,128 parameters at 99.140000%, a +0.140000 percentage-point margin over 99%. There have been 3 prior attempts in this family. The most recent accepted in-family result is attempt-0029, full attention/feed-forward sharing at 2,144 parameters and 99.14%; the most recent failed result is attempt-0033, which shared both LayerNorm scales and biases and peaked at 77.55% internal validation. Hypothesis: depth-specific normalization scale is necessary but additive offsets are less expressive and can be shared; tying only corresponding ln1 and ln2 bias vectors while retaining separate scale vectors yields 2,096 parameters. This is more informative than the nearest untested scale-only tie because the earlier successful deletion of the final LayerNorm bias suggests bias is the lower-risk affine component, while the full-affine failure establishes that both components cannot be tied together.	0	
attempt-0035	80276959207bddd03cef7f78c8ec911977d26515	45b925ebdb16adb119d086aa1ac8f1151cb28705	2026-08-16T07:22:55.201326+00:00			error	Reduce shared query-key width to 12 while retaining full values	Family: attention organization. Current retained frontier is 2,128 parameters at 99.140000%, a +0.140000 percentage-point margin over 99%. There has been 1 prior attempt in this family: attempt-0020 is the accepted projection-free attention result at 3,168 parameters and 99.94%, and there is no failed in-family result. The most recent experiment, attempt-0034 in parameter tying, peaked at 93.95% internal validation, closing LayerNorm bias sharing. Hypothesis: attention routing requires fewer features than the value/residual stream; reduce shared query and key width 16->12, retain the full 16D value stream and two heads, and save 128 parameters for a 2,000-parameter model. This is more informative than the nearest untested width 14 because a 25% routing-width reduction cleanly separates similarity capacity from value capacity while remaining conservative relative to halving query/key width to 8.	0	
attempt-0036	102b555caf1feb1b1a89c881e8df0dc9e6093587	45b925ebdb16adb119d086aa1ac8f1151cb28705	2026-08-16T07:33:40.328299+00:00			error	Test midpoint query-key width 14 with full values	Family: attention organization. Current retained frontier is 2,128 parameters at 99.140000%, a +0.140000 percentage-point margin over 99%. There have been 2 prior attempts in this family. The most recent accepted in-family result is attempt-0020, projection-free full-width attention at 3,168 parameters and 99.94%; the most recent failed result is attempt-0035, shared query/key width 12 with full values, which peaked at 97.85% internal validation. The retained full-width shared attention uses query/key width 16. Hypothesis: the routing-capacity transition lies between widths 12 and 16; width 14 restores one feature per head, saves 64 parameters, and yields 2,064. This parameterization-preserving midpoint is more informative than the nearest alternative because it exactly bisects the measured same-topology accepted/failed bracket while leaving values, residuals, normalizers, data, and training unchanged.	0	
attempt-0037	7f7ed20a5f9936e6c78725323a4e4c03c69c9abb	45b925ebdb16adb119d086aa1ac8f1151cb28705	2026-08-16T07:39:02.775478+00:00			error	Train shared width 15 on full-range operands	Family: training control. Current retained frontier is 2,128 parameters at 99.140000%, a +0.140000 percentage-point margin over 99%. There has been 1 prior attempt in this family: attempt-0002 is the accepted 45k-step schedule extension under an older architecture, and there is no failed in-family result. The most recent experiment, attempt-0036 in attention organization, peaked at 93.45% internal validation. Crucially, attempt-0032 showed the fully shared width-15 model reaching 98.75% while its training sampler chose operand digit lengths uniformly from 1 through 10, heavily overrepresenting short numbers relative to uniform sampling over the official 0..10^10 range. Hypothesis: training both operands directly over the full 10-digit range focuses limited width-15 capacity on the evaluated distribution and crosses 99%, yielding 2,096 parameters. This is more informative than simply extending the schedule because the prior curve had already annealed to zero learning rate; distribution alignment changes the information seen within the same bounded 45k budget.	0	
attempt-0038	082d5fe6487e0e907a3e1e1c2c176abf50094c7f	45b925ebdb16adb119d086aa1ac8f1151cb28705	2026-08-16T07:44:25.484140+00:00			error	Use mixed-length warmup then full-range curriculum at width 15	Family: training control. Current retained frontier is 2,128 parameters at 99.140000%, a +0.140000 percentage-point margin over 99%. There have been 2 prior attempts in this family. The most recent accepted in-family result is attempt-0002, the 45k schedule extension; the most recent failed result is attempt-0037, full-range-only width-15 training, which remained at 0% validation and hit the 20k abort. Attempt-0032 had previously reached 98.75% at width 15 using mixed digit lengths throughout. Hypothesis: mixed lengths for the first 20k steps teach local addition and carry mechanics, after which full-range sampling for 25k steps concentrates refinement on the evaluated scale; model size remains 2,096. This is more informative than the nearest untested fixed mixture because the two measured extremes identify distinct learnability and distribution-allocation phases, and the staged switch tests their causal combination within the same budget.	0	
attempt-0039	cd0312bf1963f4930b2658a8d9203391a947a9ee	45b925ebdb16adb119d086aa1ac8f1151cb28705	2026-08-16T07:46:56.548017+00:00	99.140000%	2127	keep	Zero the least-magnitude LayerNorm bias scalar	Family: scalar pruning. Current retained frontier is 2,128 parameters at 99.140000%, a +0.140000 percentage-point margin over 99%. There have been 0 prior attempts in this family, so there is no accepted or failed in-family result. The most recent experiment, attempt-0038 in training control, hit the 20k abort at 27.85% and was rolled back. Retained-checkpoint inspection finds the smallest absolute block-normalization bias is blocks.1.ln2 coordinate 9 at -0.0004392121, over eight times smaller than the next candidate. Hypothesis: fixing exactly this coordinate to zero while retaining the other 15 bias coordinates as trainable parameters preserves behavior above threshold and yields 2,127 parameters. This is more informative than the nearest untested second-smallest scalar because it tests the uniquely least-salient coordinate first with the smallest possible honest parameter reduction and no retraining variance.	0	0
attempt-0040	5884c9143b0adf9b79a126bf5af6baa2afb6f3d4	cd0312bf1963f4930b2658a8d9203391a947a9ee	2026-08-16T07:48:47.553989+00:00	99.170000%	2126	keep	Zero the second-smallest LayerNorm bias scalar	Family: scalar pruning. Current retained frontier is 2,127 parameters at 99.140000%, a +0.140000 percentage-point margin over 99%. There has been 1 prior attempt in this family: attempt-0039 is accepted after zeroing blocks.1.ln2 coordinate 9, with 2,127 parameters and unchanged 99.14%; there is no failed in-family result. Among remaining dense block-normalization biases, the smallest absolute value is blocks.1.ln1 coordinate 10 at +0.003641318. Hypothesis: fixing this second scalar to zero while preserving the already accepted first zero retains qualification and yields 2,126 parameters. This is more informative than the nearest untested third-smallest scalar because it follows the predeclared ascending-magnitude ordering, making each perturbation minimal and cumulative without retraining variance.	0	0
attempt-0041	c2edc32194dc5ec2a9e6f4c6915f4c5d6419bd67	5884c9143b0adf9b79a126bf5af6baa2afb6f3d4	2026-08-16T07:50:24.957678+00:00	99.220000%	2125	keep	Zero the third-smallest LayerNorm bias scalar	Family: scalar pruning. Current retained frontier is 2,126 parameters at 99.170000%, a +0.170000 percentage-point margin over 99%. There have been 2 prior attempts in this family, both accepted; the most recent accepted result is attempt-0040 at 2,126 parameters and 99.17%, and there is no failed in-family result. The next remaining scalar in the predeclared absolute-magnitude order is blocks.0.ln1 coordinate 8 at -0.006458512. Hypothesis: fixing this third coordinate to zero while retaining the two accepted zeros preserves qualification and yields 2,125 parameters. This is more informative than the nearest untested fourth scalar because it maintains the monotone salience sequence and applies the smallest remaining checkpoint perturbation without retraining variance.	0	0
attempt-0042	d73f640f45f7e910d5082c58da35222f7bc03a3d	c2edc32194dc5ec2a9e6f4c6915f4c5d6419bd67	2026-08-16T07:52:10.340879+00:00	99.230000%	2124	keep	Zero the fourth-smallest LayerNorm bias scalar	Family: scalar pruning. Current retained frontier is 2,125 parameters at 99.220000%, a +0.220000 percentage-point margin over 99%. There have been 3 prior attempts in this family, all accepted; the most recent accepted result is attempt-0041 at 2,125 parameters and 99.22%, and there is no failed in-family result. The next remaining scalar in ascending original absolute magnitude is blocks.0.ln1 coordinate 7 at -0.008146917. Hypothesis: fixing this fourth coordinate to zero, alongside the three accepted zeros, preserves qualification and yields 2,124 parameters. This is more informative than the nearest untested fifth scalar because it continues the minimal cumulative salience path and specifically validates sparse-to-sparser checkpoint migration without changing any other learned value.	0	0
attempt-0043	69d84aa9b9ee6032bb019fa7fd5dc396daa8cc87	d73f640f45f7e910d5082c58da35222f7bc03a3d	2026-08-16T07:53:47.635313+00:00	99.040000%	2123	keep	Zero the fifth-smallest LayerNorm bias scalar	Family: scalar pruning. Current retained frontier is 2,124 parameters at 99.230000%, a +0.230000 percentage-point margin over 99%. There have been 4 prior attempts in this family, all accepted; the most recent accepted result is attempt-0042 at 2,124 parameters and 99.23%, and there is no failed in-family result. The fifth scalar in ascending original absolute magnitude is blocks.1.ln1 coordinate 6 at -0.008413289. Hypothesis: fixing this coordinate to zero while retaining the four accepted zeros preserves qualification and yields 2,123 parameters. This is more informative than the nearest untested sixth scalar because it continues the deterministic least-magnitude sequence and changes exactly one additional trainable degree of freedom.	0	0
attempt-0044	41a50b18cac9e1fcb48aa61b5b330a449ebb48e3	69d84aa9b9ee6032bb019fa7fd5dc396daa8cc87	2026-08-16T07:55:31.381743+00:00	99.060000%	2122	keep	Zero the sixth-smallest LayerNorm bias scalar	Family: scalar pruning. Current retained frontier is 2,123 parameters at 99.040000%, a +0.040000 percentage-point margin over 99%. There have been 5 prior attempts in this family, all accepted; the most recent accepted result is attempt-0043 at 2,123 parameters and 99.04%, and there is no failed in-family result. The sixth scalar in ascending original absolute magnitude is blocks.1.ln1 coordinate 5 at +0.008873722. Hypothesis: fixing this one additional coordinate to zero may retain the four-correct-case qualification slack and yields 2,122 parameters; if it does not, the official runner will roll back to attempt-0043 and close this cumulative branch. This is more informative than the nearest untested seventh scalar because it is the smallest remaining perturbation and directly locates the first qualification boundary.	0	0
attempt-0045	fba7f87cf89c6f48104cee51c8e34718428614c8	41a50b18cac9e1fcb48aa61b5b330a449ebb48e3	2026-08-16T07:57:15.205831+00:00	97.630000%	2121	discard	Zero the seventh-smallest LayerNorm bias scalar	Family: scalar pruning. Current retained frontier is 2,122 parameters at 99.060000%, a +0.060000 percentage-point margin over 99%. There have been 6 prior attempts in this family, all accepted; the most recent accepted result is attempt-0044 at 2,122 parameters and 99.06%, and there is no failed in-family result. The seventh scalar in ascending original absolute magnitude is blocks.0.ln1 coordinate 3 at -0.010450120. Hypothesis: fixing this one additional coordinate to zero preserves qualification and yields 2,121 parameters. This is more informative than the nearest untested eighth scalar because it maintains the deterministic minimal-perturbation order while the runner can atomically roll back if the narrow margin is crossed.	0	0
attempt-0046	7bf4e50ce59a00d2e3c52643f2e39a3059771a58	41a50b18cac9e1fcb48aa61b5b330a449ebb48e3	2026-08-16T07:59:04.124326+00:00	98.990000%	2121	discard	Test next LayerNorm scalar after sensitive-coordinate rollback	Family: scalar pruning. Current retained frontier is 2,122 parameters at 99.060000%, a +0.060000 percentage-point margin over 99%. There have been 7 prior attempts in this family. The most recent accepted result is attempt-0044 with six cumulative zeros at 2,122 parameters and 99.06%; the most recent failed result is attempt-0045, where additionally zeroing blocks.0.ln1 coordinate 3 scored 97.63%. Hypothesis: that coordinate is specifically carry-sensitive rather than proving all further bias pruning impossible; independently zeroing the next-magnitude candidate, blocks.1.ln1 coordinate 13 at +0.011079432, while omitting the failed coordinate, may preserve qualification and yields 2,121 parameters. This is more informative than testing a still larger scalar because it is the closest untested alternative and separates magnitude ranking from coordinate-specific functional sensitivity.	0	0
attempt-0047	53085e94a1e6c7bb3ed7dff6dc074c6963f5c7c0	41a50b18cac9e1fcb48aa61b5b330a449ebb48e3	2026-08-16T08:00:49.155075+00:00	99.100000%	2121	keep	Test a block-1 pre-FF bias scalar independently	Family: scalar pruning. Current retained frontier is 2,122 parameters at 99.060000%, a +0.060000 percentage-point margin over 99%. There have been 8 prior attempts in this family. The most recent accepted result is attempt-0044 at 2,122 parameters and 99.06%; the most recent failed result is attempt-0046, where independently zeroing blocks.1.ln1 coordinate 13 scored 98.99%, one case below qualification. Hypothesis: blocks.1.ln2 coordinate 11 at -0.012189634 may be less functionally leveraged because it affects the pre-feed-forward rather than pre-attention normalization; zeroing it alongside only the six accepted coordinates yields 2,121 parameters. This is more informative than the nearest untested larger scalar because it is the next magnitude candidate and changes normalization site after two pre-attention failures.	0	0
attempt-0048	8e0176ef055a980f1adc4fc0a4cf765c353a5dac	53085e94a1e6c7bb3ed7dff6dc074c6963f5c7c0	2026-08-16T08:02:34.451196+00:00	99.200000%	2120	keep	Prune the next block-1 pre-attention bias scalar	Family: scalar pruning. Current retained frontier is 2,121 parameters at 99.100000%, a +0.100000 percentage-point margin over 99%. There have been 9 prior attempts in this family. The most recent accepted result is attempt-0047, which pruned blocks.1.ln2 coordinate 11 and retained 99.10% at 2,121 parameters; the most recent failed result is attempt-0046, where blocks.1.ln1 coordinate 13 scored 98.99%. The next untested scalar by original magnitude is blocks.1.ln1 coordinate 4 at +0.012331018. Hypothesis: coordinate-specific sensitivity varies within ln1, so this coordinate may preserve the ten-case slack while yielding 2,120 parameters. This is more informative than moving to a larger scalar or another family because it resolves the nearest untested coordinate under the improved attempt-0047 incumbent.	0	0
attempt-0049	b62783c72cc0bff314524a0dbb5c67fd31d33cbe	8e0176ef055a980f1adc4fc0a4cf765c353a5dac	2026-08-16T08:04:13.146324+00:00	81.600000%	2119	discard	Prune block-0 pre-attention bias coordinate 15	Family: scalar pruning. Current retained frontier is 2,120 parameters at 99.200000%, a +0.200000 percentage-point margin over 99%. There have been 10 prior attempts in this family. The most recent accepted result is attempt-0048 at 2,120 parameters and 99.20%; the most recent failed result is attempt-0046 at 2,121 parameters and 98.99%. The next untested scalar by original absolute magnitude is blocks.0.ln1 coordinate 15 at +0.014814317. Hypothesis: the larger recovered margin can absorb zeroing this coordinate, yielding 2,119 parameters while preserving all eight accepted zeros and excluding known-sensitive coordinates. This is more informative than the nearest untested larger scalar because it is the minimal remaining checkpoint perturbation in the ordered scan.	0	0
attempt-0050	a3677700225d2a7203381be8cc52c72f53ec1001	8e0176ef055a980f1adc4fc0a4cf765c353a5dac	2026-08-16T08:05:57.327591+00:00	98.680000%	2119	discard	Test block-0 pre-attention bias coordinate 4 independently	Family: scalar pruning. Current retained frontier is 2,120 parameters at 99.200000%, a +0.200000 percentage-point margin over 99%. There have been 11 prior attempts in this family. The most recent accepted result is attempt-0048 at 2,120 parameters and 99.20%; the most recent failed result is attempt-0049, where blocks.0.ln1 coordinate 15 caused a valid 81.60% score. The next original-magnitude candidate is blocks.0.ln1 coordinate 4 at -0.015220259. Hypothesis: coordinate 15 is uniquely sensitive and coordinate 4 can be fixed to zero alongside the eight accepted zeros, yielding 2,119 parameters. This is more informative than the next larger coordinate because it continues an independent coordinate scan after excluding the failed coordinate rather than assuming magnitude alone predicts function.	0	0
attempt-0051	41fbb1762e4df71c7026c2fc53766b3fab777072	8e0176ef055a980f1adc4fc0a4cf765c353a5dac	2026-08-16T08:07:46.012915+00:00	96.800000%	2119	discard	Test block-0 pre-attention bias coordinate 1 independently	Family: scalar pruning. Current retained frontier is 2,120 parameters at 99.200000%, a +0.200000 percentage-point margin over 99%. There have been 12 prior attempts in this family. The most recent accepted result is attempt-0048 at 2,120 parameters and 99.20%; the most recent failed result is attempt-0050, where blocks.0.ln1 coordinate 4 scored 98.68%. The next untested original-magnitude candidate is blocks.0.ln1 coordinate 1 at -0.016125478. Hypothesis: independently fixing coordinate 1 to zero may be less damaging than coordinates 15 and 4, yielding 2,119 parameters while preserving the eight accepted zeros. This is more informative than abandoning the site before testing its final low-magnitude candidate, because coordinate-specific results have already overturned a simple magnitude rule.	0	0
attempt-0052	66619dc9191d8f6a30dc90fe2dd83f2cb76621ba	8e0176ef055a980f1adc4fc0a4cf765c353a5dac	2026-08-16T08:09:40.305493+00:00	98.990000%	2119	discard	Test block-0 pre-FF bias coordinate 13	Family: scalar pruning. Current retained frontier is 2,120 parameters at 99.200000%, a +0.200000 percentage-point margin over 99%. There have been 13 prior attempts in this family. The most recent accepted result is attempt-0048 at 2,120 parameters and 99.20%; the most recent failed result is attempt-0051, where a third additional block-0 pre-attention coordinate scored 96.80%. Three failures now close further low-magnitude pruning at blocks.0.ln1. Hypothesis: blocks.0.ln2 coordinate 13 at +0.019908736 is less sensitive because it modulates the feed-forward path; independently zeroing it alongside the eight accepted coordinates yields 2,119 parameters. This is more informative than the slightly smaller untested scalar remaining at the repeatedly sensitive ln1 site because it tests the cross-site pattern suggested by attempt-0047's successful block-1 ln2 pruning.	0	0
attempt-0053	0f69341151b0b444c0933967201a5c26c658216c	8e0176ef055a980f1adc4fc0a4cf765c353a5dac	2026-08-16T08:11:22.490459+00:00	83.090000%	2119	discard	Test adjacent block-0 pre-FF bias coordinate 2	Family: scalar pruning. Current retained frontier is 2,120 parameters at 99.200000%, a +0.200000 percentage-point margin over 99%. There have been 14 prior attempts in this family. The most recent accepted result is attempt-0048 at 2,120 parameters and 99.20%; the most recent failed result is attempt-0052, where blocks.0.ln2 coordinate 13 scored 98.99%, one case below qualification. The adjacent original-magnitude candidate is blocks.0.ln2 coordinate 2 at -0.019955626. Hypothesis: nearly equal magnitude does not imply equal functional leverage, and independently zeroing coordinate 2 may preserve qualification while yielding 2,119 parameters. This is more informative than moving to a larger-magnitude site because it provides a controlled within-layer, within-normalizer comparison against attempt-0052.	0	0
attempt-0054	f4bb7d3bce6376145ff509c73c8f1a5e26ff3208	8e0176ef055a980f1adc4fc0a4cf765c353a5dac	2026-08-16T08:13:04.532975+00:00	98.370000%	2119	discard	Test block-1 pre-attention bias coordinate 8	Family: scalar pruning. Current retained frontier is 2,120 parameters at 99.200000%, a +0.200000 percentage-point margin over 99%. There have been 15 prior attempts in this family. The most recent accepted result is attempt-0048 at 2,120 parameters and 99.20%; the most recent failed result is attempt-0053, where blocks.0.ln2 coordinate 2 scored 83.09%, closing the second block-0 normalization site after repeated failures. The next untested scalar at a site with prior accepted removals is blocks.1.ln1 coordinate 8 at -0.020058658. Hypothesis: block-1 pre-attention normalization retains additional coordinate redundancy, and zeroing coordinate 8 alongside the eight accepted zeros yields 2,119 parameters. This is more informative than continuing at either failed block-0 site because it tests the site-specific redundancy pattern established by attempts 0040, 0043, and 0048.	0	0
attempt-0055	e98d2082b6b5a5d2cdc1238e364a02a10cc0b184	8e0176ef055a980f1adc4fc0a4cf765c353a5dac	2026-08-16T08:14:50.852409+00:00	97.530000%	2119	discard	Test block-1 pre-attention bias coordinate 14	Family: scalar pruning. Current retained frontier is 2,120 parameters at 99.200000%, a +0.200000 percentage-point margin over 99%. There have been 16 prior attempts in this family. The most recent accepted result is attempt-0048 at 2,120 parameters and 99.20%; the most recent failed result is attempt-0054, where blocks.1.ln1 coordinate 8 scored 98.37%. The next same-site candidate by original magnitude is blocks.1.ln1 coordinate 14 at -0.023484299. Hypothesis: coordinate 8 may be specifically sensitive and coordinate 14 can be zeroed alongside the eight accepted coordinates, yielding 2,119 parameters. This is more informative than the following coordinate 15 because it is the closest remaining same-site candidate and completes another local sensitivity comparison before closing the site.	0	0
attempt-0056	6c951306f0bac1dad9efa6f74913b52be372abea	8e0176ef055a980f1adc4fc0a4cf765c353a5dac	2026-08-16T08:16:37.995270+00:00	96.410000%	2119	discard	Test final nearby block-1 pre-attention bias coordinate 15	Family: scalar pruning. Current retained frontier is 2,120 parameters at 99.200000%, a +0.200000 percentage-point margin over 99%. There have been 17 prior attempts in this family. The most recent accepted result is attempt-0048 at 2,120 parameters and 99.20%; the most recent failed result is attempt-0055, where blocks.1.ln1 coordinate 14 scored 97.53%. The final nearby same-site candidate is blocks.1.ln1 coordinate 15 at -0.024701780. Hypothesis: coordinate 15 may be less leveraged than coordinates 8 and 14 and can be zeroed alongside the eight accepted coordinates, yielding 2,119 parameters. This is more informative than continuing to much larger magnitudes because it completes the contiguous low-magnitude scan at this site; another failure will close further block-1 ln1 pruning.	0	0
attempt-0057	123d3caa480794dcb15fb4260f447355a1cd0581	8e0176ef055a980f1adc4fc0a4cf765c353a5dac	2026-08-16T08:18:51.497454+00:00	99.190000%	2119	keep	Fix the closest-to-neutral LayerNorm scale at one	Family: scalar pruning. Current retained frontier is 2,120 parameters at 99.200000%, a +0.200000 percentage-point margin over 99%. There have been 18 prior attempts in this family. The most recent accepted result is attempt-0048 at 2,120 parameters and 99.20%; the most recent failed result is attempt-0056, the third consecutive additional block-1 ln1 bias failure, at 96.41%, closing further bias pruning there. Across all retained LayerNorm scales, blocks.1.ln1 coordinate 11 is uniquely closest to the neutral value 1.0 at 0.990370095, only 0.009629905 away; the next closest deviation is 0.04748. Hypothesis: fixing this scale exactly to one while retaining all eight accepted bias zeros preserves qualification and yields 2,119 parameters. This is more informative than testing any remaining bias because it changes scalar type and uses the smallest available neutralization perturbation.	0	0
attempt-0058	b331be0c6787df31cb819596d929e0b074169412	123d3caa480794dcb15fb4260f447355a1cd0581	2026-08-16T08:20:34.084538+00:00	97.600000%	2118	discard	Fix the second closest-to-neutral LayerNorm scale	Family: scalar pruning. Current retained frontier is 2,119 parameters at 99.190000%, a +0.190000 percentage-point margin over 99%. There have been 19 prior attempts in this family. The most recent accepted result is attempt-0057, which fixed blocks.1.ln1 scale coordinate 11 to one and retained 99.19% at 2,119 parameters; the most recent failed result is attempt-0056, a bias-coordinate failure at 96.41%. The second closest scale to neutral is blocks.1.ln1 coordinate 4 at 0.952516258, a deviation of 0.047483742. Hypothesis: fixing it to one cumulatively with coordinate 11 preserves qualification and yields 2,118 parameters. This is more informative than the next scale, whose neutral deviation is over twice as large, because it maintains the ordered minimal-perturbation scan in the newly successful scale-pruning subfamily.	0	0
attempt-0059	6ba42351b137fdbf1f4273a6321eeca6a55b57d2	123d3caa480794dcb15fb4260f447355a1cd0581	2026-08-16T08:22:13.807021+00:00	99.050000%	2118	keep	Fix block-1 pre-FF scale coordinate 12 to neutral	Family: scalar pruning. Current retained frontier is 2,119 parameters at 99.190000%, a +0.190000 percentage-point margin over 99%. There have been 20 prior attempts in this family. The most recent accepted result is attempt-0057 at 2,119 parameters and 99.19%; the most recent failed result is attempt-0058, where the second block-1 ln1 scale neutralization scored 97.60%. The next cross-site scale by neutral deviation is blocks.1.ln2 coordinate 12 at 1.113884449, a deviation of 0.113884449. Hypothesis: the failed coordinate was site-specific and fixing this pre-feed-forward scale to one, alongside the one accepted fixed scale and eight accepted bias zeros, preserves qualification at 2,118 parameters. This is more informative than another same-site ln1 scale because it tests the normalization-site distinction that also mattered for bias pruning.	0	0
attempt-0060	1f4ae09952d982f65a416fe6ee3bc59ad8482b1d	6ba42351b137fdbf1f4273a6321eeca6a55b57d2	2026-08-16T08:23:58.107211+00:00	92.290000%	2117	discard	Fix block-0 pre-attention scale coordinate 4 to neutral	Family: scalar pruning. Current retained frontier is 2,118 parameters at 99.050000%, a +0.050000 percentage-point margin over 99%. There have been 21 prior attempts in this family. The most recent accepted result is attempt-0059, which fixed blocks.1.ln2 scale coordinate 12 and retained 99.05% at 2,118 parameters; the most recent failed result is attempt-0058 at 97.60%. The next scale by neutral deviation is blocks.0.ln1 coordinate 4 at 1.143266320, a deviation of 0.143266320. Hypothesis: fixing this coordinate to one alongside the two accepted fixed scales and eight bias zeros preserves the five-case slack and yields 2,117 parameters. This is more informative than the next larger-deviation scale because it continues the global ordered neutralization scan with a new layer/site.	0	0
attempt-0061	13113cdb44ff74c0d2c83691499f09df3d5f0dae	6ba42351b137fdbf1f4273a6321eeca6a55b57d2	2026-08-16T08:25:40.298054+00:00	54.190000%	2117	discard	Fix a second block-1 pre-FF scale to neutral	Family: scalar pruning. Current retained frontier is 2,118 parameters at 99.050000%, a +0.050000 percentage-point margin over 99%. There have been 22 prior attempts in this family. The most recent accepted result is attempt-0059 at 2,118 parameters and 99.05%; the most recent failed result is attempt-0060, where a block-0 ln1 scale neutralization scored 92.29%. At the successful block-1 ln2 site, the next scale by neutral deviation is coordinate 5 at 0.747436225. Hypothesis: fixing it to one cumulatively with coordinate 12 preserves qualification and yields 2,117 parameters. This is more informative than another block-0 scale because attempt-0060 showed that site is highly sensitive, while this test directly probes remaining redundancy at the successful pre-feed-forward site.	0	0
attempt-0062	aa9ebf492e78ef171a0cb17dc0ac91a6ed6bf631	6ba42351b137fdbf1f4273a6321eeca6a55b57d2	2026-08-16T08:28:27.335711+00:00	99.050000%	2117	keep	Tie the closest pair of positional embedding scalars	Family: parameter tying. Current retained frontier is 2,118 parameters at 99.050000%, a +0.050000 percentage-point margin over 99%. There have been 4 prior attempts in this family. The most recent accepted in-family result is attempt-0029, which shared complete attention and feed-forward transforms and reached 99.14%; the most recent failed result is attempt-0034, bias-only LayerNorm sharing that peaked at 93.95% internal validation. The most recent overall attempt, 0061 in scalar pruning, scored 54.19% and closed further scale neutralization. In the retained 512-scalar positional table, flattened coordinates 77 and 498 are the closest pair, 0.00077429198 and 0.00077445369, differing by only 1.617e-7. Hypothesis: representing them with one shared trainable mean preserves qualification and yields 2,117 parameters. This is more informative than the next-closest positional pair because it is the minimal possible honest tying perturbation; the integer reconstruction map contains no learned values.	0	0
attempt-0063	83b639fc510eec5aa73699fe90bc77cedf8f8fa6	aa9ebf492e78ef171a0cb17dc0ac91a6ed6bf631	2026-08-16T08:30:37.100072+00:00	99.050000%	2116	keep	Tie the second-closest positional scalar pair	Family: parameter tying. Current retained frontier is 2,117 parameters at 99.050000%, a +0.050000 percentage-point margin over 99%. There have been 5 prior attempts in this family. The most recent accepted in-family result is attempt-0062, the first positional scalar tie at 2,117 parameters and unchanged 99.05%; the most recent failed in-family result is attempt-0034, LayerNorm bias sharing. Among the 511 retained positional value groups, the next closest pair has representatives 183 and 282, values 0.0132041322 and 0.0132047106, differing by 5.784e-7. Hypothesis: sharing their mean in addition to the accepted first pair preserves qualification and yields 2,116 parameters. This is more informative than the next untested pair because it follows the recomputed closest-group ordering after the first merge and uses a union index map with no learned buffer data.	0	0
attempt-0064	2b1679f9ab93e54217802b1ee0a2524f89df9800	83b639fc510eec5aa73699fe90bc77cedf8f8fa6	2026-08-16T08:32:24.048965+00:00	99.050000%	2115	keep	Tie the third-closest positional scalar pair	Family: parameter tying. Current retained frontier is 2,116 parameters at 99.050000%, a +0.050000 percentage-point margin over 99%. There have been 6 prior attempts in this family. The most recent accepted result is attempt-0063, the second positional scalar tie at 2,116 parameters and unchanged 99.05%; the most recent failed result is attempt-0034, LayerNorm bias sharing. Recomputing over the 510 retained positional groups identifies representatives 181 and 302 as closest, with values -0.0032600686 and -0.0032589545, differing by 1.114e-6. Hypothesis: sharing their mean cumulatively with the two accepted pairs preserves qualification and yields 2,115 parameters. This is more informative than any other untested pair because it is the current minimum-distortion union under the retained table.	0	0
attempt-0065	275f5a92c007fa1b30df65a72f279e3183de3473	2b1679f9ab93e54217802b1ee0a2524f89df9800	2026-08-16T08:34:03.722307+00:00	99.050000%	2114	keep	Tie the fourth-closest positional scalar pair	Family: parameter tying. Current retained frontier is 2,115 parameters at 99.050000%, a +0.050000 percentage-point margin over 99%. There have been 7 prior attempts in this family. The most recent accepted result is attempt-0064, the third positional scalar tie at 2,115 parameters and unchanged 99.05%; the most recent failed result is attempt-0034. Recomputing over the 509 retained positional groups identifies representatives 49 and 125 as closest, with values -0.0000943496 and -0.0000932168, differing by 1.133e-6. Hypothesis: sharing their mean cumulatively preserves qualification and yields 2,114 parameters. This is more informative than any other untested pair because it is the current minimum-distortion union after all retained merges.	0	0
attempt-0066	41c30c0f868c18729e67fc69dc46fc1c51c21a10	275f5a92c007fa1b30df65a72f279e3183de3473	2026-08-16T08:35:35.348895+00:00	99.050000%	2113	keep	Tie the fifth-closest positional scalar pair	Family: parameter tying. Current retained frontier is 2,114 parameters at 99.050000%, a +0.050000 percentage-point margin over 99%. There have been 8 prior attempts in this family. The most recent accepted result is attempt-0065, the fourth positional scalar tie at 2,114 parameters and unchanged 99.05%; the most recent failed result is attempt-0034. The closest current positional groups have representatives 388 and 250, values 0.0151332179 and 0.0151344296, differing by 1.212e-6. Hypothesis: sharing their mean cumulatively preserves qualification and yields 2,113 parameters. This is more informative than any other untested pair because it is the recomputed minimum-distortion union after four accepted merges.	0	0
attempt-0067	af7286709e2dfc1be9fc96de16b82fb5290f3922	41c30c0f868c18729e67fc69dc46fc1c51c21a10	2026-08-16T08:37:19.526262+00:00	99.050000%	2112	keep	Tie the sixth-closest positional scalar pair	Family: parameter tying. Current retained frontier is 2,113 parameters at 99.050000%, a +0.050000 percentage-point margin over 99%. There have been 9 prior attempts in this family. The most recent accepted result is attempt-0066, the fifth positional scalar tie at 2,113 parameters and unchanged 99.05%; the most recent failed result is attempt-0034. The closest current groups have representatives 451 and 367, values 0.0118175559 and 0.0118190972, differing by 1.541e-6. Hypothesis: sharing their mean cumulatively preserves qualification and yields 2,112 parameters. This is more informative than any other untested pair because it is the current minimum-distortion union after five accepted merges.	0	0
attempt-0068	6d4993b59910d42c21d88fff0913989339d44011	af7286709e2dfc1be9fc96de16b82fb5290f3922	2026-08-16T08:38:54.956646+00:00	99.050000%	2111	keep	Tie the seventh-closest positional scalar pair	Family: parameter tying. Current retained frontier is 2,112 parameters at 99.050000%, a +0.050000 percentage-point margin over 99%. There have been 10 prior attempts in this family. The most recent accepted result is attempt-0067, the sixth positional scalar tie at 2,112 parameters and unchanged 99.05%; the most recent failed result is attempt-0034. The closest current groups have representatives 450 and 418, values -0.0206597243 and -0.0206578653, differing by 1.859e-6. Hypothesis: sharing their mean cumulatively preserves qualification and yields 2,111 parameters. This is more informative than any other untested pair because it is the current minimum-distortion union after six accepted merges.	0	0
attempt-0069	a415980133a0df5625721cfe2125d6456b5d62ef	6d4993b59910d42c21d88fff0913989339d44011	2026-08-16T08:40:30.994481+00:00	99.050000%	2110	keep	Tie the eighth-closest positional scalar pair	Family: parameter tying. Current retained frontier is 2,111 parameters at 99.050000%, a +0.050000 percentage-point margin over 99%. There have been 11 prior attempts in this family. The most recent accepted result is attempt-0068, the seventh positional scalar tie at 2,111 parameters and unchanged 99.05%; the most recent failed result is attempt-0034. The closest current groups have representatives 237 and 222, values -0.0138146784 and -0.0138127590, differing by 1.919e-6. Hypothesis: sharing their mean cumulatively preserves qualification and yields 2,110 parameters. This is more informative than any other untested pair because it is the recomputed minimum-distortion union after seven accepted merges.	0	0
attempt-0070	ee3f9ce8e9dee19b1baf27556cd9b4d3b0b2e231	a415980133a0df5625721cfe2125d6456b5d62ef	2026-08-16T08:42:08.540677+00:00	99.040000%	2109	keep	Tie the ninth-closest positional scalar groups	Family: parameter tying. Current retained frontier is 2,110 parameters at 99.050000%, a +0.050000 percentage-point margin over 99%. There have been 12 prior attempts in this family. The most recent accepted result is attempt-0069, the eighth positional tie at 2,110 parameters and unchanged 99.05%; the most recent failed result is attempt-0034. The closest current groups have representatives 70 and 183, values 0.0132020144 and 0.0132044218, differing by 2.407e-6; representative 183 already denotes the accepted 183/282 group. Hypothesis: unioning coordinate 70 into that group with a multiplicity-weighted mean preserves qualification and yields 2,109 parameters. This is more informative than any other untested union because it is the current minimum-distortion group merge after eight accepted reductions.	0	0
attempt-0071	1940545d6bd9e98fc656a5cd4bc5a848a1dde80d	ee3f9ce8e9dee19b1baf27556cd9b4d3b0b2e231	2026-08-16T08:43:47.841107+00:00	99.050000%	2108	keep	Tie the tenth-closest positional scalar groups	Family: parameter tying. Current retained frontier is 2,109 parameters at 99.040000%, a +0.040000 percentage-point margin over 99%. There have been 13 prior attempts in this family. The most recent accepted result is attempt-0070, the ninth positional union at 2,109 parameters and 99.04%; the most recent failed result is attempt-0034. The closest current groups have representatives 409 and 208, values -0.0037917511 and -0.0037891832, differing by 2.568e-6. Hypothesis: sharing their mean cumulatively preserves the four-case qualification slack and yields 2,108 parameters; otherwise rollback closes this exact branch at attempt 70. This is more informative than any other untested union because it is the recomputed minimum-distortion merge.	0	0
attempt-0072	295e97256eee4dbd47eea72a7ddefba73d3ca849	1940545d6bd9e98fc656a5cd4bc5a848a1dde80d	2026-08-16T08:45:21.298851+00:00	99.040000%	2107	keep	Tie the eleventh-closest positional scalar groups	Family: parameter tying. Current retained frontier is 2,108 parameters at 99.050000%, a +0.050000 percentage-point margin over 99%. There have been 14 prior attempts in this family. The most recent accepted result is attempt-0071, the tenth positional union at 2,108 parameters and 99.05%; the most recent failed result is attempt-0034. The closest current groups have representatives 500 and 273, values 0.0105745886 and 0.0105778286, differing by 3.240e-6. Hypothesis: sharing their mean cumulatively preserves qualification and yields 2,107 parameters. This is more informative than any other untested union because it is the recomputed minimum-distortion merge after ten accepted positional reductions.	0	0
attempt-0073	e67d9f4043a9d2840e49e59fa14b5c52b918847e	295e97256eee4dbd47eea72a7ddefba73d3ca849	2026-08-16T08:47:02.446413+00:00	99.050000%	2106	keep	Tie the twelfth-closest positional scalar groups	Family: parameter tying. Current retained frontier is 2,107 parameters at 99.040000%, a +0.040000 percentage-point margin over 99%. There have been 15 prior attempts in this family. The most recent accepted result is attempt-0072, the eleventh positional union at 2,107 parameters and 99.04%; the most recent failed result is attempt-0034. The closest current groups have representatives 250 and 38, values 0.0151338242 and 0.0151371248, differing by 3.301e-6; representative 250 belongs to the accepted 388/250 group. Hypothesis: unioning coordinate 38 into that group with a multiplicity-weighted mean preserves qualification and yields 2,106 parameters. This is more informative than any other untested merge because it is the current minimum-distortion positional union.	0	0
attempt-0074	346d89912f272074b2f8878b19d2df19def9735e	e67d9f4043a9d2840e49e59fa14b5c52b918847e	2026-08-16T08:49:57.831162+00:00	99.050000%	2105	keep	Tie the thirteenth-closest positional scalar groups	Family: parameter tying. Current retained frontier is 2,106 parameters at 99.050000%, a +0.050000 percentage-point margin over 99%. There have been 16 prior attempts in this family. The most recent accepted result is attempt-0073, the twelfth positional union at 2,106 parameters and 99.05%; the most recent failed result is attempt-0034. The closest current groups have representatives 335 and 48, values 0.0029729181 and 0.0029764434, differing by 3.525e-6. Hypothesis: unioning these scalar groups with a multiplicity-weighted mean preserves qualification and yields 2,105 parameters. This is more informative than any other untested merge because it is the current minimum-distortion positional union.	0	0
attempt-0075	346d89912f272074b2f8878b19d2df19def9735e	346d89912f272074b2f8878b19d2df19def9735e	2026-08-16T08:52:25.747531+00:00			discard	[automation:nearest-position-unions] Greedily union the least-separated learned positional scalar groups | Ran 1 of 20 declared micro-trials and stopped immediately on the first error. The candidate was not trained or verified: an implementation error in the helper removed the closing parenthesis of the prior tied pair, producing a SyntaxError in src/model.py. Frontier remained 2,105 parameters at 99.05%; 0 accepted, 1 error, negligible training compute.	Family: parameter tying. Current retained frontier is 2,105 parameters at 99.050000%, a +0.050000 percentage-point margin over 99%. There have been 17 prior attempts in this family. The most recent accepted result is attempt-0074, the thirteenth positional union at 2,105 parameters and 99.05%; the most recent failed result is attempt-0034, shared normalization biases. Hypothesis: further parameterization-preserving unions of the numerically closest learned positional scalar groups can remove parameters while preserving the represented checkpoint closely enough to qualify. Candidate ordering is ascending absolute difference between current group values, excluding any group pair already rejected within this automation; this is more informative than the nearest untested alternative because each trial is by definition the minimum-distortion eligible union. Each micro-trial changes exactly one group union and is accepted or rolled back solely by run_attempt.py under the strict fewer-parameters and at-least-99% rule. Stop after 20 micro-trials, immediately on an execution error, or if no eligible pair remains. Compute budget: at most 20 checkpoint migrations and official verifications, 30 minutes wall-clock.		
attempt-0076	91c23347ef536d769ead1c1934017082ebad35e0	346d89912f272074b2f8878b19d2df19def9735e	2026-08-16T09:14:10.487162+00:00	99.040000%	2085	keep	[automation:nearest-position-unions-repair] Repair and resume greedy nearest positional scalar unions | Completed the declared 20 nearest-group positional unions in 20 minutes 53 seconds. All 20 micro-trials qualified and were retained; 0 discards and 0 errors. The frontier moved from 2,105 parameters at 99.05% to 2,085 parameters at 99.04%. Pairwise value differences rose from 4.198e-6 to 1.285e-5; stop reason was the fixed 20-micro-trial cap. Training used checkpoint migration rather than fresh optimization, followed by 20 official verifications.	Family: parameter tying. Current retained frontier is 2,105 parameters at 99.050000%, a +0.050000 percentage-point margin over 99%. There have been 18 prior attempts in this family. The most recent accepted result is attempt-0074 at 2,105 parameters and 99.05%; the most recent failed result is attempt-0075, whose only micro-trial was an implementation error before training because the helper removed a required closing parenthesis. This is the permitted repair of that reproducible implementation error: the source splice now retains the existing pair close, while the intended candidate and conditions are otherwise unchanged. Hypothesis: parameterization-preserving unions of the closest learned positional scalar groups can continue reducing count without losing qualification. Ordering is ascending absolute group-value difference, excluding exact rejected pairs; this is more informative than the nearest untested alternative because each selected pair is the minimum-distortion eligible union. The official runner alone accepts or rolls back each one-pair candidate. Stop after 20 micro-trials, immediately on any further execution error, or if no pair remains. Compute budget: at most 20 migrations and official verifications, 30 minutes wall-clock.		
attempt-0077	745ee602559ef4b70f7689cc20af71de7bd6d7d1	91c23347ef536d769ead1c1934017082ebad35e0	2026-08-16T09:16:51.995515+00:00	99.040000%	2084	keep	[automation:position-union-0077] Test nearest eligible position groups 66 and 312 | Completed the fixed one-micro-trial boundary in 61.4 seconds: 1 accepted, 0 discarded, 0 errors; frontier is 2084 parameters at 99.040000%. Tested group representatives 66/312 at difference 1.346e-05; stop reason was the declared one-trial cap.	Family: parameter tying. Current retained frontier is 2,085 parameters at 99.040000%, a +0.040000 percentage-point margin over 99%. There have been 19 prior attempts in this family. The most recent accepted result is attempt-0076 (keep, 2085 parameters, 99.040000%); the most recent failed result is attempt-0075 (discard, no parameter count parameters, no score). Hypothesis: the one-parameter, parameterization-preserving union of current positional groups represented by coordinates 66 and 312, with values -0.0118125025 and -0.0117990421 (difference 1.346e-05), preserves qualification using a multiplicity-weighted mean and yields 2,084 parameters. Candidate ordering is ascending current absolute group-value difference with previously nonqualifying exact pairs excluded. This is more informative than the nearest untested alternative (difference 1.516e-05) because it is the eligible minimum-distortion merge. The official runner alone accepts or rolls back. Stop after exactly one micro-trial or immediately on error. Compute budget: one checkpoint migration, one official verification, and two minutes wall-clock.		
attempt-0078	2ca5332ccd65887d526976dc70c6cca2e77d5017	745ee602559ef4b70f7689cc20af71de7bd6d7d1	2026-08-16T09:17:53.907490+00:00	99.040000%	2083	keep	[automation:position-union-0078] Test nearest eligible position groups 64 and 330 | Completed the fixed one-micro-trial boundary in 61.8 seconds: 1 accepted, 0 discarded, 0 errors; frontier is 2083 parameters at 99.040000%. Tested group representatives 64/330 at difference 1.516e-05; stop reason was the declared one-trial cap.	Family: parameter tying. Current retained frontier is 2,084 parameters at 99.040000%, a +0.040000 percentage-point margin over 99%. There have been 20 prior attempts in this family. The most recent accepted result is attempt-0077 (keep, 2084 parameters, 99.040000%); the most recent failed result is attempt-0075 (discard, no parameter count parameters, no score). Hypothesis: the one-parameter, parameterization-preserving union of current positional groups represented by coordinates 64 and 330, with values 0.0042936467 and 0.0043088091 (difference 1.516e-05), preserves qualification using a multiplicity-weighted mean and yields 2,083 parameters. Candidate ordering is ascending current absolute group-value difference with previously nonqualifying exact pairs excluded. This is more informative than the nearest untested alternative (difference 1.530e-05) because it is the eligible minimum-distortion merge. The official runner alone accepts or rolls back. Stop after exactly one micro-trial or immediately on error. Compute budget: one checkpoint migration, one official verification, and two minutes wall-clock.		
attempt-0079	f7d3cea9eb59c8192f028a30071bf3f7763c222f	2ca5332ccd65887d526976dc70c6cca2e77d5017	2026-08-16T09:18:55.523072+00:00	99.040000%	2082	keep	[automation:position-union-0079] Test nearest eligible position groups 233 and 306 | Completed the fixed one-micro-trial boundary in 61.5 seconds: 1 accepted, 0 discarded, 0 errors; frontier is 2082 parameters at 99.040000%. Tested group representatives 233/306 at difference 1.530e-05; stop reason was the declared one-trial cap.	Family: parameter tying. Current retained frontier is 2,083 parameters at 99.040000%, a +0.040000 percentage-point margin over 99%. There have been 21 prior attempts in this family. The most recent accepted result is attempt-0078 (keep, 2083 parameters, 99.040000%); the most recent failed result is attempt-0075 (discard, no parameter count parameters, no score). Hypothesis: the one-parameter, parameterization-preserving union of current positional groups represented by coordinates 233 and 306, with values 0.0013918133 and 0.0014071175 (difference 1.530e-05), preserves qualification using a multiplicity-weighted mean and yields 2,082 parameters. Candidate ordering is ascending current absolute group-value difference with previously nonqualifying exact pairs excluded. This is more informative than the nearest untested alternative (difference 1.647e-05) because it is the eligible minimum-distortion merge. The official runner alone accepts or rolls back. Stop after exactly one micro-trial or immediately on error. Compute budget: one checkpoint migration, one official verification, and two minutes wall-clock.		
attempt-0080	90bfdbea2f69c085ddb586d995e87c8076c8ee1e	f7d3cea9eb59c8192f028a30071bf3f7763c222f	2026-08-16T09:19:57.504734+00:00	99.040000%	2081	keep	[automation:position-union-0080] Test nearest eligible position groups 361 and 469 | Completed the fixed one-micro-trial boundary in 61.9 seconds: 1 accepted, 0 discarded, 0 errors; frontier is 2081 parameters at 99.040000%. Tested group representatives 361/469 at difference 1.647e-05; stop reason was the declared one-trial cap.	Family: parameter tying. Current retained frontier is 2,082 parameters at 99.040000%, a +0.040000 percentage-point margin over 99%. There have been 22 prior attempts in this family. The most recent accepted result is attempt-0079 (keep, 2082 parameters, 99.040000%); the most recent failed result is attempt-0075 (discard, no parameter count parameters, no score). Hypothesis: the one-parameter, parameterization-preserving union of current positional groups represented by coordinates 361 and 469, with values -0.0130450493 and -0.0130285807 (difference 1.647e-05), preserves qualification using a multiplicity-weighted mean and yields 2,081 parameters. Candidate ordering is ascending current absolute group-value difference with previously nonqualifying exact pairs excluded. This is more informative than the nearest untested alternative (difference 1.661e-05) because it is the eligible minimum-distortion merge. The official runner alone accepts or rolls back. Stop after exactly one micro-trial or immediately on error. Compute budget: one checkpoint migration, one official verification, and two minutes wall-clock.		
attempt-0081	098ef5f0fe5dbf8fba735120d84e43086ea81754	90bfdbea2f69c085ddb586d995e87c8076c8ee1e	2026-08-16T09:21:00.124186+00:00	99.040000%	2080	keep	[automation:position-union-0081] Test nearest eligible position groups 473 and 99 | Completed the fixed one-micro-trial boundary in 62.5 seconds: 1 accepted, 0 discarded, 0 errors; frontier is 2080 parameters at 99.040000%. Tested group representatives 473/99 at difference 1.661e-05; stop reason was the declared one-trial cap.	Family: parameter tying. Current retained frontier is 2,081 parameters at 99.040000%, a +0.040000 percentage-point margin over 99%. There have been 23 prior attempts in this family. The most recent accepted result is attempt-0080 (keep, 2081 parameters, 99.040000%); the most recent failed result is attempt-0075 (discard, no parameter count parameters, no score). Hypothesis: the one-parameter, parameterization-preserving union of current positional groups represented by coordinates 473 and 99, with values -0.0121204974 and -0.0121038873 (difference 1.661e-05), preserves qualification using a multiplicity-weighted mean and yields 2,080 parameters. Candidate ordering is ascending current absolute group-value difference with previously nonqualifying exact pairs excluded. This is more informative than the nearest untested alternative (difference 1.664e-05) because it is the eligible minimum-distortion merge. The official runner alone accepts or rolls back. Stop after exactly one micro-trial or immediately on error. Compute budget: one checkpoint migration, one official verification, and two minutes wall-clock.		
attempt-0082	7e078695e02f177b77862e7d08da95bde163e376	098ef5f0fe5dbf8fba735120d84e43086ea81754	2026-08-16T09:22:02.015155+00:00	99.040000%	2079	keep	[automation:position-union-0082] Test nearest eligible position groups 25 and 454 | Completed the fixed one-micro-trial boundary in 61.8 seconds: 1 accepted, 0 discarded, 0 errors; frontier is 2079 parameters at 99.040000%. Tested group representatives 25/454 at difference 1.664e-05; stop reason was the declared one-trial cap.	Family: parameter tying. Current retained frontier is 2,080 parameters at 99.040000%, a +0.040000 percentage-point margin over 99%. There have been 24 prior attempts in this family. The most recent accepted result is attempt-0081 (keep, 2080 parameters, 99.040000%); the most recent failed result is attempt-0075 (discard, no parameter count parameters, no score). Hypothesis: the one-parameter, parameterization-preserving union of current positional groups represented by coordinates 25 and 454, with values -0.0134330411 and -0.0134163965 (difference 1.664e-05), preserves qualification using a multiplicity-weighted mean and yields 2,079 parameters. Candidate ordering is ascending current absolute group-value difference with previously nonqualifying exact pairs excluded. This is more informative than the nearest untested alternative (difference 1.675e-05) because it is the eligible minimum-distortion merge. The official runner alone accepts or rolls back. Stop after exactly one micro-trial or immediately on error. Compute budget: one checkpoint migration, one official verification, and two minutes wall-clock.		
attempt-0083	2d1c4a7251a2cbd70ec4a98b62c74e90f4f269a4	7e078695e02f177b77862e7d08da95bde163e376	2026-08-16T09:23:04.163187+00:00	99.040000%	2078	keep	[automation:position-union-0083] Test nearest eligible position groups 142 and 169 | Completed the fixed one-micro-trial boundary in 62.1 seconds: 1 accepted, 0 discarded, 0 errors; frontier is 2078 parameters at 99.040000%. Tested group representatives 142/169 at difference 1.675e-05; stop reason was the declared one-trial cap.	Family: parameter tying. Current retained frontier is 2,079 parameters at 99.040000%, a +0.040000 percentage-point margin over 99%. There have been 25 prior attempts in this family. The most recent accepted result is attempt-0082 (keep, 2079 parameters, 99.040000%); the most recent failed result is attempt-0075 (discard, no parameter count parameters, no score). Hypothesis: the one-parameter, parameterization-preserving union of current positional groups represented by coordinates 142 and 169, with values -0.0174008161 and -0.0173840653 (difference 1.675e-05), preserves qualification using a multiplicity-weighted mean and yields 2,078 parameters. Candidate ordering is ascending current absolute group-value difference with previously nonqualifying exact pairs excluded. This is more informative than the nearest untested alternative (difference 1.685e-05) because it is the eligible minimum-distortion merge. The official runner alone accepts or rolls back. Stop after exactly one micro-trial or immediately on error. Compute budget: one checkpoint migration, one official verification, and two minutes wall-clock.		
attempt-0084	5e60799be92be4001b64222fb0bf0b4c834d4b98	2d1c4a7251a2cbd70ec4a98b62c74e90f4f269a4	2026-08-16T09:24:06.116740+00:00	99.040000%	2077	keep	[automation:position-union-0084] Test nearest eligible position groups 441 and 173 | Completed the fixed one-micro-trial boundary in 61.9 seconds: 1 accepted, 0 discarded, 0 errors; frontier is 2077 parameters at 99.040000%. Tested group representatives 441/173 at difference 1.685e-05; stop reason was the declared one-trial cap.	Family: parameter tying. Current retained frontier is 2,078 parameters at 99.040000%, a +0.040000 percentage-point margin over 99%. There have been 26 prior attempts in this family. The most recent accepted result is attempt-0083 (keep, 2078 parameters, 99.040000%); the most recent failed result is attempt-0075 (discard, no parameter count parameters, no score). Hypothesis: the one-parameter, parameterization-preserving union of current positional groups represented by coordinates 441 and 173, with values -0.0081322808 and -0.0081154266 (difference 1.685e-05), preserves qualification using a multiplicity-weighted mean and yields 2,077 parameters. Candidate ordering is ascending current absolute group-value difference with previously nonqualifying exact pairs excluded. This is more informative than the nearest untested alternative (difference 1.690e-05) because it is the eligible minimum-distortion merge. The official runner alone accepts or rolls back. Stop after exactly one micro-trial or immediately on error. Compute budget: one checkpoint migration, one official verification, and two minutes wall-clock.		
attempt-0085	bfcc1f1ee12be3ff60437d9dd210e6c275245adf	5e60799be92be4001b64222fb0bf0b4c834d4b98	2026-08-16T09:25:07.657767+00:00	99.040000%	2076	keep	[automation:position-union-0085] Test nearest eligible position groups 139 and 279 | Completed the fixed one-micro-trial boundary in 61.5 seconds: 1 accepted, 0 discarded, 0 errors; frontier is 2076 parameters at 99.040000%. Tested group representatives 139/279 at difference 1.690e-05; stop reason was the declared one-trial cap.	Family: parameter tying. Current retained frontier is 2,077 parameters at 99.040000%, a +0.040000 percentage-point margin over 99%. There have been 27 prior attempts in this family. The most recent accepted result is attempt-0084 (keep, 2077 parameters, 99.040000%); the most recent failed result is attempt-0075 (discard, no parameter count parameters, no score). Hypothesis: the one-parameter, parameterization-preserving union of current positional groups represented by coordinates 139 and 279, with values 0.0168967135 and 0.0169136096 (difference 1.690e-05), preserves qualification using a multiplicity-weighted mean and yields 2,076 parameters. Candidate ordering is ascending current absolute group-value difference with previously nonqualifying exact pairs excluded. This is more informative than the nearest untested alternative (difference 1.704e-05) because it is the eligible minimum-distortion merge. The official runner alone accepts or rolls back. Stop after exactly one micro-trial or immediately on error. Compute budget: one checkpoint migration, one official verification, and two minutes wall-clock.		
attempt-0086	1449cf3f91dd4c050c96398b1759076c92dbd86f	bfcc1f1ee12be3ff60437d9dd210e6c275245adf	2026-08-16T09:26:09.196971+00:00	99.040000%	2075	keep	[automation:position-union-0086] Test nearest eligible position groups 391 and 353 | Completed the fixed one-micro-trial boundary in 61.4 seconds: 1 accepted, 0 discarded, 0 errors; frontier is 2075 parameters at 99.040000%. Tested group representatives 391/353 at difference 1.704e-05; stop reason was the declared one-trial cap.	Family: parameter tying. Current retained frontier is 2,076 parameters at 99.040000%, a +0.040000 percentage-point margin over 99%. There have been 28 prior attempts in this family. The most recent accepted result is attempt-0085 (keep, 2076 parameters, 99.040000%); the most recent failed result is attempt-0075 (discard, no parameter count parameters, no score). Hypothesis: the one-parameter, parameterization-preserving union of current positional groups represented by coordinates 391 and 353, with values 0.0065754987 and 0.0065925373 (difference 1.704e-05), preserves qualification using a multiplicity-weighted mean and yields 2,075 parameters. Candidate ordering is ascending current absolute group-value difference with previously nonqualifying exact pairs excluded. This is more informative than the nearest untested alternative (difference 1.705e-05) because it is the eligible minimum-distortion merge. The official runner alone accepts or rolls back. Stop after exactly one micro-trial or immediately on error. Compute budget: one checkpoint migration, one official verification, and two minutes wall-clock.		
attempt-0087	f2aff0e7d0d88adacdc277104ae324946571744d	1449cf3f91dd4c050c96398b1759076c92dbd86f	2026-08-16T09:27:28.697828+00:00	99.040000%	2074	keep	[automation:position-union-0087] Test nearest eligible position groups 452 and 447 | Completed the fixed one-micro-trial boundary in 62.3 seconds: 1 accepted, 0 discarded, 0 errors; frontier is 2074 parameters at 99.040000%. Tested group representatives 452/447 at difference 1.705e-05; stop reason was the declared one-trial cap.	Family: parameter tying. Current retained frontier is 2,075 parameters at 99.040000%, a +0.040000 percentage-point margin over 99%. There have been 29 prior attempts in this family. The most recent accepted result is attempt-0086 (keep, 2075 parameters, 99.040000%); the most recent failed result is attempt-0075 (discard, no parameter count parameters, no score). Hypothesis: the one-parameter, parameterization-preserving union of current positional groups represented by coordinates 452 and 447, with values -0.0080402214 and -0.0080231763 (difference 1.705e-05), preserves qualification using a multiplicity-weighted mean and yields 2,074 parameters. Candidate ordering is ascending current absolute group-value difference with previously nonqualifying exact pairs excluded. This is more informative than the nearest untested alternative (difference 1.728e-05) because it is the eligible minimum-distortion merge. The official runner alone accepts or rolls back. Stop after exactly one micro-trial or immediately on error. Compute budget: one checkpoint migration, one official verification, and two minutes wall-clock.		
attempt-0088	52759de620f498f40198cb340942676d78b5c266	f2aff0e7d0d88adacdc277104ae324946571744d	2026-08-16T09:28:30.546837+00:00	99.040000%	2073	keep	[automation:position-union-0088] Test nearest eligible position groups 217 and 482 | Completed the fixed one-micro-trial boundary in 61.7 seconds: 1 accepted, 0 discarded, 0 errors; frontier is 2073 parameters at 99.040000%. Tested group representatives 217/482 at difference 1.728e-05; stop reason was the declared one-trial cap.	Family: parameter tying. Current retained frontier is 2,074 parameters at 99.040000%, a +0.040000 percentage-point margin over 99%. There have been 30 prior attempts in this family. The most recent accepted result is attempt-0087 (keep, 2074 parameters, 99.040000%); the most recent failed result is attempt-0075 (discard, no parameter count parameters, no score). Hypothesis: the one-parameter, parameterization-preserving union of current positional groups represented by coordinates 217 and 482, with values 0.0024018355 and 0.0024191204 (difference 1.728e-05), preserves qualification using a multiplicity-weighted mean and yields 2,073 parameters. Candidate ordering is ascending current absolute group-value difference with previously nonqualifying exact pairs excluded. This is more informative than the nearest untested alternative (difference 1.741e-05) because it is the eligible minimum-distortion merge. The official runner alone accepts or rolls back. Stop after exactly one micro-trial or immediately on error. Compute budget: one checkpoint migration, one official verification, and two minutes wall-clock.		
attempt-0089	e88245de6e18a38efc869e0d684fffe2279ebd6d	52759de620f498f40198cb340942676d78b5c266	2026-08-16T09:29:32.804866+00:00	99.040000%	2072	keep	[automation:position-union-0089] Test nearest eligible position groups 386 and 83 | Completed the fixed one-micro-trial boundary in 62.2 seconds: 1 accepted, 0 discarded, 0 errors; frontier is 2072 parameters at 99.040000%. Tested group representatives 386/83 at difference 1.741e-05; stop reason was the declared one-trial cap.	Family: parameter tying. Current retained frontier is 2,073 parameters at 99.040000%, a +0.040000 percentage-point margin over 99%. There have been 31 prior attempts in this family. The most recent accepted result is attempt-0088 (keep, 2073 parameters, 99.040000%); the most recent failed result is attempt-0075 (discard, no parameter count parameters, no score). Hypothesis: the one-parameter, parameterization-preserving union of current positional groups represented by coordinates 386 and 83, with values -0.0120240804 and -0.0120066665 (difference 1.741e-05), preserves qualification using a multiplicity-weighted mean and yields 2,072 parameters. Candidate ordering is ascending current absolute group-value difference with previously nonqualifying exact pairs excluded. This is more informative than the nearest untested alternative (difference 1.761e-05) because it is the eligible minimum-distortion merge. The official runner alone accepts or rolls back. Stop after exactly one micro-trial or immediately on error. Compute budget: one checkpoint migration, one official verification, and two minutes wall-clock.		
attempt-0090	055e311aad20a0fca04d4ddacb32507bd82a3c81	e88245de6e18a38efc869e0d684fffe2279ebd6d	2026-08-16T09:30:35.005277+00:00	99.040000%	2071	keep	[automation:position-union-0090] Test nearest eligible position groups 33 and 429 | Completed the fixed one-micro-trial boundary in 62.1 seconds: 1 accepted, 0 discarded, 0 errors; frontier is 2071 parameters at 99.040000%. Tested group representatives 33/429 at difference 1.761e-05; stop reason was the declared one-trial cap.	Family: parameter tying. Current retained frontier is 2,072 parameters at 99.040000%, a +0.040000 percentage-point margin over 99%. There have been 32 prior attempts in this family. The most recent accepted result is attempt-0089 (keep, 2072 parameters, 99.040000%); the most recent failed result is attempt-0075 (discard, no parameter count parameters, no score). Hypothesis: the one-parameter, parameterization-preserving union of current positional groups represented by coordinates 33 and 429, with values 0.0309574809 and 0.0309750866 (difference 1.761e-05), preserves qualification using a multiplicity-weighted mean and yields 2,071 parameters. Candidate ordering is ascending current absolute group-value difference with previously nonqualifying exact pairs excluded. This is more informative than the nearest untested alternative (difference 1.765e-05) because it is the eligible minimum-distortion merge. The official runner alone accepts or rolls back. Stop after exactly one micro-trial or immediately on error. Compute budget: one checkpoint migration, one official verification, and two minutes wall-clock.		
attempt-0091	e0b4bfd7aec485519de1084994e914220b5fc550	055e311aad20a0fca04d4ddacb32507bd82a3c81	2026-08-16T09:31:36.852601+00:00	99.040000%	2070	keep	[automation:position-union-0091] Test nearest eligible position groups 105 and 290 | Completed the fixed one-micro-trial boundary in 61.8 seconds: 1 accepted, 0 discarded, 0 errors; frontier is 2070 parameters at 99.040000%. Tested group representatives 105/290 at difference 1.765e-05; stop reason was the declared one-trial cap.	Family: parameter tying. Current retained frontier is 2,071 parameters at 99.040000%, a +0.040000 percentage-point margin over 99%. There have been 33 prior attempts in this family. The most recent accepted result is attempt-0090 (keep, 2071 parameters, 99.040000%); the most recent failed result is attempt-0075 (discard, no parameter count parameters, no score). Hypothesis: the one-parameter, parameterization-preserving union of current positional groups represented by coordinates 105 and 290, with values -0.0133752627 and -0.0133576095 (difference 1.765e-05), preserves qualification using a multiplicity-weighted mean and yields 2,070 parameters. Candidate ordering is ascending current absolute group-value difference with previously nonqualifying exact pairs excluded. This is more informative than the nearest untested alternative (difference 1.836e-05) because it is the eligible minimum-distortion merge. The official runner alone accepts or rolls back. Stop after exactly one micro-trial or immediately on error. Compute budget: one checkpoint migration, one official verification, and two minutes wall-clock.		
attempt-0092	a2e43ebbd2ca07e3b9c078b4a7f065df6abc11d1	e0b4bfd7aec485519de1084994e914220b5fc550	2026-08-16T09:32:39.225993+00:00	99.040000%	2069	keep	[automation:position-union-0092] Test nearest eligible position groups 50 and 161 | Completed the fixed one-micro-trial boundary in 62.3 seconds: 1 accepted, 0 discarded, 0 errors; frontier is 2069 parameters at 99.040000%. Tested group representatives 50/161 at difference 1.836e-05; stop reason was the declared one-trial cap.	Family: parameter tying. Current retained frontier is 2,070 parameters at 99.040000%, a +0.040000 percentage-point margin over 99%. There have been 34 prior attempts in this family. The most recent accepted result is attempt-0091 (keep, 2070 parameters, 99.040000%); the most recent failed result is attempt-0075 (discard, no parameter count parameters, no score). Hypothesis: the one-parameter, parameterization-preserving union of current positional groups represented by coordinates 50 and 161, with values -0.0137402015 and -0.0137218442 (difference 1.836e-05), preserves qualification using a multiplicity-weighted mean and yields 2,069 parameters. Candidate ordering is ascending current absolute group-value difference with previously nonqualifying exact pairs excluded. This is more informative than the nearest untested alternative (difference 1.861e-05) because it is the eligible minimum-distortion merge. The official runner alone accepts or rolls back. Stop after exactly one micro-trial or immediately on error. Compute budget: one checkpoint migration, one official verification, and two minutes wall-clock.		
attempt-0093	61ef15f4bccce205c805f229e650bac58ed7918e	a2e43ebbd2ca07e3b9c078b4a7f065df6abc11d1	2026-08-16T09:33:41.366257+00:00	99.040000%	2068	keep	[automation:position-union-0093] Test nearest eligible position groups 509 and 84 | Completed the fixed one-micro-trial boundary in 62.0 seconds: 1 accepted, 0 discarded, 0 errors; frontier is 2068 parameters at 99.040000%. Tested group representatives 509/84 at difference 1.861e-05; stop reason was the declared one-trial cap.	Family: parameter tying. Current retained frontier is 2,069 parameters at 99.040000%, a +0.040000 percentage-point margin over 99%. There have been 35 prior attempts in this family. The most recent accepted result is attempt-0092 (keep, 2069 parameters, 99.040000%); the most recent failed result is attempt-0075 (discard, no parameter count parameters, no score). Hypothesis: the one-parameter, parameterization-preserving union of current positional groups represented by coordinates 509 and 84, with values -0.0472288392 and -0.0472102277 (difference 1.861e-05), preserves qualification using a multiplicity-weighted mean and yields 2,068 parameters. Candidate ordering is ascending current absolute group-value difference with previously nonqualifying exact pairs excluded. This is more informative than the nearest untested alternative (difference 1.957e-05) because it is the eligible minimum-distortion merge. The official runner alone accepts or rolls back. Stop after exactly one micro-trial or immediately on error. Compute budget: one checkpoint migration, one official verification, and two minutes wall-clock.		
attempt-0094	322e1131336315bdd55708e83ea21916ffa6e822	61ef15f4bccce205c805f229e650bac58ed7918e	2026-08-16T09:34:43.381717+00:00	99.040000%	2067	keep	[automation:position-union-0094] Test nearest eligible position groups 211 and 41 | Completed the fixed one-micro-trial boundary in 61.9 seconds: 1 accepted, 0 discarded, 0 errors; frontier is 2067 parameters at 99.040000%. Tested group representatives 211/41 at difference 1.957e-05; stop reason was the declared one-trial cap.	Family: parameter tying. Current retained frontier is 2,068 parameters at 99.040000%, a +0.040000 percentage-point margin over 99%. There have been 36 prior attempts in this family. The most recent accepted result is attempt-0093 (keep, 2068 parameters, 99.040000%); the most recent failed result is attempt-0075 (discard, no parameter count parameters, no score). Hypothesis: the one-parameter, parameterization-preserving union of current positional groups represented by coordinates 211 and 41, with values 0.0005271967 and 0.0005467650 (difference 1.957e-05), preserves qualification using a multiplicity-weighted mean and yields 2,067 parameters. Candidate ordering is ascending current absolute group-value difference with previously nonqualifying exact pairs excluded. This is more informative than the nearest untested alternative (difference 1.958e-05) because it is the eligible minimum-distortion merge. The official runner alone accepts or rolls back. Stop after exactly one micro-trial or immediately on error. Compute budget: one checkpoint migration, one official verification, and two minutes wall-clock.		
attempt-0095	015eda7d1095954858602a52c1c8e8c9757cf6b2	322e1131336315bdd55708e83ea21916ffa6e822	2026-08-16T09:35:45.010113+00:00	99.040000%	2066	keep	[automation:position-union-0095] Test nearest eligible position groups 271 and 254 | Completed the fixed one-micro-trial boundary in 61.5 seconds: 1 accepted, 0 discarded, 0 errors; frontier is 2066 parameters at 99.040000%. Tested group representatives 271/254 at difference 1.958e-05; stop reason was the declared one-trial cap.	Family: parameter tying. Current retained frontier is 2,067 parameters at 99.040000%, a +0.040000 percentage-point margin over 99%. There have been 37 prior attempts in this family. The most recent accepted result is attempt-0094 (keep, 2067 parameters, 99.040000%); the most recent failed result is attempt-0075 (discard, no parameter count parameters, no score). Hypothesis: the one-parameter, parameterization-preserving union of current positional groups represented by coordinates 271 and 254, with values 0.0000570905 and 0.0000766712 (difference 1.958e-05), preserves qualification using a multiplicity-weighted mean and yields 2,066 parameters. Candidate ordering is ascending current absolute group-value difference with previously nonqualifying exact pairs excluded. This is more informative than the nearest untested alternative (difference 2.175e-05) because it is the eligible minimum-distortion merge. The official runner alone accepts or rolls back. Stop after exactly one micro-trial or immediately on error. Compute budget: one checkpoint migration, one official verification, and two minutes wall-clock.		
attempt-0096	543a01fe7e118c0bd013a4abdfe4044b07a43d52	015eda7d1095954858602a52c1c8e8c9757cf6b2	2026-08-16T09:36:46.834050+00:00	99.040000%	2065	keep	[automation:position-union-0096] Test nearest eligible position groups 418 and 57 | Completed the fixed one-micro-trial boundary in 61.7 seconds: 1 accepted, 0 discarded, 0 errors; frontier is 2065 parameters at 99.040000%. Tested group representatives 418/57 at difference 2.175e-05; stop reason was the declared one-trial cap.	Family: parameter tying. Current retained frontier is 2,066 parameters at 99.040000%, a +0.040000 percentage-point margin over 99%. There have been 38 prior attempts in this family. The most recent accepted result is attempt-0095 (keep, 2066 parameters, 99.040000%); the most recent failed result is attempt-0075 (discard, no parameter count parameters, no score). Hypothesis: the one-parameter, parameterization-preserving union of current positional groups represented by coordinates 418 and 57, with values -0.0206587948 and -0.0206370465 (difference 2.175e-05), preserves qualification using a multiplicity-weighted mean and yields 2,065 parameters. Candidate ordering is ascending current absolute group-value difference with previously nonqualifying exact pairs excluded. This is more informative than the nearest untested alternative (difference 2.175e-05) because it is the eligible minimum-distortion merge. The official runner alone accepts or rolls back. Stop after exactly one micro-trial or immediately on error. Compute budget: one checkpoint migration, one official verification, and two minutes wall-clock.		
attempt-0097	b5c67cfbced810d6100161af72eb17a21497c85b	543a01fe7e118c0bd013a4abdfe4044b07a43d52	2026-08-16T09:37:48.297750+00:00	99.040000%	2064	keep	[automation:position-union-0097] Test nearest eligible position groups 131 and 119 | Completed the fixed one-micro-trial boundary in 61.4 seconds: 1 accepted, 0 discarded, 0 errors; frontier is 2064 parameters at 99.040000%. Tested group representatives 131/119 at difference 2.175e-05; stop reason was the declared one-trial cap.	Family: parameter tying. Current retained frontier is 2,065 parameters at 99.040000%, a +0.040000 percentage-point margin over 99%. There have been 39 prior attempts in this family. The most recent accepted result is attempt-0096 (keep, 2065 parameters, 99.040000%); the most recent failed result is attempt-0075 (discard, no parameter count parameters, no score). Hypothesis: the one-parameter, parameterization-preserving union of current positional groups represented by coordinates 131 and 119, with values -0.0271725915 and -0.0271508396 (difference 2.175e-05), preserves qualification using a multiplicity-weighted mean and yields 2,064 parameters. Candidate ordering is ascending current absolute group-value difference with previously nonqualifying exact pairs excluded. This is more informative than the nearest untested alternative (difference 2.204e-05) because it is the eligible minimum-distortion merge. The official runner alone accepts or rolls back. Stop after exactly one micro-trial or immediately on error. Compute budget: one checkpoint migration, one official verification, and two minutes wall-clock.		
attempt-0098	9678673e05f0301e7431ed4e4cff5b36f2f46baa	b5c67cfbced810d6100161af72eb17a21497c85b	2026-08-16T09:38:49.520970+00:00	99.040000%	2063	keep	[automation:position-union-0098] Test nearest eligible position groups 110 and 150 | Completed the fixed one-micro-trial boundary in 61.1 seconds: 1 accepted, 0 discarded, 0 errors; frontier is 2063 parameters at 99.040000%. Tested group representatives 110/150 at difference 2.204e-05; stop reason was the declared one-trial cap.	Family: parameter tying. Current retained frontier is 2,064 parameters at 99.040000%, a +0.040000 percentage-point margin over 99%. There have been 40 prior attempts in this family. The most recent accepted result is attempt-0097 (keep, 2064 parameters, 99.040000%); the most recent failed result is attempt-0075 (discard, no parameter count parameters, no score). Hypothesis: the one-parameter, parameterization-preserving union of current positional groups represented by coordinates 110 and 150, with values 0.0058638183 and 0.0058858567 (difference 2.204e-05), preserves qualification using a multiplicity-weighted mean and yields 2,063 parameters. Candidate ordering is ascending current absolute group-value difference with previously nonqualifying exact pairs excluded. This is more informative than the nearest untested alternative (difference 2.272e-05) because it is the eligible minimum-distortion merge. The official runner alone accepts or rolls back. Stop after exactly one micro-trial or immediately on error. Compute budget: one checkpoint migration, one official verification, and two minutes wall-clock.		
attempt-0099	50cb7f64876be9351f6cb29c5656a88890174dbf	9678673e05f0301e7431ed4e4cff5b36f2f46baa	2026-08-16T09:39:51.605658+00:00	99.040000%	2062	keep	[automation:position-union-0099] Test nearest eligible position groups 406 and 94 | Completed the fixed one-micro-trial boundary in 62.0 seconds: 1 accepted, 0 discarded, 0 errors; frontier is 2062 parameters at 99.040000%. Tested group representatives 406/94 at difference 2.272e-05; stop reason was the declared one-trial cap.	Family: parameter tying. Current retained frontier is 2,063 parameters at 99.040000%, a +0.040000 percentage-point margin over 99%. There have been 41 prior attempts in this family. The most recent accepted result is attempt-0098 (keep, 2063 parameters, 99.040000%); the most recent failed result is attempt-0075 (discard, no parameter count parameters, no score). Hypothesis: the one-parameter, parameterization-preserving union of current positional groups represented by coordinates 406 and 94, with values 0.0043964013 and 0.0044191196 (difference 2.272e-05), preserves qualification using a multiplicity-weighted mean and yields 2,062 parameters. Candidate ordering is ascending current absolute group-value difference with previously nonqualifying exact pairs excluded. This is more informative than the nearest untested alternative (difference 2.276e-05) because it is the eligible minimum-distortion merge. The official runner alone accepts or rolls back. Stop after exactly one micro-trial or immediately on error. Compute budget: one checkpoint migration, one official verification, and two minutes wall-clock.		
attempt-0100	a46167bb654682fe3402e673d05d3abba72837fd	50cb7f64876be9351f6cb29c5656a88890174dbf	2026-08-16T09:40:52.665247+00:00	99.040000%	2061	keep	[automation:position-union-0100] Test nearest eligible position groups 253 and 151 | Completed the fixed one-micro-trial boundary in 61.0 seconds: 1 accepted, 0 discarded, 0 errors; frontier is 2061 parameters at 99.040000%. Tested group representatives 253/151 at difference 2.276e-05; stop reason was the declared one-trial cap.	Family: parameter tying. Current retained frontier is 2,062 parameters at 99.040000%, a +0.040000 percentage-point margin over 99%. There have been 42 prior attempts in this family. The most recent accepted result is attempt-0099 (keep, 2062 parameters, 99.040000%); the most recent failed result is attempt-0075 (discard, no parameter count parameters, no score). Hypothesis: the one-parameter, parameterization-preserving union of current positional groups represented by coordinates 253 and 151, with values -0.0078767557 and -0.0078539960 (difference 2.276e-05), preserves qualification using a multiplicity-weighted mean and yields 2,061 parameters. Candidate ordering is ascending current absolute group-value difference with previously nonqualifying exact pairs excluded. This is more informative than the nearest untested alternative (difference 2.279e-05) because it is the eligible minimum-distortion merge. The official runner alone accepts or rolls back. Stop after exactly one micro-trial or immediately on error. Compute budget: one checkpoint migration, one official verification, and two minutes wall-clock.		
attempt-0101	2e014e3d9ee6033626548ae7fc23a6e5da2100f1	a46167bb654682fe3402e673d05d3abba72837fd	2026-08-16T09:41:53.930896+00:00	99.040000%	2060	keep	[automation:position-union-0101] Test nearest eligible position groups 286 and 159 | Completed the fixed one-micro-trial boundary in 61.2 seconds: 1 accepted, 0 discarded, 0 errors; frontier is 2060 parameters at 99.040000%. Tested group representatives 286/159 at difference 2.279e-05; stop reason was the declared one-trial cap.	Family: parameter tying. Current retained frontier is 2,061 parameters at 99.040000%, a +0.040000 percentage-point margin over 99%. There have been 43 prior attempts in this family. The most recent accepted result is attempt-0100 (keep, 2061 parameters, 99.040000%); the most recent failed result is attempt-0075 (discard, no parameter count parameters, no score). Hypothesis: the one-parameter, parameterization-preserving union of current positional groups represented by coordinates 286 and 159, with values -0.0041147554 and -0.0040919622 (difference 2.279e-05), preserves qualification using a multiplicity-weighted mean and yields 2,060 parameters. Candidate ordering is ascending current absolute group-value difference with previously nonqualifying exact pairs excluded. This is more informative than the nearest untested alternative (difference 2.316e-05) because it is the eligible minimum-distortion merge. The official runner alone accepts or rolls back. Stop after exactly one micro-trial or immediately on error. Compute budget: one checkpoint migration, one official verification, and two minutes wall-clock.		
attempt-0102	d7e13ffbba39da5f6ea9ad817e814cbec5e5cb1d	2e014e3d9ee6033626548ae7fc23a6e5da2100f1	2026-08-16T09:42:55.842380+00:00	99.040000%	2059	keep	[automation:position-union-0102] Test nearest eligible position groups 190 and 115 | Completed the fixed one-micro-trial boundary in 61.8 seconds: 1 accepted, 0 discarded, 0 errors; frontier is 2059 parameters at 99.040000%. Tested group representatives 190/115 at difference 2.316e-05; stop reason was the declared one-trial cap.	Family: parameter tying. Current retained frontier is 2,060 parameters at 99.040000%, a +0.040000 percentage-point margin over 99%. There have been 44 prior attempts in this family. The most recent accepted result is attempt-0101 (keep, 2060 parameters, 99.040000%); the most recent failed result is attempt-0075 (discard, no parameter count parameters, no score). Hypothesis: the one-parameter, parameterization-preserving union of current positional groups represented by coordinates 190 and 115, with values -0.0278409049 and -0.0278177448 (difference 2.316e-05), preserves qualification using a multiplicity-weighted mean and yields 2,059 parameters. Candidate ordering is ascending current absolute group-value difference with previously nonqualifying exact pairs excluded. This is more informative than the nearest untested alternative (difference 2.407e-05) because it is the eligible minimum-distortion merge. The official runner alone accepts or rolls back. Stop after exactly one micro-trial or immediately on error. Compute budget: one checkpoint migration, one official verification, and two minutes wall-clock.		
attempt-0103	8134c15b9d60754d2cfed91694e7a7e118be2739	d7e13ffbba39da5f6ea9ad817e814cbec5e5cb1d	2026-08-16T09:43:56.600615+00:00	99.040000%	2058	keep	[automation:position-union-0103] Test nearest eligible position groups 64 and 378 | Completed the fixed one-micro-trial boundary in 60.7 seconds: 1 accepted, 0 discarded, 0 errors; frontier is 2058 parameters at 99.040000%. Tested group representatives 64/378 at difference 2.407e-05; stop reason was the declared one-trial cap.	Family: parameter tying. Current retained frontier is 2,059 parameters at 99.040000%, a +0.040000 percentage-point margin over 99%. There have been 45 prior attempts in this family. The most recent accepted result is attempt-0102 (keep, 2059 parameters, 99.040000%); the most recent failed result is attempt-0075 (discard, no parameter count parameters, no score). Hypothesis: the one-parameter, parameterization-preserving union of current positional groups represented by coordinates 64 and 378, with values 0.0043012276 and 0.0043252981 (difference 2.407e-05), preserves qualification using a multiplicity-weighted mean and yields 2,058 parameters. Candidate ordering is ascending current absolute group-value difference with previously nonqualifying exact pairs excluded. This is more informative than the nearest untested alternative (difference 2.448e-05) because it is the eligible minimum-distortion merge. The official runner alone accepts or rolls back. Stop after exactly one micro-trial or immediately on error. Compute budget: one checkpoint migration, one official verification, and two minutes wall-clock.		
attempt-0104	29ba27be19433337d99f59c53a4be3bd31d0f43f	8134c15b9d60754d2cfed91694e7a7e118be2739	2026-08-16T09:44:58.189426+00:00	99.040000%	2057	keep	[automation:position-union-0104] Test nearest eligible position groups 417 and 13 | Completed the fixed one-micro-trial boundary in 61.5 seconds: 1 accepted, 0 discarded, 0 errors; frontier is 2057 parameters at 99.040000%. Tested group representatives 417/13 at difference 2.448e-05; stop reason was the declared one-trial cap.	Family: parameter tying. Current retained frontier is 2,058 parameters at 99.040000%, a +0.040000 percentage-point margin over 99%. There have been 46 prior attempts in this family. The most recent accepted result is attempt-0103 (keep, 2058 parameters, 99.040000%); the most recent failed result is attempt-0075 (discard, no parameter count parameters, no score). Hypothesis: the one-parameter, parameterization-preserving union of current positional groups represented by coordinates 417 and 13, with values 0.0175062064 and 0.0175306890 (difference 2.448e-05), preserves qualification using a multiplicity-weighted mean and yields 2,057 parameters. Candidate ordering is ascending current absolute group-value difference with previously nonqualifying exact pairs excluded. This is more informative than the nearest untested alternative (difference 2.487e-05) because it is the eligible minimum-distortion merge. The official runner alone accepts or rolls back. Stop after exactly one micro-trial or immediately on error. Compute budget: one checkpoint migration, one official verification, and two minutes wall-clock.		
attempt-0105	068f6aec423d5274b795c17ab89bc9a90a07c4f8	29ba27be19433337d99f59c53a4be3bd31d0f43f	2026-08-16T09:46:00.123150+00:00	99.030000%	2056	keep	[automation:position-union-0105] Test nearest eligible position groups 304 and 439 | Completed the fixed one-micro-trial boundary in 61.8 seconds: 1 accepted, 0 discarded, 0 errors; frontier is 2056 parameters at 99.030000%. Tested group representatives 304/439 at difference 2.487e-05; stop reason was the declared one-trial cap.	Family: parameter tying. Current retained frontier is 2,057 parameters at 99.040000%, a +0.040000 percentage-point margin over 99%. There have been 47 prior attempts in this family. The most recent accepted result is attempt-0104 (keep, 2057 parameters, 99.040000%); the most recent failed result is attempt-0075 (discard, no parameter count parameters, no score). Hypothesis: the one-parameter, parameterization-preserving union of current positional groups represented by coordinates 304 and 439, with values 0.0218563583 and 0.0218812283 (difference 2.487e-05), preserves qualification using a multiplicity-weighted mean and yields 2,056 parameters. Candidate ordering is ascending current absolute group-value difference with previously nonqualifying exact pairs excluded. This is more informative than the nearest untested alternative (difference 2.531e-05) because it is the eligible minimum-distortion merge. The official runner alone accepts or rolls back. Stop after exactly one micro-trial or immediately on error. Compute budget: one checkpoint migration, one official verification, and two minutes wall-clock.		
attempt-0106	e2c22ee42604be1547c22f7492ad6618863b9b41	068f6aec423d5274b795c17ab89bc9a90a07c4f8	2026-08-16T09:47:02.521960+00:00	99.040000%	2055	keep	[automation:position-union-0106] Test nearest eligible position groups 66 and 504 | Completed the fixed one-micro-trial boundary in 62.3 seconds: 1 accepted, 0 discarded, 0 errors; frontier is 2055 parameters at 99.040000%. Tested group representatives 66/504 at difference 2.531e-05; stop reason was the declared one-trial cap.	Family: parameter tying. Current retained frontier is 2,056 parameters at 99.030000%, a +0.030000 percentage-point margin over 99%. There have been 48 prior attempts in this family. The most recent accepted result is attempt-0105 (keep, 2056 parameters, 99.030000%); the most recent failed result is attempt-0075 (discard, no parameter count parameters, no score). Hypothesis: the one-parameter, parameterization-preserving union of current positional groups represented by coordinates 66 and 504, with values -0.0118057728 and -0.0117804604 (difference 2.531e-05), preserves qualification using a multiplicity-weighted mean and yields 2,055 parameters. Candidate ordering is ascending current absolute group-value difference with previously nonqualifying exact pairs excluded. This is more informative than the nearest untested alternative (difference 2.595e-05) because it is the eligible minimum-distortion merge. The official runner alone accepts or rolls back. Stop after exactly one micro-trial or immediately on error. Compute budget: one checkpoint migration, one official verification, and two minutes wall-clock.		
attempt-0107	23ea4fbab543e8d68d57f87f7e0be3c0b1cdc678	e2c22ee42604be1547c22f7492ad6618863b9b41	2026-08-16T09:48:20.510978+00:00	99.030000%	2054	keep	[automation:position-union-0107] Test nearest eligible position groups 301 and 7 | Completed the fixed one-micro-trial boundary in 61.5 seconds: 1 accepted, 0 discarded, 0 errors; frontier is 2054 parameters at 99.030000%. Tested group representatives 301/7 at difference 2.595e-05; stop reason was the declared one-trial cap.	Family: parameter tying. Current retained frontier is 2,055 parameters at 99.040000%, a +0.040000 percentage-point margin over 99%. There have been 49 prior attempts in this family. The most recent accepted result is attempt-0106 (keep, 2055 parameters, 99.040000%); the most recent failed result is attempt-0075 (discard, no parameter count parameters, no score). Hypothesis: the one-parameter, parameterization-preserving union of current positional groups represented by coordinates 301 and 7, with values 0.0034964248 and 0.0035223761 (difference 2.595e-05), preserves qualification using a multiplicity-weighted mean and yields 2,054 parameters. Candidate ordering is ascending current absolute group-value difference with previously nonqualifying exact pairs excluded. This is more informative than the nearest untested alternative (difference 2.610e-05) because it is the eligible minimum-distortion merge. The official runner alone accepts or rolls back. Stop after exactly one micro-trial or immediately on error. Compute budget: one checkpoint migration, one official verification, and two minutes wall-clock.		
attempt-0108	fba205000451dd6eb6e9d02265fb4c8c25f10c82	23ea4fbab543e8d68d57f87f7e0be3c0b1cdc678	2026-08-16T09:49:21.823640+00:00	99.030000%	2053	keep	[automation:position-union-0108] Test nearest eligible position groups 65 and 399 | Completed the fixed one-micro-trial boundary in 61.2 seconds: 1 accepted, 0 discarded, 0 errors; frontier is 2053 parameters at 99.030000%. Tested group representatives 65/399 at difference 2.610e-05; stop reason was the declared one-trial cap.	Family: parameter tying. Current retained frontier is 2,054 parameters at 99.030000%, a +0.030000 percentage-point margin over 99%. There have been 50 prior attempts in this family. The most recent accepted result is attempt-0107 (keep, 2054 parameters, 99.030000%); the most recent failed result is attempt-0075 (discard, no parameter count parameters, no score). Hypothesis: the one-parameter, parameterization-preserving union of current positional groups represented by coordinates 65 and 399, with values 0.0027315114 and 0.0027576096 (difference 2.610e-05), preserves qualification using a multiplicity-weighted mean and yields 2,053 parameters. Candidate ordering is ascending current absolute group-value difference with previously nonqualifying exact pairs excluded. This is more informative than the nearest untested alternative (difference 2.672e-05) because it is the eligible minimum-distortion merge. The official runner alone accepts or rolls back. Stop after exactly one micro-trial or immediately on error. Compute budget: one checkpoint migration, one official verification, and two minutes wall-clock.		
attempt-0109	02e3756c082070f64789b68797bd4e5139fc6076	fba205000451dd6eb6e9d02265fb4c8c25f10c82	2026-08-16T09:50:23.861442+00:00	99.030000%	2052	keep	[automation:position-union-0109] Test nearest eligible position groups 266 and 375 | Completed the fixed one-micro-trial boundary in 61.9 seconds: 1 accepted, 0 discarded, 0 errors; frontier is 2052 parameters at 99.030000%. Tested group representatives 266/375 at difference 2.672e-05; stop reason was the declared one-trial cap.	Family: parameter tying. Current retained frontier is 2,053 parameters at 99.030000%, a +0.030000 percentage-point margin over 99%. There have been 51 prior attempts in this family. The most recent accepted result is attempt-0108 (keep, 2053 parameters, 99.030000%); the most recent failed result is attempt-0075 (discard, no parameter count parameters, no score). Hypothesis: the one-parameter, parameterization-preserving union of current positional groups represented by coordinates 266 and 375, with values 0.0181030594 and 0.0181297828 (difference 2.672e-05), preserves qualification using a multiplicity-weighted mean and yields 2,052 parameters. Candidate ordering is ascending current absolute group-value difference with previously nonqualifying exact pairs excluded. This is more informative than the nearest untested alternative (difference 2.722e-05) because it is the eligible minimum-distortion merge. The official runner alone accepts or rolls back. Stop after exactly one micro-trial or immediately on error. Compute budget: one checkpoint migration, one official verification, and two minutes wall-clock.		
attempt-0110	4026087c4d963a80e3dff0b581d1d54ce6c35a36	02e3756c082070f64789b68797bd4e5139fc6076	2026-08-16T09:51:25.435239+00:00	99.030000%	2051	keep	[automation:position-union-0110] Test nearest eligible position groups 104 and 175 | Completed the fixed one-micro-trial boundary in 61.5 seconds: 1 accepted, 0 discarded, 0 errors; frontier is 2051 parameters at 99.030000%. Tested group representatives 104/175 at difference 2.722e-05; stop reason was the declared one-trial cap.	Family: parameter tying. Current retained frontier is 2,052 parameters at 99.030000%, a +0.030000 percentage-point margin over 99%. There have been 52 prior attempts in this family. The most recent accepted result is attempt-0109 (keep, 2052 parameters, 99.030000%); the most recent failed result is attempt-0075 (discard, no parameter count parameters, no score). Hypothesis: the one-parameter, parameterization-preserving union of current positional groups represented by coordinates 104 and 175, with values -0.0038205665 and -0.0037933418 (difference 2.722e-05), preserves qualification using a multiplicity-weighted mean and yields 2,051 parameters. Candidate ordering is ascending current absolute group-value difference with previously nonqualifying exact pairs excluded. This is more informative than the nearest untested alternative (difference 2.723e-05) because it is the eligible minimum-distortion merge. The official runner alone accepts or rolls back. Stop after exactly one micro-trial or immediately on error. Compute budget: one checkpoint migration, one official verification, and two minutes wall-clock.		
attempt-0111	fcc6c243331374c3cb32ab1e5d83f7c4e72be80c	4026087c4d963a80e3dff0b581d1d54ce6c35a36	2026-08-16T09:52:27.638717+00:00	99.040000%	2050	keep	[automation:position-union-0111] Test nearest eligible position groups 298 and 494 | Completed the fixed one-micro-trial boundary in 62.1 seconds: 1 accepted, 0 discarded, 0 errors; frontier is 2050 parameters at 99.040000%. Tested group representatives 298/494 at difference 2.723e-05; stop reason was the declared one-trial cap.	Family: parameter tying. Current retained frontier is 2,051 parameters at 99.030000%, a +0.030000 percentage-point margin over 99%. There have been 53 prior attempts in this family. The most recent accepted result is attempt-0110 (keep, 2051 parameters, 99.030000%); the most recent failed result is attempt-0075 (discard, no parameter count parameters, no score). Hypothesis: the one-parameter, parameterization-preserving union of current positional groups represented by coordinates 298 and 494, with values 0.0117288586 and 0.0117560923 (difference 2.723e-05), preserves qualification using a multiplicity-weighted mean and yields 2,050 parameters. Candidate ordering is ascending current absolute group-value difference with previously nonqualifying exact pairs excluded. This is more informative than the nearest untested alternative (difference 2.781e-05) because it is the eligible minimum-distortion merge. The official runner alone accepts or rolls back. Stop after exactly one micro-trial or immediately on error. Compute budget: one checkpoint migration, one official verification, and two minutes wall-clock.		
attempt-0112	e82f4e59008563789ce32038a05f445060d68664	fcc6c243331374c3cb32ab1e5d83f7c4e72be80c	2026-08-16T09:53:29.165241+00:00	99.030000%	2049	keep	[automation:position-union-0112] Test nearest eligible position groups 280 and 72 | Completed the fixed one-micro-trial boundary in 61.4 seconds: 1 accepted, 0 discarded, 0 errors; frontier is 2049 parameters at 99.030000%. Tested group representatives 280/72 at difference 2.781e-05; stop reason was the declared one-trial cap.	Family: parameter tying. Current retained frontier is 2,050 parameters at 99.040000%, a +0.040000 percentage-point margin over 99%. There have been 54 prior attempts in this family. The most recent accepted result is attempt-0111 (keep, 2050 parameters, 99.040000%); the most recent failed result is attempt-0075 (discard, no parameter count parameters, no score). Hypothesis: the one-parameter, parameterization-preserving union of current positional groups represented by coordinates 280 and 72, with values -0.0102292011 and -0.0102013918 (difference 2.781e-05), preserves qualification using a multiplicity-weighted mean and yields 2,049 parameters. Candidate ordering is ascending current absolute group-value difference with previously nonqualifying exact pairs excluded. This is more informative than the nearest untested alternative (difference 2.833e-05) because it is the eligible minimum-distortion merge. The official runner alone accepts or rolls back. Stop after exactly one micro-trial or immediately on error. Compute budget: one checkpoint migration, one official verification, and two minutes wall-clock.		
attempt-0113	e981de89b532c8761b953c043dd3bd2d6de5e7c0	e82f4e59008563789ce32038a05f445060d68664	2026-08-16T09:54:30.841967+00:00	99.030000%	2048	keep	[automation:position-union-0113] Test nearest eligible position groups 447 and 37 | Completed the fixed one-micro-trial boundary in 61.6 seconds: 1 accepted, 0 discarded, 0 errors; frontier is 2048 parameters at 99.030000%. Tested group representatives 447/37 at difference 2.833e-05; stop reason was the declared one-trial cap.	Family: parameter tying. Current retained frontier is 2,049 parameters at 99.030000%, a +0.030000 percentage-point margin over 99%. There have been 55 prior attempts in this family. The most recent accepted result is attempt-0112 (keep, 2049 parameters, 99.030000%); the most recent failed result is attempt-0075 (discard, no parameter count parameters, no score). Hypothesis: the one-parameter, parameterization-preserving union of current positional groups represented by coordinates 447 and 37, with values -0.0080316989 and -0.0080033690 (difference 2.833e-05), preserves qualification using a multiplicity-weighted mean and yields 2,048 parameters. Candidate ordering is ascending current absolute group-value difference with previously nonqualifying exact pairs excluded. This is more informative than the nearest untested alternative (difference 2.850e-05) because it is the eligible minimum-distortion merge. The official runner alone accepts or rolls back. Stop after exactly one micro-trial or immediately on error. Compute budget: one checkpoint migration, one official verification, and two minutes wall-clock.		
attempt-0114	114ad75df2ac72c49cdbfc859014970105fb5561	e981de89b532c8761b953c043dd3bd2d6de5e7c0	2026-08-16T09:55:32.930983+00:00	99.040000%	2047	keep	[automation:position-union-0114] Test nearest eligible position groups 62 and 247 | Completed the fixed one-micro-trial boundary in 62.0 seconds: 1 accepted, 0 discarded, 0 errors; frontier is 2047 parameters at 99.040000%. Tested group representatives 62/247 at difference 2.850e-05; stop reason was the declared one-trial cap.	Family: parameter tying. Current retained frontier is 2,048 parameters at 99.030000%, a +0.030000 percentage-point margin over 99%. There have been 56 prior attempts in this family. The most recent accepted result is attempt-0113 (keep, 2048 parameters, 99.030000%); the most recent failed result is attempt-0075 (discard, no parameter count parameters, no score). Hypothesis: the one-parameter, parameterization-preserving union of current positional groups represented by coordinates 62 and 247, with values 0.0153121371 and 0.0153406421 (difference 2.850e-05), preserves qualification using a multiplicity-weighted mean and yields 2,047 parameters. Candidate ordering is ascending current absolute group-value difference with previously nonqualifying exact pairs excluded. This is more informative than the nearest untested alternative (difference 2.862e-05) because it is the eligible minimum-distortion merge. The official runner alone accepts or rolls back. Stop after exactly one micro-trial or immediately on error. Compute budget: one checkpoint migration, one official verification, and two minutes wall-clock.		
attempt-0115	a77647700926d5b38ebd8479d887dd6984623093	114ad75df2ac72c49cdbfc859014970105fb5561	2026-08-16T09:56:34.932928+00:00	99.040000%	2046	keep	[automation:position-union-0115] Test nearest eligible position groups 478 and 264 | Completed the fixed one-micro-trial boundary in 61.9 seconds: 1 accepted, 0 discarded, 0 errors; frontier is 2046 parameters at 99.040000%. Tested group representatives 478/264 at difference 2.862e-05; stop reason was the declared one-trial cap.	Family: parameter tying. Current retained frontier is 2,047 parameters at 99.040000%, a +0.040000 percentage-point margin over 99%. There have been 57 prior attempts in this family. The most recent accepted result is attempt-0114 (keep, 2047 parameters, 99.040000%); the most recent failed result is attempt-0075 (discard, no parameter count parameters, no score). Hypothesis: the one-parameter, parameterization-preserving union of current positional groups represented by coordinates 478 and 264, with values 0.0086001214 and 0.0086287428 (difference 2.862e-05), preserves qualification using a multiplicity-weighted mean and yields 2,046 parameters. Candidate ordering is ascending current absolute group-value difference with previously nonqualifying exact pairs excluded. This is more informative than the nearest untested alternative (difference 3.049e-05) because it is the eligible minimum-distortion merge. The official runner alone accepts or rolls back. Stop after exactly one micro-trial or immediately on error. Compute budget: one checkpoint migration, one official verification, and two minutes wall-clock.		
attempt-0116	401ba6f716a3e9e612dcf3e61744da51b28b54df	a77647700926d5b38ebd8479d887dd6984623093	2026-08-16T09:57:36.883702+00:00	99.040000%	2045	keep	[automation:position-union-0116] Test nearest eligible position groups 436 and 16 | Completed the fixed one-micro-trial boundary in 61.9 seconds: 1 accepted, 0 discarded, 0 errors; frontier is 2045 parameters at 99.040000%. Tested group representatives 436/16 at difference 3.049e-05; stop reason was the declared one-trial cap.	Family: parameter tying. Current retained frontier is 2,046 parameters at 99.040000%, a +0.040000 percentage-point margin over 99%. There have been 58 prior attempts in this family. The most recent accepted result is attempt-0115 (keep, 2046 parameters, 99.040000%); the most recent failed result is attempt-0075 (discard, no parameter count parameters, no score). Hypothesis: the one-parameter, parameterization-preserving union of current positional groups represented by coordinates 436 and 16, with values 0.0330760553 and 0.0331065468 (difference 3.049e-05), preserves qualification using a multiplicity-weighted mean and yields 2,045 parameters. Candidate ordering is ascending current absolute group-value difference with previously nonqualifying exact pairs excluded. This is more informative than the nearest untested alternative (difference 3.255e-05) because it is the eligible minimum-distortion merge. The official runner alone accepts or rolls back. Stop after exactly one micro-trial or immediately on error. Compute budget: one checkpoint migration, one official verification, and two minutes wall-clock.		
attempt-0117	7e112d01549c7021d79c920cf214eb3893df2b14	401ba6f716a3e9e612dcf3e61744da51b28b54df	2026-08-16T09:58:38.830016+00:00	99.040000%	2044	keep	[automation:position-union-0117] Test nearest eligible position groups 152 and 366 | Completed the fixed one-micro-trial boundary in 61.9 seconds: 1 accepted, 0 discarded, 0 errors; frontier is 2044 parameters at 99.040000%. Tested group representatives 152/366 at difference 3.255e-05; stop reason was the declared one-trial cap.	Family: parameter tying. Current retained frontier is 2,045 parameters at 99.040000%, a +0.040000 percentage-point margin over 99%. There have been 59 prior attempts in this family. The most recent accepted result is attempt-0116 (keep, 2045 parameters, 99.040000%); the most recent failed result is attempt-0075 (discard, no parameter count parameters, no score). Hypothesis: the one-parameter, parameterization-preserving union of current positional groups represented by coordinates 152 and 366, with values 0.0197182689 and 0.0197508186 (difference 3.255e-05), preserves qualification using a multiplicity-weighted mean and yields 2,044 parameters. Candidate ordering is ascending current absolute group-value difference with previously nonqualifying exact pairs excluded. This is more informative than the nearest untested alternative (difference 3.303e-05) because it is the eligible minimum-distortion merge. The official runner alone accepts or rolls back. Stop after exactly one micro-trial or immediately on error. Compute budget: one checkpoint migration, one official verification, and two minutes wall-clock.		
attempt-0118	5915958c0fcdbf643a89ac903d26028fd354ed92	7e112d01549c7021d79c920cf214eb3893df2b14	2026-08-16T09:59:40.886334+00:00	99.050000%	2043	keep	[automation:position-union-0118] Test nearest eligible position groups 154 and 288 | Completed the fixed one-micro-trial boundary in 62.0 seconds: 1 accepted, 0 discarded, 0 errors; frontier is 2043 parameters at 99.050000%. Tested group representatives 154/288 at difference 3.303e-05; stop reason was the declared one-trial cap.	Family: parameter tying. Current retained frontier is 2,044 parameters at 99.040000%, a +0.040000 percentage-point margin over 99%. There have been 60 prior attempts in this family. The most recent accepted result is attempt-0117 (keep, 2044 parameters, 99.040000%); the most recent failed result is attempt-0075 (discard, no parameter count parameters, no score). Hypothesis: the one-parameter, parameterization-preserving union of current positional groups represented by coordinates 154 and 288, with values 0.0038395720 and 0.0038725981 (difference 3.303e-05), preserves qualification using a multiplicity-weighted mean and yields 2,043 parameters. Candidate ordering is ascending current absolute group-value difference with previously nonqualifying exact pairs excluded. This is more informative than the nearest untested alternative (difference 3.316e-05) because it is the eligible minimum-distortion merge. The official runner alone accepts or rolls back. Stop after exactly one micro-trial or immediately on error. Compute budget: one checkpoint migration, one official verification, and two minutes wall-clock.		
attempt-0119	a1995dd9c8b451ecfa3963fbc1456d8f14e98baa	5915958c0fcdbf643a89ac903d26028fd354ed92	2026-08-16T10:00:43.057125+00:00	99.050000%	2042	keep	[automation:position-union-0119] Test nearest eligible position groups 248 and 118 | Completed the fixed one-micro-trial boundary in 62.1 seconds: 1 accepted, 0 discarded, 0 errors; frontier is 2042 parameters at 99.050000%. Tested group representatives 248/118 at difference 3.316e-05; stop reason was the declared one-trial cap.	Family: parameter tying. Current retained frontier is 2,043 parameters at 99.050000%, a +0.050000 percentage-point margin over 99%. There have been 61 prior attempts in this family. The most recent accepted result is attempt-0118 (keep, 2043 parameters, 99.050000%); the most recent failed result is attempt-0075 (discard, no parameter count parameters, no score). Hypothesis: the one-parameter, parameterization-preserving union of current positional groups represented by coordinates 248 and 118, with values -0.0004757667 and -0.0004426104 (difference 3.316e-05), preserves qualification using a multiplicity-weighted mean and yields 2,042 parameters. Candidate ordering is ascending current absolute group-value difference with previously nonqualifying exact pairs excluded. This is more informative than the nearest untested alternative (difference 3.341e-05) because it is the eligible minimum-distortion merge. The official runner alone accepts or rolls back. Stop after exactly one micro-trial or immediately on error. Compute budget: one checkpoint migration, one official verification, and two minutes wall-clock.		
attempt-0120	39134f7e240f4918a602cde9d89a0f1f38b8c76f	a1995dd9c8b451ecfa3963fbc1456d8f14e98baa	2026-08-16T10:01:45.153535+00:00	99.060000%	2041	keep	[automation:position-union-0120] Test nearest eligible position groups 192 and 63 | Completed the fixed one-micro-trial boundary in 62.0 seconds: 1 accepted, 0 discarded, 0 errors; frontier is 2041 parameters at 99.060000%. Tested group representatives 192/63 at difference 3.341e-05; stop reason was the declared one-trial cap.	Family: parameter tying. Current retained frontier is 2,042 parameters at 99.050000%, a +0.050000 percentage-point margin over 99%. There have been 62 prior attempts in this family. The most recent accepted result is attempt-0119 (keep, 2042 parameters, 99.050000%); the most recent failed result is attempt-0075 (discard, no parameter count parameters, no score). Hypothesis: the one-parameter, parameterization-preserving union of current positional groups represented by coordinates 192 and 63, with values -0.0016857947 and -0.0016523860 (difference 3.341e-05), preserves qualification using a multiplicity-weighted mean and yields 2,041 parameters. Candidate ordering is ascending current absolute group-value difference with previously nonqualifying exact pairs excluded. This is more informative than the nearest untested alternative (difference 3.489e-05) because it is the eligible minimum-distortion merge. The official runner alone accepts or rolls back. Stop after exactly one micro-trial or immediately on error. Compute budget: one checkpoint migration, one official verification, and two minutes wall-clock.		
attempt-0121	c5f7902c00d5d7f151b029d4b4529a96b3312344	39134f7e240f4918a602cde9d89a0f1f38b8c76f	2026-08-16T10:02:47.422982+00:00	99.050000%	2040	keep	[automation:position-union-0121] Test nearest eligible position groups 7 and 166 | Completed the fixed one-micro-trial boundary in 62.2 seconds: 1 accepted, 0 discarded, 0 errors; frontier is 2040 parameters at 99.050000%. Tested group representatives 7/166 at difference 3.489e-05; stop reason was the declared one-trial cap.	Family: parameter tying. Current retained frontier is 2,041 parameters at 99.060000%, a +0.060000 percentage-point margin over 99%. There have been 63 prior attempts in this family. The most recent accepted result is attempt-0120 (keep, 2041 parameters, 99.060000%); the most recent failed result is attempt-0075 (discard, no parameter count parameters, no score). Hypothesis: the one-parameter, parameterization-preserving union of current positional groups represented by coordinates 7 and 166, with values 0.0035137255 and 0.0035486163 (difference 3.489e-05), preserves qualification using a multiplicity-weighted mean and yields 2,040 parameters. Candidate ordering is ascending current absolute group-value difference with previously nonqualifying exact pairs excluded. This is more informative than the nearest untested alternative (difference 3.495e-05) because it is the eligible minimum-distortion merge. The official runner alone accepts or rolls back. Stop after exactly one micro-trial or immediately on error. Compute budget: one checkpoint migration, one official verification, and two minutes wall-clock.		
attempt-0122	ef7874036ca23f8b09c8f0c8e5f72c8effdaccee	c5f7902c00d5d7f151b029d4b4529a96b3312344	2026-08-16T10:03:49.611276+00:00	99.060000%	2039	keep	[automation:position-union-0122] Test nearest eligible position groups 197 and 398 | Completed the fixed one-micro-trial boundary in 62.1 seconds: 1 accepted, 0 discarded, 0 errors; frontier is 2039 parameters at 99.060000%. Tested group representatives 197/398 at difference 3.495e-05; stop reason was the declared one-trial cap.	Family: parameter tying. Current retained frontier is 2,040 parameters at 99.050000%, a +0.050000 percentage-point margin over 99%. There have been 64 prior attempts in this family. The most recent accepted result is attempt-0121 (keep, 2040 parameters, 99.050000%); the most recent failed result is attempt-0075 (discard, no parameter count parameters, no score). Hypothesis: the one-parameter, parameterization-preserving union of current positional groups represented by coordinates 197 and 398, with values -0.0037308012 and -0.0036958514 (difference 3.495e-05), preserves qualification using a multiplicity-weighted mean and yields 2,039 parameters. Candidate ordering is ascending current absolute group-value difference with previously nonqualifying exact pairs excluded. This is more informative than the nearest untested alternative (difference 3.505e-05) because it is the eligible minimum-distortion merge. The official runner alone accepts or rolls back. Stop after exactly one micro-trial or immediately on error. Compute budget: one checkpoint migration, one official verification, and two minutes wall-clock.		
attempt-0123	5495eeb2e3cf66b659cdc3d33cd8fac524dd21f6	ef7874036ca23f8b09c8f0c8e5f72c8effdaccee	2026-08-16T10:04:51.132667+00:00	99.060000%	2038	keep	[automation:position-union-0123] Test nearest eligible position groups 112 and 128 | Completed the fixed one-micro-trial boundary in 61.4 seconds: 1 accepted, 0 discarded, 0 errors; frontier is 2038 parameters at 99.060000%. Tested group representatives 112/128 at difference 3.505e-05; stop reason was the declared one-trial cap.	Family: parameter tying. Current retained frontier is 2,039 parameters at 99.060000%, a +0.060000 percentage-point margin over 99%. There have been 65 prior attempts in this family. The most recent accepted result is attempt-0122 (keep, 2039 parameters, 99.060000%); the most recent failed result is attempt-0075 (discard, no parameter count parameters, no score). Hypothesis: the one-parameter, parameterization-preserving union of current positional groups represented by coordinates 112 and 128, with values 0.0059121135 and 0.0059471619 (difference 3.505e-05), preserves qualification using a multiplicity-weighted mean and yields 2,038 parameters. Candidate ordering is ascending current absolute group-value difference with previously nonqualifying exact pairs excluded. This is more informative than the nearest untested alternative (difference 3.524e-05) because it is the eligible minimum-distortion merge. The official runner alone accepts or rolls back. Stop after exactly one micro-trial or immediately on error. Compute budget: one checkpoint migration, one official verification, and two minutes wall-clock.		
attempt-0124	c3935b0ee254bf71fba65d570a34115edcda2ff4	5495eeb2e3cf66b659cdc3d33cd8fac524dd21f6	2026-08-16T10:05:52.873346+00:00	99.060000%	2037	keep	[automation:position-union-0124] Test nearest eligible position groups 56 and 126 | Completed the fixed one-micro-trial boundary in 61.6 seconds: 1 accepted, 0 discarded, 0 errors; frontier is 2037 parameters at 99.060000%. Tested group representatives 56/126 at difference 3.524e-05; stop reason was the declared one-trial cap.	Family: parameter tying. Current retained frontier is 2,038 parameters at 99.060000%, a +0.060000 percentage-point margin over 99%. There have been 66 prior attempts in this family. The most recent accepted result is attempt-0123 (keep, 2038 parameters, 99.060000%); the most recent failed result is attempt-0075 (discard, no parameter count parameters, no score). Hypothesis: the one-parameter, parameterization-preserving union of current positional groups represented by coordinates 56 and 126, with values -0.0200093556 and -0.0199741181 (difference 3.524e-05), preserves qualification using a multiplicity-weighted mean and yields 2,037 parameters. Candidate ordering is ascending current absolute group-value difference with previously nonqualifying exact pairs excluded. This is more informative than the nearest untested alternative (difference 3.527e-05) because it is the eligible minimum-distortion merge. The official runner alone accepts or rolls back. Stop after exactly one micro-trial or immediately on error. Compute budget: one checkpoint migration, one official verification, and two minutes wall-clock.		
attempt-0125	a57eb53949746ad44a6652841f5c346b59f87ac7	c3935b0ee254bf71fba65d570a34115edcda2ff4	2026-08-16T10:06:55.032173+00:00	99.060000%	2036	keep	[automation:position-union-0125] Test nearest eligible position groups 195 and 179 | Completed the fixed one-micro-trial boundary in 62.1 seconds: 1 accepted, 0 discarded, 0 errors; frontier is 2036 parameters at 99.060000%. Tested group representatives 195/179 at difference 3.527e-05; stop reason was the declared one-trial cap.	Family: parameter tying. Current retained frontier is 2,037 parameters at 99.060000%, a +0.060000 percentage-point margin over 99%. There have been 67 prior attempts in this family. The most recent accepted result is attempt-0124 (keep, 2037 parameters, 99.060000%); the most recent failed result is attempt-0075 (discard, no parameter count parameters, no score). Hypothesis: the one-parameter, parameterization-preserving union of current positional groups represented by coordinates 195 and 179, with values -0.0129512744 and -0.0129160043 (difference 3.527e-05), preserves qualification using a multiplicity-weighted mean and yields 2,036 parameters. Candidate ordering is ascending current absolute group-value difference with previously nonqualifying exact pairs excluded. This is more informative than the nearest untested alternative (difference 3.532e-05) because it is the eligible minimum-distortion merge. The official runner alone accepts or rolls back. Stop after exactly one micro-trial or immediately on error. Compute budget: one checkpoint migration, one official verification, and two minutes wall-clock.		
attempt-0126	2fc8361a073b189f0683018d3ad80c944539c066	a57eb53949746ad44a6652841f5c346b59f87ac7	2026-08-16T10:07:57.135292+00:00	99.050000%	2035	keep	[automation:position-union-0126] Test nearest eligible position groups 317 and 336 | Completed the fixed one-micro-trial boundary in 62.0 seconds: 1 accepted, 0 discarded, 0 errors; frontier is 2035 parameters at 99.050000%. Tested group representatives 317/336 at difference 3.532e-05; stop reason was the declared one-trial cap.	Family: parameter tying. Current retained frontier is 2,036 parameters at 99.060000%, a +0.060000 percentage-point margin over 99%. There have been 68 prior attempts in this family. The most recent accepted result is attempt-0125 (keep, 2036 parameters, 99.060000%); the most recent failed result is attempt-0075 (discard, no parameter count parameters, no score). Hypothesis: the one-parameter, parameterization-preserving union of current positional groups represented by coordinates 317 and 336, with values -0.0211009458 and -0.0210656300 (difference 3.532e-05), preserves qualification using a multiplicity-weighted mean and yields 2,035 parameters. Candidate ordering is ascending current absolute group-value difference with previously nonqualifying exact pairs excluded. This is more informative than the nearest untested alternative (difference 3.563e-05) because it is the eligible minimum-distortion merge. The official runner alone accepts or rolls back. Stop after exactly one micro-trial or immediately on error. Compute budget: one checkpoint migration, one official verification, and two minutes wall-clock.		
attempt-0127	e55ba9f19dc58418ac174c241c043888624a1703	2fc8361a073b189f0683018d3ad80c944539c066	2026-08-16T10:09:14.226866+00:00	99.050000%	2034	keep	[automation:position-union-0127] Test nearest eligible position groups 376 and 90 | Completed the fixed one-micro-trial boundary in 61.8 seconds: 1 accepted, 0 discarded, 0 errors; frontier is 2034 parameters at 99.050000%. Tested group representatives 376/90 at difference 3.563e-05; stop reason was the declared one-trial cap.	Family: parameter tying. Current retained frontier is 2,035 parameters at 99.050000%, a +0.050000 percentage-point margin over 99%. There have been 69 prior attempts in this family. The most recent accepted result is attempt-0126 (keep, 2035 parameters, 99.050000%); the most recent failed result is attempt-0075 (discard, no parameter count parameters, no score). Hypothesis: the one-parameter, parameterization-preserving union of current positional groups represented by coordinates 376 and 90, with values -0.0046655159 and -0.0046298895 (difference 3.563e-05), preserves qualification using a multiplicity-weighted mean and yields 2,034 parameters. Candidate ordering is ascending current absolute group-value difference with previously nonqualifying exact pairs excluded. This is more informative than the nearest untested alternative (difference 3.619e-05) because it is the eligible minimum-distortion merge. The official runner alone accepts or rolls back. Stop after exactly one micro-trial or immediately on error. Compute budget: one checkpoint migration, one official verification, and two minutes wall-clock.		
attempt-0128	1c9094bd1fd76fe66cd0847b22af934e7ebb4420	e55ba9f19dc58418ac174c241c043888624a1703	2026-08-16T10:10:16.377499+00:00	99.060000%	2033	keep	[automation:position-union-0128] Test nearest eligible position groups 244 and 488 | Completed the fixed one-micro-trial boundary in 62.0 seconds: 1 accepted, 0 discarded, 0 errors; frontier is 2033 parameters at 99.060000%. Tested group representatives 244/488 at difference 3.619e-05; stop reason was the declared one-trial cap.	Family: parameter tying. Current retained frontier is 2,034 parameters at 99.050000%, a +0.050000 percentage-point margin over 99%. There have been 70 prior attempts in this family. The most recent accepted result is attempt-0127 (keep, 2034 parameters, 99.050000%); the most recent failed result is attempt-0075 (discard, no parameter count parameters, no score). Hypothesis: the one-parameter, parameterization-preserving union of current positional groups represented by coordinates 244 and 488, with values 0.0018376078 and 0.0018737979 (difference 3.619e-05), preserves qualification using a multiplicity-weighted mean and yields 2,033 parameters. Candidate ordering is ascending current absolute group-value difference with previously nonqualifying exact pairs excluded. This is more informative than the nearest untested alternative (difference 3.720e-05) because it is the eligible minimum-distortion merge. The official runner alone accepts or rolls back. Stop after exactly one micro-trial or immediately on error. Compute budget: one checkpoint migration, one official verification, and two minutes wall-clock.		
attempt-0129	72a01a8a773f0562600a4a71f6948e466f78df56	1c9094bd1fd76fe66cd0847b22af934e7ebb4420	2026-08-16T10:11:18.320871+00:00	99.060000%	2032	keep	[automation:position-union-0129] Test nearest eligible position groups 177 and 41 | Completed the fixed one-micro-trial boundary in 61.8 seconds: 1 accepted, 0 discarded, 0 errors; frontier is 2032 parameters at 99.060000%. Tested group representatives 177/41 at difference 3.720e-05; stop reason was the declared one-trial cap.	Family: parameter tying. Current retained frontier is 2,033 parameters at 99.060000%, a +0.060000 percentage-point margin over 99%. There have been 71 prior attempts in this family. The most recent accepted result is attempt-0128 (keep, 2033 parameters, 99.060000%); the most recent failed result is attempt-0075 (discard, no parameter count parameters, no score). Hypothesis: the one-parameter, parameterization-preserving union of current positional groups represented by coordinates 177 and 41, with values 0.0004997810 and 0.0005369809 (difference 3.720e-05), preserves qualification using a multiplicity-weighted mean and yields 2,032 parameters. Candidate ordering is ascending current absolute group-value difference with previously nonqualifying exact pairs excluded. This is more informative than the nearest untested alternative (difference 3.728e-05) because it is the eligible minimum-distortion merge. The official runner alone accepts or rolls back. Stop after exactly one micro-trial or immediately on error. Compute budget: one checkpoint migration, one official verification, and two minutes wall-clock.		
attempt-0130	c1b7c7cb98969b2fb9703a45b6f8f9057fa9eaf9	72a01a8a773f0562600a4a71f6948e466f78df56	2026-08-16T10:12:18.701743+00:00	99.060000%	2031	keep	[automation:position-union-0130] Test nearest eligible position groups 383 and 265 | Completed the fixed one-micro-trial boundary in 60.3 seconds: 1 accepted, 0 discarded, 0 errors; frontier is 2031 parameters at 99.060000%. Tested group representatives 383/265 at difference 3.728e-05; stop reason was the declared one-trial cap.	Family: parameter tying. Current retained frontier is 2,032 parameters at 99.060000%, a +0.060000 percentage-point margin over 99%. There have been 72 prior attempts in this family. The most recent accepted result is attempt-0129 (keep, 2032 parameters, 99.060000%); the most recent failed result is attempt-0075 (discard, no parameter count parameters, no score). Hypothesis: the one-parameter, parameterization-preserving union of current positional groups represented by coordinates 383 and 265, with values 0.0063178721 and 0.0063551543 (difference 3.728e-05), preserves qualification using a multiplicity-weighted mean and yields 2,031 parameters. Candidate ordering is ascending current absolute group-value difference with previously nonqualifying exact pairs excluded. This is more informative than the nearest untested alternative (difference 3.920e-05) because it is the eligible minimum-distortion merge. The official runner alone accepts or rolls back. Stop after exactly one micro-trial or immediately on error. Compute budget: one checkpoint migration, one official verification, and two minutes wall-clock.		
attempt-0131	aec65439023bf76756b70a7a2780ef152d238700	c1b7c7cb98969b2fb9703a45b6f8f9057fa9eaf9	2026-08-16T10:13:20.754475+00:00	99.060000%	2030	keep	[automation:position-union-0131] Test nearest eligible position groups 323 and 381 | Completed the fixed one-micro-trial boundary in 62.0 seconds: 1 accepted, 0 discarded, 0 errors; frontier is 2030 parameters at 99.060000%. Tested group representatives 323/381 at difference 3.920e-05; stop reason was the declared one-trial cap.	Family: parameter tying. Current retained frontier is 2,031 parameters at 99.060000%, a +0.060000 percentage-point margin over 99%. There have been 73 prior attempts in this family. The most recent accepted result is attempt-0130 (keep, 2031 parameters, 99.060000%); the most recent failed result is attempt-0075 (discard, no parameter count parameters, no score). Hypothesis: the one-parameter, parameterization-preserving union of current positional groups represented by coordinates 323 and 381, with values 0.0139827719 and 0.0140219703 (difference 3.920e-05), preserves qualification using a multiplicity-weighted mean and yields 2,030 parameters. Candidate ordering is ascending current absolute group-value difference with previously nonqualifying exact pairs excluded. This is more informative than the nearest untested alternative (difference 3.927e-05) because it is the eligible minimum-distortion merge. The official runner alone accepts or rolls back. Stop after exactly one micro-trial or immediately on error. Compute budget: one checkpoint migration, one official verification, and two minutes wall-clock.		
attempt-0132	ba22b9c508e224d1317d7f7bb67146ddabdeb7bc	aec65439023bf76756b70a7a2780ef152d238700	2026-08-16T10:14:22.831620+00:00	99.050000%	2029	keep	[automation:position-union-0132] Test nearest eligible position groups 320 and 257 | Completed the fixed one-micro-trial boundary in 62.0 seconds: 1 accepted, 0 discarded, 0 errors; frontier is 2029 parameters at 99.050000%. Tested group representatives 320/257 at difference 3.927e-05; stop reason was the declared one-trial cap.	Family: parameter tying. Current retained frontier is 2,030 parameters at 99.060000%, a +0.060000 percentage-point margin over 99%. There have been 74 prior attempts in this family. The most recent accepted result is attempt-0131 (keep, 2030 parameters, 99.060000%); the most recent failed result is attempt-0075 (discard, no parameter count parameters, no score). Hypothesis: the one-parameter, parameterization-preserving union of current positional groups represented by coordinates 320 and 257, with values 0.0212913547 and 0.0213306285 (difference 3.927e-05), preserves qualification using a multiplicity-weighted mean and yields 2,029 parameters. Candidate ordering is ascending current absolute group-value difference with previously nonqualifying exact pairs excluded. This is more informative than the nearest untested alternative (difference 3.943e-05) because it is the eligible minimum-distortion merge. The official runner alone accepts or rolls back. Stop after exactly one micro-trial or immediately on error. Compute budget: one checkpoint migration, one official verification, and two minutes wall-clock.		
attempt-0133	33bed685f9893535e65586053cd2349b25d83587	ba22b9c508e224d1317d7f7bb67146ddabdeb7bc	2026-08-16T10:15:23.862485+00:00	99.060000%	2028	keep	[automation:position-union-0133] Test nearest eligible position groups 287 and 322 | Completed the fixed one-micro-trial boundary in 60.9 seconds: 1 accepted, 0 discarded, 0 errors; frontier is 2028 parameters at 99.060000%. Tested group representatives 287/322 at difference 3.943e-05; stop reason was the declared one-trial cap.	Family: parameter tying. Current retained frontier is 2,029 parameters at 99.050000%, a +0.050000 percentage-point margin over 99%. There have been 75 prior attempts in this family. The most recent accepted result is attempt-0132 (keep, 2029 parameters, 99.050000%); the most recent failed result is attempt-0075 (discard, no parameter count parameters, no score). Hypothesis: the one-parameter, parameterization-preserving union of current positional groups represented by coordinates 287 and 322, with values 0.0022841841 and 0.0023236161 (difference 3.943e-05), preserves qualification using a multiplicity-weighted mean and yields 2,028 parameters. Candidate ordering is ascending current absolute group-value difference with previously nonqualifying exact pairs excluded. This is more informative than the nearest untested alternative (difference 4.003e-05) because it is the eligible minimum-distortion merge. The official runner alone accepts or rolls back. Stop after exactly one micro-trial or immediately on error. Compute budget: one checkpoint migration, one official verification, and two minutes wall-clock.		
attempt-0134	6a1a7b46fc56051e726feb488cf22126fb2077d9	33bed685f9893535e65586053cd2349b25d83587	2026-08-16T10:16:24.884902+00:00	99.040000%	2027	keep	[automation:position-union-0134] Test nearest eligible position groups 77 and 291 | Completed the fixed one-micro-trial boundary in 60.9 seconds: 1 accepted, 0 discarded, 0 errors; frontier is 2027 parameters at 99.040000%. Tested group representatives 77/291 at difference 4.003e-05; stop reason was the declared one-trial cap.	Family: parameter tying. Current retained frontier is 2,028 parameters at 99.060000%, a +0.060000 percentage-point margin over 99%. There have been 76 prior attempts in this family. The most recent accepted result is attempt-0133 (keep, 2028 parameters, 99.060000%); the most recent failed result is attempt-0075 (discard, no parameter count parameters, no score). Hypothesis: the one-parameter, parameterization-preserving union of current positional groups represented by coordinates 77 and 291, with values 0.0007743728 and 0.0008143999 (difference 4.003e-05), preserves qualification using a multiplicity-weighted mean and yields 2,027 parameters. Candidate ordering is ascending current absolute group-value difference with previously nonqualifying exact pairs excluded. This is more informative than the nearest untested alternative (difference 4.011e-05) because it is the eligible minimum-distortion merge. The official runner alone accepts or rolls back. Stop after exactly one micro-trial or immediately on error. Compute budget: one checkpoint migration, one official verification, and two minutes wall-clock.		
attempt-0135	20efd957f9e56b72075b14ac48f998d6221accf8	6a1a7b46fc56051e726feb488cf22126fb2077d9	2026-08-16T10:17:26.794833+00:00	99.040000%	2026	keep	[automation:position-union-0135] Test nearest eligible position groups 434 and 430 | Completed the fixed one-micro-trial boundary in 61.8 seconds: 1 accepted, 0 discarded, 0 errors; frontier is 2026 parameters at 99.040000%. Tested group representatives 434/430 at difference 4.011e-05; stop reason was the declared one-trial cap.	Family: parameter tying. Current retained frontier is 2,027 parameters at 99.040000%, a +0.040000 percentage-point margin over 99%. There have been 77 prior attempts in this family. The most recent accepted result is attempt-0134 (keep, 2027 parameters, 99.040000%); the most recent failed result is attempt-0075 (discard, no parameter count parameters, no score). Hypothesis: the one-parameter, parameterization-preserving union of current positional groups represented by coordinates 434 and 430, with values -0.0226544142 and -0.0226143077 (difference 4.011e-05), preserves qualification using a multiplicity-weighted mean and yields 2,026 parameters. Candidate ordering is ascending current absolute group-value difference with previously nonqualifying exact pairs excluded. This is more informative than the nearest untested alternative (difference 4.051e-05) because it is the eligible minimum-distortion merge. The official runner alone accepts or rolls back. Stop after exactly one micro-trial or immediately on error. Compute budget: one checkpoint migration, one official verification, and two minutes wall-clock.		
attempt-0136	59e7dfffaebc372357fda74b8051d13a1c404f2d	20efd957f9e56b72075b14ac48f998d6221accf8	2026-08-16T10:18:28.746194+00:00	99.040000%	2025	keep	[automation:position-union-0136] Test nearest eligible position groups 88 and 25 | Completed the fixed one-micro-trial boundary in 61.9 seconds: 1 accepted, 0 discarded, 0 errors; frontier is 2025 parameters at 99.040000%. Tested group representatives 88/25 at difference 4.051e-05; stop reason was the declared one-trial cap.	Family: parameter tying. Current retained frontier is 2,026 parameters at 99.040000%, a +0.040000 percentage-point margin over 99%. There have been 78 prior attempts in this family. The most recent accepted result is attempt-0135 (keep, 2026 parameters, 99.040000%); the most recent failed result is attempt-0075 (discard, no parameter count parameters, no score). Hypothesis: the one-parameter, parameterization-preserving union of current positional groups represented by coordinates 88 and 25, with values -0.0134652304 and -0.0134247188 (difference 4.051e-05), preserves qualification using a multiplicity-weighted mean and yields 2,025 parameters. Candidate ordering is ascending current absolute group-value difference with previously nonqualifying exact pairs excluded. This is more informative than the nearest untested alternative (difference 4.212e-05) because it is the eligible minimum-distortion merge. The official runner alone accepts or rolls back. Stop after exactly one micro-trial or immediately on error. Compute budget: one checkpoint migration, one official verification, and two minutes wall-clock.		
attempt-0137	77946cc4644784098317f94b7ca7e2efeaf4d767	59e7dfffaebc372357fda74b8051d13a1c404f2d	2026-08-16T10:19:30.850819+00:00	99.040000%	2024	keep	[automation:position-union-0137] Test nearest eligible position groups 433 and 266 | Completed the fixed one-micro-trial boundary in 62.0 seconds: 1 accepted, 0 discarded, 0 errors; frontier is 2024 parameters at 99.040000%. Tested group representatives 433/266 at difference 4.212e-05; stop reason was the declared one-trial cap.	Family: parameter tying. Current retained frontier is 2,025 parameters at 99.040000%, a +0.040000 percentage-point margin over 99%. There have been 79 prior attempts in this family. The most recent accepted result is attempt-0136 (keep, 2025 parameters, 99.040000%); the most recent failed result is attempt-0075 (discard, no parameter count parameters, no score). Hypothesis: the one-parameter, parameterization-preserving union of current positional groups represented by coordinates 433 and 266, with values 0.0180742983 and 0.0181164220 (difference 4.212e-05), preserves qualification using a multiplicity-weighted mean and yields 2,024 parameters. Candidate ordering is ascending current absolute group-value difference with previously nonqualifying exact pairs excluded. This is more informative than the nearest untested alternative (difference 4.220e-05) because it is the eligible minimum-distortion merge. The official runner alone accepts or rolls back. Stop after exactly one micro-trial or immediately on error. Compute budget: one checkpoint migration, one official verification, and two minutes wall-clock.		
attempt-0138	7ae662d5a3e4ab9ccc6e8254cd014fa9b20cedfc	77946cc4644784098317f94b7ca7e2efeaf4d767	2026-08-16T10:20:32.981486+00:00	99.040000%	2023	keep	[automation:position-union-0138] Test nearest eligible position groups 397 and 246 | Completed the fixed one-micro-trial boundary in 62.0 seconds: 1 accepted, 0 discarded, 0 errors; frontier is 2023 parameters at 99.040000%. Tested group representatives 397/246 at difference 4.220e-05; stop reason was the declared one-trial cap.	Family: parameter tying. Current retained frontier is 2,024 parameters at 99.040000%, a +0.040000 percentage-point margin over 99%. There have been 80 prior attempts in this family. The most recent accepted result is attempt-0137 (keep, 2024 parameters, 99.040000%); the most recent failed result is attempt-0075 (discard, no parameter count parameters, no score). Hypothesis: the one-parameter, parameterization-preserving union of current positional groups represented by coordinates 397 and 246, with values 0.0131036239 and 0.0131458230 (difference 4.220e-05), preserves qualification using a multiplicity-weighted mean and yields 2,023 parameters. Candidate ordering is ascending current absolute group-value difference with previously nonqualifying exact pairs excluded. This is more informative than the nearest untested alternative (difference 4.239e-05) because it is the eligible minimum-distortion merge. The official runner alone accepts or rolls back. Stop after exactly one micro-trial or immediately on error. Compute budget: one checkpoint migration, one official verification, and two minutes wall-clock.		
attempt-0139	ec5f7b214de40b37f662d65c0b5afea29792e1ae	7ae662d5a3e4ab9ccc6e8254cd014fa9b20cedfc	2026-08-16T10:21:34.480657+00:00	99.040000%	2022	keep	[automation:position-union-0139] Test nearest eligible position groups 120 and 255 | Completed the fixed one-micro-trial boundary in 61.4 seconds: 1 accepted, 0 discarded, 0 errors; frontier is 2022 parameters at 99.040000%. Tested group representatives 120/255 at difference 4.239e-05; stop reason was the declared one-trial cap.	Family: parameter tying. Current retained frontier is 2,023 parameters at 99.040000%, a +0.040000 percentage-point margin over 99%. There have been 81 prior attempts in this family. The most recent accepted result is attempt-0138 (keep, 2023 parameters, 99.040000%); the most recent failed result is attempt-0075 (discard, no parameter count parameters, no score). Hypothesis: the one-parameter, parameterization-preserving union of current positional groups represented by coordinates 120 and 255, with values -0.0020713275 and -0.0020289347 (difference 4.239e-05), preserves qualification using a multiplicity-weighted mean and yields 2,022 parameters. Candidate ordering is ascending current absolute group-value difference with previously nonqualifying exact pairs excluded. This is more informative than the nearest untested alternative (difference 4.253e-05) because it is the eligible minimum-distortion merge. The official runner alone accepts or rolls back. Stop after exactly one micro-trial or immediately on error. Compute budget: one checkpoint migration, one official verification, and two minutes wall-clock.		
attempt-0140	c8cd024b90e506eeb207ecfcc69c859e487d99d5	ec5f7b214de40b37f662d65c0b5afea29792e1ae	2026-08-16T10:22:36.337201+00:00	99.040000%	2021	keep	[automation:position-union-0140] Test nearest eligible position groups 34 and 304 | Completed the fixed one-micro-trial boundary in 61.8 seconds: 1 accepted, 0 discarded, 0 errors; frontier is 2021 parameters at 99.040000%. Tested group representatives 34/304 at difference 4.253e-05; stop reason was the declared one-trial cap.	Family: parameter tying. Current retained frontier is 2,022 parameters at 99.040000%, a +0.040000 percentage-point margin over 99%. There have been 82 prior attempts in this family. The most recent accepted result is attempt-0139 (keep, 2022 parameters, 99.040000%); the most recent failed result is attempt-0075 (discard, no parameter count parameters, no score). Hypothesis: the one-parameter, parameterization-preserving union of current positional groups represented by coordinates 34 and 304, with values 0.0218262654 and 0.0218687933 (difference 4.253e-05), preserves qualification using a multiplicity-weighted mean and yields 2,021 parameters. Candidate ordering is ascending current absolute group-value difference with previously nonqualifying exact pairs excluded. This is more informative than the nearest untested alternative (difference 4.263e-05) because it is the eligible minimum-distortion merge. The official runner alone accepts or rolls back. Stop after exactly one micro-trial or immediately on error. Compute budget: one checkpoint migration, one official verification, and two minutes wall-clock.		
attempt-0141	ce1248f6c8b1886f94775c30e5f8d279f7a9554d	c8cd024b90e506eeb207ecfcc69c859e487d99d5	2026-08-16T10:23:38.568927+00:00	99.040000%	2020	keep	[automation:position-union-0141] Test nearest eligible position groups 463 and 138 | Completed the fixed one-micro-trial boundary in 62.2 seconds: 1 accepted, 0 discarded, 0 errors; frontier is 2020 parameters at 99.040000%. Tested group representatives 463/138 at difference 4.263e-05; stop reason was the declared one-trial cap.	Family: parameter tying. Current retained frontier is 2,021 parameters at 99.040000%, a +0.040000 percentage-point margin over 99%. There have been 83 prior attempts in this family. The most recent accepted result is attempt-0140 (keep, 2021 parameters, 99.040000%); the most recent failed result is attempt-0075 (discard, no parameter count parameters, no score). Hypothesis: the one-parameter, parameterization-preserving union of current positional groups represented by coordinates 463 and 138, with values -0.0027563022 and -0.0027136749 (difference 4.263e-05), preserves qualification using a multiplicity-weighted mean and yields 2,020 parameters. Candidate ordering is ascending current absolute group-value difference with previously nonqualifying exact pairs excluded. This is more informative than the nearest untested alternative (difference 4.457e-05) because it is the eligible minimum-distortion merge. The official runner alone accepts or rolls back. Stop after exactly one micro-trial or immediately on error. Compute budget: one checkpoint migration, one official verification, and two minutes wall-clock.		
attempt-0142	121180ea2bcf630b42ee0b74d97ab5f66c1d0dd3	ce1248f6c8b1886f94775c30e5f8d279f7a9554d	2026-08-16T10:24:40.747710+00:00	99.040000%	2019	keep	[automation:position-union-0142] Test nearest eligible position groups 401 and 263 | Completed the fixed one-micro-trial boundary in 62.1 seconds: 1 accepted, 0 discarded, 0 errors; frontier is 2019 parameters at 99.040000%. Tested group representatives 401/263 at difference 4.457e-05; stop reason was the declared one-trial cap.	Family: parameter tying. Current retained frontier is 2,020 parameters at 99.040000%, a +0.040000 percentage-point margin over 99%. There have been 84 prior attempts in this family. The most recent accepted result is attempt-0141 (keep, 2020 parameters, 99.040000%); the most recent failed result is attempt-0075 (discard, no parameter count parameters, no score). Hypothesis: the one-parameter, parameterization-preserving union of current positional groups represented by coordinates 401 and 263, with values 0.0116190100 and 0.0116635850 (difference 4.457e-05), preserves qualification using a multiplicity-weighted mean and yields 2,019 parameters. Candidate ordering is ascending current absolute group-value difference with previously nonqualifying exact pairs excluded. This is more informative than the nearest untested alternative (difference 4.529e-05) because it is the eligible minimum-distortion merge. The official runner alone accepts or rolls back. Stop after exactly one micro-trial or immediately on error. Compute budget: one checkpoint migration, one official verification, and two minutes wall-clock.		
attempt-0143	bdf39180263dd718ec08c0948af2a798e069c806	121180ea2bcf630b42ee0b74d97ab5f66c1d0dd3	2026-08-16T10:25:42.362471+00:00	99.050000%	2018	keep	[automation:position-union-0143] Test nearest eligible position groups 367 and 435 | Completed the fixed one-micro-trial boundary in 61.5 seconds: 1 accepted, 0 discarded, 0 errors; frontier is 2018 parameters at 99.050000%. Tested group representatives 367/435 at difference 4.529e-05; stop reason was the declared one-trial cap.	Family: parameter tying. Current retained frontier is 2,019 parameters at 99.040000%, a +0.040000 percentage-point margin over 99%. There have been 85 prior attempts in this family. The most recent accepted result is attempt-0142 (keep, 2019 parameters, 99.040000%); the most recent failed result is attempt-0075 (discard, no parameter count parameters, no score). Hypothesis: the one-parameter, parameterization-preserving union of current positional groups represented by coordinates 367 and 435, with values 0.0118183270 and 0.0118636144 (difference 4.529e-05), preserves qualification using a multiplicity-weighted mean and yields 2,018 parameters. Candidate ordering is ascending current absolute group-value difference with previously nonqualifying exact pairs excluded. This is more informative than the nearest untested alternative (difference 4.559e-05) because it is the eligible minimum-distortion merge. The official runner alone accepts or rolls back. Stop after exactly one micro-trial or immediately on error. Compute budget: one checkpoint migration, one official verification, and two minutes wall-clock.		
attempt-0144	9b58b652ae20822c23989c22848a4ec082e70267	bdf39180263dd718ec08c0948af2a798e069c806	2026-08-16T10:26:44.400628+00:00	99.060000%	2017	keep	[automation:position-union-0144] Test nearest eligible position groups 198 and 273 | Completed the fixed one-micro-trial boundary in 62.0 seconds: 1 accepted, 0 discarded, 0 errors; frontier is 2017 parameters at 99.060000%. Tested group representatives 198/273 at difference 4.559e-05; stop reason was the declared one-trial cap.	Family: parameter tying. Current retained frontier is 2,018 parameters at 99.050000%, a +0.050000 percentage-point margin over 99%. There have been 86 prior attempts in this family. The most recent accepted result is attempt-0143 (keep, 2018 parameters, 99.050000%); the most recent failed result is attempt-0075 (discard, no parameter count parameters, no score). Hypothesis: the one-parameter, parameterization-preserving union of current positional groups represented by coordinates 198 and 273, with values 0.0105306180 and 0.0105762091 (difference 4.559e-05), preserves qualification using a multiplicity-weighted mean and yields 2,017 parameters. Candidate ordering is ascending current absolute group-value difference with previously nonqualifying exact pairs excluded. This is more informative than the nearest untested alternative (difference 4.569e-05) because it is the eligible minimum-distortion merge. The official runner alone accepts or rolls back. Stop after exactly one micro-trial or immediately on error. Compute budget: one checkpoint migration, one official verification, and two minutes wall-clock.		
attempt-0145	cd54ed03fe008777e037bf3048a823ea56392082	9b58b652ae20822c23989c22848a4ec082e70267	2026-08-16T10:27:46.452949+00:00	99.060000%	2016	keep	[automation:position-union-0145] Test nearest eligible position groups 66 and 269 | Completed the fixed one-micro-trial boundary in 62.0 seconds: 1 accepted, 0 discarded, 0 errors; frontier is 2016 parameters at 99.060000%. Tested group representatives 66/269 at difference 4.569e-05; stop reason was the declared one-trial cap.	Family: parameter tying. Current retained frontier is 2,017 parameters at 99.060000%, a +0.060000 percentage-point margin over 99%. There have been 87 prior attempts in this family. The most recent accepted result is attempt-0144 (keep, 2017 parameters, 99.060000%); the most recent failed result is attempt-0075 (discard, no parameter count parameters, no score). Hypothesis: the one-parameter, parameterization-preserving union of current positional groups represented by coordinates 66 and 269, with values -0.0117973350 and -0.0117516462 (difference 4.569e-05), preserves qualification using a multiplicity-weighted mean and yields 2,016 parameters. Candidate ordering is ascending current absolute group-value difference with previously nonqualifying exact pairs excluded. This is more informative than the nearest untested alternative (difference 4.870e-05) because it is the eligible minimum-distortion merge. The official runner alone accepts or rolls back. Stop after exactly one micro-trial or immediately on error. Compute budget: one checkpoint migration, one official verification, and two minutes wall-clock.		
attempt-0146	cdac38472d83d738b974ec5dd9aa6c610e541744	cd54ed03fe008777e037bf3048a823ea56392082	2026-08-16T10:28:48.358399+00:00	99.060000%	2015	keep	[automation:position-union-0146] Test nearest eligible position groups 382 and 182 | Completed the fixed one-micro-trial boundary in 61.8 seconds: 1 accepted, 0 discarded, 0 errors; frontier is 2015 parameters at 99.060000%. Tested group representatives 382/182 at difference 4.870e-05; stop reason was the declared one-trial cap.	Family: parameter tying. Current retained frontier is 2,016 parameters at 99.060000%, a +0.060000 percentage-point margin over 99%. There have been 88 prior attempts in this family. The most recent accepted result is attempt-0145 (keep, 2016 parameters, 99.060000%); the most recent failed result is attempt-0075 (discard, no parameter count parameters, no score). Hypothesis: the one-parameter, parameterization-preserving union of current positional groups represented by coordinates 382 and 182, with values 0.0127391340 and 0.0127878338 (difference 4.870e-05), preserves qualification using a multiplicity-weighted mean and yields 2,015 parameters. Candidate ordering is ascending current absolute group-value difference with previously nonqualifying exact pairs excluded. This is more informative than the nearest untested alternative (difference 4.944e-05) because it is the eligible minimum-distortion merge. The official runner alone accepts or rolls back. Stop after exactly one micro-trial or immediately on error. Compute budget: one checkpoint migration, one official verification, and two minutes wall-clock.		
attempt-0147	3a881425fe6ca1fc9481d4d37722233dc521b699	cdac38472d83d738b974ec5dd9aa6c610e541744	2026-08-16T10:30:05.386967+00:00	99.060000%	2014	keep	[automation:position-union-0147] Test nearest eligible position groups 0 and 421 | Completed the fixed one-micro-trial boundary in 61.7 seconds: 1 accepted, 0 discarded, 0 errors; frontier is 2014 parameters at 99.060000%. Tested group representatives 0/421 at difference 4.944e-05; stop reason was the declared one-trial cap.	Family: parameter tying. Current retained frontier is 2,015 parameters at 99.060000%, a +0.060000 percentage-point margin over 99%. There have been 89 prior attempts in this family. The most recent accepted result is attempt-0146 (keep, 2015 parameters, 99.060000%); the most recent failed result is attempt-0075 (discard, no parameter count parameters, no score). Hypothesis: the one-parameter, parameterization-preserving union of current positional groups represented by coordinates 0 and 421, with values -0.0223338176 and -0.0222843736 (difference 4.944e-05), preserves qualification using a multiplicity-weighted mean and yields 2,014 parameters. Candidate ordering is ascending current absolute group-value difference with previously nonqualifying exact pairs excluded. This is more informative than the nearest untested alternative (difference 5.073e-05) because it is the eligible minimum-distortion merge. The official runner alone accepts or rolls back. Stop after exactly one micro-trial or immediately on error. Compute budget: one checkpoint migration, one official verification, and two minutes wall-clock.		
attempt-0148	24fb15cde002fd36f1d18915729077659649a2e5	3a881425fe6ca1fc9481d4d37722233dc521b699	2026-08-16T10:31:07.268787+00:00	99.070000%	2013	keep	[automation:position-union-0148] Test nearest eligible position groups 136 and 285 | Completed the fixed one-micro-trial boundary in 61.8 seconds: 1 accepted, 0 discarded, 0 errors; frontier is 2013 parameters at 99.070000%. Tested group representatives 136/285 at difference 5.073e-05; stop reason was the declared one-trial cap.	Family: parameter tying. Current retained frontier is 2,014 parameters at 99.060000%, a +0.060000 percentage-point margin over 99%. There have been 90 prior attempts in this family. The most recent accepted result is attempt-0147 (keep, 2014 parameters, 99.060000%); the most recent failed result is attempt-0075 (discard, no parameter count parameters, no score). Hypothesis: the one-parameter, parameterization-preserving union of current positional groups represented by coordinates 136 and 285, with values 0.0092705246 and 0.0093212547 (difference 5.073e-05), preserves qualification using a multiplicity-weighted mean and yields 2,013 parameters. Candidate ordering is ascending current absolute group-value difference with previously nonqualifying exact pairs excluded. This is more informative than the nearest untested alternative (difference 5.174e-05) because it is the eligible minimum-distortion merge. The official runner alone accepts or rolls back. Stop after exactly one micro-trial or immediately on error. Compute budget: one checkpoint migration, one official verification, and two minutes wall-clock.		
attempt-0149	e10ec8fcc0f53c2daee02a9f6477800b8626b9e1	24fb15cde002fd36f1d18915729077659649a2e5	2026-08-16T10:32:08.959851+00:00	99.070000%	2012	keep	[automation:position-union-0149] Test nearest eligible position groups 210 and 256 | Completed the fixed one-micro-trial boundary in 61.6 seconds: 1 accepted, 0 discarded, 0 errors; frontier is 2012 parameters at 99.070000%. Tested group representatives 210/256 at difference 5.174e-05; stop reason was the declared one-trial cap.	Family: parameter tying. Current retained frontier is 2,013 parameters at 99.070000%, a +0.070000 percentage-point margin over 99%. There have been 91 prior attempts in this family. The most recent accepted result is attempt-0148 (keep, 2013 parameters, 99.070000%); the most recent failed result is attempt-0075 (discard, no parameter count parameters, no score). Hypothesis: the one-parameter, parameterization-preserving union of current positional groups represented by coordinates 210 and 256, with values -0.0013240703 and -0.0012723338 (difference 5.174e-05), preserves qualification using a multiplicity-weighted mean and yields 2,012 parameters. Candidate ordering is ascending current absolute group-value difference with previously nonqualifying exact pairs excluded. This is more informative than the nearest untested alternative (difference 5.179e-05) because it is the eligible minimum-distortion merge. The official runner alone accepts or rolls back. Stop after exactly one micro-trial or immediately on error. Compute budget: one checkpoint migration, one official verification, and two minutes wall-clock.		
attempt-0150	874d462b7f01be08564900be7bdb3ab51cc28a11	e10ec8fcc0f53c2daee02a9f6477800b8626b9e1	2026-08-16T10:33:11.423439+00:00	99.070000%	2011	keep	[automation:position-union-0150] Test nearest eligible position groups 295 and 422 | Completed the fixed one-micro-trial boundary in 62.4 seconds: 1 accepted, 0 discarded, 0 errors; frontier is 2011 parameters at 99.070000%. Tested group representatives 295/422 at difference 5.179e-05; stop reason was the declared one-trial cap.	Family: parameter tying. Current retained frontier is 2,012 parameters at 99.070000%, a +0.070000 percentage-point margin over 99%. There have been 92 prior attempts in this family. The most recent accepted result is attempt-0149 (keep, 2012 parameters, 99.070000%); the most recent failed result is attempt-0075 (discard, no parameter count parameters, no score). Hypothesis: the one-parameter, parameterization-preserving union of current positional groups represented by coordinates 295 and 422, with values 0.0098234033 and 0.0098751895 (difference 5.179e-05), preserves qualification using a multiplicity-weighted mean and yields 2,011 parameters. Candidate ordering is ascending current absolute group-value difference with previously nonqualifying exact pairs excluded. This is more informative than the nearest untested alternative (difference 5.235e-05) because it is the eligible minimum-distortion merge. The official runner alone accepts or rolls back. Stop after exactly one micro-trial or immediately on error. Compute budget: one checkpoint migration, one official verification, and two minutes wall-clock.		
attempt-0151	a993175c98baab3090a1e1c695d44b161ab5807b	874d462b7f01be08564900be7bdb3ab51cc28a11	2026-08-16T10:34:13.511406+00:00	99.070000%	2010	keep	[automation:position-union-0151] Test nearest eligible position groups 58 and 97 | Completed the fixed one-micro-trial boundary in 62.0 seconds: 1 accepted, 0 discarded, 0 errors; frontier is 2010 parameters at 99.070000%. Tested group representatives 58/97 at difference 5.235e-05; stop reason was the declared one-trial cap.	Family: parameter tying. Current retained frontier is 2,011 parameters at 99.070000%, a +0.070000 percentage-point margin over 99%. There have been 93 prior attempts in this family. The most recent accepted result is attempt-0150 (keep, 2011 parameters, 99.070000%); the most recent failed result is attempt-0075 (discard, no parameter count parameters, no score). Hypothesis: the one-parameter, parameterization-preserving union of current positional groups represented by coordinates 58 and 97, with values -0.0096865334 and -0.0096341819 (difference 5.235e-05), preserves qualification using a multiplicity-weighted mean and yields 2,010 parameters. Candidate ordering is ascending current absolute group-value difference with previously nonqualifying exact pairs excluded. This is more informative than the nearest untested alternative (difference 5.288e-05) because it is the eligible minimum-distortion merge. The official runner alone accepts or rolls back. Stop after exactly one micro-trial or immediately on error. Compute budget: one checkpoint migration, one official verification, and two minutes wall-clock.		
attempt-0152	fb8a56e19972b92e15ad16d6aba3886b3a3d0689	a993175c98baab3090a1e1c695d44b161ab5807b	2026-08-16T10:35:15.370298+00:00	99.070000%	2009	keep	[automation:position-union-0152] Test nearest eligible position groups 262 and 289 | Completed the fixed one-micro-trial boundary in 61.8 seconds: 1 accepted, 0 discarded, 0 errors; frontier is 2009 parameters at 99.070000%. Tested group representatives 262/289 at difference 5.288e-05; stop reason was the declared one-trial cap.	Family: parameter tying. Current retained frontier is 2,010 parameters at 99.070000%, a +0.070000 percentage-point margin over 99%. There have been 94 prior attempts in this family. The most recent accepted result is attempt-0151 (keep, 2010 parameters, 99.070000%); the most recent failed result is attempt-0075 (discard, no parameter count parameters, no score). Hypothesis: the one-parameter, parameterization-preserving union of current positional groups represented by coordinates 262 and 289, with values 0.0100165671 and 0.0100694429 (difference 5.288e-05), preserves qualification using a multiplicity-weighted mean and yields 2,009 parameters. Candidate ordering is ascending current absolute group-value difference with previously nonqualifying exact pairs excluded. This is more informative than the nearest untested alternative (difference 5.315e-05) because it is the eligible minimum-distortion merge. The official runner alone accepts or rolls back. Stop after exactly one micro-trial or immediately on error. Compute budget: one checkpoint migration, one official verification, and two minutes wall-clock.		
attempt-0153	b98684ebc65fc877c046dd54b334e011ba362ac0	fb8a56e19972b92e15ad16d6aba3886b3a3d0689	2026-08-16T10:36:17.899294+00:00	99.070000%	2008	keep	[automation:position-union-0153] Test nearest eligible position groups 144 and 79 | Completed the fixed one-micro-trial boundary in 62.4 seconds: 1 accepted, 0 discarded, 0 errors; frontier is 2008 parameters at 99.070000%. Tested group representatives 144/79 at difference 5.315e-05; stop reason was the declared one-trial cap.	Family: parameter tying. Current retained frontier is 2,009 parameters at 99.070000%, a +0.070000 percentage-point margin over 99%. There have been 95 prior attempts in this family. The most recent accepted result is attempt-0152 (keep, 2009 parameters, 99.070000%); the most recent failed result is attempt-0075 (discard, no parameter count parameters, no score). Hypothesis: the one-parameter, parameterization-preserving union of current positional groups represented by coordinates 144 and 79, with values 0.0020982460 and 0.0021513964 (difference 5.315e-05), preserves qualification using a multiplicity-weighted mean and yields 2,008 parameters. Candidate ordering is ascending current absolute group-value difference with previously nonqualifying exact pairs excluded. This is more informative than the nearest untested alternative (difference 5.347e-05) because it is the eligible minimum-distortion merge. The official runner alone accepts or rolls back. Stop after exactly one micro-trial or immediately on error. Compute budget: one checkpoint migration, one official verification, and two minutes wall-clock.		
attempt-0154	a528b5a665fcf5bb96364cdd2aaf669cd1c5e6be	b98684ebc65fc877c046dd54b334e011ba362ac0	2026-08-16T10:37:19.988761+00:00	99.070000%	2007	keep	[automation:position-union-0154] Test nearest eligible position groups 393 and 122 | Completed the fixed one-micro-trial boundary in 62.0 seconds: 1 accepted, 0 discarded, 0 errors; frontier is 2007 parameters at 99.070000%. Tested group representatives 393/122 at difference 5.347e-05; stop reason was the declared one-trial cap.	Family: parameter tying. Current retained frontier is 2,008 parameters at 99.070000%, a +0.070000 percentage-point margin over 99%. There have been 96 prior attempts in this family. The most recent accepted result is attempt-0153 (keep, 2008 parameters, 99.070000%); the most recent failed result is attempt-0075 (discard, no parameter count parameters, no score). Hypothesis: the one-parameter, parameterization-preserving union of current positional groups represented by coordinates 393 and 122, with values -0.0087742284 and -0.0087207556 (difference 5.347e-05), preserves qualification using a multiplicity-weighted mean and yields 2,007 parameters. Candidate ordering is ascending current absolute group-value difference with previously nonqualifying exact pairs excluded. This is more informative than the nearest untested alternative (difference 5.358e-05) because it is the eligible minimum-distortion merge. The official runner alone accepts or rolls back. Stop after exactly one micro-trial or immediately on error. Compute budget: one checkpoint migration, one official verification, and two minutes wall-clock.		
attempt-0155	d513fa1243c2edfb23981c10e7978dc354d89a5d	a528b5a665fcf5bb96364cdd2aaf669cd1c5e6be	2026-08-16T10:38:21.458423+00:00	99.080000%	2006	keep	[automation:position-union-0155] Test nearest eligible position groups 319 and 7 | Completed the fixed one-micro-trial boundary in 61.4 seconds: 1 accepted, 0 discarded, 0 errors; frontier is 2006 parameters at 99.080000%. Tested group representatives 319/7 at difference 5.358e-05; stop reason was the declared one-trial cap.	Family: parameter tying. Current retained frontier is 2,007 parameters at 99.070000%, a +0.070000 percentage-point margin over 99%. There have been 97 prior attempts in this family. The most recent accepted result is attempt-0154 (keep, 2007 parameters, 99.070000%); the most recent failed result is attempt-0075 (discard, no parameter count parameters, no score). Hypothesis: the one-parameter, parameterization-preserving union of current positional groups represented by coordinates 319 and 7, with values 0.0034688686 and 0.0035224482 (difference 5.358e-05), preserves qualification using a multiplicity-weighted mean and yields 2,006 parameters. Candidate ordering is ascending current absolute group-value difference with previously nonqualifying exact pairs excluded. This is more informative than the nearest untested alternative (difference 5.434e-05) because it is the eligible minimum-distortion merge. The official runner alone accepts or rolls back. Stop after exactly one micro-trial or immediately on error. Compute budget: one checkpoint migration, one official verification, and two minutes wall-clock.		
attempt-0156	7244b8c6073b461dc48e9b1b37479add9e229581	d513fa1243c2edfb23981c10e7978dc354d89a5d	2026-08-16T10:39:22.549343+00:00	99.080000%	2005	keep	[automation:position-union-0156] Test nearest eligible position groups 145 and 142 | Completed the fixed one-micro-trial boundary in 61.0 seconds: 1 accepted, 0 discarded, 0 errors; frontier is 2005 parameters at 99.080000%. Tested group representatives 145/142 at difference 5.434e-05; stop reason was the declared one-trial cap.	Family: parameter tying. Current retained frontier is 2,006 parameters at 99.080000%, a +0.080000 percentage-point margin over 99%. There have been 98 prior attempts in this family. The most recent accepted result is attempt-0155 (keep, 2006 parameters, 99.080000%); the most recent failed result is attempt-0075 (discard, no parameter count parameters, no score). Hypothesis: the one-parameter, parameterization-preserving union of current positional groups represented by coordinates 145 and 142, with values -0.0174467843 and -0.0173924416 (difference 5.434e-05), preserves qualification using a multiplicity-weighted mean and yields 2,005 parameters. Candidate ordering is ascending current absolute group-value difference with previously nonqualifying exact pairs excluded. This is more informative than the nearest untested alternative (difference 5.448e-05) because it is the eligible minimum-distortion merge. The official runner alone accepts or rolls back. Stop after exactly one micro-trial or immediately on error. Compute budget: one checkpoint migration, one official verification, and two minutes wall-clock.		
attempt-0157	62d170bb607f7d445ef5f6e5a3341d09c6e6d974	7244b8c6073b461dc48e9b1b37479add9e229581	2026-08-16T10:40:24.395998+00:00	99.080000%	2004	keep	[automation:position-union-0157] Test nearest eligible position groups 407 and 109 | Completed the fixed one-micro-trial boundary in 61.8 seconds: 1 accepted, 0 discarded, 0 errors; frontier is 2004 parameters at 99.080000%. Tested group representatives 407/109 at difference 5.448e-05; stop reason was the declared one-trial cap.	Family: parameter tying. Current retained frontier is 2,005 parameters at 99.080000%, a +0.080000 percentage-point margin over 99%. There have been 99 prior attempts in this family. The most recent accepted result is attempt-0156 (keep, 2005 parameters, 99.080000%); the most recent failed result is attempt-0075 (discard, no parameter count parameters, no score). Hypothesis: the one-parameter, parameterization-preserving union of current positional groups represented by coordinates 407 and 109, with values 0.0032949767 and 0.0033494518 (difference 5.448e-05), preserves qualification using a multiplicity-weighted mean and yields 2,004 parameters. Candidate ordering is ascending current absolute group-value difference with previously nonqualifying exact pairs excluded. This is more informative than the nearest untested alternative (difference 5.480e-05) because it is the eligible minimum-distortion merge. The official runner alone accepts or rolls back. Stop after exactly one micro-trial or immediately on error. Compute budget: one checkpoint migration, one official verification, and two minutes wall-clock.		
attempt-0158	08404de6a9b502dd5487f44a228a7b2ac5a4af0e	62d170bb607f7d445ef5f6e5a3341d09c6e6d974	2026-08-16T10:41:26.122025+00:00	99.080000%	2003	keep	[automation:position-union-0158] Test nearest eligible position groups 110 and 112 | Completed the fixed one-micro-trial boundary in 61.6 seconds: 1 accepted, 0 discarded, 0 errors; frontier is 2003 parameters at 99.080000%. Tested group representatives 110/112 at difference 5.480e-05; stop reason was the declared one-trial cap.	Family: parameter tying. Current retained frontier is 2,004 parameters at 99.080000%, a +0.080000 percentage-point margin over 99%. There have been 100 prior attempts in this family. The most recent accepted result is attempt-0157 (keep, 2004 parameters, 99.080000%); the most recent failed result is attempt-0075 (discard, no parameter count parameters, no score). Hypothesis: the one-parameter, parameterization-preserving union of current positional groups represented by coordinates 110 and 112, with values 0.0058748377 and 0.0059296377 (difference 5.480e-05), preserves qualification using a multiplicity-weighted mean and yields 2,003 parameters. Candidate ordering is ascending current absolute group-value difference with previously nonqualifying exact pairs excluded. This is more informative than the nearest untested alternative (difference 5.505e-05) because it is the eligible minimum-distortion merge. The official runner alone accepts or rolls back. Stop after exactly one micro-trial or immediately on error. Compute budget: one checkpoint migration, one official verification, and two minutes wall-clock.		
attempt-0159	935d20715a4270af791a090d5409d308e42a1542	08404de6a9b502dd5487f44a228a7b2ac5a4af0e	2026-08-16T10:42:27.837861+00:00	99.080000%	2002	keep	[automation:position-union-0159] Test nearest eligible position groups 118 and 474 | Completed the fixed one-micro-trial boundary in 61.6 seconds: 1 accepted, 0 discarded, 0 errors; frontier is 2002 parameters at 99.080000%. Tested group representatives 118/474 at difference 5.505e-05; stop reason was the declared one-trial cap.	Family: parameter tying. Current retained frontier is 2,003 parameters at 99.080000%, a +0.080000 percentage-point margin over 99%. There have been 101 prior attempts in this family. The most recent accepted result is attempt-0158 (keep, 2003 parameters, 99.080000%); the most recent failed result is attempt-0075 (discard, no parameter count parameters, no score). Hypothesis: the one-parameter, parameterization-preserving union of current positional groups represented by coordinates 118 and 474, with values -0.0004591885 and -0.0004041397 (difference 5.505e-05), preserves qualification using a multiplicity-weighted mean and yields 2,002 parameters. Candidate ordering is ascending current absolute group-value difference with previously nonqualifying exact pairs excluded. This is more informative than the nearest untested alternative (difference 5.514e-05) because it is the eligible minimum-distortion merge. The official runner alone accepts or rolls back. Stop after exactly one micro-trial or immediately on error. Compute budget: one checkpoint migration, one official verification, and two minutes wall-clock.		
attempt-0160	58a276c1c116cabae911e886b769b1c2b411f432	935d20715a4270af791a090d5409d308e42a1542	2026-08-16T10:43:29.845100+00:00	99.080000%	2001	keep	[automation:position-union-0160] Test nearest eligible position groups 224 and 207 | Completed the fixed one-micro-trial boundary in 61.9 seconds: 1 accepted, 0 discarded, 0 errors; frontier is 2001 parameters at 99.080000%. Tested group representatives 224/207 at difference 5.514e-05; stop reason was the declared one-trial cap.	Family: parameter tying. Current retained frontier is 2,002 parameters at 99.080000%, a +0.080000 percentage-point margin over 99%. There have been 102 prior attempts in this family. The most recent accepted result is attempt-0159 (keep, 2002 parameters, 99.080000%); the most recent failed result is attempt-0075 (discard, no parameter count parameters, no score). Hypothesis: the one-parameter, parameterization-preserving union of current positional groups represented by coordinates 224 and 207, with values -0.0031973307 and -0.0031421930 (difference 5.514e-05), preserves qualification using a multiplicity-weighted mean and yields 2,001 parameters. Candidate ordering is ascending current absolute group-value difference with previously nonqualifying exact pairs excluded. This is more informative than the nearest untested alternative (difference 5.563e-05) because it is the eligible minimum-distortion merge. The official runner alone accepts or rolls back. Stop after exactly one micro-trial or immediately on error. Compute budget: one checkpoint migration, one official verification, and two minutes wall-clock.		
attempt-0161	f7956cf6cd70b33dac6d433a08a680948c77fb2c	58a276c1c116cabae911e886b769b1c2b411f432	2026-08-16T10:44:31.929082+00:00	99.080000%	2000	keep	[automation:position-union-0161] Test nearest eligible position groups 359 and 467 | Completed the fixed one-micro-trial boundary in 62.0 seconds: 1 accepted, 0 discarded, 0 errors; frontier is 2000 parameters at 99.080000%. Tested group representatives 359/467 at difference 5.563e-05; stop reason was the declared one-trial cap.	Family: parameter tying. Current retained frontier is 2,001 parameters at 99.080000%, a +0.080000 percentage-point margin over 99%. There have been 103 prior attempts in this family. The most recent accepted result is attempt-0160 (keep, 2001 parameters, 99.080000%); the most recent failed result is attempt-0075 (discard, no parameter count parameters, no score). Hypothesis: the one-parameter, parameterization-preserving union of current positional groups represented by coordinates 359 and 467, with values 0.0289382059 and 0.0289938338 (difference 5.563e-05), preserves qualification using a multiplicity-weighted mean and yields 2,000 parameters. Candidate ordering is ascending current absolute group-value difference with previously nonqualifying exact pairs excluded. This is more informative than the nearest untested alternative (difference 5.575e-05) because it is the eligible minimum-distortion merge. The official runner alone accepts or rolls back. Stop after exactly one micro-trial or immediately on error. Compute budget: one checkpoint migration, one official verification, and two minutes wall-clock.		
attempt-0162	07af418c79644e6050b9a5857317db3d54857272	f7956cf6cd70b33dac6d433a08a680948c77fb2c	2026-08-16T10:45:33.887036+00:00	99.070000%	1999	keep	[automation:position-union-0162] Test nearest eligible position groups 321 and 363 | Completed the fixed one-micro-trial boundary in 61.9 seconds: 1 accepted, 0 discarded, 0 errors; frontier is 1999 parameters at 99.070000%. Tested group representatives 321/363 at difference 5.575e-05; stop reason was the declared one-trial cap.	Family: parameter tying. Current retained frontier is 2,000 parameters at 99.080000%, a +0.080000 percentage-point margin over 99%. There have been 104 prior attempts in this family. The most recent accepted result is attempt-0161 (keep, 2000 parameters, 99.080000%); the most recent failed result is attempt-0075 (discard, no parameter count parameters, no score). Hypothesis: the one-parameter, parameterization-preserving union of current positional groups represented by coordinates 321 and 363, with values 0.0215623453 and 0.0216180906 (difference 5.575e-05), preserves qualification using a multiplicity-weighted mean and yields 1,999 parameters. Candidate ordering is ascending current absolute group-value difference with previously nonqualifying exact pairs excluded. This is more informative than the nearest untested alternative (difference 5.633e-05) because it is the eligible minimum-distortion merge. The official runner alone accepts or rolls back. Stop after exactly one micro-trial or immediately on error. Compute budget: one checkpoint migration, one official verification, and two minutes wall-clock.		
attempt-0163	f92a91e82b17b9cbc12a0e7c67a17b6627236c1e	07af418c79644e6050b9a5857317db3d54857272	2026-08-16T10:46:36.128658+00:00	99.080000%	1998	keep	[automation:position-union-0163] Test nearest eligible position groups 327 and 119 | Completed the fixed one-micro-trial boundary in 62.1 seconds: 1 accepted, 0 discarded, 0 errors; frontier is 1998 parameters at 99.080000%. Tested group representatives 327/119 at difference 5.633e-05; stop reason was the declared one-trial cap.	Family: parameter tying. Current retained frontier is 1,999 parameters at 99.070000%, a +0.070000 percentage-point margin over 99%. There have been 105 prior attempts in this family. The most recent accepted result is attempt-0162 (keep, 1999 parameters, 99.070000%); the most recent failed result is attempt-0075 (discard, no parameter count parameters, no score). Hypothesis: the one-parameter, parameterization-preserving union of current positional groups represented by coordinates 327 and 119, with values -0.0272180457 and -0.0271617156 (difference 5.633e-05), preserves qualification using a multiplicity-weighted mean and yields 1,998 parameters. Candidate ordering is ascending current absolute group-value difference with previously nonqualifying exact pairs excluded. This is more informative than the nearest untested alternative (difference 5.679e-05) because it is the eligible minimum-distortion merge. The official runner alone accepts or rolls back. Stop after exactly one micro-trial or immediately on error. Compute budget: one checkpoint migration, one official verification, and two minutes wall-clock.		
attempt-0164	5176537c0bd6c5288bc4b3a01cae4b9fff8c68b7	f92a91e82b17b9cbc12a0e7c67a17b6627236c1e	2026-08-16T10:47:38.279683+00:00	99.080000%	1997	keep	[automation:position-union-0164] Test nearest eligible position groups 63 and 134 | Completed the fixed one-micro-trial boundary in 62.1 seconds: 1 accepted, 0 discarded, 0 errors; frontier is 1997 parameters at 99.080000%. Tested group representatives 63/134 at difference 5.679e-05; stop reason was the declared one-trial cap.	Family: parameter tying. Current retained frontier is 1,998 parameters at 99.080000%, a +0.080000 percentage-point margin over 99%. There have been 106 prior attempts in this family. The most recent accepted result is attempt-0163 (keep, 1998 parameters, 99.080000%); the most recent failed result is attempt-0075 (discard, no parameter count parameters, no score). Hypothesis: the one-parameter, parameterization-preserving union of current positional groups represented by coordinates 63 and 134, with values -0.0016690904 and -0.0016123009 (difference 5.679e-05), preserves qualification using a multiplicity-weighted mean and yields 1,997 parameters. Candidate ordering is ascending current absolute group-value difference with previously nonqualifying exact pairs excluded. This is more informative than the nearest untested alternative (difference 5.720e-05) because it is the eligible minimum-distortion merge. The official runner alone accepts or rolls back. Stop after exactly one micro-trial or immediately on error. Compute budget: one checkpoint migration, one official verification, and two minutes wall-clock.		
attempt-0165	45ca03af9b836a63fc4040e446de15901faccf34	5176537c0bd6c5288bc4b3a01cae4b9fff8c68b7	2026-08-16T10:48:40.238743+00:00	99.080000%	1996	keep	[automation:position-union-0165] Test nearest eligible position groups 168 and 477 | Completed the fixed one-micro-trial boundary in 61.9 seconds: 1 accepted, 0 discarded, 0 errors; frontier is 1996 parameters at 99.080000%. Tested group representatives 168/477 at difference 5.720e-05; stop reason was the declared one-trial cap.	Family: parameter tying. Current retained frontier is 1,997 parameters at 99.080000%, a +0.080000 percentage-point margin over 99%. There have been 107 prior attempts in this family. The most recent accepted result is attempt-0164 (keep, 1997 parameters, 99.080000%); the most recent failed result is attempt-0075 (discard, no parameter count parameters, no score). Hypothesis: the one-parameter, parameterization-preserving union of current positional groups represented by coordinates 168 and 477, with values 0.0296001788 and 0.0296573825 (difference 5.720e-05), preserves qualification using a multiplicity-weighted mean and yields 1,996 parameters. Candidate ordering is ascending current absolute group-value difference with previously nonqualifying exact pairs excluded. This is more informative than the nearest untested alternative (difference 5.753e-05) because it is the eligible minimum-distortion merge. The official runner alone accepts or rolls back. Stop after exactly one micro-trial or immediately on error. Compute budget: one checkpoint migration, one official verification, and two minutes wall-clock.		
attempt-0166	e96904f6fe40f2f87955ef0ceb63b487b3412430	45ca03af9b836a63fc4040e446de15901faccf34	2026-08-16T10:49:41.967374+00:00	99.080000%	1995	keep	[automation:position-union-0166] Test nearest eligible position groups 428 and 264 | Completed the fixed one-micro-trial boundary in 61.6 seconds: 1 accepted, 0 discarded, 0 errors; frontier is 1995 parameters at 99.080000%. Tested group representatives 428/264 at difference 5.753e-05; stop reason was the declared one-trial cap.	Family: parameter tying. Current retained frontier is 1,996 parameters at 99.080000%, a +0.080000 percentage-point margin over 99%. There have been 108 prior attempts in this family. The most recent accepted result is attempt-0165 (keep, 1996 parameters, 99.080000%); the most recent failed result is attempt-0075 (discard, no parameter count parameters, no score). Hypothesis: the one-parameter, parameterization-preserving union of current positional groups represented by coordinates 428 and 264, with values 0.0085569061 and 0.0086144321 (difference 5.753e-05), preserves qualification using a multiplicity-weighted mean and yields 1,995 parameters. Candidate ordering is ascending current absolute group-value difference with previously nonqualifying exact pairs excluded. This is more informative than the nearest untested alternative (difference 5.809e-05) because it is the eligible minimum-distortion merge. The official runner alone accepts or rolls back. Stop after exactly one micro-trial or immediately on error. Compute budget: one checkpoint migration, one official verification, and two minutes wall-clock.		
attempt-0167	94c805c28430a202d598fd944b11dd2733fbece0	e96904f6fe40f2f87955ef0ceb63b487b3412430	2026-08-16T10:51:01.422443+00:00	99.080000%	1994	keep	[automation:position-union-0167] Test nearest eligible position groups 186 and 18 | Completed the fixed one-micro-trial boundary in 61.5 seconds: 1 accepted, 0 discarded, 0 errors; frontier is 1994 parameters at 99.080000%. Tested group representatives 186/18 at difference 5.809e-05; stop reason was the declared one-trial cap.	Family: parameter tying. Current retained frontier is 1,995 parameters at 99.080000%, a +0.080000 percentage-point margin over 99%. There have been 109 prior attempts in this family. The most recent accepted result is attempt-0166 (keep, 1995 parameters, 99.080000%); the most recent failed result is attempt-0075 (discard, no parameter count parameters, no score). Hypothesis: the one-parameter, parameterization-preserving union of current positional groups represented by coordinates 186 and 18, with values 0.0185883921 and 0.0186464861 (difference 5.809e-05), preserves qualification using a multiplicity-weighted mean and yields 1,994 parameters. Candidate ordering is ascending current absolute group-value difference with previously nonqualifying exact pairs excluded. This is more informative than the nearest untested alternative (difference 5.994e-05) because it is the eligible minimum-distortion merge. The official runner alone accepts or rolls back. Stop after exactly one micro-trial or immediately on error. Compute budget: one checkpoint migration, one official verification, and two minutes wall-clock.		
attempt-0168	58bca035fd00886489a3b143f5402ee6b456b175	94c805c28430a202d598fd944b11dd2733fbece0	2026-08-16T10:52:03.104884+00:00	99.080000%	1993	keep	[automation:position-union-0168] Test nearest eligible position groups 459 and 497 | Completed the fixed one-micro-trial boundary in 61.6 seconds: 1 accepted, 0 discarded, 0 errors; frontier is 1993 parameters at 99.080000%. Tested group representatives 459/497 at difference 5.994e-05; stop reason was the declared one-trial cap.	Family: parameter tying. Current retained frontier is 1,994 parameters at 99.080000%, a +0.080000 percentage-point margin over 99%. There have been 110 prior attempts in this family. The most recent accepted result is attempt-0167 (keep, 1994 parameters, 99.080000%); the most recent failed result is attempt-0075 (discard, no parameter count parameters, no score). Hypothesis: the one-parameter, parameterization-preserving union of current positional groups represented by coordinates 459 and 497, with values 0.0181863587 and 0.0182462949 (difference 5.994e-05), preserves qualification using a multiplicity-weighted mean and yields 1,993 parameters. Candidate ordering is ascending current absolute group-value difference with previously nonqualifying exact pairs excluded. This is more informative than the nearest untested alternative (difference 6.003e-05) because it is the eligible minimum-distortion merge. The official runner alone accepts or rolls back. Stop after exactly one micro-trial or immediately on error. Compute budget: one checkpoint migration, one official verification, and two minutes wall-clock.		
attempt-0169	7582fb5a688ef2cd49e7cef86ae5cdc6a748da15	58bca035fd00886489a3b143f5402ee6b456b175	2026-08-16T10:53:05.350990+00:00	99.080000%	1992	keep	[automation:position-union-0169] Test nearest eligible position groups 464 and 31 | Completed the fixed one-micro-trial boundary in 62.1 seconds: 1 accepted, 0 discarded, 0 errors; frontier is 1992 parameters at 99.080000%. Tested group representatives 464/31 at difference 6.003e-05; stop reason was the declared one-trial cap.	Family: parameter tying. Current retained frontier is 1,993 parameters at 99.080000%, a +0.080000 percentage-point margin over 99%. There have been 111 prior attempts in this family. The most recent accepted result is attempt-0168 (keep, 1993 parameters, 99.080000%); the most recent failed result is attempt-0075 (discard, no parameter count parameters, no score). Hypothesis: the one-parameter, parameterization-preserving union of current positional groups represented by coordinates 464 and 31, with values -0.0325202122 and -0.0324601866 (difference 6.003e-05), preserves qualification using a multiplicity-weighted mean and yields 1,992 parameters. Candidate ordering is ascending current absolute group-value difference with previously nonqualifying exact pairs excluded. This is more informative than the nearest untested alternative (difference 6.072e-05) because it is the eligible minimum-distortion merge. The official runner alone accepts or rolls back. Stop after exactly one micro-trial or immediately on error. Compute budget: one checkpoint migration, one official verification, and two minutes wall-clock.		
attempt-0170	ef537fefa7fa32f0457134acc3c5df6b8f462a45	7582fb5a688ef2cd49e7cef86ae5cdc6a748da15	2026-08-16T10:54:07.411549+00:00	99.080000%	1991	keep	[automation:position-union-0170] Test nearest eligible position groups 346 and 254 | Completed the fixed one-micro-trial boundary in 62.0 seconds: 1 accepted, 0 discarded, 0 errors; frontier is 1991 parameters at 99.080000%. Tested group representatives 346/254 at difference 6.072e-05; stop reason was the declared one-trial cap.	Family: parameter tying. Current retained frontier is 1,992 parameters at 99.080000%, a +0.080000 percentage-point margin over 99%. There have been 112 prior attempts in this family. The most recent accepted result is attempt-0169 (keep, 1992 parameters, 99.080000%); the most recent failed result is attempt-0075 (discard, no parameter count parameters, no score). Hypothesis: the one-parameter, parameterization-preserving union of current positional groups represented by coordinates 346 and 254, with values 0.0000061579 and 0.0000668808 (difference 6.072e-05), preserves qualification using a multiplicity-weighted mean and yields 1,991 parameters. Candidate ordering is ascending current absolute group-value difference with previously nonqualifying exact pairs excluded. This is more informative than the nearest untested alternative (difference 6.088e-05) because it is the eligible minimum-distortion merge. The official runner alone accepts or rolls back. Stop after exactly one micro-trial or immediately on error. Compute budget: one checkpoint migration, one official verification, and two minutes wall-clock.		
attempt-0171	5f34bd45909f24b86ea11926b26e1cfbbf1bfa1f	ef537fefa7fa32f0457134acc3c5df6b8f462a45	2026-08-16T10:55:09.316528+00:00	99.080000%	1990	keep	[automation:position-union-0171] Test nearest eligible position groups 318 and 405 | Completed the fixed one-micro-trial boundary in 61.8 seconds: 1 accepted, 0 discarded, 0 errors; frontier is 1990 parameters at 99.080000%. Tested group representatives 318/405 at difference 6.088e-05; stop reason was the declared one-trial cap.	Family: parameter tying. Current retained frontier is 1,991 parameters at 99.080000%, a +0.080000 percentage-point margin over 99%. There have been 113 prior attempts in this family. The most recent accepted result is attempt-0170 (keep, 1991 parameters, 99.080000%); the most recent failed result is attempt-0075 (discard, no parameter count parameters, no score). Hypothesis: the one-parameter, parameterization-preserving union of current positional groups represented by coordinates 318 and 405, with values 0.0254360475 and 0.0254969317 (difference 6.088e-05), preserves qualification using a multiplicity-weighted mean and yields 1,990 parameters. Candidate ordering is ascending current absolute group-value difference with previously nonqualifying exact pairs excluded. This is more informative than the nearest untested alternative (difference 6.112e-05) because it is the eligible minimum-distortion merge. The official runner alone accepts or rolls back. Stop after exactly one micro-trial or immediately on error. Compute budget: one checkpoint migration, one official verification, and two minutes wall-clock.		
attempt-0172	9793099ba16ce8d3ff25a59a9e38c4287442bf8f	5f34bd45909f24b86ea11926b26e1cfbbf1bfa1f	2026-08-16T10:56:10.910124+00:00	99.080000%	1989	keep	[automation:position-union-0172] Test nearest eligible position groups 114 and 137 | Completed the fixed one-micro-trial boundary in 61.5 seconds: 1 accepted, 0 discarded, 0 errors; frontier is 1989 parameters at 99.080000%. Tested group representatives 114/137 at difference 6.112e-05; stop reason was the declared one-trial cap.	Family: parameter tying. Current retained frontier is 1,990 parameters at 99.080000%, a +0.080000 percentage-point margin over 99%. There have been 114 prior attempts in this family. The most recent accepted result is attempt-0171 (keep, 1990 parameters, 99.080000%); the most recent failed result is attempt-0075 (discard, no parameter count parameters, no score). Hypothesis: the one-parameter, parameterization-preserving union of current positional groups represented by coordinates 114 and 137, with values -0.0203367919 and -0.0202756710 (difference 6.112e-05), preserves qualification using a multiplicity-weighted mean and yields 1,989 parameters. Candidate ordering is ascending current absolute group-value difference with previously nonqualifying exact pairs excluded. This is more informative than the nearest untested alternative (difference 6.267e-05) because it is the eligible minimum-distortion merge. The official runner alone accepts or rolls back. Stop after exactly one micro-trial or immediately on error. Compute budget: one checkpoint migration, one official verification, and two minutes wall-clock.		
attempt-0173	9c83ee3e44b6f9f2d2bdf292393614b66411fabb	9793099ba16ce8d3ff25a59a9e38c4287442bf8f	2026-08-16T10:57:12.927181+00:00	99.080000%	1988	keep	[automation:position-union-0173] Test nearest eligible position groups 231 and 13 | Completed the fixed one-micro-trial boundary in 61.9 seconds: 1 accepted, 0 discarded, 0 errors; frontier is 1988 parameters at 99.080000%. Tested group representatives 231/13 at difference 6.267e-05; stop reason was the declared one-trial cap.	Family: parameter tying. Current retained frontier is 1,989 parameters at 99.080000%, a +0.080000 percentage-point margin over 99%. There have been 115 prior attempts in this family. The most recent accepted result is attempt-0172 (keep, 1989 parameters, 99.080000%); the most recent failed result is attempt-0075 (discard, no parameter count parameters, no score). Hypothesis: the one-parameter, parameterization-preserving union of current positional groups represented by coordinates 231 and 13, with values 0.0174557809 and 0.0175184477 (difference 6.267e-05), preserves qualification using a multiplicity-weighted mean and yields 1,988 parameters. Candidate ordering is ascending current absolute group-value difference with previously nonqualifying exact pairs excluded. This is more informative than the nearest untested alternative (difference 6.277e-05) because it is the eligible minimum-distortion merge. The official runner alone accepts or rolls back. Stop after exactly one micro-trial or immediately on error. Compute budget: one checkpoint migration, one official verification, and two minutes wall-clock.		
attempt-0174	8c7160ef183364f65f5d8691d8ac2f95a2cd8c86	9c83ee3e44b6f9f2d2bdf292393614b66411fabb	2026-08-16T10:58:14.944246+00:00	99.080000%	1987	keep	[automation:position-union-0174] Test nearest eligible position groups 90 and 141 | Completed the fixed one-micro-trial boundary in 61.9 seconds: 1 accepted, 0 discarded, 0 errors; frontier is 1987 parameters at 99.080000%. Tested group representatives 90/141 at difference 6.277e-05; stop reason was the declared one-trial cap.	Family: parameter tying. Current retained frontier is 1,988 parameters at 99.080000%, a +0.080000 percentage-point margin over 99%. There have been 116 prior attempts in this family. The most recent accepted result is attempt-0173 (keep, 1988 parameters, 99.080000%); the most recent failed result is attempt-0075 (discard, no parameter count parameters, no score). Hypothesis: the one-parameter, parameterization-preserving union of current positional groups represented by coordinates 90 and 141, with values -0.0046477029 and -0.0045849304 (difference 6.277e-05), preserves qualification using a multiplicity-weighted mean and yields 1,987 parameters. Candidate ordering is ascending current absolute group-value difference with previously nonqualifying exact pairs excluded. This is more informative than the nearest untested alternative (difference 6.388e-05) because it is the eligible minimum-distortion merge. The official runner alone accepts or rolls back. Stop after exactly one micro-trial or immediately on error. Compute budget: one checkpoint migration, one official verification, and two minutes wall-clock.		
attempt-0175	9582cf0a642acdadad50d54b149f9d4a2b7f9a0c	8c7160ef183364f65f5d8691d8ac2f95a2cd8c86	2026-08-16T10:59:17.185416+00:00	99.080000%	1986	keep	[automation:position-union-0175] Test nearest eligible position groups 449 and 54 | Completed the fixed one-micro-trial boundary in 62.2 seconds: 1 accepted, 0 discarded, 0 errors; frontier is 1986 parameters at 99.080000%. Tested group representatives 449/54 at difference 6.388e-05; stop reason was the declared one-trial cap.	Family: parameter tying. Current retained frontier is 1,987 parameters at 99.080000%, a +0.080000 percentage-point margin over 99%. There have been 117 prior attempts in this family. The most recent accepted result is attempt-0174 (keep, 1987 parameters, 99.080000%); the most recent failed result is attempt-0075 (discard, no parameter count parameters, no score). Hypothesis: the one-parameter, parameterization-preserving union of current positional groups represented by coordinates 449 and 54, with values 0.0159679521 and 0.0160318278 (difference 6.388e-05), preserves qualification using a multiplicity-weighted mean and yields 1,986 parameters. Candidate ordering is ascending current absolute group-value difference with previously nonqualifying exact pairs excluded. This is more informative than the nearest untested alternative (difference 6.397e-05) because it is the eligible minimum-distortion merge. The official runner alone accepts or rolls back. Stop after exactly one micro-trial or immediately on error. Compute budget: one checkpoint migration, one official verification, and two minutes wall-clock.		
attempt-0176	aaba53799d33788427c65969f19c74c1850e558d	9582cf0a642acdadad50d54b149f9d4a2b7f9a0c	2026-08-16T11:00:19.034366+00:00	99.080000%	1985	keep	[automation:position-union-0176] Test nearest eligible position groups 40 and 485 | Completed the fixed one-micro-trial boundary in 61.8 seconds: 1 accepted, 0 discarded, 0 errors; frontier is 1985 parameters at 99.080000%. Tested group representatives 40/485 at difference 6.397e-05; stop reason was the declared one-trial cap.	Family: parameter tying. Current retained frontier is 1,986 parameters at 99.080000%, a +0.080000 percentage-point margin over 99%. There have been 118 prior attempts in this family. The most recent accepted result is attempt-0175 (keep, 1986 parameters, 99.080000%); the most recent failed result is attempt-0075 (discard, no parameter count parameters, no score). Hypothesis: the one-parameter, parameterization-preserving union of current positional groups represented by coordinates 40 and 485, with values -0.0142924758 and -0.0142285088 (difference 6.397e-05), preserves qualification using a multiplicity-weighted mean and yields 1,985 parameters. Candidate ordering is ascending current absolute group-value difference with previously nonqualifying exact pairs excluded. This is more informative than the nearest untested alternative (difference 6.556e-05) because it is the eligible minimum-distortion merge. The official runner alone accepts or rolls back. Stop after exactly one micro-trial or immediately on error. Compute budget: one checkpoint migration, one official verification, and two minutes wall-clock.		
attempt-0177	d3e482110f0461b35d249cd6b2fb23392628451c	aaba53799d33788427c65969f19c74c1850e558d	2026-08-16T11:01:21.098905+00:00	99.080000%	1984	keep	[automation:position-union-0177] Test nearest eligible position groups 154 and 61 | Completed the fixed one-micro-trial boundary in 62.0 seconds: 1 accepted, 0 discarded, 0 errors; frontier is 1984 parameters at 99.080000%. Tested group representatives 154/61 at difference 6.556e-05; stop reason was the declared one-trial cap.	Family: parameter tying. Current retained frontier is 1,985 parameters at 99.080000%, a +0.080000 percentage-point margin over 99%. There have been 119 prior attempts in this family. The most recent accepted result is attempt-0176 (keep, 1985 parameters, 99.080000%); the most recent failed result is attempt-0075 (discard, no parameter count parameters, no score). Hypothesis: the one-parameter, parameterization-preserving union of current positional groups represented by coordinates 154 and 61, with values 0.0038560850 and 0.0039216476 (difference 6.556e-05), preserves qualification using a multiplicity-weighted mean and yields 1,984 parameters. Candidate ordering is ascending current absolute group-value difference with previously nonqualifying exact pairs excluded. This is more informative than the nearest untested alternative (difference 6.673e-05) because it is the eligible minimum-distortion merge. The official runner alone accepts or rolls back. Stop after exactly one micro-trial or immediately on error. Compute budget: one checkpoint migration, one official verification, and two minutes wall-clock.		
attempt-0178	2cd4f808135dc2eeece9b94ea2943a9090cf19b6	d3e482110f0461b35d249cd6b2fb23392628451c	2026-08-16T11:02:23.050178+00:00	99.080000%	1983	keep	[automation:position-union-0178] Test nearest eligible position groups 83 and 67 | Completed the fixed one-micro-trial boundary in 61.9 seconds: 1 accepted, 0 discarded, 0 errors; frontier is 1983 parameters at 99.080000%. Tested group representatives 83/67 at difference 6.673e-05; stop reason was the declared one-trial cap.	Family: parameter tying. Current retained frontier is 1,984 parameters at 99.080000%, a +0.080000 percentage-point margin over 99%. There have been 120 prior attempts in this family. The most recent accepted result is attempt-0177 (keep, 1984 parameters, 99.080000%); the most recent failed result is attempt-0075 (discard, no parameter count parameters, no score). Hypothesis: the one-parameter, parameterization-preserving union of current positional groups represented by coordinates 83 and 67, with values -0.0120153734 and -0.0119486405 (difference 6.673e-05), preserves qualification using a multiplicity-weighted mean and yields 1,983 parameters. Candidate ordering is ascending current absolute group-value difference with previously nonqualifying exact pairs excluded. This is more informative than the nearest untested alternative (difference 6.754e-05) because it is the eligible minimum-distortion merge. The official runner alone accepts or rolls back. Stop after exactly one micro-trial or immediately on error. Compute budget: one checkpoint migration, one official verification, and two minutes wall-clock.		
attempt-0179	b901fa200982c5dbccd78904312c65a0370bfd35	2cd4f808135dc2eeece9b94ea2943a9090cf19b6	2026-08-16T11:03:24.881303+00:00	99.080000%	1982	keep	[automation:position-union-0179] Test nearest eligible position groups 57 and 456 | Completed the fixed one-micro-trial boundary in 61.7 seconds: 1 accepted, 0 discarded, 0 errors; frontier is 1982 parameters at 99.080000%. Tested group representatives 57/456 at difference 6.754e-05; stop reason was the declared one-trial cap.	Family: parameter tying. Current retained frontier is 1,983 parameters at 99.080000%, a +0.080000 percentage-point margin over 99%. There have been 121 prior attempts in this family. The most recent accepted result is attempt-0178 (keep, 1983 parameters, 99.080000%); the most recent failed result is attempt-0075 (discard, no parameter count parameters, no score). Hypothesis: the one-parameter, parameterization-preserving union of current positional groups represented by coordinates 57 and 456, with values -0.0206515454 and -0.0205840040 (difference 6.754e-05), preserves qualification using a multiplicity-weighted mean and yields 1,982 parameters. Candidate ordering is ascending current absolute group-value difference with previously nonqualifying exact pairs excluded. This is more informative than the nearest untested alternative (difference 6.838e-05) because it is the eligible minimum-distortion merge. The official runner alone accepts or rolls back. Stop after exactly one micro-trial or immediately on error. Compute budget: one checkpoint migration, one official verification, and two minutes wall-clock.		
attempt-0180	48fc3ca7f2315b3f0202f29ba09bdc10d45a2918	b901fa200982c5dbccd78904312c65a0370bfd35	2026-08-16T11:04:27.138132+00:00	99.080000%	1981	keep	[automation:position-union-0180] Test nearest eligible position groups 120 and 157 | Completed the fixed one-micro-trial boundary in 62.2 seconds: 1 accepted, 0 discarded, 0 errors; frontier is 1981 parameters at 99.080000%. Tested group representatives 120/157 at difference 6.838e-05; stop reason was the declared one-trial cap.	Family: parameter tying. Current retained frontier is 1,982 parameters at 99.080000%, a +0.080000 percentage-point margin over 99%. There have been 122 prior attempts in this family. The most recent accepted result is attempt-0179 (keep, 1982 parameters, 99.080000%); the most recent failed result is attempt-0075 (discard, no parameter count parameters, no score). Hypothesis: the one-parameter, parameterization-preserving union of current positional groups represented by coordinates 120 and 157, with values -0.0020501311 and -0.0019817520 (difference 6.838e-05), preserves qualification using a multiplicity-weighted mean and yields 1,981 parameters. Candidate ordering is ascending current absolute group-value difference with previously nonqualifying exact pairs excluded. This is more informative than the nearest untested alternative (difference 6.874e-05) because it is the eligible minimum-distortion merge. The official runner alone accepts or rolls back. Stop after exactly one micro-trial or immediately on error. Compute budget: one checkpoint migration, one official verification, and two minutes wall-clock.		
attempt-0181	00094057550b2c645612763dfbb6250cebf6383c	48fc3ca7f2315b3f0202f29ba09bdc10d45a2918	2026-08-16T11:05:28.523661+00:00	99.080000%	1980	keep	[automation:position-union-0181] Test nearest eligible position groups 215 and 202 | Completed the fixed one-micro-trial boundary in 61.3 seconds: 1 accepted, 0 discarded, 0 errors; frontier is 1980 parameters at 99.080000%. Tested group representatives 215/202 at difference 6.874e-05; stop reason was the declared one-trial cap.	Family: parameter tying. Current retained frontier is 1,981 parameters at 99.080000%, a +0.080000 percentage-point margin over 99%. There have been 123 prior attempts in this family. The most recent accepted result is attempt-0180 (keep, 1981 parameters, 99.080000%); the most recent failed result is attempt-0075 (discard, no parameter count parameters, no score). Hypothesis: the one-parameter, parameterization-preserving union of current positional groups represented by coordinates 215 and 202, with values 0.0224345662 and 0.0225033090 (difference 6.874e-05), preserves qualification using a multiplicity-weighted mean and yields 1,980 parameters. Candidate ordering is ascending current absolute group-value difference with previously nonqualifying exact pairs excluded. This is more informative than the nearest untested alternative (difference 6.962e-05) because it is the eligible minimum-distortion merge. The official runner alone accepts or rolls back. Stop after exactly one micro-trial or immediately on error. Compute budget: one checkpoint migration, one official verification, and two minutes wall-clock.		
attempt-0182	21c05a66bb5e87c89dc3023b171cdba78f9ae48c	00094057550b2c645612763dfbb6250cebf6383c	2026-08-16T11:06:30.305994+00:00	99.080000%	1979	keep	[automation:position-union-0182] Test nearest eligible position groups 440 and 328 | Completed the fixed one-micro-trial boundary in 61.7 seconds: 1 accepted, 0 discarded, 0 errors; frontier is 1979 parameters at 99.080000%. Tested group representatives 440/328 at difference 6.962e-05; stop reason was the declared one-trial cap.	Family: parameter tying. Current retained frontier is 1,980 parameters at 99.080000%, a +0.080000 percentage-point margin over 99%. There have been 124 prior attempts in this family. The most recent accepted result is attempt-0181 (keep, 1980 parameters, 99.080000%); the most recent failed result is attempt-0075 (discard, no parameter count parameters, no score). Hypothesis: the one-parameter, parameterization-preserving union of current positional groups represented by coordinates 440 and 328, with values -0.0100251315 and -0.0099555161 (difference 6.962e-05), preserves qualification using a multiplicity-weighted mean and yields 1,979 parameters. Candidate ordering is ascending current absolute group-value difference with previously nonqualifying exact pairs excluded. This is more informative than the nearest untested alternative (difference 7.088e-05) because it is the eligible minimum-distortion merge. The official runner alone accepts or rolls back. Stop after exactly one micro-trial or immediately on error. Compute budget: one checkpoint migration, one official verification, and two minutes wall-clock.		
attempt-0183	fbc9c31a42a833f972462efca2d183efd08c19ab	21c05a66bb5e87c89dc3023b171cdba78f9ae48c	2026-08-16T11:07:32.585174+00:00	99.070000%	1978	keep	[automation:position-union-0183] Test nearest eligible position groups 16 and 491 | Completed the fixed one-micro-trial boundary in 62.2 seconds: 1 accepted, 0 discarded, 0 errors; frontier is 1978 parameters at 99.070000%. Tested group representatives 16/491 at difference 7.088e-05; stop reason was the declared one-trial cap.	Family: parameter tying. Current retained frontier is 1,979 parameters at 99.080000%, a +0.080000 percentage-point margin over 99%. There have been 125 prior attempts in this family. The most recent accepted result is attempt-0182 (keep, 1979 parameters, 99.080000%); the most recent failed result is attempt-0075 (discard, no parameter count parameters, no score). Hypothesis: the one-parameter, parameterization-preserving union of current positional groups represented by coordinates 16 and 491, with values 0.0330912992 and 0.0331621766 (difference 7.088e-05), preserves qualification using a multiplicity-weighted mean and yields 1,978 parameters. Candidate ordering is ascending current absolute group-value difference with previously nonqualifying exact pairs excluded. This is more informative than the nearest untested alternative (difference 7.179e-05) because it is the eligible minimum-distortion merge. The official runner alone accepts or rolls back. Stop after exactly one micro-trial or immediately on error. Compute budget: one checkpoint migration, one official verification, and two minutes wall-clock.		
attempt-0184	131c8584b854897d2b633f87e7dd5550f404c9b1	fbc9c31a42a833f972462efca2d183efd08c19ab	2026-08-16T11:08:34.804054+00:00	99.070000%	1977	keep	[automation:position-union-0184] Test nearest eligible position groups 25 and 105 | Completed the fixed one-micro-trial boundary in 62.1 seconds: 1 accepted, 0 discarded, 0 errors; frontier is 1977 parameters at 99.070000%. Tested group representatives 25/105 at difference 7.179e-05; stop reason was the declared one-trial cap.	Family: parameter tying. Current retained frontier is 1,978 parameters at 99.070000%, a +0.070000 percentage-point margin over 99%. There have been 126 prior attempts in this family. The most recent accepted result is attempt-0183 (keep, 1978 parameters, 99.070000%); the most recent failed result is attempt-0075 (discard, no parameter count parameters, no score). Hypothesis: the one-parameter, parameterization-preserving union of current positional groups represented by coordinates 25 and 105, with values -0.0134382220 and -0.0133664366 (difference 7.179e-05), preserves qualification using a multiplicity-weighted mean and yields 1,977 parameters. Candidate ordering is ascending current absolute group-value difference with previously nonqualifying exact pairs excluded. This is more informative than the nearest untested alternative (difference 7.403e-05) because it is the eligible minimum-distortion merge. The official runner alone accepts or rolls back. Stop after exactly one micro-trial or immediately on error. Compute budget: one checkpoint migration, one official verification, and two minutes wall-clock.		
attempt-0185	b22a5f6606717ac001d6d3923899849b82f0465c	131c8584b854897d2b633f87e7dd5550f404c9b1	2026-08-16T11:09:37.293710+00:00	99.070000%	1976	keep	[automation:position-union-0185] Test nearest eligible position groups 394 and 41 | Completed the fixed one-micro-trial boundary in 62.4 seconds: 1 accepted, 0 discarded, 0 errors; frontier is 1976 parameters at 99.070000%. Tested group representatives 394/41 at difference 7.403e-05; stop reason was the declared one-trial cap.	Family: parameter tying. Current retained frontier is 1,977 parameters at 99.070000%, a +0.070000 percentage-point margin over 99%. There have been 127 prior attempts in this family. The most recent accepted result is attempt-0184 (keep, 1977 parameters, 99.070000%); the most recent failed result is attempt-0075 (discard, no parameter count parameters, no score). Hypothesis: the one-parameter, parameterization-preserving union of current positional groups represented by coordinates 394 and 41, with values 0.0004470043 and 0.0005210381 (difference 7.403e-05), preserves qualification using a multiplicity-weighted mean and yields 1,976 parameters. Candidate ordering is ascending current absolute group-value difference with previously nonqualifying exact pairs excluded. This is more informative than the nearest untested alternative (difference 7.534e-05) because it is the eligible minimum-distortion merge. The official runner alone accepts or rolls back. Stop after exactly one micro-trial or immediately on error. Compute budget: one checkpoint migration, one official verification, and two minutes wall-clock.		
attempt-0186	217e46da0056fd692e5f3beffa41c44030fd3a52	b22a5f6606717ac001d6d3923899849b82f0465c	2026-08-16T11:10:39.300514+00:00	99.060000%	1975	keep	[automation:position-union-0186] Test nearest eligible position groups 377 and 66 | Completed the fixed one-micro-trial boundary in 61.9 seconds: 1 accepted, 0 discarded, 0 errors; frontier is 1975 parameters at 99.060000%. Tested group representatives 377/66 at difference 7.534e-05; stop reason was the declared one-trial cap.	Family: parameter tying. Current retained frontier is 1,976 parameters at 99.070000%, a +0.070000 percentage-point margin over 99%. There have been 128 prior attempts in this family. The most recent accepted result is attempt-0185 (keep, 1976 parameters, 99.070000%); the most recent failed result is attempt-0075 (discard, no parameter count parameters, no score). Hypothesis: the one-parameter, parameterization-preserving union of current positional groups represented by coordinates 377 and 66, with values -0.0118612573 and -0.0117859123 (difference 7.534e-05), preserves qualification using a multiplicity-weighted mean and yields 1,975 parameters. Candidate ordering is ascending current absolute group-value difference with previously nonqualifying exact pairs excluded. This is more informative than the nearest untested alternative (difference 7.754e-05) because it is the eligible minimum-distortion merge. The official runner alone accepts or rolls back. Stop after exactly one micro-trial or immediately on error. Compute budget: one checkpoint migration, one official verification, and two minutes wall-clock.		
attempt-0187	a2900ffd99b337179b4bafb08a5c23ed9dad8d59	217e46da0056fd692e5f3beffa41c44030fd3a52	2026-08-16T11:11:57.458528+00:00	99.070000%	1974	keep	[automation:position-union-0187] Test nearest eligible position groups 60 and 6 | Completed the fixed one-micro-trial boundary in 61.6 seconds: 1 accepted, 0 discarded, 0 errors; frontier is 1974 parameters at 99.070000%. Tested group representatives 60/6 at difference 7.754e-05; stop reason was the declared one-trial cap.	Family: parameter tying. Current retained frontier is 1,975 parameters at 99.060000%, a +0.060000 percentage-point margin over 99%. There have been 129 prior attempts in this family. The most recent accepted result is attempt-0186 (keep, 1975 parameters, 99.060000%); the most recent failed result is attempt-0075 (discard, no parameter count parameters, no score). Hypothesis: the one-parameter, parameterization-preserving union of current positional groups represented by coordinates 60 and 6, with values 0.0080489628 and 0.0081265001 (difference 7.754e-05), preserves qualification using a multiplicity-weighted mean and yields 1,974 parameters. Candidate ordering is ascending current absolute group-value difference with previously nonqualifying exact pairs excluded. This is more informative than the nearest untested alternative (difference 7.780e-05) because it is the eligible minimum-distortion merge. The official runner alone accepts or rolls back. Stop after exactly one micro-trial or immediately on error. Compute budget: one checkpoint migration, one official verification, and two minutes wall-clock.		
attempt-0188	998d65a7ac920e798a6c962082e7363ea80038a2	a2900ffd99b337179b4bafb08a5c23ed9dad8d59	2026-08-16T11:12:59.049173+00:00	99.070000%	1973	keep	[automation:position-union-0188] Test nearest eligible position groups 170 and 392 | Completed the fixed one-micro-trial boundary in 61.5 seconds: 1 accepted, 0 discarded, 0 errors; frontier is 1973 parameters at 99.070000%. Tested group representatives 170/392 at difference 7.780e-05; stop reason was the declared one-trial cap.	Family: parameter tying. Current retained frontier is 1,974 parameters at 99.070000%, a +0.070000 percentage-point margin over 99%. There have been 130 prior attempts in this family. The most recent accepted result is attempt-0187 (keep, 1974 parameters, 99.070000%); the most recent failed result is attempt-0075 (discard, no parameter count parameters, no score). Hypothesis: the one-parameter, parameterization-preserving union of current positional groups represented by coordinates 170 and 392, with values 0.0089218495 and 0.0089996448 (difference 7.780e-05), preserves qualification using a multiplicity-weighted mean and yields 1,973 parameters. Candidate ordering is ascending current absolute group-value difference with previously nonqualifying exact pairs excluded. This is more informative than the nearest untested alternative (difference 7.853e-05) because it is the eligible minimum-distortion merge. The official runner alone accepts or rolls back. Stop after exactly one micro-trial or immediately on error. Compute budget: one checkpoint migration, one official verification, and two minutes wall-clock.		
attempt-0189	523acc8446ab69d2967c6ea40c4990c854a5aa8b	998d65a7ac920e798a6c962082e7363ea80038a2	2026-08-16T11:14:01.035549+00:00	99.050000%	1972	keep	[automation:position-union-0189] Test nearest eligible position groups 344 and 136 | Completed the fixed one-micro-trial boundary in 61.9 seconds: 1 accepted, 0 discarded, 0 errors; frontier is 1972 parameters at 99.050000%. Tested group representatives 344/136 at difference 7.853e-05; stop reason was the declared one-trial cap.	Family: parameter tying. Current retained frontier is 1,973 parameters at 99.070000%, a +0.070000 percentage-point margin over 99%. There have been 131 prior attempts in this family. The most recent accepted result is attempt-0188 (keep, 1973 parameters, 99.070000%); the most recent failed result is attempt-0075 (discard, no parameter count parameters, no score). Hypothesis: the one-parameter, parameterization-preserving union of current positional groups represented by coordinates 344 and 136, with values 0.0092173573 and 0.0092958901 (difference 7.853e-05), preserves qualification using a multiplicity-weighted mean and yields 1,972 parameters. Candidate ordering is ascending current absolute group-value difference with previously nonqualifying exact pairs excluded. This is more informative than the nearest untested alternative (difference 7.878e-05) because it is the eligible minimum-distortion merge. The official runner alone accepts or rolls back. Stop after exactly one micro-trial or immediately on error. Compute budget: one checkpoint migration, one official verification, and two minutes wall-clock.		
attempt-0190	c5da774172ae1ce6809d779480c41cda2801f7f6	523acc8446ab69d2967c6ea40c4990c854a5aa8b	2026-08-16T11:15:02.401243+00:00	99.060000%	1971	keep	[automation:position-union-0190] Test nearest eligible position groups 445 and 455 | Completed the fixed one-micro-trial boundary in 61.3 seconds: 1 accepted, 0 discarded, 0 errors; frontier is 1971 parameters at 99.060000%. Tested group representatives 445/455 at difference 7.878e-05; stop reason was the declared one-trial cap.	Family: parameter tying. Current retained frontier is 1,972 parameters at 99.050000%, a +0.050000 percentage-point margin over 99%. There have been 132 prior attempts in this family. The most recent accepted result is attempt-0189 (keep, 1972 parameters, 99.050000%); the most recent failed result is attempt-0075 (discard, no parameter count parameters, no score). Hypothesis: the one-parameter, parameterization-preserving union of current positional groups represented by coordinates 445 and 455, with values 0.0314358808 and 0.0315146595 (difference 7.878e-05), preserves qualification using a multiplicity-weighted mean and yields 1,971 parameters. Candidate ordering is ascending current absolute group-value difference with previously nonqualifying exact pairs excluded. This is more informative than the nearest untested alternative (difference 8.052e-05) because it is the eligible minimum-distortion merge. The official runner alone accepts or rolls back. Stop after exactly one micro-trial or immediately on error. Compute budget: one checkpoint migration, one official verification, and two minutes wall-clock.		
attempt-0191	78b6d5306e64a1f8abe6a5780d457bf7a26a1961	c5da774172ae1ce6809d779480c41cda2801f7f6	2026-08-16T11:16:04.330335+00:00	99.060000%	1970	keep	[automation:position-union-0191] Test nearest eligible position groups 77 and 362 | Completed the fixed one-micro-trial boundary in 61.8 seconds: 1 accepted, 0 discarded, 0 errors; frontier is 1970 parameters at 99.060000%. Tested group representatives 77/362 at difference 8.052e-05; stop reason was the declared one-trial cap.	Family: parameter tying. Current retained frontier is 1,971 parameters at 99.060000%, a +0.060000 percentage-point margin over 99%. There have been 133 prior attempts in this family. The most recent accepted result is attempt-0190 (keep, 1971 parameters, 99.060000%); the most recent failed result is attempt-0075 (discard, no parameter count parameters, no score). Hypothesis: the one-parameter, parameterization-preserving union of current positional groups represented by coordinates 77 and 362, with values 0.0007877152 and 0.0008682332 (difference 8.052e-05), preserves qualification using a multiplicity-weighted mean and yields 1,970 parameters. Candidate ordering is ascending current absolute group-value difference with previously nonqualifying exact pairs excluded. This is more informative than the nearest untested alternative (difference 8.069e-05) because it is the eligible minimum-distortion merge. The official runner alone accepts or rolls back. Stop after exactly one micro-trial or immediately on error. Compute budget: one checkpoint migration, one official verification, and two minutes wall-clock.		
attempt-0192	6b1539b4afc6a898ae0a3011e9beaac991da0bda	78b6d5306e64a1f8abe6a5780d457bf7a26a1961	2026-08-16T11:17:06.310807+00:00	99.060000%	1969	keep	[automation:position-union-0192] Test nearest eligible position groups 156 and 343 | Completed the fixed one-micro-trial boundary in 61.8 seconds: 1 accepted, 0 discarded, 0 errors; frontier is 1969 parameters at 99.060000%. Tested group representatives 156/343 at difference 8.069e-05; stop reason was the declared one-trial cap.	Family: parameter tying. Current retained frontier is 1,970 parameters at 99.060000%, a +0.060000 percentage-point margin over 99%. There have been 134 prior attempts in this family. The most recent accepted result is attempt-0191 (keep, 1970 parameters, 99.060000%); the most recent failed result is attempt-0075 (discard, no parameter count parameters, no score). Hypothesis: the one-parameter, parameterization-preserving union of current positional groups represented by coordinates 156 and 343, with values -0.0508982651 and -0.0508175753 (difference 8.069e-05), preserves qualification using a multiplicity-weighted mean and yields 1,969 parameters. Candidate ordering is ascending current absolute group-value difference with previously nonqualifying exact pairs excluded. This is more informative than the nearest untested alternative (difference 8.201e-05) because it is the eligible minimum-distortion merge. The official runner alone accepts or rolls back. Stop after exactly one micro-trial or immediately on error. Compute budget: one checkpoint migration, one official verification, and two minutes wall-clock.		
attempt-0193	535be2180f3ea1fe331df0efa55bbf02c728ed06	6b1539b4afc6a898ae0a3011e9beaac991da0bda	2026-08-16T11:18:08.297238+00:00	99.060000%	1968	keep	[automation:position-union-0193] Test nearest eligible position groups 315 and 331 | Completed the fixed one-micro-trial boundary in 61.9 seconds: 1 accepted, 0 discarded, 0 errors; frontier is 1968 parameters at 99.060000%. Tested group representatives 315/331 at difference 8.201e-05; stop reason was the declared one-trial cap.	Family: parameter tying. Current retained frontier is 1,969 parameters at 99.060000%, a +0.060000 percentage-point margin over 99%. There have been 135 prior attempts in this family. The most recent accepted result is attempt-0192 (keep, 1969 parameters, 99.060000%); the most recent failed result is attempt-0075 (discard, no parameter count parameters, no score). Hypothesis: the one-parameter, parameterization-preserving union of current positional groups represented by coordinates 315 and 331, with values 0.0121872602 and 0.0122692743 (difference 8.201e-05), preserves qualification using a multiplicity-weighted mean and yields 1,968 parameters. Candidate ordering is ascending current absolute group-value difference with previously nonqualifying exact pairs excluded. This is more informative than the nearest untested alternative (difference 8.215e-05) because it is the eligible minimum-distortion merge. The official runner alone accepts or rolls back. Stop after exactly one micro-trial or immediately on error. Compute budget: one checkpoint migration, one official verification, and two minutes wall-clock.		
attempt-0194	a2f9f5d0563733f41139fa64639acfe7e2cd8d98	535be2180f3ea1fe331df0efa55bbf02c728ed06	2026-08-16T11:19:10.615774+00:00	99.060000%	1967	keep	[automation:position-union-0194] Test nearest eligible position groups 9 and 95 | Completed the fixed one-micro-trial boundary in 62.2 seconds: 1 accepted, 0 discarded, 0 errors; frontier is 1967 parameters at 99.060000%. Tested group representatives 9/95 at difference 8.215e-05; stop reason was the declared one-trial cap.	Family: parameter tying. Current retained frontier is 1,968 parameters at 99.060000%, a +0.060000 percentage-point margin over 99%. There have been 136 prior attempts in this family. The most recent accepted result is attempt-0193 (keep, 1968 parameters, 99.060000%); the most recent failed result is attempt-0075 (discard, no parameter count parameters, no score). Hypothesis: the one-parameter, parameterization-preserving union of current positional groups represented by coordinates 9 and 95, with values 0.0040072785 and 0.0040894244 (difference 8.215e-05), preserves qualification using a multiplicity-weighted mean and yields 1,967 parameters. Candidate ordering is ascending current absolute group-value difference with previously nonqualifying exact pairs excluded. This is more informative than the nearest untested alternative (difference 8.251e-05) because it is the eligible minimum-distortion merge. The official runner alone accepts or rolls back. Stop after exactly one micro-trial or immediately on error. Compute budget: one checkpoint migration, one official verification, and two minutes wall-clock.		
attempt-0195	66e27ec780941f6155b8ed471a97b51ec61e9c27	a2f9f5d0563733f41139fa64639acfe7e2cd8d98	2026-08-16T11:20:12.123026+00:00	99.060000%	1966	keep	[automation:position-union-0195] Test nearest eligible position groups 151 and 410 | Completed the fixed one-micro-trial boundary in 61.4 seconds: 1 accepted, 0 discarded, 0 errors; frontier is 1966 parameters at 99.060000%. Tested group representatives 151/410 at difference 8.251e-05; stop reason was the declared one-trial cap.	Family: parameter tying. Current retained frontier is 1,967 parameters at 99.060000%, a +0.060000 percentage-point margin over 99%. There have been 137 prior attempts in this family. The most recent accepted result is attempt-0194 (keep, 1967 parameters, 99.060000%); the most recent failed result is attempt-0075 (discard, no parameter count parameters, no score). Hypothesis: the one-parameter, parameterization-preserving union of current positional groups represented by coordinates 151 and 410, with values -0.0078653758 and -0.0077828704 (difference 8.251e-05), preserves qualification using a multiplicity-weighted mean and yields 1,966 parameters. Candidate ordering is ascending current absolute group-value difference with previously nonqualifying exact pairs excluded. This is more informative than the nearest untested alternative (difference 8.252e-05) because it is the eligible minimum-distortion merge. The official runner alone accepts or rolls back. Stop after exactly one micro-trial or immediately on error. Compute budget: one checkpoint migration, one official verification, and two minutes wall-clock.		
attempt-0196	c830b4a55ef5adcee8c4000cce51f1e2c6cfb8da	66e27ec780941f6155b8ed471a97b51ec61e9c27	2026-08-16T11:21:13.869390+00:00	99.060000%	1965	keep	[automation:position-union-0196] Test nearest eligible position groups 487 and 334 | Completed the fixed one-micro-trial boundary in 61.7 seconds: 1 accepted, 0 discarded, 0 errors; frontier is 1965 parameters at 99.060000%. Tested group representatives 487/334 at difference 8.252e-05; stop reason was the declared one-trial cap.	Family: parameter tying. Current retained frontier is 1,966 parameters at 99.060000%, a +0.060000 percentage-point margin over 99%. There have been 138 prior attempts in this family. The most recent accepted result is attempt-0195 (keep, 1966 parameters, 99.060000%); the most recent failed result is attempt-0075 (discard, no parameter count parameters, no score). Hypothesis: the one-parameter, parameterization-preserving union of current positional groups represented by coordinates 487 and 334, with values 0.0251469370 and 0.0252294540 (difference 8.252e-05), preserves qualification using a multiplicity-weighted mean and yields 1,965 parameters. Candidate ordering is ascending current absolute group-value difference with previously nonqualifying exact pairs excluded. This is more informative than the nearest untested alternative (difference 8.270e-05) because it is the eligible minimum-distortion merge. The official runner alone accepts or rolls back. Stop after exactly one micro-trial or immediately on error. Compute budget: one checkpoint migration, one official verification, and two minutes wall-clock.		
attempt-0197	e418d338291d68c00029e0606f29fa5af6cbb8c3	c830b4a55ef5adcee8c4000cce51f1e2c6cfb8da	2026-08-16T11:22:15.795808+00:00	99.050000%	1964	keep	[automation:position-union-0197] Test nearest eligible position groups 222 and 50 | Completed the fixed one-micro-trial boundary in 61.8 seconds: 1 accepted, 0 discarded, 0 errors; frontier is 1964 parameters at 99.050000%. Tested group representatives 222/50 at difference 8.270e-05; stop reason was the declared one-trial cap.	Family: parameter tying. Current retained frontier is 1,965 parameters at 99.060000%, a +0.060000 percentage-point margin over 99%. There have been 139 prior attempts in this family. The most recent accepted result is attempt-0196 (keep, 1965 parameters, 99.060000%); the most recent failed result is attempt-0075 (discard, no parameter count parameters, no score). Hypothesis: the one-parameter, parameterization-preserving union of current positional groups represented by coordinates 222 and 50, with values -0.0138137192 and -0.0137310233 (difference 8.270e-05), preserves qualification using a multiplicity-weighted mean and yields 1,964 parameters. Candidate ordering is ascending current absolute group-value difference with previously nonqualifying exact pairs excluded. This is more informative than the nearest untested alternative (difference 8.364e-05) because it is the eligible minimum-distortion merge. The official runner alone accepts or rolls back. Stop after exactly one micro-trial or immediately on error. Compute budget: one checkpoint migration, one official verification, and two minutes wall-clock.		
attempt-0198	6c1e958ecf3c74ac17980db268b0051a398ebba6	e418d338291d68c00029e0606f29fa5af6cbb8c3	2026-08-16T11:23:18.062007+00:00	99.060000%	1963	keep	[automation:position-union-0198] Test nearest eligible position groups 96 and 297 | Completed the fixed one-micro-trial boundary in 62.2 seconds: 1 accepted, 0 discarded, 0 errors; frontier is 1963 parameters at 99.060000%. Tested group representatives 96/297 at difference 8.364e-05; stop reason was the declared one-trial cap.	Family: parameter tying. Current retained frontier is 1,964 parameters at 99.050000%, a +0.050000 percentage-point margin over 99%. There have been 140 prior attempts in this family. The most recent accepted result is attempt-0197 (keep, 1964 parameters, 99.050000%); the most recent failed result is attempt-0075 (discard, no parameter count parameters, no score). Hypothesis: the one-parameter, parameterization-preserving union of current positional groups represented by coordinates 96 and 297, with values 0.0102503309 and 0.0103339693 (difference 8.364e-05), preserves qualification using a multiplicity-weighted mean and yields 1,963 parameters. Candidate ordering is ascending current absolute group-value difference with previously nonqualifying exact pairs excluded. This is more informative than the nearest untested alternative (difference 8.457e-05) because it is the eligible minimum-distortion merge. The official runner alone accepts or rolls back. Stop after exactly one micro-trial or immediately on error. Compute budget: one checkpoint migration, one official verification, and two minutes wall-clock.		
attempt-0199	fc6c29ac32e039056be4705dab868c0ea984152d	6c1e958ecf3c74ac17980db268b0051a398ebba6	2026-08-16T11:24:19.914324+00:00	99.040000%	1962	keep	[automation:position-union-0199] Test nearest eligible position groups 483 and 214 | Completed the fixed one-micro-trial boundary in 61.8 seconds: 1 accepted, 0 discarded, 0 errors; frontier is 1962 parameters at 99.040000%. Tested group representatives 483/214 at difference 8.457e-05; stop reason was the declared one-trial cap.	Family: parameter tying. Current retained frontier is 1,963 parameters at 99.060000%, a +0.060000 percentage-point margin over 99%. There have been 141 prior attempts in this family. The most recent accepted result is attempt-0198 (keep, 1963 parameters, 99.060000%); the most recent failed result is attempt-0075 (discard, no parameter count parameters, no score). Hypothesis: the one-parameter, parameterization-preserving union of current positional groups represented by coordinates 483 and 214, with values 0.0142071303 and 0.0142917000 (difference 8.457e-05), preserves qualification using a multiplicity-weighted mean and yields 1,962 parameters. Candidate ordering is ascending current absolute group-value difference with previously nonqualifying exact pairs excluded. This is more informative than the nearest untested alternative (difference 8.475e-05) because it is the eligible minimum-distortion merge. The official runner alone accepts or rolls back. Stop after exactly one micro-trial or immediately on error. Compute budget: one checkpoint migration, one official verification, and two minutes wall-clock.		
attempt-0200	9b2e83239b8df7583a2a920e7bc835464da6ab4f	fc6c29ac32e039056be4705dab868c0ea984152d	2026-08-16T11:25:20.688787+00:00	99.050000%	1961	keep	[automation:position-union-0200] Test nearest eligible position groups 283 and 373 | Completed the fixed one-micro-trial boundary in 60.7 seconds: 1 accepted, 0 discarded, 0 errors; frontier is 1961 parameters at 99.050000%. Tested group representatives 283/373 at difference 8.475e-05; stop reason was the declared one-trial cap.	Family: parameter tying. Current retained frontier is 1,962 parameters at 99.040000%, a +0.040000 percentage-point margin over 99%. There have been 142 prior attempts in this family. The most recent accepted result is attempt-0199 (keep, 1962 parameters, 99.040000%); the most recent failed result is attempt-0075 (discard, no parameter count parameters, no score). Hypothesis: the one-parameter, parameterization-preserving union of current positional groups represented by coordinates 283 and 373, with values 0.0623870976 and 0.0624718517 (difference 8.475e-05), preserves qualification using a multiplicity-weighted mean and yields 1,961 parameters. Candidate ordering is ascending current absolute group-value difference with previously nonqualifying exact pairs excluded. This is more informative than the nearest untested alternative (difference 8.561e-05) because it is the eligible minimum-distortion merge. The official runner alone accepts or rolls back. Stop after exactly one micro-trial or immediately on error. Compute budget: one checkpoint migration, one official verification, and two minutes wall-clock.		
