attempt_id	commit	parent_commit	timestamp_utc	accuracy	parameters	status	description	proposal	train_exit	verify_exit
baseline	394c657b16ab7bfd7bba1c0d7644e9b0e371d25f		2026-08-17T01:17:44.078199+00:00	100.000000%	6080	keep	initial 6080-parameter pretrained starting model	baseline qualification check		0
attempt-0001	47abdd57a118cad0694dadcea7c621660d0953f9	394c657b16ab7bfd7bba1c0d7644e9b0e371d25f	2026-08-17T01:39:58.316394+00:00			error	Tie the two depth applications to one shared d16 h2 ff48 block	family: parameter tying; retained incumbent is 6080 parameters at 100.0000%, a +1.00 percentage-point margin over 99%. Same-family accepted result: none (baseline is the starting incumbent); same-family failed result: none; prior attempts in this family: 0. Hypothesis: reusing one block twice preserves two causal self-attention applications while removing duplicate block parameters, testing parameterization-preserving compression. This is more informative than the nearest untested one-layer deletion because it isolates whether repeated depth computation is useful without removing the second attention application. Candidate uses tie_layers=True, otherwise unchanged; retain only if official accuracy is at least 99% and strictly below 6080 parameters.	0	
attempt-0002	94ab87f45bd859ad38b8dc00072401db9c27b215	394c657b16ab7bfd7bba1c0d7644e9b0e371d25f	2026-08-17T01:48:53.616882+00:00	99.980000%	5056	keep	Reverse operand columns and reduce ff width to 32 at d16	family: token representation; retained incumbent is 6080 parameters at 100.0000%, a +1.00 percentage-point margin over 99%. Same-family accepted result: none; same-family failed result: none; prior attempts in this family: 0. The latest different-family result, attempt-0001, was a 3456-parameter shared-block optimization failure at 75.95% validation after 30000 steps. Hypothesis: reversing both padded operands aligns least-significant columns with the reversed answer, reducing the positional lookup burden; the paired ff48-to-ff32 compression tests whether that alignment can support an eligible 5056-parameter model. This is more informative than the nearest untested binary-token encoding because it preserves the vocabulary and directly tests column alignment while making only one capacity reduction. The candidate uses the same d16, h2, L2 attention stack, ff32, 15000 training steps, and final-checkpoint fallback; retain only official accuracy >=99% and strictly fewer than 6080 parameters.	0	0
attempt-0003	37fcaaf07201b440cd4f8d024c519b6cefa4c268	94ab87f45bd859ad38b8dc00072401db9c27b215	2026-08-17T01:55:01.222297+00:00	0.010000%	4496	discard	Replace learned positions with fixed sinusoidal positions	family: position representation; retained incumbent is 5056 parameters at 99.9800%, a +0.98 percentage-point margin over 99%. Same-family accepted result: none; same-family failed result: none; prior attempts in this family: 0. The latest accepted result is attempt-0002, which retained reversed operands with learned positions, d16/h2/L2 and ff32 at 5056 parameters; attempt-0001 was a different-family parameter-tying optimization failure. Hypothesis: fixed sinusoidal positions retain explicit order and column information while removing the 560-parameter learned position table, yielding 4496 parameters. This is more informative than deleting positional information because it isolates learned-versus-deterministic position representation at unchanged model width and attention organization. Training remains 15000 steps with final-checkpoint fallback; retain only official accuracy >=99% and strictly below 5056 parameters.	0	0
attempt-0004	b9427ae1abceda65e37ed19aa3450a007501fe85	94ab87f45bd859ad38b8dc00072401db9c27b215	2026-08-17T01:56:12.518285+00:00			error	Factor learned positions into segment and shared column embeddings	family: position representation; retained incumbent is 5056 parameters at 99.9800%, a +0.98 percentage-point margin over 99%. Same-family accepted result: none; same-family failed result: attempt-0003, 4496 parameters at 0.01% official accuracy; prior attempts in this family: 1. The latest accepted result is attempt-0002 with learned absolute positions, reversed operands, d16/h2/L2 and ff32. Hypothesis revision after the sinusoidal nonqualification: keep learned positional features but factor them into seven segment-role rows and eleven shared column rows, preserving A/B/output roles and least-significant-column alignment while reducing positional parameters from 560 to 288, yielding 4784 parameters. This is more informative than retrying fixed sinusoids because it changes the failed deterministic basis to a learned structured basis and more directly tests whether parameter sharing across corresponding columns is safe. Training remains 15000 steps with final-checkpoint fallback; retain only official accuracy >=99% and strictly below 5056 parameters.	1	
attempt-0005	797be47e56273bd8016ee47fc56935e0cee7c882	94ab87f45bd859ad38b8dc00072401db9c27b215	2026-08-17T02:02:44.423771+00:00	8.850000%	4784	discard	Repair embedding call in structured position candidate	family: position representation; implementation repair of attempt-0004. Retained incumbent is 5056 parameters at 99.9800%, a +0.98 percentage-point margin over 99%. Same-family accepted result: none; same-family failed results: attempt-0003 nonqualification at 0.01% and attempt-0004 implementation error before scoring; prior attempts in this family: 2. Attempt-0004's train log shows the intended 4784-parameter seven-segment/eleven-column candidate failed only because an nn.Embedding module was indexed with brackets, raising TypeError before the first batch. This repair changes only those two calls to normal embedding-module invocation; it is more informative than a new position hypothesis because it recovers the already-specified candidate without altering its architecture or training conditions. Train for 15000 steps with final-checkpoint fallback; retain only official accuracy >=99% and strictly below 5056 parameters.	0	0
attempt-0006	447c70d51996606606c2d04ada6dcfa6c04b1f5b	94ab87f45bd859ad38b8dc00072401db9c27b215	2026-08-17T02:03:20.800588+00:00			error	Remove affine scale and bias from final LayerNorm	family: normalization; retained incumbent is 5056 parameters at 99.9800%, a +0.98 percentage-point margin over 99%. Same-family accepted result: none; same-family failed result: none; prior attempts in this family: 0. The latest accepted result is attempt-0002; position-representation attempts 0003 and 0005 scored 0.01% and 8.85% respectively, so this proposal keeps the learned position table unchanged. Hypothesis: final LayerNorm's learned scale and bias are redundant after the two pre-norm blocks; removing only its 32 affine parameters should preserve normalization while yielding 5024 parameters. This is more informative than removing affine terms from every LayerNorm because it isolates the final projection interface and keeps internal optimization stabilizers intact. Train for 15000 steps with final-checkpoint fallback; retain only official accuracy >=99% and strictly below 5056 parameters.	1	
attempt-0007	aa914c607b71c61b2eab8f6b4bb89092a5828b1e	94ab87f45bd859ad38b8dc00072401db9c27b215	2026-08-17T02:09:20.817163+00:00	2.600000%	5024	discard	Repair initializer for affine-free final LayerNorm	family: normalization; implementation repair of attempt-0006. Retained incumbent is 5056 parameters at 99.9800%, a +0.98 percentage-point margin over 99%. Same-family accepted result: none; same-family failed result: attempt-0006, an implementation error before training because the initializer called ones_ on None for affine-free LayerNorm; prior attempts in this family: 1. The intended candidate remains final LayerNorm with elementwise_affine=False, 5024 parameters, while block LayerNorms and all other code stay unchanged. This repair adds None checks in the initializer and re-applies only the intended final-LayerNorm change; it is more informative than a new normalization variant because it recovers the exact unscored hypothesis. Train for 15000 steps with final-checkpoint fallback; retain only official accuracy >=99% and strictly below 5056 parameters.	0	0
attempt-0008	dd4da4b1e1776d874fda3baea700956723c4fb5d	94ab87f45bd859ad38b8dc00072401db9c27b215	2026-08-17T02:15:41.474949+00:00	98.840000%	4544	discard	Reduce feed-forward width from 32 to 24	family: feed-forward width; retained incumbent is 5056 parameters at 99.9800%, a +0.98 percentage-point margin over 99%. Same-family accepted result: none; same-family failed result: none; prior attempts in this family: 0. The latest accepted result is attempt-0002 with d16/h2/L2 and ff32; normalization attempt-0007 reached only 2.6% and is not capacity evidence for this family. Hypothesis: the reversed operand representation supplies the alignment inductive bias, so the two FFNs may be narrowed from 32 to 24 without losing the learned carry transformation, yielding an eligible 4800-parameter model. This is more informative than a large width jump because it tests the nearest untested interpolation from the accepted ff32 boundary with all other mechanisms fixed. Train for 15000 steps with final-checkpoint fallback; retain only official accuracy >=99% and strictly below 5056 parameters.	0	0
attempt-0009	851e9a11e9fd0f8697628890ae3771eb6fdd1bc5	94ab87f45bd859ad38b8dc00072401db9c27b215	2026-08-17T02:26:32.987524+00:00	99.990000%	4544	keep	Retrain ff24 candidate for 30000 steps	family: training control; retained incumbent is 5056 parameters at 99.9800%, a +0.98 percentage-point margin over 99%. Same-family accepted result: none; same-family failed result: none; prior attempts in this family: 0. The latest feed-forward result, attempt-0008, was the same reversed-input d16/h2/L2 ff24 model at 4544 parameters and 98.84% after 15000 steps—near threshold but not qualified. Hypothesis: the near miss may be optimization-limited rather than a representational floor; extending only the training budget to 30000 steps tests that explanation without changing the candidate architecture. This is more informative than immediately narrowing ff again because it separates training insufficiency from capacity loss at the observed boundary. Retain only official accuracy >=99% and strictly below 5056 parameters.	0	0
attempt-0010	417f4856be561d81678c7a1b9616cf07bd72489c	851e9a11e9fd0f8697628890ae3771eb6fdd1bc5	2026-08-17T02:37:02.434624+00:00	99.910000%	4288	keep	Reduce feed-forward width from 24 to 20	family: feed-forward width; retained incumbent is 4544 parameters at 99.9900%, a +0.99 percentage-point margin over 99%. Same-family accepted result: attempt-0002, ff32 at 5056 parameters and 99.98%; same-family failed result: attempt-0008, ff24 at 4544 parameters and 98.84% after 15000 steps; prior attempts in this family: 2. Attempt-0009 accepted the same ff24 candidate at 99.99% only after the training budget was restored to 30000 steps, so the current training control is evidence-backed. Hypothesis: interpolate the capacity boundary with ff20, reducing the model to 4288 parameters while retaining the learned positional and attention organization. This is more informative than jumping to ff16 because it tests the nearest untried width under the now-validated 30000-step condition. Retain only official accuracy >=99% and strictly below 4544 parameters.	0	0
attempt-0011	20ccb2e2153343d894b3b92f08715d947e0348f3	417f4856be561d81678c7a1b9616cf07bd72489c	2026-08-17T02:47:18.665454+00:00	10.220000%	4160	discard	Interpolate feed-forward width at 18	family: feed-forward width; retained incumbent is 4288 parameters at 99.9100%, a +0.91 percentage-point margin over 99%. Same-family accepted results: attempt-0002 ff32 at 5056/99.98% and attempt-0010 ff20 at 4288/99.91%; same-family failed result: attempt-0008 ff24 at 4544/98.84% under 15000 steps; prior attempts in this family: 3. Attempt-0009 showed ff24 reaches 99.99% under 30000 steps, which is the condition used here. Hypothesis: ff18 is the nearest width interpolation below the accepted ff20 boundary, yielding 4160 parameters while preserving the same two-layer attention and learned position mechanisms. This is more informative than jumping to ff16 because it narrows the empirical capacity interval with one controlled width change. Retain only official accuracy >=99% and strictly below 4288 parameters.	0	0
attempt-0012	b8626749334e66a89f43eb6724b25cc81c2a2507	417f4856be561d81678c7a1b9616cf07bd72489c	2026-08-17T02:58:09.586356+00:00	10.200000%	4224	discard	Test single-unit feed-forward width 19	family: feed-forward width; retained incumbent is 4288 parameters at 99.9100%, a +0.91 percentage-point margin over 99%. Same-family accepted results: attempt-0002 ff32 at 5056/99.98% and attempt-0010 ff20 at 4288/99.91%; same-family failed results: attempt-0008 ff24 at 98.84% under 15000 steps and attempt-0011 ff18 at 4160/10.22% under 30000 steps; prior attempts in this family: 4. The 30k ff24 result in attempt-0009 is the validated training condition. Hypothesis: the severe ff18 collapse may occur between widths 18 and 20, so ff19 (4224 parameters) is the most informative single-unit interpolation before testing alternate mechanisms. All other source and training choices remain fixed; retain only official accuracy >=99% and strictly below 4288 parameters.	0	0
attempt-0013	f99d0298baa6529d90a1c8da45eff5175fcc73f1	417f4856be561d81678c7a1b9616cf07bd72489c	2026-08-17T03:09:30.574377+00:00	9.680000%	4234	discard	Factor tied token/output matrix through rank 6	family: token representation; retained incumbent is 4288 parameters at 99.9100%, a +0.91 percentage-point margin over 99%. Same-family accepted result: attempt-0002, which established reversed operand token order with 5056 parameters and 99.98%; same-family failed result: none; prior attempts in this family: 1. The latest feed-forward probes ff19 and ff18 both collapsed near 10%, so this proposal changes mechanism family rather than repeating that width condition. Hypothesis: represent input tokens and tied output logits through a shared rank-6 factorization, reducing the 15-by-16 token matrix from 240 to 15*6 + 6*16 = 186 parameters while preserving a shared input/output representation. The resulting model has 4234 parameters. This is more informative than rank4 as a first test because rank6 is the nearest lower-rank bottleneck and preserves more token information. Keep the accepted reversed preprocessing, ff20, learned positions, and 30000-step training; retain only official accuracy >=99% and strictly below 4288 parameters.	0	0
attempt-0014	5fb3f625146d671bf98b46b3062caa3c677a1a93	417f4856be561d81678c7a1b9616cf07bd72489c	2026-08-17T03:20:34.519849+00:00	0.110000%	4136	discard	Use a rank-8 factorized learned position table	family: position representation; retained incumbent is 4288 parameters at 99.9100%, a +0.91 percentage-point margin over 99%. Same-family accepted result: none; same-family failed result: attempt-0005, the repaired structured-position candidate at 4784 parameters and 8.85%; prior position attempts: 3 (attempts 0003, 0004, 0005, including one implementation repair). Attempt-0003 fixed sinusoidal positions scored 0.01%, so this proposal retains learned position rows instead of using a deterministic basis. Hypothesis: a rank-8 learned table plus d16 projection retains position-specific degrees of freedom while sharing only the feature basis, reducing position parameters from 560 to 35*8 + 8*16 = 408 and total parameters to 4136. This is more informative than repeating segment sharing because each of the 35 positions remains independently addressable. Keep reversed operands, ff20, and 30000-step training; retain only official accuracy >=99% and strictly below 4288 parameters.	0	0
attempt-0015	fe2361500f0474ac230e5d5326e3fda99788c78d	417f4856be561d81678c7a1b9616cf07bd72489c	2026-08-17T03:31:47.130171+00:00	99.950000%	3776	keep	Share K/V projection across two attention heads	family: attention organization; retained incumbent is 4288 parameters at 99.9100%, a +0.91 percentage-point margin over 99%. Same-family accepted result: none; same-family failed result: none; prior attempts in this family: 0. The latest position-representation probes 0005 and 0014 scored 8.85% and 0.11%, so this proposal changes the attention mechanism rather than revisiting position compression. Hypothesis: two query subspaces can attend through shared keys and values, preserving two attention heads while replacing the per-head-expanded qkv projection with a d-by-d query plus d-by-d_head shared K/V projection; at d16,h2 this removes 256 parameters per block and yields 3776 total parameters. This is more informative than a one-head deletion because it isolates K/V sharing while retaining independent queries and the same causal attention depth. Keep learned positions, reversed operands, ff20, and 30000-step training; retain only official accuracy >=99% and strictly below 4288 parameters.	0	0
attempt-0016	3eb3e9bbb1725e9b2bab0992b646a6f311fdac61	fe2361500f0474ac230e5d5326e3fda99788c78d	2026-08-17T03:42:30.715734+00:00	0.020000%	3520	discard	Share query projection across two MQA heads	family: attention organization; retained incumbent is 3776 parameters at 99.9500%, a +0.95 percentage-point margin over 99%. Same-family accepted result: attempt-0015, multi-query shared K/V at 3776/99.95%; same-family failed result: none; prior attempts in this family: 1. Hypothesis: after K/V sharing succeeded, a shared query vector expanded across the two head slots may preserve the useful attention pattern while removing 128 query parameters per block, yielding 3520 parameters. This is more informative than deleting a head because it retains two-head tensor computation and changes only query sharing relative to the accepted MQA candidate. Keep learned positions, reversed operands, ff20, and 30000-step training; retain only official accuracy >=99% and strictly below 3776 parameters.	0	0
attempt-0017	51477a7be2a116eb30b152cf42ca507fa8740ef6	fe2361500f0474ac230e5d5326e3fda99788c78d	2026-08-17T03:54:51.211040+00:00	0.000000%	3520	discard	Factor attention output projection through rank 4	family: attention organization; retained incumbent is 3776 parameters at 99.9500%, a +0.95 percentage-point margin over 99%. Same-family accepted result: attempt-0015, shared K/V attention at 3776/99.95%; same-family failed result: attempt-0016, shared Q plus K/V at 3520/0.02%; prior attempts in this family: 2. Hypothesis: retain distinct queries and shared K/V from the accepted MQA model, but factor each post-attention output projection as d16->4->d16, reducing 256 full-rank parameters to 128 per block and yielding 3520 parameters. This is more informative than repeating query sharing because it preserves head-specific attention scores and tests a different low-rank location. Keep learned positions, reversed operands, ff20, and 30000-step training; retain only official accuracy >=99% and strictly below 3776 parameters.	0	0
attempt-0018	0f046ef2bfcd95bbdc5e8cb9b1318004e5149e9b	fe2361500f0474ac230e5d5326e3fda99788c78d	2026-08-17T04:06:39.851706+00:00	0.010000%	3648	discard	Use rank 6 for factorized attention output projection	family: attention organization; retained incumbent is 3776 parameters at 99.9500%, a +0.95 percentage-point margin over 99%. Same-family accepted result: attempt-0015, shared K/V at 3776/99.95%; same-family failed result: attempt-0017, rank-4 output projection at 3520/0.0% (and attempt-0016 shared-query MQA at 0.02%); prior attempts in this family: 3. Hypothesis revision: rank4 may have crossed the usable post-attention mixing threshold, so retain distinct queries and shared K/V while using a less aggressive rank-6 output factorization, saving 64 parameters per block for 3648 total. This is more informative than repeating rank4 because it changes the tested capacity boundary while preserving the accepted attention score organization. Keep learned positions, reversed operands, ff20, and 30000-step training; retain only official accuracy >=99% and strictly below 3776 parameters.	0	0
attempt-0019	c1e3d8e8f01741182fa607fc590ab42cfee9ff94	fe2361500f0474ac230e5d5326e3fda99788c78d	2026-08-17T04:18:57.785764+00:00	99.960000%	3712	keep	Test MQA with feed-forward width 19	family: feed-forward width; retained incumbent is 3776 parameters at 99.9500%, a +0.95 percentage-point margin over 99%. Same-family accepted result: attempt-0010, standard-attention ff20 at 4288/99.91%; same-family failed result: attempt-0012, standard-attention ff19 at 4224/10.20% (with attempt-0011 ff18 at 10.22%); prior attempts in this family: 5. The accepted attempt-0015 changed attention to MQA and reached 3776/99.95%, so this proposal tests ff19 specifically in that improved attention context. Hypothesis: MQA's shared K/V organization may free optimization capacity that allows one narrower FF layer, producing 3712 parameters while retaining full-rank attention output mixing. This is more informative than jumping to ff18 because it isolates the nearest width change after the attention substitution. Keep learned positions, reversed operands, and 30000-step training; retain only official accuracy >=99% and strictly below 3776 parameters.	0	0
attempt-0020	8d550788ef6f31c9db54cdec2eee0950575d4088	c1e3d8e8f01741182fa607fc590ab42cfee9ff94	2026-08-17T04:31:06.785167+00:00	99.960000%	3648	keep	Test MQA with feed-forward width 18	family: feed-forward width; retained incumbent is 3712 parameters at 99.9600%, a +0.96 percentage-point margin over 99%. Same-family accepted result: attempt-0019, MQA plus ff19 at 3712/99.96%; same-family failed result: attempt-0012, standard-attention ff19 at 4224/10.20% (with standard ff18 attempt-0011 at 10.22%); prior attempts in this family: 6. Attempt-0019 established that MQA changes the ff boundary, so this is a new condition rather than a repeat of the standard-attention failure. Hypothesis: with shared K/V attention, ff18 may still retain the carry transform, yielding 3648 parameters; it is the nearest lower width and more informative than jumping to ff16. Keep learned positions, reversed operands, and 30000-step training; retain only official accuracy >=99% and strictly below 3712 parameters.	0	0
attempt-0021	01848016461da3374b810b751cfcbbae94c43b53	8d550788ef6f31c9db54cdec2eee0950575d4088	2026-08-17T04:41:53.859056+00:00	99.170000%	3584	keep	Test MQA with feed-forward width 17	family: feed-forward width; retained incumbent is 3648 parameters at 99.9600%, a +0.96 percentage-point margin over 99%. Same-family accepted results: attempt-0019 MQA+ff19 at 3712/99.96% and attempt-0020 MQA+ff18 at 3648/99.96%; same-family failed result: attempt-0011 standard-attention ff18 at 4160/10.22% (with standard ff19 attempt-0012 at 10.20%); prior attempts in this family: 7. The MQA context has already moved the width boundary, so ff17 is a new nearest-neighbor test rather than repeating the standard-attention failure. Hypothesis: one more FF unit can be removed while preserving the accepted MQA attention and learned-position representations, yielding 3584 parameters. Retain only official accuracy >=99% and strictly below 3648 parameters.	0	0
attempt-0022	a03718c1ac1c7254c9a9b3675f8e3f29b6d531b8	01848016461da3374b810b751cfcbbae94c43b53	2026-08-17T04:52:16.865873+00:00	98.500000%	3520	discard	Test MQA with feed-forward width 16	family: feed-forward width; retained incumbent is 3584 parameters at 99.1700%, a +0.17 percentage-point margin over 99%. Same-family accepted results: attempt-0019 MQA+ff19 at 3712/99.96%, attempt-0020 MQA+ff18 at 3648/99.96%, and attempt-0021 MQA+ff17 at 3584/99.17%; same-family failed result: attempt-0012 standard-attention ff19 at 10.20%; prior attempts in this family: 8. The accepted MQA sequence supports testing the nearest ff16 boundary, yielding 3520 parameters. This is more informative than altering attention again because the current margin is narrow and a one-unit width change directly tests the remaining FF capacity. Keep all other conditions and 30000-step training fixed; retain only official accuracy >=99% and strictly below 3584 parameters.	0	0
attempt-0023	51d45d26dd598c3b280ac737c1df85c03f05258b	01848016461da3374b810b751cfcbbae94c43b53	2026-08-17T05:02:29.688317+00:00	0.030000%	3520	discard	Train MQA ff16 only on full 10-digit operands	family: training control; retained incumbent is 3584 parameters at 99.1700%, a +0.17 percentage-point margin over 99%. Same-family accepted result: attempt-0009, which raised the ff24 candidate from a 98.84% 15k result to 99.99% with a justified training-control change; same-family failed result: none; prior attempts in this family: 1. The latest architecture probe, attempt-0022, used MQA+ff16 at 3520 parameters and scored 98.50% after 30000 steps, a near miss. Hypothesis: the remaining error may be distributional because training mixed 1–10 digit operands while the official random cases use full-range 10-digit operands; set min_digits=max_digits=10 while changing no model parameters, and test whether the same 3520-parameter candidate crosses 99%. This is more informative than repeating 30000 mixed-digit steps because it changes the data exposure to match the qualification regime. Retain only official accuracy >=99% and strictly below 3584 parameters.	0	0
attempt-0024	b8476e2c57b8b001edc2792b669284c896841f5f	01848016461da3374b810b751cfcbbae94c43b53	2026-08-17T05:12:15.234132+00:00	82.120000%	2208	discard	Tie the two MQA ff17 blocks	family: parameter tying; retained incumbent is 3584 parameters at 99.1700%, a +0.17 percentage-point margin over 99%. Same-family accepted result: none; same-family failed result: attempt-0001, shared standard-attention d16/h2/L2 ff48 at 3456 parameters and 75.95% validation after 30000 steps; prior attempts in this family: 1. The current incumbent differs materially through reversed operands, MQA, and ff17, all of which changed the attention/capacity regime. Hypothesis: reuse one MQA+ff17 block for both sequential depth applications, preserving two causal self-attention passes while removing one block's parameters and yielding 2208 total parameters. This is more informative than deleting a layer because it tests whether repeated computation in the successful MQA regime can substitute for independently parameterized depth. Keep the mixed-digit training curriculum and 30000 steps; retain only official accuracy >=99% and strictly below 3584 parameters.	0	0
attempt-0025	a607a56cb4b4bada0feb469b532e1ac822693570	01848016461da3374b810b751cfcbbae94c43b53	2026-08-17T05:22:30.737995+00:00	9.990000%	2968	discard	Shrink MQA transformer width from d16 to d14	family: attention organization; retained incumbent is 3584 parameters at 99.1700%, a +0.17 percentage-point margin over 99%. Same-family accepted result: attempt-0015, d16 MQA at 3776/99.95%; same-family failed result: attempt-0018, d16 rank-6 output projection at 3648/0.01% (with attempts 0016–0017 also failing); prior attempts in this family: 4. Hypothesis: preserve two independently scored attention heads and the successful shared-K/V organization while shrinking each head channel from 8 to 7 (d14), with ff17 and learned positions unchanged; the actual model should be 2992 parameters. This is more informative than one-head deletion because it isolates channel width while retaining two-head attention and independent depth. Keep the mixed-digit curriculum and 30000-step training; retain only official accuracy >=99% and strictly below 3584 parameters.	0	0
attempt-0026	69ac0377f06431e702aaad4800cd6d6a29c794e5	01848016461da3374b810b751cfcbbae94c43b53	2026-08-17T05:32:49.357794+00:00	1.060000%	3520	discard	Prune learned positions only at special-token slots	family: position representation; retained incumbent is 3584 parameters at 99.1700%, a +0.17 percentage-point margin over 99%. Same-family accepted result: none; same-family failed result: attempt-0014, rank-8 learned-position factorization at 4136/0.11% (with attempts 0003 and 0005 also failing); prior position attempts: 4. The d14 width probe in attempt-0025 scored 9.99%, so this keeps d16 MQA and changes only position-table scope. Hypothesis: operand and answer digit columns need independent learned rows, but BOS, plus, equals, and EOS positions may rely on their distinct token embeddings; use 31 learned rows and zero position contribution at those four slots, yielding 3520 parameters. This is more informative than removing or factorizing the whole position table because every arithmetic column retains full positional capacity. Keep mixed-digit training and 30000 steps; retain only official accuracy >=99% and strictly below 3584 parameters.	0	0
attempt-0027	3d08fd3c61b5ed03c56142cc11c656fc43dae64d	01848016461da3374b810b751cfcbbae94c43b53	2026-08-17T05:42:29.069072+00:00	99.790000%	3520	keep	Remove affine parameters from FF pre-norms	family: normalization; retained incumbent is 3584 parameters at 99.1700%, a +0.17 percentage-point margin over 99%. Same-family accepted result: none; same-family failed result: attempt-0007, final-LayerNorm affine removal at 5024/2.60% after an initializer repair; prior attempts in this family: 2. The retained model now uses successful MQA, reversed operands, and ff17, while attempts 0024–0026 showed tying, d14 width, and special-position pruning are not viable. Hypothesis: the FF pre-norm scale/bias may be redundant even though final affine removal failed; make only block ln2 affine-free, saving 64 parameters and yielding 3520 while retaining attention ln1 and final normalization. This is more informative than removing all normalization affine terms because it isolates the FF interface in the successful attention regime. Keep mixed-digit training and 30000 steps; retain only official accuracy >=99% and strictly below 3584 parameters.	0	0
attempt-0028	614bf9a6378fd23b3a59741b1b26d77d0777984e	3d08fd3c61b5ed03c56142cc11c656fc43dae64d	2026-08-17T05:51:57.317625+00:00	99.920000%	3456	keep	Remove affine parameters from attention pre-norms	family: normalization; retained incumbent is 3520 parameters at 99.7900%, a +0.79 percentage-point margin over 99%. Same-family accepted result: attempt-0027, affine-free FF pre-norms in MQA+ff17 at 3520/99.79%; same-family failed result: attempt-0007, final affine-free LayerNorm under standard attention at 5024/2.60%; prior attempts in this family: 3. Hypothesis: the successful removal at ln2 may extend to attention pre-norm ln1, saving another 64 parameters while leaving normalization itself, residual paths, MQA, full attention output, learned positions, and final affine normalization intact. This is more informative than removing all remaining affine terms at once because it isolates the attention interface and retains the known-stable final norm. Keep mixed-digit training and 30000 steps; retain only official accuracy >=99% and strictly below 3520 parameters.	0	0
attempt-0029	0e8fb52ac103d293049d81900986cd50b6ea9503	614bf9a6378fd23b3a59741b1b26d77d0777984e	2026-08-17T06:00:39.914125+00:00	95.580000%	3424	discard	Remove affine parameters from final LayerNorm after block pruning	family: normalization; retained incumbent is 3456 parameters at 99.9200%, a +0.92 percentage-point margin over 99%. Same-family accepted results: attempt-0027 ln2 affine-free at 3520/99.79% and attempt-0028 ln1+ln2 affine-free at 3456/99.92%; same-family failed result: attempt-0007 final-only affine removal under standard attention at 5024/2.60%; prior attempts in this family: 4. Hypothesis: the final affine terms may only have been necessary when internal LayerNorms carried learned affine transformations; with both block pre-norms now affine-free, remove the last final scale/bias for 3424 parameters. This is more informative than repeating the old final-only test because the normalization context has changed through two accepted reductions. Keep mixed-digit training and 30000 steps; retain only official accuracy >=99% and strictly below 3456 parameters.	0	0
attempt-0030	ba7a4f9020644e7461f731689b6226af4a20fb9b	614bf9a6378fd23b3a59741b1b26d77d0777984e	2026-08-17T06:11:07.713296+00:00	100.000000%	3200	keep	Use per-head block-diagonal attention output projections	family: attention organization; retained incumbent is 3456 parameters at 99.9200%, a +0.92 percentage-point margin over 99%. Same-family accepted result: attempt-0015, full output MQA at 3776/99.95%; same-family failed result: attempt-0018, rank-6 output bottleneck at 3648/0.01% (with attempts 0016–0017 also failing); prior attempts in this family: 5. Hypothesis: the failed low-rank projections removed too much global mixing, so preserve a full-rank d_head-by-d_head output transform independently for each head and remove only cross-head output terms; at d16,h2 this reduces each projection from 256 to 128 parameters and yields 3200 total. This is more informative than another low-rank rank because it preserves exact within-head expressivity and changes only cross-head coupling. Keep affine-free block pre-norms, full final norm, learned positions, MQA, ff17, mixed-digit training, and 30000 steps; retain only official accuracy >=99% and strictly below 3456 parameters.	0	0
attempt-0031	196138df826bd6598dbc55e0729fdadba3f9b9a1	ba7a4f9020644e7461f731689b6226af4a20fb9b	2026-08-17T06:56:44.176894+00:00	99.950000%	3136	keep	Reduce FF width to 16 with block-diagonal output mixing	family: feed-forward width; retained incumbent is 3200 parameters at 100.0000%, a +1.00 percentage-point margin over 99%. Same-family accepted result: attempt-0021 MQA+ff17 at 3584/99.17%; same-family failed result: attempt-0022 MQA+ff16 with full output projection at 3520/98.50%; prior attempts in this family: 9. The latest accepted attempt-0030 changed attention output organization to per-head block-diagonal projections and reached 3200/100%, so this proposal tests ff16 in that new context rather than repeating the prior near miss. Hypothesis: the structured output mixer preserves enough specialization to allow ff16, yielding 3136 parameters. Keep affine-free block pre-norms, full final norm, learned positions, mixed-digit training, and 30000 steps; retain only official accuracy >=99% and strictly below 3200 parameters.	0	0
attempt-0032	5c7cb9a61b60333a0cd452ca07a0b631419352dd	196138df826bd6598dbc55e0729fdadba3f9b9a1	2026-08-17T07:06:51.416547+00:00	9.910000%	3008	discard	Share the head-local attention output map across heads	family: parameter tying; current retained incumbent is 3136 parameters at 99.9500%, a +0.95 percentage-point margin over 99%. Same-family accepted result: attempt-0031, block-diagonal per-head output maps with independent maps at 3136/99.95%; same-family failed result: attempt-0024, tying the two full MQA+FF blocks at 2208/82.12%; prior attempts in this family: 2. Hypothesis: after attempt-0030 showed that cross-head output mixing is unnecessary and attempt-0031 reduced FF width, the two head-local 8x8 maps may also share one transform without changing the representational partition, saving 64 parameters per block for 3072 total. This is more informative than shrinking d_head because it preserves both attention channels and tests only the remaining repeated parameterization; the nearest untested alternative is a head-dimension reduction, which changes attention statistics and capacity simultaneously. Keep d16/h2/L2, MQA, affine-free block pre-norms, final affine norm, learned positions, reversed operands, mixed-digit curriculum, and 30000 steps; retain only official accuracy >=99% and strictly below 3136 parameters.	0	0
attempt-0033	8cd5e3df1495e857ed22839a6005cee8906d6ac1	196138df826bd6598dbc55e0729fdadba3f9b9a1	2026-08-17T07:16:42.230479+00:00	56.600000%	3072	discard	Reduce FF width to 15 with independent head-local output maps	family: feed-forward width; current retained incumbent is 3136 parameters at 99.9500%, a +0.95 percentage-point margin over 99%. Same-family accepted result: attempt-0031, per-head block-diagonal output mixing with ff16 at 3136/99.95%; same-family failed result: attempt-0022, MQA with full output projection and ff16 at 3520/98.50%; prior attempts in this family: 9. Hypothesis: the new independent head-local output organization made ff16 viable, so the nearest one-unit continuation may still preserve enough nonlinear capacity at ff15, yielding 3072 parameters. This is more informative than changing token or position representations because it isolates the remaining FF width boundary while keeping the successful attention organization fixed; the nearest untested alternative is a larger architectural substitution whose effect would be confounded with FF capacity. Keep d16/h2/L2, independent 8x8 head-local maps, MQA, affine-free block pre-norms, final affine norm, learned positions, reversed operands, mixed-digit curriculum, and 30000 steps; retain only official accuracy >=99% and strictly below 3136 parameters.	0	0
attempt-0034	82c1e0661592c3540a5c4e81a67ebb24472181bb	196138df826bd6598dbc55e0729fdadba3f9b9a1	2026-08-17T07:27:40.207895+00:00	6.070000%	3113	discard	Factor tied token input and output through rank 7	family: token representation; current retained incumbent is 3136 parameters at 99.9500%, a +0.95 percentage-point margin over 99%. Same-family accepted result: attempt-0002, reversed operand token order at 5056/99.98%; same-family failed result: attempt-0013, rank-6 tied token/output factorization at 4234/9.68%; prior attempts in this family: 2. Hypothesis: the earlier rank-6 collapse was measured before the successful MQA, affine-free pre-norm, per-head output, and ff16 changes; a less aggressive rank-7 factorization may retain the token distinctions needed by this newer 3136-parameter regime while reducing the tied token representation from 240 to 217 parameters, yielding 3113 total. This is more informative than retrying rank6 because rank7 is the nearest less-compressed representation and separates rank capacity from the older attention context; the nearest untested alternative is a rank-8 factor, which is not a parameter reduction at d16. Keep reversed operands, learned positions, d16/h2/L2, independent head-local output maps, MQA, affine-free block pre-norms, final affine norm, mixed-digit curriculum, and 30000 steps; retain only official accuracy >=99% and strictly below 3136 parameters.	0	0
attempt-0035	6ef1076ad1207cceee86b20f1fe9eb4515765eb3	196138df826bd6598dbc55e0729fdadba3f9b9a1	2026-08-17T07:38:14.000121+00:00	1.000000%	2976	discard	Tie corresponding operand-column position embeddings	family: position representation; current retained incumbent is 3136 parameters at 99.9500%, a +0.95 percentage-point margin over 99%. Same-family accepted result: none; same-family failed result: attempt-0026, removing positional vectors at special-token slots while keeping digit positions at 3520/1.06% (with earlier sinusoidal and factorized position trials also failing); prior attempts in this family: 5. Hypothesis: in the reversed fixed layout, operand A and operand B use the same column index and may share one positional vector while their token identities and the plus separator retain role information. Keep every digit-column vector for answer positions, operators, BOS, and EOS distinct, but map B columns 12–21 onto A columns 1–10, reducing the position table from 35 to 25 rows and yielding 2976 parameters. This is more informative than another whole-table low-rank or special-token deletion because it tests only the A/B column symmetry while preserving all answer-column positions; the nearest untested alternative is tying answer columns to operand columns, which removes role distinctions simultaneously. Keep d16/h2/L2, independent head-local maps, MQA, ff16, affine-free block pre-norms, final affine norm, reversed operands, mixed-digit curriculum, and 30000 steps; retain only official accuracy >=99% and strictly below 3136 parameters.	0	0
attempt-0036	8e1a5ac90e6ca3edbd7dea6fff934f99636b0086	196138df826bd6598dbc55e0729fdadba3f9b9a1	2026-08-17T07:46:50.170799+00:00	6.740000%	3008	discard	Trade one transformer layer for a wider ff48 sublayer	family: attention organization; current retained incumbent is 3136 parameters at 99.9500%, a +0.95 percentage-point margin over 99%. Same-family accepted result: attempt-0030, per-head block-diagonal output projections at 3200/100.00% before the ff16 reduction; same-family failed result: attempt-0025, d14 MQA width reduction at 2968/9.99%; prior attempts in this family: 6. Hypothesis: the incumbent's two blocks each use a narrow ff16 sublayer, while a single independently parameterized MQA block with ff48 can spend a similar budget on nonlinear width and still attend over the whole fixed sequence, yielding 3008 parameters. This is more informative than repeating the failed tied-block experiment because it removes a depth copy but restores independent parameters and substantially widens the surviving block; the nearest untested alternative is a two-block partial tie, which tests reuse rather than the depth-versus-width tradeoff. Keep d16/h2, independent head-local output maps, MQA, affine-free pre-norms, final affine norm, learned positions, reversed operands, mixed-digit curriculum, and 30000 steps; retain only official accuracy >=99% and strictly below 3136 parameters.	0	0
attempt-0037	8c0f7019b05b96d9fc6205b2b1d268972c1a89e7	196138df826bd6598dbc55e0729fdadba3f9b9a1	2026-08-17T07:58:24.273797+00:00	89.010000%	2624	discard	Make FF sublayers block-diagonal across attention heads	family: feed-forward width; current retained incumbent is 3136 parameters at 99.9500%, a +0.95 percentage-point margin over 99%. Same-family accepted result: attempt-0031, full ff16 sublayers with per-head attention output at 3136/99.95%; same-family failed result: attempt-0033, the one-unit ff15 reduction at 3072/56.60%; prior attempts in this family: 10. Hypothesis: ff15 showed that removing an entire hidden unit is too abrupt, but the successful attention block-diagonalization suggests that cross-head FF mixing may be redundant. Keep each head's ff16-width capacity in the sense of two independent 8-wide nonlinear maps, but remove only cross-head FF weights, reducing each FF from 512 to 256 parameters and the model to 2624. This is more informative than another scalar width decrement because it preserves the nonlinear width per head while isolating FF connectivity; the nearest untested alternative is low-rank factorization of each full FF matrix, which changes within-head rank as well. Keep two layers, d16/h2, independent head-local attention maps, MQA, affine-free block pre-norms, final affine norm, learned positions, reversed operands, mixed-digit curriculum, and 30000 steps; retain only official accuracy >=99% and strictly below 3136 parameters.	0	0
attempt-0038	7b108ce73f66ebafe562401d225bf2bb72f8bcff	196138df826bd6598dbc55e0729fdadba3f9b9a1	2026-08-17T08:09:09.023076+00:00	99.920000%	3120	keep	Remove only the final LayerNorm bias	family: normalization; current retained incumbent is 3136 parameters at 99.9500%, a +0.95 percentage-point margin over 99%. Same-family accepted result: attempt-0028, affine-free attention and FF pre-norms at 3456/99.92%; same-family failed result: attempt-0029, removing both final scale and bias in that context at 3424/95.58%; prior attempts in this family: 5. Hypothesis: the failed all-affine removal may have lost useful output scaling, while the final shift alone may be redundant after the two block pre-norms are affine-free. Remove only the 16-parameter final bias and retain the learned final scale, yielding 3120 parameters. This is more informative than repeating full final-affine removal because it isolates scale from shift and is the nearest untested normalization ablation; the nearest alternative is removing only the scale, which changes output calibration more directly. Keep the successful per-head attention organization, ff16, all other norms, learned positions, reversed operands, mixed-digit curriculum, and 30000 steps; retain only official accuracy >=99% and strictly below 3136 parameters.	0	0
attempt-0039	528d28e5e0d2cfe90d0c0bd324de678ead752774	7b108ce73f66ebafe562401d225bf2bb72f8bcff	2026-08-17T08:18:38.341416+00:00	90.810000%	3104	discard	Remove the remaining final LayerNorm scale	family: normalization; current retained incumbent is 3120 parameters at 99.9200%, a +0.92 percentage-point margin over 99%. Same-family accepted result: attempt-0038, final LayerNorm with learned scale but no bias at 3120/99.92%; same-family failed result: attempt-0029, removing both final scale and bias in the pre-per-head context at 3424/95.58%; prior attempts in this family: 6. Hypothesis: after the accepted bias removal, test the remaining final scale independently in the newer per-head/ff16 regime; this yields 3104 parameters and distinguishes whether the surviving calibration parameter is essential. This is more informative than removing the entire final normalization because the bias has already been held out and the current attention organization changed materially; the nearest untested alternative is deleting the final norm module, which also changes normalization behavior rather than just affine capacity. Keep d16/h2/L2, independent head-local maps, MQA, ff16, affine-free block pre-norms, learned positions, reversed operands, mixed-digit curriculum, and 30000 steps; retain only official accuracy >=99% and strictly below 3120 parameters.	0	0
attempt-0040	0a59b6133154c9747ec769c829cd168ef9feb800	7b108ce73f66ebafe562401d225bf2bb72f8bcff	2026-08-17T08:28:28.033393+00:00	7.830000%	2864	discard	Tie FF input projections across the two blocks	family: parameter tying; current retained incumbent is 3120 parameters at 99.9200%, a +0.92 percentage-point margin over 99%. Same-family accepted result: none; same-family failed result: attempt-0032, sharing the per-head attention output map at 3008/9.91% (and attempt-0024, tying complete blocks at 2208/82.12%); prior attempts in this family: 3. Hypothesis: complete block tying removed too many independent functions, while the failed head-local-map sharing is a different within-block constraint. Share only the first d16-to-ff16 projection between the two independently attended blocks, leaving both attention stacks, FF output projections, residual paths, and final scale separate; this saves 256 deduplicated parameters for 2864 total. This is more informative than tying both FF matrices because it isolates the feature-expansion basis from the block-specific recombination, and more informative than full-block tying because attention remains independent; the nearest untested alternative is sharing only the FF output projection. Keep learned positions, reversed operands, d16/h2/L2, independent head-local attention maps, MQA, affine-free block pre-norms, final no-bias affine scale, mixed-digit curriculum, and 30000 steps; retain only official accuracy >=99% and strictly below 3120 parameters.	0	0
attempt-0041	e6d85f09b05eb1c3b9f67ef67bfe7a856c2ec63c	7b108ce73f66ebafe562401d225bf2bb72f8bcff	2026-08-17T08:37:58.977108+00:00	10.190000%	2864	discard	Tie FF output projections across the two blocks	family: parameter tying; current retained incumbent is 3120 parameters at 99.9200%, a +0.92 percentage-point margin over 99%. Same-family accepted result: none; same-family failed result: attempt-0040, sharing the FF input projection at 2864/7.83% (with attempt-0032 sharing head-local attention output at 3008/9.91%); prior attempts in this family: 4. Hypothesis: the FF input tie failed because block-specific feature extraction was lost; instead share only the second ff16-to-d16 projection while retaining independent hidden features and independent attention, saving the same 256 deduplicated parameters for 2864 total. This is more informative than repeating the input tie because it tests the complementary role of recombination after a scored failure, and more informative than full-block tying because all attention and first FF projections remain independent; the nearest untested alternative is tying the two FF matrices together within each block. Keep d16/h2/L2, independent head-local attention maps, MQA, affine-free block pre-norms, final no-bias affine scale, learned positions, reversed operands, mixed-digit curriculum, and 30000 steps; retain only official accuracy >=99% and strictly below 3120 parameters.	0	0
attempt-0042	c86d3dee9bc7baef0c5d043871ef8a817109cbce	7b108ce73f66ebafe562401d225bf2bb72f8bcff	2026-08-17T08:47:34.974867+00:00	10.290000%	2608	discard	Tie the Q and shared KV projections within each attention block	family: attention organization; current retained incumbent is 3120 parameters at 99.9200%, a +0.92 percentage-point margin over 99%. Same-family accepted result: attempt-0030, independent per-head block-diagonal output projections at 3200/100.00% before final-bias pruning; same-family failed result: attempt-0036, one-layer wide-FF depth reduction at 3008/6.74% (the earlier Q/KV-sharing attempt-0016 also scored 0.02%); prior attempts in this family: 7. Hypothesis: MQA already shares K/V while retaining a separate Q map; tie the equal-shaped d16 Q and 2*d_head KV projections within each block to remove 256 parameters per block, yielding 2608 total. This revisits the earlier failed Q/KV tie only after the successful head-local output organization, ff16 boundary, and final-bias pruning changed the regime; it is more informative than reducing head width because it preserves two full attention channels and tests parameter reuse alone. The nearest untested alternative is sharing Q across layers, which removes depth-specific attention rather than query/key/value specialization. Keep two blocks, independent head-local output maps, full FFs, affine-free pre-norms, final learned scale, learned positions, reversed operands, mixed-digit curriculum, and 30000 steps; retain only official accuracy >=99% and strictly below 3120 parameters.	0	0
attempt-0043	a655cc589f95afa87c0b9b91d133d1e6231604ab	7b108ce73f66ebafe562401d225bf2bb72f8bcff	2026-08-17T08:58:35.013281+00:00	99.910000%	3038	keep	Compensate d14 attention width with ff24	family: attention organization; current retained incumbent is 3120 parameters at 99.9200%, a +0.92 percentage-point margin over 99%. Same-family accepted result: attempt-0030, per-head block-diagonal output projections at 3200/100.00% before final-bias pruning; same-family failed result: attempt-0025, d14 MQA with ff17 and full output organization at 2968/9.99%; prior attempts in this family: 8. Hypothesis: the earlier d14 failure may reflect both narrower attention channels and insufficient nonlinear width. Retain the successful per-head output organization and final-bias pruning, shrink d_model to 14, and increase each FF to 24 so the candidate has wider nonlinear processing while reducing embedding, positional, and attention costs; predicted count is 3038. This is more informative than repeating d14/ff17 because it changes the capacity allocation and isolates whether d14's failure was an attention-width floor; the nearest untested alternative is d14 with a still wider FF, which would obscure that boundary. Keep h2/L2, MQA, independent head-local maps, affine-free block pre-norms, final learned scale, learned positions, reversed operands, mixed-digit curriculum, and 30000 steps; retain only official accuracy >=99% and strictly below 3120 parameters.	0	0
attempt-0044	ac98521b0ace9c74c5bb1fce686f5254dbc9972f	a655cc589f95afa87c0b9b91d133d1e6231604ab	2026-08-17T09:09:49.983567+00:00	99.970000%	2982	keep	Reduce d14 FF width from 24 to 23	family: feed-forward width; current retained incumbent is 3038 parameters at 99.9100%, a +0.91 percentage-point margin over 99%. Same-family accepted result: attempt-0043 established d14 with ff24 at 3038/99.91%; same-family failed result: attempt-0037, head-block-diagonal FF at 2624/89.01% (the adjacent d16 ff15 trial was 3072/56.60%); prior attempts in this family: 11. Hypothesis: the d14/ff24 model leaves a direct one-unit FF interpolation unexplored; reduce only ff24 to ff23, preserving full cross-head FF mixing and all successful attention/normalization choices, for 3010 parameters. This is more informative than the prior block-diagonal FF failure because it tests scalar capacity at the new d14 operating point without changing connectivity; the nearest untested alternative is ff22, which would skip the boundary and confound the size of the capacity loss. Keep d14/h2/L2, MQA, independent head-local maps, affine-free block pre-norms, final learned scale without bias, learned positions, reversed operands, mixed-digit curriculum, and 30000 steps; retain only official accuracy >=99% and strictly below 3038 parameters.	0	0
attempt-0045	ffec8853e04b0f5e366cbf41227947af7e67604f	ac98521b0ace9c74c5bb1fce686f5254dbc9972f	2026-08-17T09:19:56.930820+00:00	9.790000%	2926	discard	Reduce d14 FF width from 23 to 22	family: feed-forward width; current retained incumbent is 2982 parameters at 99.9700%, a +0.97 percentage-point margin over 99%. Same-family accepted result: attempt-0044, d14 with ff23 at 2982/99.97%; same-family failed result: attempt-0037, block-diagonal FF connectivity at 2624/89.01% (the prior d16 ff15 scalar boundary was 3072/56.60%); prior attempts in this family: 12. Hypothesis: the successful d14/ff23 step supports one more scalar reduction without changing FF connectivity; ff22 should yield 2926 parameters and directly measure whether the new d14 attention allocation has additional FF margin. This is more informative than changing attention or token representation because it is the nearest width interpolation and preserves all currently accepted mechanisms; the nearest untested alternative is ff21, which would skip this local boundary. Keep d14/h2/L2, MQA, independent head-local maps, affine-free block pre-norms, final learned scale without bias, learned positions, reversed operands, mixed-digit curriculum, and 30000 steps; retain only official accuracy >=99% and strictly below 2982 parameters.	0	0
attempt-0046	8c8f7581842f30ef5bfeb937a93ceb610161ab24	ac98521b0ace9c74c5bb1fce686f5254dbc9972f	2026-08-17T09:29:08.248890+00:00	1.350000%	2951	discard	Replace two d14 heads with one d13 head and ff18	family: attention organization; current retained incumbent is 2982 parameters at 99.9700%, a +0.97 percentage-point margin over 99%. Same-family accepted result: attempt-0043, d14/h2 with ff24 at 3038/99.91%; same-family failed result: attempt-0042, tying Q and shared KV projections at 2608/10.29% (the prior d14 full-output attempt-0025 was also 9.99%); prior attempts in this family: 9. Hypothesis: d14/h2 succeeds with 7-wide head channels, but the minimum may instead use one full d13 head with a larger per-head output map and ff18, reducing the model to 2951 parameters. This is more informative than another d14 FF decrement because it changes head organization and tests whether two-head specialization is essential; the nearest untested alternative is d13/h2, which is not divisible without changing the channel geometry. Keep two layers, MQA-form K/V path, independent head-local output map, affine-free block pre-norms, final learned scale without bias, learned positions, reversed operands, mixed-digit curriculum, and 30000 steps; retain only official accuracy >=99% and strictly below 2982 parameters.	0	0
attempt-0047	4604fddbdfdbe7adf4ddb640f1fe10f49175cca2	ac98521b0ace9c74c5bb1fce686f5254dbc9972f	2026-08-17T09:39:32.537959+00:00	10.340000%	2916	discard	Allocate d12 attention with ff33 nonlinear width	family: attention organization; current retained incumbent is 2982 parameters at 99.9700%, a +0.97 percentage-point margin over 99%. Same-family accepted result: attempt-0043, d14/h2 with ff24 at 3038/99.91%; same-family failed result: attempt-0046, one d13 attention head at 2951/1.35% (and the preceding Q/KV tie was 10.29%); prior attempts in this family: 10. Hypothesis: two heads are required, but each d14 head may have excess channel width. Test d12/h2 with a much wider ff33, retaining MQA and independent 6x6 head-local output maps; the candidate is predicted at 2916 parameters. This is more informative than continuing d14 FF interpolation because it shifts capacity from attention channels to nonlinear width while preserving two-head specialization; the nearest untested alternative is d12 with a smaller FF, which would conflate head-width and FF losses before this allocation is measured. Keep two layers, affine-free block pre-norms, final learned scale without bias, learned positions, reversed operands, mixed-digit curriculum, and 30000 steps; retain only official accuracy >=99% and strictly below 2982 parameters.	0	0
attempt-0048	6406d9fef782b9e782352420c2bb43eb2266ecdf	ac98521b0ace9c74c5bb1fce686f5254dbc9972f	2026-08-17T09:50:25.922645+00:00	97.300000%	2933	discard	Use a rank9 factorized learned position table	family: position representation; current retained incumbent is 2982 parameters at 99.9700%, a +0.97 percentage-point margin over 99%. Same-family accepted result: none; same-family failed result: attempt-0035, tying operand-column position rows at 2976/1.00% (the earlier rank-8 factorized table was 4136/0.11%); prior attempts in this family: 6. Hypothesis: full 35-row learned positions are useful, but the old rank-8 factorization was a much more aggressive bottleneck measured before d14/per-head attention. Add a rank-9 position embedding plus learned up-projection, preserving each position's index while sharing a 9-dimensional basis; this saves 49 parameters and yields about 2933 total. This is more informative than repeating row tying because every position remains independently addressable, and rank9 is the nearest less-compressed factor above the failed rank8; the nearest untested alternative is rank10, which saves less and would not test the observed rank boundary as directly. Keep d14/h2/L2, MQA, independent head-local maps, ff23, affine-free block pre-norms, final learned scale without bias, reversed operands, mixed-digit curriculum, and 30000 steps; retain only official accuracy >=99% and strictly below 2982 parameters.	0	0
attempt-0049	897ed431f8a56c585d8a6c8ff9c8224405edd973	ac98521b0ace9c74c5bb1fce686f5254dbc9972f	2026-08-17T10:01:54.679622+00:00	100.000000%	2933	keep	Retrain rank9 position factor with zero weight decay	family: training control; current retained incumbent is 2982 parameters at 99.9700%, a +0.97 percentage-point margin over 99%. Same-family accepted result: attempt-0009, extending the reversed-input ff24 candidate to 30000 steps produced 99.99%; same-family failed result: attempt-0023, full-digit-only training of the MQA ff16 candidate at 3520/0.03%; prior attempts in this family: 2. The immediately preceding rank9 position candidate was a valid near miss at 2933/97.30% after 30000 mixed-digit steps, while its train log ended without a qualifying checkpoint. Hypothesis: AdamW weight decay may suppress the compressed positional basis; keep the exact rank9 architecture and change only weight_decay from 0.1 to 0.0, retaining the same 30000-step cosine schedule. This is more informative than changing both learning rate and duration because it isolates regularization as the nearest training-control alternative; retain only official accuracy >=99% and strictly below 2982 parameters.	0	0
attempt-0050	a3adffc7be1254323fe6d42c6dc751fb5f809d5c	897ed431f8a56c585d8a6c8ff9c8224405edd973	2026-08-17T10:12:54.327877+00:00	99.990000%	2884	keep	Test rank8 positions with zero weight decay	family: position representation; current retained incumbent is 2933 parameters at 100.0000%, a +1.00 percentage-point margin over 99%. Same-family accepted result: none; same-family failed result: attempt-0048, rank9 factorized positions at 2933/97.30% with standard weight decay (and the older rank8 factor at 4136/0.11%); prior attempts in this family: 7. The training-control follow-up attempt-0049 showed that rank9 reaches 100% when weight decay is removed. Hypothesis: under that improved optimizer condition, the nearest rank8 positional basis may now retain enough capacity, saving another 49 parameters to 2884. This is more informative than testing a more aggressive rank7 because it separates the rank boundary from the previously identified regularization effect; the nearest untested alternative is rank7, which would skip the first post-control compression step. Keep d14/h2/L2, MQA, independent head-local maps, ff23, affine-free block pre-norms, final learned scale without bias, reversed operands, mixed-digit curriculum, zero weight decay, and 30000 steps; retain only official accuracy >=99% and strictly below 2933 parameters.	0	0
attempt-0051	c037e45b96e231bbf8e7b465942bd482e9bbe17a	a3adffc7be1254323fe6d42c6dc751fb5f809d5c	2026-08-17T10:23:05.302709+00:00	9.580000%	2835	discard	Test rank7 positions with zero weight decay	family: position representation; current retained incumbent is 2884 parameters at 99.9900%, a +0.99 percentage-point margin over 99%. Same-family accepted result: attempt-0050, rank8 factorized positions under zero weight decay at 2884/99.99%; same-family failed result: attempt-0048, rank9 positions with standard decay at 2933/97.30% (and the older rank8 factor was 0.11%); prior attempts in this family: 8. Hypothesis: zero weight decay rescued rank9 and rank8, so continue the ordered rank sweep one step to rank7, reducing the position representation by another 49 parameters to about 2835 while keeping every position index and the same successful optimizer. This is more informative than switching to row tying or a deterministic basis because it preserves the factorized representation family and tests the next capacity boundary; the nearest untested alternative is rank6, which would skip this local interpolation. Keep d14/h2/L2, MQA, independent head-local maps, ff23, affine-free block pre-norms, final learned scale without bias, reversed operands, mixed-digit curriculum, zero weight decay, and 30000 steps; retain only official accuracy >=99% and strictly below 2884 parameters.	0	0
attempt-0052	04db6b8f89cdbd4074e04e10e0a0a19c5fe76f17	a3adffc7be1254323fe6d42c6dc751fb5f809d5c	2026-08-17T10:24:19.220369+00:00			error	Remove the unused trainable PAD token row	family: token representation; current retained incumbent is 2884 parameters at 99.9900%, a +0.99 percentage-point margin over 99%. Same-family accepted result: attempt-0002, reversed operand token order at 5056/99.98%; same-family failed result: attempt-0034, rank-7 tied token/output factorization at 3113/6.07% (the earlier rank-6 factor also collapsed); prior attempts in this family: 3. Hypothesis: the fixed-length data and official interface never present PAD, so the trainable PAD row contributes no used input representation or target logit. Remove only that row from the tied parameter table, materialize a fixed zero PAD row for honest 15-way logits, and keep all digit, operator, BOS, and EOS rows trainable; this saves 14 parameters for 2870 total. This is more informative than factorizing used token rows because it changes no representation of any token that appears in training or verification; the nearest untested alternative is fixing BOS or EOS, which would alter active sequence semantics. Keep d14/h2/L2, MQA, independent head-local maps, ff23, rank8 positions, affine-free block pre-norms, final learned scale without bias, reversed operands, zero weight decay, mixed-digit curriculum, and 30000 steps; retain only official accuracy >=99% and strictly below 2884 parameters.	1	
attempt-0053	3be8ad99ec451e5d73392c1ea9582e2605fc918a	a3adffc7be1254323fe6d42c6dc751fb5f809d5c	2026-08-17T10:35:02.346423+00:00	95.640000%	2870	discard	Repair PAD-row table construction for MPS and rerun	family: token representation; implementation repair for attempt-0052: the candidate's train log failed before optimization because MPS does not implement index_copy when materializing the fixed PAD row. Current retained incumbent is 2884 parameters at 99.9900%, a +0.99 percentage-point margin over 99%. Same-family accepted result: attempt-0002, reversed operand token order at 5056/99.98%; same-family failed result: attempt-0052, the intended PAD-row compression at 2870 parameters with train_exit 1 from the MPS index_copy error; prior attempts in this family: 4. Rebuild the identical 14-trainable-row plus fixed-zero-PAD table using torch.cat, with no architecture or acceptance-rule change. This repair is more informative than switching to fixing an active BOS/EOS row because it resolves a reproducible infrastructure/implementation incompatibility while preserving the exact unused-row hypothesis; the nearest untested alternative remains fixing another active token, which would change the tested representation. Keep d14/h2/L2, MQA, independent head-local maps, ff23, rank8 positions, affine-free block pre-norms, final learned scale without bias, reversed operands, zero weight decay, mixed-digit curriculum, and 30000 steps; retain only official accuracy >=99% and strictly below 2884 parameters.	0	0
attempt-0054	f9ad44afe2808c1554fb6f756c70279cea5349ca	a3adffc7be1254323fe6d42c6dc751fb5f809d5c	2026-08-17T10:45:41.691242+00:00	0.030000%	2870	discard	Tie the unused PAD row to digit zero	family: token representation; current retained incumbent is 2884 parameters at 99.9900%, a +0.99 percentage-point margin over 99%. Same-family accepted result: attempt-0002, reversed operand token order at 5056/99.98%; same-family failed result: attempt-0053, the repaired 14-row plus zero-PAD table at 2870/95.64% (attempt-0052 was its MPS implementation error); prior attempts in this family: 5. Hypothesis: zeroing PAD changed output calibration even though PAD is unused, so retain a learned PAD logit by tying its row to the digit-zero vector while still removing one independent row. The materialized tied table remains 15-way and saves 14 parameters for 2870 total. This is more informative than fixing BOS or EOS because it preserves a learned competing PAD direction without altering active control tokens; the nearest untested alternative is tying PAD to EOS, which would couple an unused output to the active stopping symbol. Keep d14/h2/L2, MQA, independent head-local maps, ff23, rank8 positions, affine-free block pre-norms, final learned scale without bias, reversed operands, zero weight decay, mixed-digit curriculum, and 30000 steps; retain only official accuracy >=99% and strictly below 2884 parameters.	0	0
attempt-0055	d98b86bcf32d38205f4f97d11f101ab371ac46bb	a3adffc7be1254323fe6d42c6dc751fb5f809d5c	2026-08-17T10:56:10.381282+00:00	96.170000%	2828	discard	Retest d14 ff22 with rank8 positions and zero decay	family: feed-forward width; current retained incumbent is 2884 parameters at 99.9900%, a +0.99 percentage-point margin over 99%. Same-family accepted result: attempt-0044, d14/ff23 at 2982/99.97% under standard decay; same-family failed result: attempt-0045, d14/ff22 at 2926/9.79% under standard decay; prior attempts in this family: 13. The later rank9-to-rank8 positional trials showed that removing AdamW weight decay can turn a near miss into 99.99–100%, so retest the same ff22 width with the retained rank8 positional factor and weight_decay=0.0, yielding 2828 parameters. This is more informative than moving to ff21 because it isolates the newly identified training-control variable at the nearest failed FF boundary; the nearest untested alternative is a larger optimizer change that would confound width and regularization. Keep d14/h2/L2, MQA, independent head-local maps, rank8 positions, affine-free block pre-norms, final learned scale without bias, reversed operands, mixed-digit curriculum, and 30000 steps; retain only official accuracy >=99% and strictly below 2884 parameters.	0	0
attempt-0056	35017ecb3abb7522b5caeecdc8b511ddadcfd98a	a3adffc7be1254323fe6d42c6dc751fb5f809d5c	2026-08-17T11:06:50.764400+00:00	5.470000%	2871	discard	Tie final LayerNorm scale to one global scalar	family: normalization; current retained incumbent is 2884 parameters at 99.9900%, a +0.99 percentage-point margin over 99%. Same-family accepted result: attempt-0038, removing only final LayerNorm bias at 3120/99.92%; same-family failed result: attempt-0039, removing the remaining final scale entirely at 3104/90.81%; prior attempts in this family: 7. Hypothesis: the final scale vector is necessary but may not need 14 independent coordinates. Retain final normalization and replace its learned 14-element scale with one learned scalar broadcast over channels, saving 13 parameters for 2871 total. This is more informative than deleting the scale because it preserves global output calibration while isolating per-channel calibration; the nearest untested alternative is a fixed scale, which repeats the known scale-removal failure. Keep d14/h2/L2, MQA, independent head-local maps, ff23, rank8 positions, affine-free block pre-norms, reversed operands, zero weight decay, mixed-digit curriculum, and 30000 steps; retain only official accuracy >=99% and strictly below 2884 parameters.	0	0
attempt-0057	a7ee0f8df5f3b13d0f78fad8b3e452853c830b17	a3adffc7be1254323fe6d42c6dc751fb5f809d5c	2026-08-17T11:17:57.384959+00:00	0.010000%	2688	discard	Make Q projections block-diagonal by head	family: attention organization; current retained incumbent is 2884 parameters at 99.9900%, a +0.99 percentage-point margin over 99%. Same-family accepted result: attempt-0043, d14/h2 with MQA and independent head-local output maps at 3038/99.91%; same-family failed result: attempt-0047, d12/h2 with wider ff33 at 2916/10.34% (the Q/KV tie in attempt-0042 was 10.29%); prior attempts in this family: 11. Hypothesis: the successful per-head output maps show that cross-head mixing can be removed after attention, while the Q projection remains a full 14x14 map. Replace it with two independent 7x7 head-local Q maps, retain full shared K/V mixing and all FF connectivity, saving 196 parameters for 2688 total. This is more informative than tying Q to K/V because it leaves K/V full and isolates only cross-head query mixing; the nearest untested alternative is block-diagonal K/V, which would simultaneously constrain the shared content path. Keep rank8 positions, d14/h2/L2, ff23, affine-free block pre-norms, final learned scale without bias, reversed operands, zero weight decay, mixed-digit curriculum, and 30000 steps; retain only official accuracy >=99% and strictly below 2884 parameters.	0	0
attempt-0058	830391ebe220b69b896734b5c261580a3de18fe1	a3adffc7be1254323fe6d42c6dc751fb5f809d5c	2026-08-17T11:29:53.072321+00:00	100.000000%	2856	keep	Tie one FF hidden unit's input and output weights	family: parameter tying; current retained incumbent is 2884 parameters at 99.9900%, a +0.99 percentage-point margin over 99%. Same-family accepted result: none; same-family failed result: attempt-0041, sharing the complete FF output projection across blocks at 2864/10.19% (with attempt-0040 sharing the input projection at 7.83%); prior attempts in this family: 5. Hypothesis: full inter-layer ties are too disruptive, so preserve all 23 hidden units and all cross-head connectivity while tieing only one hidden unit's d14 input row to its d14 output column within each block. This removes 14 parameters per block, yielding 2856 total. This is more informative than reducing ff23 to ff22 because it keeps the nonlinear width and tests a localized redundancy; the nearest untested alternative is tying multiple hidden units, which would skip the one-unit boundary. Keep d14/h2/L2, MQA, independent head-local maps, rank8 positions, affine-free block pre-norms, final learned scale without bias, reversed operands, zero weight decay, mixed-digit curriculum, and 30000 steps; retain only official accuracy >=99% and strictly below 2884 parameters.	0	0
attempt-0059	94f3b17653776b5f409fd3243f69dca811d74adc	830391ebe220b69b896734b5c261580a3de18fe1	2026-08-17T11:42:22.180272+00:00	30.730000%	2828	discard	Tie two FF hidden units input/output weights within each block	family: parameter tying; current retained incumbent is 2856 parameters at 100.0000%, a +1.00 percentage-point margin over 99%. Same-family accepted result: attempt-0058, tying one FF hidden unit input/output weights within each block at 2856/100.00%; same-family failed result: attempt-0041, sharing the complete FF output projection across blocks at 2864/10.19% (attempt-0040 shared the input projection at 2864/7.83%). Prior attempts in this family: 6. Hypothesis: extend the directly successful localized tie by one additional hidden unit, preserving all 23 hidden activations and all cross-head connectivity while tying two hidden units input/output weights within each block. This removes 28 parameters per block and targets 2828 total. This is more informative than the nearest untested alternative of tying three units because it measures the next incremental redundancy boundary after the accepted one-unit result; it also preserves the same initialization and optimization conditions for a clean local comparison. Keep d14/h2/L2, MQA, independent head-local maps, rank8 positions, affine-free block pre-norms, final learned scale without bias, reversed operands, zero weight decay, mixed-digit curriculum, and 30000 steps; retain only official accuracy >=99% and strictly below 2856 parameters.	0	0
attempt-0060	807f9500bc49fd8ae49f3a889a812d8aefcd690d	830391ebe220b69b896734b5c261580a3de18fe1	2026-08-17T11:53:58.484722+00:00	100.000000%	2844	keep	Use two learned final LayerNorm group scales	family: normalization; current retained incumbent is 2856 parameters at 100.0000%, a +1.00 percentage-point margin over 99%. Same-family accepted result: attempt-0038, removing only the final LayerNorm bias at 3120/99.92%; same-family failed result: attempt-0056, replacing the 14-element final scale with one global scalar at 2871/5.47%. Prior attempts in this family: 8. Hypothesis: preserve full final LayerNorm normalization and retain channel-group calibration, but replace its 14 independent scale values with two learned scalars broadcast over the two 7-channel attention-head groups. This saves 12 parameters for a target of 2844 while providing more calibration capacity than the known one-scalar failure. This is more informative than retrying a global scalar or deleting scale, because it tests the nearest intermediate granularity and aligns the groups with the retained head-local attention organization. Keep d14/h2/L2, MQA, independent head-local maps, ff23 with one tied hidden unit per block, rank8 positions, affine-free block pre-norms, reversed operands, zero weight decay, mixed-digit curriculum, and 30000 steps; retain only official accuracy >=99% and strictly below 2856 parameters.	0	0
attempt-0061	6ea4c951955b7a3e6d341f2141f0839f26e3f436	807f9500bc49fd8ae49f3a889a812d8aefcd690d	2026-08-17T12:05:15.184097+00:00	10.510000%	2843	discard	Collapse final LayerNorm group scales to one scalar	family: normalization; current retained incumbent is 2844 parameters at 100.0000%, a +1.00 percentage-point margin over 99%. Same-family accepted result: attempt-0060, two learned final LayerNorm group scales at 2844/100.00%; same-family failed result: attempt-0056, one global final LayerNorm scale from the pre-tying incumbent at 2871/5.47%. Prior attempts in this family: 9. Hypothesis: the accepted two-group scale retains more calibration capacity than needed, so test the immediate one-scalar boundary while preserving the complete final normalization and all other retained reductions. This targets 2843 parameters. This is more informative than deleting the final scale or making another large architectural change because it isolates whether the second group scalar is necessary, directly bracketing the newly accepted two-group result; the earlier scalar failure is a prior warning but was measured before the successful FF tie and grouped-scale context. Keep d14/h2/L2, MQA, independent head-local maps, ff23 with one tied hidden unit per block, rank8 positions, affine-free block pre-norms, reversed operands, zero weight decay, mixed-digit curriculum, and 30000 steps; retain only official accuracy >=99% and strictly below 2844 parameters.	0	0
attempt-0062	a23edcb008bf1a0ce799cd4d003d8500ae866864	807f9500bc49fd8ae49f3a889a812d8aefcd690d	2026-08-17T12:17:34.257395+00:00	99.980000%	2830	keep	Share the tied FF hidden-unit vector across blocks	family: parameter tying; current retained incumbent is 2844 parameters at 100.0000%, a +1.00 percentage-point margin over 99%. Same-family accepted result: attempt-0058, tying one hidden unit input/output within each block at 2856/100.00%; same-family failed result: attempt-0059, tying two hidden units within each block at 2828/30.73%. Prior attempts in this family: 7. Hypothesis: the accepted local tie identifies a redundant hidden-unit vector, so share only that tied unit input/output vector across the two depth blocks while keeping each block’s 22 free hidden units and all output projections independent. This saves 14 parameters for a target of 2830. This is more informative than sharing a complete FF input/output projection, which failed at 7.83–10.19%, because it isolates the smallest cross-block dependency around the already validated tied unit; the nearest alternative is sharing a free hidden unit, which would change a nonlinear feature rather than the validated tied path. Keep d14/h2/L2, MQA, independent head-local maps, ff23 with one tied hidden unit per block, two final LayerNorm group scales, rank8 positions, affine-free block pre-norms, reversed operands, zero weight decay, mixed-digit curriculum, and 30000 steps; retain only official accuracy >=99% and strictly below 2844 parameters.	0	0
attempt-0063	8bdd426d45e875f73c7a19d4e9f11a05ca71397c	a23edcb008bf1a0ce799cd4d003d8500ae866864	2026-08-17T12:29:20.423271+00:00	0.490000%	2816	discard	Share one free FF input vector across blocks	family: parameter tying; current retained incumbent is 2830 parameters at 99.9800%, a +0.98 percentage-point margin over 99%. Same-family accepted result: attempt-0062, sharing the already tied FF hidden-unit vector across blocks at 2830/99.98%; same-family failed result: attempt-0059, tying two hidden units input/output within each block at 2828/30.73%. Prior attempts in this family: 8. Hypothesis: one cross-block tied hidden vector is viable, so share only one additional free hidden unit input vector across the two blocks while retaining independent output columns and all other free units. This removes 14 parameters for a target of 2816. This is more informative than sharing a full FF input projection, which failed at 7.83%, because it isolates a single non-tied input row and leaves the corresponding nonlinear output weights block-specific; the nearest alternative is sharing the output column too, which would confound two small ties at once. Keep d14/h2/L2, MQA, independent head-local maps, ff23 with one within-block tied unit and one cross-block shared free input, two final LayerNorm group scales, rank8 positions, affine-free block pre-norms, reversed operands, zero weight decay, mixed-digit curriculum, and 30000 steps; retain only official accuracy >=99% and strictly below 2830 parameters.	0	0
attempt-0064	5a62431f95c1f7116561b656d0f7a6ca1b27d43c	a23edcb008bf1a0ce799cd4d003d8500ae866864	2026-08-17T12:41:22.633840+00:00	95.960000%	2816	discard	Share one free FF output vector across blocks	family: parameter tying; current retained incumbent is 2830 parameters at 99.9800%, a +0.98 percentage-point margin over 99%. Same-family accepted result: attempt-0062, sharing the already tied FF hidden-unit vector across blocks at 2830/99.98%; same-family failed result: attempt-0063, sharing one free FF input vector across blocks at 2816/0.49%. Prior attempts in this family: 9. Hypothesis: the failed one-sided input tie may be specific to depth-varying feature extraction, so share only one free hidden unit output column across blocks while retaining independent input projections and all other outputs. This saves 14 parameters for a target of 2816. This is more informative than repeating the input tie or tying both sides because it is the complementary one-sided test and isolates whether output mixing is more redundant than input feature detection; the nearest alternative is a larger full-projection tie already shown to fail. Keep d14/h2/L2, MQA, independent head-local maps, ff23 with one within-block tied unit and one cross-block shared free output, two final LayerNorm group scales, rank8 positions, affine-free block pre-norms, reversed operands, zero weight decay, mixed-digit curriculum, and 30000 steps; retain only official accuracy >=99% and strictly below 2830 parameters.	0	0
attempt-0065	448609fd45e517302b05117555b666e6aac0761b	a23edcb008bf1a0ce799cd4d003d8500ae866864	2026-08-17T12:59:46.820787+00:00	0.020000%	2816	discard	Train the free FF output-tie near miss for 50000 steps	family: training control; current retained incumbent is 2830 parameters at 99.9800%, a +0.98 percentage-point margin over 99%. Same-family accepted result: attempt-0049, rank9 positional factor retrained with zero weight decay at 2933/100.00%; same-family failed result: attempt-0023, full-digit-only training control at 3520/0.03%. Prior attempts in this family: 3. Hypothesis: attempt-0064 reached 95.96% at 2816 parameters with the exact output-only FF tie but only 30000 steps, so retain that architecture and extend optimization to 50000 steps to test whether the near miss is convergence-limited. This target remains 2816 parameters. This is more informative than changing learning rate or architecture simultaneously because it isolates additional optimization time after a measured near miss; the nearest untested alternative is a larger learning-rate change that would confound convergence and stability. Keep d14/h2/L2, MQA, independent head-local maps, ff23 with one within-block tied unit and one cross-block shared free output, two final LayerNorm group scales, rank8 positions, affine-free block pre-norms, reversed operands, zero weight decay, mixed-digit curriculum, and retain only official accuracy >=99% and strictly below 2830 parameters.	0	0
attempt-0066	74d31740304d396160a6393d7653db2132bfd1f9	a23edcb008bf1a0ce799cd4d003d8500ae866864	2026-08-17T13:17:33.644120+00:00	100.000000%	2781	keep	Share one head-local attention output map across depth blocks	family: attention organization; current retained incumbent is 2830 parameters at 99.9800%, a +0.98 percentage-point margin over 99%. Same-family most recent accepted result: attempt-0043, MQA with independent head-local output maps at 3038 parameters and 99.91%; same-family most recent failed result: attempt-0057, block-diagonal Q projections at 2688 parameters and 0.01%; prior attempts in this family: 12. Hypothesis: the accepted head-local output organization suggests that one output map may be redundant across depth, so share only head 0's 7x7 post-attention output map between the two blocks while keeping both causal self-attention applications, both Q/KV projections, and head 1's map independent. This removes 49 parameters for a target of 2781. It is more informative than the nearest untested cross-layer Q or KV tie because it isolates redundancy in the already head-local post-attention path without constraining attention scores or values. Keep the retained d14/h2/L2 MQA, ff23 with one within-block tied hidden unit shared across blocks, rank8 positions, two final group scales, reversed operands, zero weight decay, mixed-digit curriculum, and 30000 steps; retain only official accuracy at least 99% and strictly fewer parameters than the incumbent.	0	0
attempt-0067	9dcd1c366e35321820994a5eaa585eb51b633aa2	74d31740304d396160a6393d7653db2132bfd1f9	2026-08-17T13:29:06.464013+00:00	9.420000%	2732	discard	Share both head-local attention output maps across depth blocks	family: attention organization; current retained incumbent is 2781 parameters at 100.0000%, a +1.00 percentage-point margin over 99%. Same-family most recent accepted result: attempt-0066, sharing head 0's 7x7 attention output map across the two blocks at 2781 parameters and 100.00%; same-family most recent failed result: attempt-0057, block-diagonal Q projections at 2688 parameters and 0.01%; prior attempts in this family: 13. Hypothesis: because one cross-depth head-local output tie is fully qualified, share the complementary head 1 output map across both blocks while preserving both causal attention applications, all Q/KV projections, and the two distinct head-local maps as a pair. This removes the second 49-parameter map for a target of 2732. It is more informative than the nearest untested cross-layer Q or KV tie because it completes the already accepted output-map interpolation and isolates whether both heads can use depth-shared output coordinates before constraining attention-score formation. Keep d14/h2/L2 MQA, ff23 with one within-block tied hidden unit shared across blocks, rank8 positions, two final group scales, reversed operands, zero weight decay, mixed-digit curriculum, and 30000 steps; retain only official accuracy at least 99% and strictly fewer parameters than the incumbent.	0	0
attempt-0068	a38e3354751d5430057330502c17b7be28b2a86a	74d31740304d396160a6393d7653db2132bfd1f9	2026-08-17T13:41:44.595983+00:00	100.000000%	2767	keep	Share one query output row across depth blocks	family: attention organization; current retained incumbent is 2781 parameters at 100.0000%, a +1.00 percentage-point margin over 99%. Same-family most recent accepted result: attempt-0066, one head-local attention output map shared across depth at 2781 parameters and 100.00%; same-family most recent failed result: attempt-0067, both head-local output maps shared across depth at 2732 parameters and 9.42%; prior attempts in this family: 14. Hypothesis: the 49-parameter second-head output tie crossed a capacity boundary, so test a smaller parameterization-preserving tie: share only one 14-value query-output row between the two depth blocks, with the remaining 13 query rows, both MQA K/V maps, and all head-local output maps independent. This removes 14 parameters for a target of 2767. It is more informative than the nearest untested one-row K/V tie because query sharing tests depth redundancy in attention-score formation while preserving the complete value path; it also probes a finer boundary immediately below the accepted output-map tie. Keep d14/h2/L2 MQA, ff23 with one within-block tied hidden unit shared across blocks, rank8 positions, two final group scales, reversed operands, zero weight decay, mixed-digit curriculum, and 30000 steps; retain only official accuracy at least 99% and strictly fewer parameters than the incumbent.	0	0
attempt-0069	42fd912d59bf9c882cc0c61c71856ab18efed398	a38e3354751d5430057330502c17b7be28b2a86a	2026-08-17T13:54:34.043068+00:00	99.970000%	2753	keep	Share two query output rows across depth blocks	family: attention organization; current retained incumbent is 2767 parameters at 100.0000%, a +1.00 percentage-point margin over 99%. Same-family most recent accepted result: attempt-0068, sharing one 14-value query row across depth at 2767 parameters and 100.00%; same-family most recent failed result: attempt-0067, sharing both head-local attention output maps across depth at 2732 parameters and 9.42%; prior attempts in this family: 15. Hypothesis: the first shared query row was qualified, so share a second query row across the two blocks while retaining 12 block-specific query rows, both MQA K/V maps, and all head-local output maps. This removes one additional 14-value row for a target of 2753. It is more informative than jumping to a larger Q tie or switching to K/V sharing because it follows the nearest ordered interpolation after the accepted one-row boundary and measures the marginal redundancy of another query coordinate. Keep d14/h2/L2 MQA, ff23 with one within-block tied hidden unit shared across blocks, rank8 positions, two final group scales, reversed operands, zero weight decay, mixed-digit curriculum, and 30000 steps; retain only official accuracy at least 99% and strictly fewer parameters than the incumbent.	0	0
attempt-0070	b5f309a4845d074d62558cef9fbb1144e68c4ebc	42fd912d59bf9c882cc0c61c71856ab18efed398	2026-08-17T14:08:43.730110+00:00	99.700000%	2739	keep	Share three query output rows across depth blocks	family: attention organization; current retained incumbent is 2753 parameters at 99.9700%, a +0.97 percentage-point margin over 99%. Same-family most recent accepted result: attempt-0069, sharing two 14-value query rows across depth at 2753 parameters and 99.97%; same-family most recent failed result: attempt-0067, sharing both head-local attention output maps across depth at 2732 parameters and 9.42%; prior attempts in this family: 16. Hypothesis: the first two shared query rows remain qualified, so share a third query row across both depth blocks while retaining 11 block-specific query rows, both MQA K/V maps, and all head-local output maps independent across depth as before. This removes one additional 14-value row for a target of 2739. It is more informative than switching to a K/V tie or making a multi-row jump because it continues the nearest ordered query-row interpolation and measures the next marginal depth redundancy. Keep d14/h2/L2 MQA, ff23 with one within-block tied hidden unit shared across blocks, rank8 positions, two final group scales, reversed operands, zero weight decay, mixed-digit curriculum, and 30000 steps; retain only official accuracy at least 99% and strictly fewer parameters than the incumbent.	0	0
attempt-0071	497c73a920d81ad003fb9c2979ed5da56746e578	b5f309a4845d074d62558cef9fbb1144e68c4ebc	2026-08-17T14:23:18.381171+00:00	1.800000%	2725	discard	Share four query output rows across depth blocks	family: attention organization; current retained incumbent is 2739 parameters at 99.7000%, a +0.70 percentage-point margin over 99%. Same-family most recent accepted result: attempt-0070, sharing three 14-value query rows across depth at 2739 parameters and 99.70%; same-family most recent failed result: attempt-0067, sharing both head-local attention output maps across depth at 2732 parameters and 9.42%; prior attempts in this family: 17. Hypothesis: the three-row query tie remains above threshold, so share a fourth query row across both depth blocks while retaining 10 block-specific query rows, both MQA K/V maps, and all head-local output maps independent across depth. This removes one additional 14-value row for a target of 2725. It is more informative than a larger jump or a K/V tie because it continues the nearest ordered query-row interpolation and measures whether the 99.7% margin survives another minimal depth-sharing change. Keep d14/h2/L2 MQA, ff23 with one within-block tied hidden unit shared across blocks, rank8 positions, two final group scales, reversed operands, zero weight decay, mixed-digit curriculum, and 30000 steps; retain only official accuracy at least 99% and strictly fewer parameters than the incumbent.	0	0
attempt-0072	059bfc180a5ca9c118d5c567469f1a28174ca4f2	b5f309a4845d074d62558cef9fbb1144e68c4ebc	2026-08-17T14:37:31.459596+00:00	0.020000%	2725	discard	Share one MQA K/V output row across depth blocks	family: attention organization; current retained incumbent is 2739 parameters at 99.7000%, a +0.70 percentage-point margin over 99%. Same-family most recent accepted result: attempt-0070, sharing three query output rows across depth at 2739 parameters and 99.70%; same-family most recent failed result: attempt-0071, sharing four query output rows at 2725 parameters and 1.80%; prior attempts in this family: 18. Hypothesis: the fourth query-row tie crossed a sharp score-path boundary, so preserve the three qualified shared query rows and instead share only one 14-value row of the MQA K/V projection across depth, leaving the other 13 K/V rows, Q rows, and head-local output maps depth-specific. This removes 14 parameters for a target of 2725. It is more informative than repeating another query row because it tests the complementary value/key representation path at the same compression granularity while retaining the full qualified query organization. Keep d14/h2/L2 MQA, ff23 with one within-block tied hidden unit shared across blocks, rank8 positions, two final group scales, reversed operands, zero weight decay, mixed-digit curriculum, and 30000 steps; retain only official accuracy at least 99% and strictly fewer parameters than the incumbent.	0	0
attempt-0073	ab0f7cc6b0ab6fb89d3c55af303ba93ac90e921c	b5f309a4845d074d62558cef9fbb1144e68c4ebc	2026-08-17T14:50:45.128056+00:00	94.330000%	2732	discard	Share one output row of the second attention head across depth	family: attention organization; current retained incumbent is 2739 parameters at 99.7000%, a +0.70 percentage-point margin over 99%. Same-family most recent accepted result: attempt-0070, sharing three query output rows across depth at 2739 parameters and 99.70%; same-family most recent failed result: attempt-0072, sharing one MQA K/V output row at 2725 parameters and 0.02%; prior attempts in this family: 19. Hypothesis: preserve the three qualified query-row ties and the shared head-0 output map, but share only one 7-value output row of head 1's otherwise independent 7x7 map across depth, leaving its remaining six output rows block-specific. This removes 7 parameters for a target of 2732. It is more informative than repeating the failed full K/V-row tie or the earlier full second-head output tie at the same total count because it isolates a minimal post-attention redundancy in the remaining head and tests a finer boundary. Keep d14/h2/L2 MQA, ff23 with one within-block tied hidden unit shared across blocks, rank8 positions, two final group scales, reversed operands, zero weight decay, mixed-digit curriculum, and 30000 steps; retain only official accuracy at least 99% and strictly fewer parameters than the incumbent.	0	0
attempt-0074	da3dcf2616075eeb41b5d2d3eb5b2c8f07f3f165	b5f309a4845d074d62558cef9fbb1144e68c4ebc	2026-08-17T15:02:13.193351+00:00	0.000000%	2732	discard	Share one input column of the second attention output map across depth	family: attention organization; current retained incumbent is 2739 parameters at 99.7000%, a +0.70 percentage-point margin over 99%. Same-family most recent accepted result: attempt-0070, sharing three query output rows across depth at 2739 parameters and 99.70%; same-family most recent failed result: attempt-0073, sharing one output row of head 1 at 2732 parameters and 94.33%; prior attempts in this family: 20. Hypothesis: the failed output-row tie may overconstrain a whole coordinate, so preserve the full output dimensionality and share only one 7-value input-column vector of head 1's otherwise independent 7x7 map across depth, with the remaining six input columns block-specific. This removes 7 parameters for a target of 2732. It is more informative than repeating the row tie because it tests the complementary axis of the same post-attention map at identical parameter savings and distinguishes coordinate redundancy from feature-direction redundancy. Keep d14/h2/L2 MQA, ff23 with one within-block tied hidden unit shared across blocks, rank8 positions, two final group scales, reversed operands, zero weight decay, mixed-digit curriculum, and 30000 steps; retain only official accuracy at least 99% and strictly fewer parameters than the incumbent.	0	0
attempt-0075	cdd7fdf9dff86279262db8c903d7a2263e34ec4f	b5f309a4845d074d62558cef9fbb1144e68c4ebc	2026-08-17T15:12:58.165368+00:00	97.690000%	2690	discard	Re-test rank-7 factorized positions with qualified attention ties	family: position representation; current retained incumbent is 2739 parameters at 99.7000%, a +0.70 percentage-point margin over 99%. Same-family most recent accepted result: attempt-0050, rank-8 factorized positions with zero weight decay at 2884 parameters and 99.99%; same-family most recent failed result: attempt-0051, rank-7 positions at 2835 parameters and 9.58%; prior attempts in this family: 9. Hypothesis: the earlier rank-7 collapse was measured before the now-qualified shared head-0 output map and three shared query rows, which alter attention parameterization and may provide a better inductive bias per parameter. Re-test rank 7 under the exact retained d14/h2/L2 MQA, FF23, and zero-decay conditions, reducing the factorized position table by 49 parameters for a target of 2690. This is more informative than jumping to rank 6 because it revisits the nearest positional boundary while holding the newly validated attention organization fixed and explicitly tests whether the prior failure was context-dependent. Keep reversed operands, two final group scales, one shared FF hidden-unit vector, mixed-digit curriculum, and 30000 steps; retain only official accuracy at least 99% and strictly fewer parameters than the incumbent.	0	0
attempt-0076	478fd10e51382be24e818f1eb78c0ff5784c4bc0	b5f309a4845d074d62558cef9fbb1144e68c4ebc	2026-08-17T15:31:16.447265+00:00	100.000000%	2690	keep	Train the rank-7 position near miss for 50000 steps	family: training control; current retained incumbent is 2739 parameters at 99.7000%, a +0.70 percentage-point margin over 99%. Same-family most recent accepted result: attempt-0049, retraining a rank-9 positional factor with zero weight decay at 2933 parameters and 100.00%; same-family most recent failed result: attempt-0065, extending a free FF output-tie candidate to 50000 steps at 2816 parameters and 0.02%; prior attempts in this family: 4. Hypothesis: attempt-0075's rank-7 positional candidate reached 97.69% at 2690 parameters after 30000 steps under the now-qualified attention organization, so the near miss may be convergence-limited. Keep the exact rank-7 architecture and change only max_steps from 30000 to 50000, preserving zero weight decay and the same schedule shape; this is more informative than changing learning rate because it isolates optimization time after a measured near miss, while the nearest architectural alternative would confound position capacity with training. Keep d14/h2/L2 MQA, three shared query rows, shared head-0 output map, ff23, two final group scales, reversed operands, mixed-digit curriculum, and retain only official accuracy at least 99% and strictly fewer parameters than the incumbent.	0	0
attempt-0077	e1cbc60afcfa158a77d1b7fb49717bbc3876fee6	478fd10e51382be24e818f1eb78c0ff5784c4bc0	2026-08-17T15:47:07.440842+00:00	1.000000%	2641	discard	Test rank-6 factorized positions after rank-7 qualification	family: position representation; current retained incumbent is 2690 parameters at 100.0000%, a +1.00 percentage-point margin over 99%. Same-family most recent accepted result: attempt-0050, rank-8 factorized positions at 2884 parameters and 99.99%; same-family most recent failed result: attempt-0075, rank-7 positions with the current attention organization at 2690 parameters and 97.69%; prior attempts in this family: 10. Hypothesis: rank 7 became qualified only after the isolated 50000-step retraining in attempt-0076, so test the nearest lower rank under that validated longer budget and unchanged three-query-row/shared-head-0 attention organization. Rank 6 removes another 49 positional parameters for a target of 2641. This is more informative than jumping to rank 5 because it measures the immediate positional capacity boundary after separating the earlier optimization failure from representational capacity. Keep zero weight decay, d14/h2/L2 MQA, ff23, two final group scales, reversed operands, mixed-digit curriculum, 50000 steps, and retain only official accuracy at least 99% and strictly fewer parameters than the incumbent.	0	0
attempt-0078	251dbef8c3b5b8ecfc39aaf355cd7a0146b03af0	478fd10e51382be24e818f1eb78c0ff5784c4bc0	2026-08-17T16:04:59.030440+00:00	99.960000%	2677	keep	Replace unused PAD embedding row with a learned PAD logit	family: token representation; current retained incumbent is 2690 parameters at 100.0000%, a +1.00 percentage-point margin over 99%. Same-family most recent accepted result: attempt-0002, reversed operand token representation at 5056 parameters and 99.98%; same-family most recent failed result: attempt-0054, tying the unused PAD row to digit zero at 2870 parameters and 0.03% (the repaired fixed-zero PAD row in attempt-0053 reached 95.64%); prior attempts in this family: 6. Hypothesis: the unused PAD input row can be removed without forcing its output direction to zero if the tied head retains a learned context-independent PAD logit. Use 14 trainable token rows for all active symbols, materialize a fixed-zero PAD input row, and add one learned scalar only for the PAD output logit; this saves 13 parameters for a target of 2677. This is more informative than repeating the prior zero or digit-zero row because it preserves independent PAD calibration while removing only its unused input features, and it is the nearest token compression that does not couple PAD to an active digit vector. Keep d14/h2/L2 MQA, three shared query rows, shared head-0 output map, rank7 positions, ff23, two final group scales, reversed operands, zero weight decay, mixed-digit curriculum, 50000 steps, and retain only official accuracy at least 99% and strictly fewer parameters than the incumbent.	0	0
attempt-0079	18799b91387fb43b9e30c3aceb762d82bf33ab64	251dbef8c3b5b8ecfc39aaf355cd7a0146b03af0	2026-08-17T16:25:34.092635+00:00	100.000000%	2676	keep	Collapse final two-group scale to one broadcast scalar	family: normalization; current retained incumbent is 2677 parameters at 99.9600%, a +0.96 percentage-point margin over 99%. Same-family most recent accepted result: attempt-0060, two learned final LayerNorm group scales at 2844 parameters and 100.00%; same-family most recent failed result: attempt-0061, collapsing those group scales to one scalar at 2843 parameters and 10.51%; prior attempts in this family: 10. Hypothesis: the earlier one-scalar failure was measured before the current rank-7/50000-step training and scalar PAD-output calibration, so retest the smallest normalization compression in this new context: one learned scalar broadcast over both seven-channel groups. This removes one parameter for a target of 2676. It is more informative than deleting final scale entirely because it preserves global output calibration while isolating whether group-specific calibration is still necessary after the current representation changes. Keep d14/h2/L2 MQA, three shared query rows, shared head-0 output map, rank7 positions, ff23 with one shared hidden-unit vector, reversed operands, zero weight decay, mixed-digit curriculum, 50000 steps, and retain only official accuracy at least 99% and strictly fewer parameters than the incumbent.	0	0
attempt-0080	e9c5a3ed05f289c058e7603f3ff6b6e7212ffa56	18799b91387fb43b9e30c3aceb762d82bf33ab64	2026-08-17T16:43:01.136790+00:00	0.000000%	2675	discard	Remove the final normalization scale after one-scalar qualification	family: normalization; current retained incumbent is 2676 parameters at 100.0000%, a +1.00 percentage-point margin over 99%. Same-family most recent accepted result: attempt-0079, one broadcast final scale at 2676 parameters and 100.00%; same-family most recent failed result: attempt-0061, one scalar after the earlier two-group context at 2843 parameters and 10.51%; prior attempts in this family: 11. Hypothesis: one global scale is now qualified after the current rank-7, scalar-PAD, and 50000-step changes, so test whether even that global calibration is redundant by removing the final scale entirely for a target of 2675. This is more informative than repeating the earlier scale-removal failures because it isolates the last normalization parameter after a materially different retained representation and training context; the nearest alternative would be another tied-scale variant that leaves the same global degree of freedom. Keep d14/h2/L2 MQA, three shared query rows, shared head-0 output map, rank7 positions, scalar PAD output, ff23, reversed operands, zero weight decay, mixed-digit curriculum, 50000 steps, and retain only official accuracy at least 99% and strictly fewer parameters than the incumbent.	0	0
