macro_attempt_id	automation_id	micro_attempt_id	commit	parent_commit	timestamp_utc	family	accuracy	parameters	status	description	proposal	train_exit	verify_exit
attempt-0075	nearest-position-unions	micro-0001	a7cbf2060695f27216a7f39826d22a256d77b6ed	346d89912f272074b2f8878b19d2df19def9735e	2026-08-16T08:51:57.566366+00:00	parameter tying			error	Union closest position groups 364 and 501	Family: parameter tying. Current retained frontier is 2,105 parameters at 99.050000%, a +0.050000 percentage-point margin over 99%. There have been 17 prior attempts in this family. The most recent accepted result is attempt-0074 at 2,105 parameters and 99.05%; the most recent failed result is attempt-0034 (shared normalization biases). This is a parameterization-preserving compression: union current position groups represented by coordinates 364 and 501, whose learned values are -0.0023571008 and -0.0023529029 (absolute difference 4.198e-06), using a multiplicity-weighted mean. Hypothesis: this preserves qualification and yields 2,104 parameters. It is more informative than the nearest untested alternative (difference 4.503e-06) because it is the minimum-distortion eligible union; exact pairs already rejected under the unchanged grouping are excluded. Acceptance and rollback remain solely governed by the official runner.	1	
attempt-0076	nearest-position-unions-repair	micro-0001	4b32ee79932cbca1cdd23d4431b0a4b370f31312	346d89912f272074b2f8878b19d2df19def9735e	2026-08-16T08:54:25.954388+00:00	parameter tying	99.050000%	2104	keep	Union closest position groups 364 and 501	Family: parameter tying. Current retained frontier is 2,105 parameters at 99.050000%, a +0.050000 percentage-point margin over 99%. There have been 18 prior attempts in this family. The most recent accepted result is attempt-0074 at 2,105 parameters and 99.05%; the most recent failed result is attempt-0075/micro-0001 (error, no score). This is a parameterization-preserving compression: union current position groups represented by coordinates 364 and 501, whose learned values are -0.0023571008 and -0.0023529029 (absolute difference 4.198e-06), using a multiplicity-weighted mean. Hypothesis: this preserves qualification and yields 2,104 parameters. It is more informative than the nearest untested alternative (difference 4.503e-06) because it is the minimum-distortion eligible union; exact pairs already rejected under the unchanged grouping are excluded. Acceptance and rollback remain solely governed by the official runner.	0	0
attempt-0076	nearest-position-unions-repair	micro-0002	cfdc0b55b0cca3f34d6d40ba7cb640177129d841	4b32ee79932cbca1cdd23d4431b0a4b370f31312	2026-08-16T08:55:27.797797+00:00	parameter tying	99.050000%	2103	keep	Union closest position groups 177 and 462	Family: parameter tying. Current retained frontier is 2,104 parameters at 99.050000%, a +0.050000 percentage-point margin over 99%. There have been 19 prior attempts in this family. The most recent accepted result is attempt-0076/micro-0001 at 2104 parameters and 99.050000%; the most recent failed result is attempt-0075/micro-0001 (error, no score). This is a parameterization-preserving compression: union current position groups represented by coordinates 177 and 462, whose learned values are 0.0004998767 and 0.0005043799 (absolute difference 4.503e-06), using a multiplicity-weighted mean. Hypothesis: this preserves qualification and yields 2,103 parameters. It is more informative than the nearest untested alternative (difference 4.790e-06) because it is the minimum-distortion eligible union; exact pairs already rejected under the unchanged grouping are excluded. Acceptance and rollback remain solely governed by the official runner.	0	0
attempt-0076	nearest-position-unions-repair	micro-0003	da68d84de106da89bed82a4a9eb18ca1b8fcc600	cfdc0b55b0cca3f34d6d40ba7cb640177129d841	2026-08-16T08:56:29.935831+00:00	parameter tying	99.050000%	2102	keep	Union closest position groups 211 and 348	Family: parameter tying. Current retained frontier is 2,103 parameters at 99.050000%, a +0.050000 percentage-point margin over 99%. There have been 20 prior attempts in this family. The most recent accepted result is attempt-0076/micro-0002 at 2103 parameters and 99.050000%; the most recent failed result is attempt-0075/micro-0001 (error, no score). This is a parameterization-preserving compression: union current position groups represented by coordinates 211 and 348, whose learned values are 0.0005243364 and 0.0005300569 (absolute difference 5.721e-06), using a multiplicity-weighted mean. Hypothesis: this preserves qualification and yields 2,102 parameters. It is more informative than the nearest untested alternative (difference 6.702e-06) because it is the minimum-distortion eligible union; exact pairs already rejected under the unchanged grouping are excluded. Acceptance and rollback remain solely governed by the official runner.	0	0
attempt-0076	nearest-position-unions-repair	micro-0004	c13d2fd61f1cd9c44ea36a730e02cb0e91473b2c	da68d84de106da89bed82a4a9eb18ca1b8fcc600	2026-08-16T08:57:31.845350+00:00	parameter tying	99.040000%	2101	keep	Union closest position groups 260 and 244	Family: parameter tying. Current retained frontier is 2,102 parameters at 99.050000%, a +0.050000 percentage-point margin over 99%. There have been 21 prior attempts in this family. The most recent accepted result is attempt-0076/micro-0003 at 2102 parameters and 99.050000%; the most recent failed result is attempt-0075/micro-0001 (error, no score). This is a parameterization-preserving compression: union current position groups represented by coordinates 260 and 244, whose learned values are 0.0018342569 and 0.0018409587 (absolute difference 6.702e-06), using a multiplicity-weighted mean. Hypothesis: this preserves qualification and yields 2,101 parameters. It is more informative than the nearest untested alternative (difference 6.728e-06) because it is the minimum-distortion eligible union; exact pairs already rejected under the unchanged grouping are excluded. Acceptance and rollback remain solely governed by the official runner.	0	0
attempt-0076	nearest-position-unions-repair	micro-0005	ef598b05ef2b846b5b110906d67d932d3c79fe43	c13d2fd61f1cd9c44ea36a730e02cb0e91473b2c	2026-08-16T08:58:34.032346+00:00	parameter tying	99.040000%	2100	keep	Union closest position groups 188 and 21	Family: parameter tying. Current retained frontier is 2,101 parameters at 99.040000%, a +0.040000 percentage-point margin over 99%. There have been 22 prior attempts in this family. The most recent accepted result is attempt-0076/micro-0004 at 2101 parameters and 99.040000%; the most recent failed result is attempt-0075/micro-0001 (error, no score). This is a parameterization-preserving compression: union current position groups represented by coordinates 188 and 21, whose learned values are -0.0111811543 and -0.0111744264 (absolute difference 6.728e-06), using a multiplicity-weighted mean. Hypothesis: this preserves qualification and yields 2,100 parameters. It is more informative than the nearest untested alternative (difference 7.017e-06) because it is the minimum-distortion eligible union; exact pairs already rejected under the unchanged grouping are excluded. Acceptance and rollback remain solely governed by the official runner.	0	0
attempt-0076	nearest-position-unions-repair	micro-0006	4aad56f79ff193978abef5f53526fc5e1e280417	ef598b05ef2b846b5b110906d67d932d3c79fe43	2026-08-16T08:59:34.999168+00:00	parameter tying	99.040000%	2099	keep	Union closest position groups 238 and 274	Family: parameter tying. Current retained frontier is 2,100 parameters at 99.040000%, a +0.040000 percentage-point margin over 99%. There have been 23 prior attempts in this family. The most recent accepted result is attempt-0076/micro-0005 at 2100 parameters and 99.040000%; the most recent failed result is attempt-0075/micro-0001 (error, no score). This is a parameterization-preserving compression: union current position groups represented by coordinates 238 and 274, whose learned values are -0.0127586974 and -0.0127516808 (absolute difference 7.017e-06), using a multiplicity-weighted mean. Hypothesis: this preserves qualification and yields 2,099 parameters. It is more informative than the nearest untested alternative (difference 7.042e-06) because it is the minimum-distortion eligible union; exact pairs already rejected under the unchanged grouping are excluded. Acceptance and rollback remain solely governed by the official runner.	0	0
attempt-0076	nearest-position-unions-repair	micro-0007	dfd05ee5006748cc5e45b51c0469ff5f428e05b0	4aad56f79ff193978abef5f53526fc5e1e280417	2026-08-16T09:00:36.079793+00:00	parameter tying	99.040000%	2098	keep	Union closest position groups 194 and 177	Family: parameter tying. Current retained frontier is 2,099 parameters at 99.040000%, a +0.040000 percentage-point margin over 99%. There have been 24 prior attempts in this family. The most recent accepted result is attempt-0076/micro-0006 at 2099 parameters and 99.040000%; the most recent failed result is attempt-0075/micro-0001 (error, no score). This is a parameterization-preserving compression: union current position groups represented by coordinates 194 and 177, whose learned values are 0.0004950865 and 0.0005021283 (absolute difference 7.042e-06), using a multiplicity-weighted mean. Hypothesis: this preserves qualification and yields 2,098 parameters. It is more informative than the nearest untested alternative (difference 8.389e-06) because it is the minimum-distortion eligible union; exact pairs already rejected under the unchanged grouping are excluded. Acceptance and rollback remain solely governed by the official runner.	0	0
attempt-0076	nearest-position-unions-repair	micro-0008	10ff092714cd04d288695f3ca30c4b49891060fa	dfd05ee5006748cc5e45b51c0469ff5f428e05b0	2026-08-16T09:01:38.002375+00:00	parameter tying	99.040000%	2097	keep	Union closest position groups 334 and 403	Family: parameter tying. Current retained frontier is 2,098 parameters at 99.040000%, a +0.040000 percentage-point margin over 99%. There have been 25 prior attempts in this family. The most recent accepted result is attempt-0076/micro-0007 at 2098 parameters and 99.040000%; the most recent failed result is attempt-0075/micro-0001 (error, no score). This is a parameterization-preserving compression: union current position groups represented by coordinates 334 and 403, whose learned values are 0.0252252594 and 0.0252336487 (absolute difference 8.389e-06), using a multiplicity-weighted mean. Hypothesis: this preserves qualification and yields 2,097 parameters. It is more informative than the nearest untested alternative (difference 8.624e-06) because it is the minimum-distortion eligible union; exact pairs already rejected under the unchanged grouping are excluded. Acceptance and rollback remain solely governed by the official runner.	0	0
attempt-0076	nearest-position-unions-repair	micro-0009	07222a573b8fae35ab2dacb7e55a75d6a159c4d3	10ff092714cd04d288695f3ca30c4b49891060fa	2026-08-16T09:02:39.745489+00:00	parameter tying	99.040000%	2096	keep	Union closest position groups 175 and 208	Family: parameter tying. Current retained frontier is 2,097 parameters at 99.040000%, a +0.040000 percentage-point margin over 99%. There have been 26 prior attempts in this family. The most recent accepted result is attempt-0076/micro-0008 at 2097 parameters and 99.040000%; the most recent failed result is attempt-0075/micro-0001 (error, no score). This is a parameterization-preserving compression: union current position groups represented by coordinates 175 and 208, whose learned values are -0.0037990911 and -0.0037904670 (absolute difference 8.624e-06), using a multiplicity-weighted mean. Hypothesis: this preserves qualification and yields 2,096 parameters. It is more informative than the nearest untested alternative (difference 8.790e-06) because it is the minimum-distortion eligible union; exact pairs already rejected under the unchanged grouping are excluded. Acceptance and rollback remain solely governed by the official runner.	0	0
attempt-0076	nearest-position-unions-repair	micro-0010	32ef4be35e25aa85757ce70f7c07db1c99137c51	07222a573b8fae35ab2dacb7e55a75d6a159c4d3	2026-08-16T09:03:41.913450+00:00	parameter tying	99.040000%	2095	keep	Union closest position groups 442 and 179	Family: parameter tying. Current retained frontier is 2,096 parameters at 99.040000%, a +0.040000 percentage-point margin over 99%. There have been 27 prior attempts in this family. The most recent accepted result is attempt-0076/micro-0009 at 2096 parameters and 99.040000%; the most recent failed result is attempt-0075/micro-0001 (error, no score). This is a parameterization-preserving compression: union current position groups represented by coordinates 442 and 179, whose learned values are -0.0129203992 and -0.0129116094 (absolute difference 8.790e-06), using a multiplicity-weighted mean. Hypothesis: this preserves qualification and yields 2,095 parameters. It is more informative than the nearest untested alternative (difference 9.119e-06) because it is the minimum-distortion eligible union; exact pairs already rejected under the unchanged grouping are excluded. Acceptance and rollback remain solely governed by the official runner.	0	0
attempt-0076	nearest-position-unions-repair	micro-0011	380ab3c26a6ab09e841c58772e587d48219f3be2	32ef4be35e25aa85757ce70f7c07db1c99137c51	2026-08-16T09:04:43.666957+00:00	parameter tying	99.040000%	2094	keep	Union closest position groups 41 and 106	Family: parameter tying. Current retained frontier is 2,095 parameters at 99.040000%, a +0.040000 percentage-point margin over 99%. There have been 28 prior attempts in this family. The most recent accepted result is attempt-0076/micro-0010 at 2095 parameters and 99.040000%; the most recent failed result is attempt-0075/micro-0001 (error, no score). This is a parameterization-preserving compression: union current position groups represented by coordinates 41 and 106, whose learned values are 0.0005422053 and 0.0005513247 (absolute difference 9.119e-06), using a multiplicity-weighted mean. Hypothesis: this preserves qualification and yields 2,094 parameters. It is more informative than the nearest untested alternative (difference 9.392e-06) because it is the minimum-distortion eligible union; exact pairs already rejected under the unchanged grouping are excluded. Acceptance and rollback remain solely governed by the official runner.	0	0
attempt-0076	nearest-position-unions-repair	micro-0012	a12a87f8a63132d2614a37cb4c98d671499a1107	380ab3c26a6ab09e841c58772e587d48219f3be2	2026-08-16T09:05:45.292621+00:00	parameter tying	99.040000%	2093	keep	Union closest position groups 95 and 424	Family: parameter tying. Current retained frontier is 2,094 parameters at 99.040000%, a +0.040000 percentage-point margin over 99%. There have been 29 prior attempts in this family. The most recent accepted result is attempt-0076/micro-0011 at 2094 parameters and 99.040000%; the most recent failed result is attempt-0075/micro-0001 (error, no score). This is a parameterization-preserving compression: union current position groups represented by coordinates 95 and 424, whose learned values are 0.0040847282 and 0.0040941206 (absolute difference 9.392e-06), using a multiplicity-weighted mean. Hypothesis: this preserves qualification and yields 2,093 parameters. It is more informative than the nearest untested alternative (difference 1.004e-05) because it is the minimum-distortion eligible union; exact pairs already rejected under the unchanged grouping are excluded. Acceptance and rollback remain solely governed by the official runner.	0	0
attempt-0076	nearest-position-unions-repair	micro-0013	6a62bc1b8fca089adeb85b851733a02ae6d72128	a12a87f8a63132d2614a37cb4c98d671499a1107	2026-08-16T09:06:46.167818+00:00	parameter tying	99.050000%	2092	keep	Union closest position groups 275 and 10	Family: parameter tying. Current retained frontier is 2,093 parameters at 99.040000%, a +0.040000 percentage-point margin over 99%. There have been 30 prior attempts in this family. The most recent accepted result is attempt-0076/micro-0012 at 2093 parameters and 99.040000%; the most recent failed result is attempt-0075/micro-0001 (error, no score). This is a parameterization-preserving compression: union current position groups represented by coordinates 275 and 10, whose learned values are 0.0054133600 and 0.0054233973 (absolute difference 1.004e-05), using a multiplicity-weighted mean. Hypothesis: this preserves qualification and yields 2,092 parameters. It is more informative than the nearest untested alternative (difference 1.071e-05) because it is the minimum-distortion eligible union; exact pairs already rejected under the unchanged grouping are excluded. Acceptance and rollback remain solely governed by the official runner.	0	0
attempt-0076	nearest-position-unions-repair	micro-0014	3f9dea055611f0a1682cda005b1e20a15b88242a	6a62bc1b8fca089adeb85b851733a02ae6d72128	2026-08-16T09:07:47.222674+00:00	parameter tying	99.050000%	2091	keep	Union closest position groups 471 and 445	Family: parameter tying. Current retained frontier is 2,092 parameters at 99.050000%, a +0.050000 percentage-point margin over 99%. There have been 31 prior attempts in this family. The most recent accepted result is attempt-0076/micro-0013 at 2092 parameters and 99.050000%; the most recent failed result is attempt-0075/micro-0001 (error, no score). This is a parameterization-preserving compression: union current position groups represented by coordinates 471 and 445, whose learned values are 0.0314305238 and 0.0314412378 (absolute difference 1.071e-05), using a multiplicity-weighted mean. Hypothesis: this preserves qualification and yields 2,091 parameters. It is more informative than the nearest untested alternative (difference 1.078e-05) because it is the minimum-distortion eligible union; exact pairs already rejected under the unchanged grouping are excluded. Acceptance and rollback remain solely governed by the official runner.	0	0
attempt-0076	nearest-position-unions-repair	micro-0015	f123660c07b69a63c07a1acff412b0ed9ecf98e0	3f9dea055611f0a1682cda005b1e20a15b88242a	2026-08-16T09:08:48.515954+00:00	parameter tying	99.050000%	2090	keep	Union closest position groups 24 and 113	Family: parameter tying. Current retained frontier is 2,091 parameters at 99.050000%, a +0.050000 percentage-point margin over 99%. There have been 32 prior attempts in this family. The most recent accepted result is attempt-0076/micro-0014 at 2091 parameters and 99.050000%; the most recent failed result is attempt-0075/micro-0001 (error, no score). This is a parameterization-preserving compression: union current position groups represented by coordinates 24 and 113, whose learned values are -0.0248801205 and -0.0248693433 (absolute difference 1.078e-05), using a multiplicity-weighted mean. Hypothesis: this preserves qualification and yields 2,090 parameters. It is more informative than the nearest untested alternative (difference 1.117e-05) because it is the minimum-distortion eligible union; exact pairs already rejected under the unchanged grouping are excluded. Acceptance and rollback remain solely governed by the official runner.	0	0
attempt-0076	nearest-position-unions-repair	micro-0016	7222731de4f5bddeaa5ddc776d85b8da0bc0e92c	f123660c07b69a63c07a1acff412b0ed9ecf98e0	2026-08-16T09:09:49.869312+00:00	parameter tying	99.040000%	2089	keep	Union closest position groups 294 and 314	Family: parameter tying. Current retained frontier is 2,090 parameters at 99.050000%, a +0.050000 percentage-point margin over 99%. There have been 33 prior attempts in this family. The most recent accepted result is attempt-0076/micro-0015 at 2090 parameters and 99.050000%; the most recent failed result is attempt-0075/micro-0001 (error, no score). This is a parameterization-preserving compression: union current position groups represented by coordinates 294 and 314, whose learned values are 0.0053202268 and 0.0053313975 (absolute difference 1.117e-05), using a multiplicity-weighted mean. Hypothesis: this preserves qualification and yields 2,089 parameters. It is more informative than the nearest untested alternative (difference 1.159e-05) because it is the minimum-distortion eligible union; exact pairs already rejected under the unchanged grouping are excluded. Acceptance and rollback remain solely governed by the official runner.	0	0
attempt-0076	nearest-position-unions-repair	micro-0017	8f174b4d6c9e724687573461c30ad77e875301c6	7222731de4f5bddeaa5ddc776d85b8da0bc0e92c	2026-08-16T09:10:51.092175+00:00	parameter tying	99.040000%	2088	keep	Union closest position groups 397 and 506	Family: parameter tying. Current retained frontier is 2,089 parameters at 99.040000%, a +0.040000 percentage-point margin over 99%. There have been 34 prior attempts in this family. The most recent accepted result is attempt-0076/micro-0016 at 2089 parameters and 99.040000%; the most recent failed result is attempt-0075/micro-0001 (error, no score). This is a parameterization-preserving compression: union current position groups represented by coordinates 397 and 506, whose learned values are 0.0130978301 and 0.0131094176 (absolute difference 1.159e-05), using a multiplicity-weighted mean. Hypothesis: this preserves qualification and yields 2,088 parameters. It is more informative than the nearest untested alternative (difference 1.222e-05) because it is the minimum-distortion eligible union; exact pairs already rejected under the unchanged grouping are excluded. Acceptance and rollback remain solely governed by the official runner.	0	0
attempt-0076	nearest-position-unions-repair	micro-0018	44ceb75f5660fe8d4d526750eaf8969ad020b1f5	8f174b4d6c9e724687573461c30ad77e875301c6	2026-08-16T09:11:52.206957+00:00	parameter tying	99.040000%	2087	keep	Union closest position groups 176 and 134	Family: parameter tying. Current retained frontier is 2,088 parameters at 99.040000%, a +0.040000 percentage-point margin over 99%. There have been 35 prior attempts in this family. The most recent accepted result is attempt-0076/micro-0017 at 2088 parameters and 99.040000%; the most recent failed result is attempt-0075/micro-0001 (error, no score). This is a parameterization-preserving compression: union current position groups represented by coordinates 176 and 134, whose learned values are -0.0016184105 and -0.0016061913 (absolute difference 1.222e-05), using a multiplicity-weighted mean. Hypothesis: this preserves qualification and yields 2,087 parameters. It is more informative than the nearest untested alternative (difference 1.270e-05) because it is the minimum-distortion eligible union; exact pairs already rejected under the unchanged grouping are excluded. Acceptance and rollback remain solely governed by the official runner.	0	0
attempt-0076	nearest-position-unions-repair	micro-0019	2687f36f6b1adad6a783a589dad193a83a020ee5	44ceb75f5660fe8d4d526750eaf8969ad020b1f5	2026-08-16T09:12:54.342300+00:00	parameter tying	99.040000%	2086	keep	Union closest position groups 379 and 223	Family: parameter tying. Current retained frontier is 2,087 parameters at 99.040000%, a +0.040000 percentage-point margin over 99%. There have been 36 prior attempts in this family. The most recent accepted result is attempt-0076/micro-0018 at 2087 parameters and 99.040000%; the most recent failed result is attempt-0075/micro-0001 (error, no score). This is a parameterization-preserving compression: union current position groups represented by coordinates 379 and 223, whose learned values are -0.0048395605 and -0.0048268624 (absolute difference 1.270e-05), using a multiplicity-weighted mean. Hypothesis: this preserves qualification and yields 2,086 parameters. It is more informative than the nearest untested alternative (difference 1.285e-05) because it is the minimum-distortion eligible union; exact pairs already rejected under the unchanged grouping are excluded. Acceptance and rollback remain solely governed by the official runner.	0	0
attempt-0076	nearest-position-unions-repair	micro-0020	91c23347ef536d769ead1c1934017082ebad35e0	2687f36f6b1adad6a783a589dad193a83a020ee5	2026-08-16T09:13:55.840001+00:00	parameter tying	99.040000%	2085	keep	Union closest position groups 7 and 465	Family: parameter tying. Current retained frontier is 2,086 parameters at 99.040000%, a +0.040000 percentage-point margin over 99%. There have been 37 prior attempts in this family. The most recent accepted result is attempt-0076/micro-0019 at 2086 parameters and 99.040000%; the most recent failed result is attempt-0075/micro-0001 (error, no score). This is a parameterization-preserving compression: union current position groups represented by coordinates 7 and 465, whose learned values are 0.0035159513 and 0.0035288008 (absolute difference 1.285e-05), using a multiplicity-weighted mean. Hypothesis: this preserves qualification and yields 2,085 parameters. It is more informative than the nearest untested alternative (difference 1.346e-05) because it is the minimum-distortion eligible union; exact pairs already rejected under the unchanged grouping are excluded. Acceptance and rollback remain solely governed by the official runner.	0	0
attempt-0078	nearest-position-unions-infra-repair	micro-0001	d631ff213771b4f93fea0a32973f85712d30e11f	6edffd5ebc428d9bff44da2632a74481fa540447	2026-08-16T20:57:04.276915+00:00	parameter tying	99.040000%	2084	keep	Union closest position groups 66 and 312	Family: parameter tying. Current retained frontier is 2,085 parameters at 99.050000%, a +0.050000 percentage-point margin over 99%. There have been 20 prior macro-attempts in this family and 21 prior micro-trials. The most recent accepted result is attempt-0076/micro-0020 at 2085 parameters and 99.040000%; the most recent failed result is attempt-0075/micro-0001 (error, no score). This is a parameterization-preserving compression: union current position groups represented by coordinates 66 and 312, whose learned values are -0.0118125025 and -0.0117990421 (absolute difference 1.346e-05), using a multiplicity-weighted mean. Hypothesis: this preserves qualification and yields 2,084 parameters. It is more informative than the nearest untested alternative (difference 1.516e-05) because it is the minimum-distortion eligible union; exact pairs already rejected under the unchanged grouping are excluded. Acceptance and rollback remain solely governed by the official runner.	0	0
attempt-0078	nearest-position-unions-infra-repair	micro-0002	df1c80d0efe6c30178710008d092c746e6d849ad	d631ff213771b4f93fea0a32973f85712d30e11f	2026-08-16T20:58:06.902194+00:00	parameter tying	99.040000%	2083	keep	Union closest position groups 64 and 330	Family: parameter tying. Current retained frontier is 2,084 parameters at 99.040000%, a +0.040000 percentage-point margin over 99%. There have been 20 prior macro-attempts in this family and 22 prior micro-trials. The most recent accepted result is attempt-0078/micro-0001 at 2084 parameters and 99.040000%; the most recent failed result is attempt-0075/micro-0001 (error, no score). This is a parameterization-preserving compression: union current position groups represented by coordinates 64 and 330, whose learned values are 0.0042936467 and 0.0043088091 (absolute difference 1.516e-05), using a multiplicity-weighted mean. Hypothesis: this preserves qualification and yields 2,083 parameters. It is more informative than the nearest untested alternative (difference 1.530e-05) because it is the minimum-distortion eligible union; exact pairs already rejected under the unchanged grouping are excluded. Acceptance and rollback remain solely governed by the official runner.	0	0
attempt-0078	nearest-position-unions-infra-repair	micro-0003	307536b344e3fc09e2a59c3ba0d0ed498df10a62	df1c80d0efe6c30178710008d092c746e6d849ad	2026-08-16T20:59:09.427799+00:00	parameter tying	99.040000%	2082	keep	Union closest position groups 233 and 306	Family: parameter tying. Current retained frontier is 2,083 parameters at 99.040000%, a +0.040000 percentage-point margin over 99%. There have been 20 prior macro-attempts in this family and 23 prior micro-trials. The most recent accepted result is attempt-0078/micro-0002 at 2083 parameters and 99.040000%; the most recent failed result is attempt-0075/micro-0001 (error, no score). This is a parameterization-preserving compression: union current position groups represented by coordinates 233 and 306, whose learned values are 0.0013918133 and 0.0014071175 (absolute difference 1.530e-05), using a multiplicity-weighted mean. Hypothesis: this preserves qualification and yields 2,082 parameters. It is more informative than the nearest untested alternative (difference 1.647e-05) because it is the minimum-distortion eligible union; exact pairs already rejected under the unchanged grouping are excluded. Acceptance and rollback remain solely governed by the official runner.	0	0
attempt-0078	nearest-position-unions-infra-repair	micro-0004	186c61d46ddc64461a641ba3827e034478b00f17	307536b344e3fc09e2a59c3ba0d0ed498df10a62	2026-08-16T21:00:12.182991+00:00	parameter tying	99.040000%	2081	keep	Union closest position groups 361 and 469	Family: parameter tying. Current retained frontier is 2,082 parameters at 99.040000%, a +0.040000 percentage-point margin over 99%. There have been 20 prior macro-attempts in this family and 24 prior micro-trials. The most recent accepted result is attempt-0078/micro-0003 at 2082 parameters and 99.040000%; the most recent failed result is attempt-0075/micro-0001 (error, no score). This is a parameterization-preserving compression: union current position groups represented by coordinates 361 and 469, whose learned values are -0.0130450493 and -0.0130285807 (absolute difference 1.647e-05), using a multiplicity-weighted mean. Hypothesis: this preserves qualification and yields 2,081 parameters. It is more informative than the nearest untested alternative (difference 1.661e-05) because it is the minimum-distortion eligible union; exact pairs already rejected under the unchanged grouping are excluded. Acceptance and rollback remain solely governed by the official runner.	0	0
attempt-0078	nearest-position-unions-infra-repair	micro-0005	ad750f90a86377810540656a625930a8f406d063	186c61d46ddc64461a641ba3827e034478b00f17	2026-08-16T21:01:15.373723+00:00	parameter tying	99.040000%	2080	keep	Union closest position groups 473 and 99	Family: parameter tying. Current retained frontier is 2,081 parameters at 99.040000%, a +0.040000 percentage-point margin over 99%. There have been 20 prior macro-attempts in this family and 25 prior micro-trials. The most recent accepted result is attempt-0078/micro-0004 at 2081 parameters and 99.040000%; the most recent failed result is attempt-0075/micro-0001 (error, no score). This is a parameterization-preserving compression: union current position groups represented by coordinates 473 and 99, whose learned values are -0.0121204974 and -0.0121038873 (absolute difference 1.661e-05), using a multiplicity-weighted mean. Hypothesis: this preserves qualification and yields 2,080 parameters. It is more informative than the nearest untested alternative (difference 1.664e-05) because it is the minimum-distortion eligible union; exact pairs already rejected under the unchanged grouping are excluded. Acceptance and rollback remain solely governed by the official runner.	0	0
attempt-0078	nearest-position-unions-infra-repair	micro-0006	db1a06546e6504104aaf19fd6e43b7b29e96475b	ad750f90a86377810540656a625930a8f406d063	2026-08-16T21:02:18.223298+00:00	parameter tying	99.040000%	2079	keep	Union closest position groups 25 and 454	Family: parameter tying. Current retained frontier is 2,080 parameters at 99.040000%, a +0.040000 percentage-point margin over 99%. There have been 20 prior macro-attempts in this family and 26 prior micro-trials. The most recent accepted result is attempt-0078/micro-0005 at 2080 parameters and 99.040000%; the most recent failed result is attempt-0075/micro-0001 (error, no score). This is a parameterization-preserving compression: union current position groups represented by coordinates 25 and 454, whose learned values are -0.0134330411 and -0.0134163965 (absolute difference 1.664e-05), using a multiplicity-weighted mean. Hypothesis: this preserves qualification and yields 2,079 parameters. It is more informative than the nearest untested alternative (difference 1.675e-05) because it is the minimum-distortion eligible union; exact pairs already rejected under the unchanged grouping are excluded. Acceptance and rollback remain solely governed by the official runner.	0	0
attempt-0078	nearest-position-unions-infra-repair	micro-0007	7e573117b058b2ba03296707397681dc91c66597	db1a06546e6504104aaf19fd6e43b7b29e96475b	2026-08-16T21:03:20.243244+00:00	parameter tying	99.040000%	2078	keep	Union closest position groups 142 and 169	Family: parameter tying. Current retained frontier is 2,079 parameters at 99.040000%, a +0.040000 percentage-point margin over 99%. There have been 20 prior macro-attempts in this family and 27 prior micro-trials. The most recent accepted result is attempt-0078/micro-0006 at 2079 parameters and 99.040000%; the most recent failed result is attempt-0075/micro-0001 (error, no score). This is a parameterization-preserving compression: union current position groups represented by coordinates 142 and 169, whose learned values are -0.0174008161 and -0.0173840653 (absolute difference 1.675e-05), using a multiplicity-weighted mean. Hypothesis: this preserves qualification and yields 2,078 parameters. It is more informative than the nearest untested alternative (difference 1.685e-05) because it is the minimum-distortion eligible union; exact pairs already rejected under the unchanged grouping are excluded. Acceptance and rollback remain solely governed by the official runner.	0	0
attempt-0078	nearest-position-unions-infra-repair	micro-0008	641f20858d2d23e62dec5eb3ec9704a7197b54a8	7e573117b058b2ba03296707397681dc91c66597	2026-08-16T21:04:22.855617+00:00	parameter tying	99.040000%	2077	keep	Union closest position groups 441 and 173	Family: parameter tying. Current retained frontier is 2,078 parameters at 99.040000%, a +0.040000 percentage-point margin over 99%. There have been 20 prior macro-attempts in this family and 28 prior micro-trials. The most recent accepted result is attempt-0078/micro-0007 at 2078 parameters and 99.040000%; the most recent failed result is attempt-0075/micro-0001 (error, no score). This is a parameterization-preserving compression: union current position groups represented by coordinates 441 and 173, whose learned values are -0.0081322808 and -0.0081154266 (absolute difference 1.685e-05), using a multiplicity-weighted mean. Hypothesis: this preserves qualification and yields 2,077 parameters. It is more informative than the nearest untested alternative (difference 1.690e-05) because it is the minimum-distortion eligible union; exact pairs already rejected under the unchanged grouping are excluded. Acceptance and rollback remain solely governed by the official runner.	0	0
attempt-0078	nearest-position-unions-infra-repair	micro-0009	a3d4f754f80b7afabf6f21295dc073ba982db7c4	641f20858d2d23e62dec5eb3ec9704a7197b54a8	2026-08-16T21:05:25.399767+00:00	parameter tying	99.040000%	2076	keep	Union closest position groups 139 and 279	Family: parameter tying. Current retained frontier is 2,077 parameters at 99.040000%, a +0.040000 percentage-point margin over 99%. There have been 20 prior macro-attempts in this family and 29 prior micro-trials. The most recent accepted result is attempt-0078/micro-0008 at 2077 parameters and 99.040000%; the most recent failed result is attempt-0075/micro-0001 (error, no score). This is a parameterization-preserving compression: union current position groups represented by coordinates 139 and 279, whose learned values are 0.0168967135 and 0.0169136096 (absolute difference 1.690e-05), using a multiplicity-weighted mean. Hypothesis: this preserves qualification and yields 2,076 parameters. It is more informative than the nearest untested alternative (difference 1.704e-05) because it is the minimum-distortion eligible union; exact pairs already rejected under the unchanged grouping are excluded. Acceptance and rollback remain solely governed by the official runner.	0	0
attempt-0078	nearest-position-unions-infra-repair	micro-0010	1977df45decfe25ed23454fb8c05e66ab05681af	a3d4f754f80b7afabf6f21295dc073ba982db7c4	2026-08-16T21:06:27.104973+00:00	parameter tying	99.040000%	2075	keep	Union closest position groups 391 and 353	Family: parameter tying. Current retained frontier is 2,076 parameters at 99.040000%, a +0.040000 percentage-point margin over 99%. There have been 20 prior macro-attempts in this family and 30 prior micro-trials. The most recent accepted result is attempt-0078/micro-0009 at 2076 parameters and 99.040000%; the most recent failed result is attempt-0075/micro-0001 (error, no score). This is a parameterization-preserving compression: union current position groups represented by coordinates 391 and 353, whose learned values are 0.0065754987 and 0.0065925373 (absolute difference 1.704e-05), using a multiplicity-weighted mean. Hypothesis: this preserves qualification and yields 2,075 parameters. It is more informative than the nearest untested alternative (difference 1.705e-05) because it is the minimum-distortion eligible union; exact pairs already rejected under the unchanged grouping are excluded. Acceptance and rollback remain solely governed by the official runner.	0	0
attempt-0078	nearest-position-unions-infra-repair	micro-0011	42a24e2da63dccb47c2ddcce454f6dd45a23bab0	1977df45decfe25ed23454fb8c05e66ab05681af	2026-08-16T21:07:37.351103+00:00	parameter tying	99.040000%	2074	keep	Union closest position groups 452 and 447	Family: parameter tying. Current retained frontier is 2,075 parameters at 99.040000%, a +0.040000 percentage-point margin over 99%. There have been 20 prior macro-attempts in this family and 31 prior micro-trials. The most recent accepted result is attempt-0078/micro-0010 at 2075 parameters and 99.040000%; the most recent failed result is attempt-0075/micro-0001 (error, no score). This is a parameterization-preserving compression: union current position groups represented by coordinates 452 and 447, whose learned values are -0.0080402214 and -0.0080231763 (absolute difference 1.705e-05), using a multiplicity-weighted mean. Hypothesis: this preserves qualification and yields 2,074 parameters. It is more informative than the nearest untested alternative (difference 1.728e-05) because it is the minimum-distortion eligible union; exact pairs already rejected under the unchanged grouping are excluded. Acceptance and rollback remain solely governed by the official runner.	0	0
attempt-0078	nearest-position-unions-infra-repair	micro-0012	19730d64b203ec12bdc87ce14413e656323f2869	42a24e2da63dccb47c2ddcce454f6dd45a23bab0	2026-08-16T21:08:45.059569+00:00	parameter tying	99.040000%	2073	keep	Union closest position groups 217 and 482	Family: parameter tying. Current retained frontier is 2,074 parameters at 99.040000%, a +0.040000 percentage-point margin over 99%. There have been 20 prior macro-attempts in this family and 32 prior micro-trials. The most recent accepted result is attempt-0078/micro-0011 at 2074 parameters and 99.040000%; the most recent failed result is attempt-0075/micro-0001 (error, no score). This is a parameterization-preserving compression: union current position groups represented by coordinates 217 and 482, whose learned values are 0.0024018355 and 0.0024191204 (absolute difference 1.728e-05), using a multiplicity-weighted mean. Hypothesis: this preserves qualification and yields 2,073 parameters. It is more informative than the nearest untested alternative (difference 1.741e-05) because it is the minimum-distortion eligible union; exact pairs already rejected under the unchanged grouping are excluded. Acceptance and rollback remain solely governed by the official runner.	0	0
attempt-0078	nearest-position-unions-infra-repair	micro-0013	3247a0abdd2def7858e710b7332931145b81af86	19730d64b203ec12bdc87ce14413e656323f2869	2026-08-16T21:09:50.394308+00:00	parameter tying	99.040000%	2072	keep	Union closest position groups 386 and 83	Family: parameter tying. Current retained frontier is 2,073 parameters at 99.040000%, a +0.040000 percentage-point margin over 99%. There have been 20 prior macro-attempts in this family and 33 prior micro-trials. The most recent accepted result is attempt-0078/micro-0012 at 2073 parameters and 99.040000%; the most recent failed result is attempt-0075/micro-0001 (error, no score). This is a parameterization-preserving compression: union current position groups represented by coordinates 386 and 83, whose learned values are -0.0120240804 and -0.0120066665 (absolute difference 1.741e-05), using a multiplicity-weighted mean. Hypothesis: this preserves qualification and yields 2,072 parameters. It is more informative than the nearest untested alternative (difference 1.761e-05) because it is the minimum-distortion eligible union; exact pairs already rejected under the unchanged grouping are excluded. Acceptance and rollback remain solely governed by the official runner.	0	0
attempt-0078	nearest-position-unions-infra-repair	micro-0014	afee5e84f9e756a240e0f64c89ee116408513466	3247a0abdd2def7858e710b7332931145b81af86	2026-08-16T21:10:56.097751+00:00	parameter tying	99.040000%	2071	keep	Union closest position groups 33 and 429	Family: parameter tying. Current retained frontier is 2,072 parameters at 99.040000%, a +0.040000 percentage-point margin over 99%. There have been 20 prior macro-attempts in this family and 34 prior micro-trials. The most recent accepted result is attempt-0078/micro-0013 at 2072 parameters and 99.040000%; the most recent failed result is attempt-0075/micro-0001 (error, no score). This is a parameterization-preserving compression: union current position groups represented by coordinates 33 and 429, whose learned values are 0.0309574809 and 0.0309750866 (absolute difference 1.761e-05), using a multiplicity-weighted mean. Hypothesis: this preserves qualification and yields 2,071 parameters. It is more informative than the nearest untested alternative (difference 1.765e-05) because it is the minimum-distortion eligible union; exact pairs already rejected under the unchanged grouping are excluded. Acceptance and rollback remain solely governed by the official runner.	0	0
attempt-0078	nearest-position-unions-infra-repair	micro-0015	ce783dcee2516fb938810ff5cb5431aa49af2366	afee5e84f9e756a240e0f64c89ee116408513466	2026-08-16T21:12:00.624783+00:00	parameter tying	99.040000%	2070	keep	Union closest position groups 105 and 290	Family: parameter tying. Current retained frontier is 2,071 parameters at 99.040000%, a +0.040000 percentage-point margin over 99%. There have been 20 prior macro-attempts in this family and 35 prior micro-trials. The most recent accepted result is attempt-0078/micro-0014 at 2071 parameters and 99.040000%; the most recent failed result is attempt-0075/micro-0001 (error, no score). This is a parameterization-preserving compression: union current position groups represented by coordinates 105 and 290, whose learned values are -0.0133752627 and -0.0133576095 (absolute difference 1.765e-05), using a multiplicity-weighted mean. Hypothesis: this preserves qualification and yields 2,070 parameters. It is more informative than the nearest untested alternative (difference 1.836e-05) because it is the minimum-distortion eligible union; exact pairs already rejected under the unchanged grouping are excluded. Acceptance and rollback remain solely governed by the official runner.	0	0
attempt-0078	nearest-position-unions-infra-repair	micro-0016	22a7d5e3e306159ab3954bb47dc51e8e27d27c0c	ce783dcee2516fb938810ff5cb5431aa49af2366	2026-08-16T21:13:06.725969+00:00	parameter tying	99.040000%	2069	keep	Union closest position groups 50 and 161	Family: parameter tying. Current retained frontier is 2,070 parameters at 99.040000%, a +0.040000 percentage-point margin over 99%. There have been 20 prior macro-attempts in this family and 36 prior micro-trials. The most recent accepted result is attempt-0078/micro-0015 at 2070 parameters and 99.040000%; the most recent failed result is attempt-0075/micro-0001 (error, no score). This is a parameterization-preserving compression: union current position groups represented by coordinates 50 and 161, whose learned values are -0.0137402015 and -0.0137218442 (absolute difference 1.836e-05), using a multiplicity-weighted mean. Hypothesis: this preserves qualification and yields 2,069 parameters. It is more informative than the nearest untested alternative (difference 1.861e-05) because it is the minimum-distortion eligible union; exact pairs already rejected under the unchanged grouping are excluded. Acceptance and rollback remain solely governed by the official runner.	0	0
attempt-0078	nearest-position-unions-infra-repair	micro-0017	9d618155facc10f48ac9cb1cbf89a14da26c9399	22a7d5e3e306159ab3954bb47dc51e8e27d27c0c	2026-08-16T21:14:13.235092+00:00	parameter tying	99.040000%	2068	keep	Union closest position groups 509 and 84	Family: parameter tying. Current retained frontier is 2,069 parameters at 99.040000%, a +0.040000 percentage-point margin over 99%. There have been 20 prior macro-attempts in this family and 37 prior micro-trials. The most recent accepted result is attempt-0078/micro-0016 at 2069 parameters and 99.040000%; the most recent failed result is attempt-0075/micro-0001 (error, no score). This is a parameterization-preserving compression: union current position groups represented by coordinates 509 and 84, whose learned values are -0.0472288392 and -0.0472102277 (absolute difference 1.861e-05), using a multiplicity-weighted mean. Hypothesis: this preserves qualification and yields 2,068 parameters. It is more informative than the nearest untested alternative (difference 1.957e-05) because it is the minimum-distortion eligible union; exact pairs already rejected under the unchanged grouping are excluded. Acceptance and rollback remain solely governed by the official runner.	0	0
attempt-0078	nearest-position-unions-infra-repair	micro-0018	994d80a10f097370e16e7e35dd4bfc8445d61a7f	9d618155facc10f48ac9cb1cbf89a14da26c9399	2026-08-16T21:15:20.301722+00:00	parameter tying	99.040000%	2067	keep	Union closest position groups 211 and 41	Family: parameter tying. Current retained frontier is 2,068 parameters at 99.040000%, a +0.040000 percentage-point margin over 99%. There have been 20 prior macro-attempts in this family and 38 prior micro-trials. The most recent accepted result is attempt-0078/micro-0017 at 2068 parameters and 99.040000%; the most recent failed result is attempt-0075/micro-0001 (error, no score). This is a parameterization-preserving compression: union current position groups represented by coordinates 211 and 41, whose learned values are 0.0005271967 and 0.0005467650 (absolute difference 1.957e-05), using a multiplicity-weighted mean. Hypothesis: this preserves qualification and yields 2,067 parameters. It is more informative than the nearest untested alternative (difference 1.958e-05) because it is the minimum-distortion eligible union; exact pairs already rejected under the unchanged grouping are excluded. Acceptance and rollback remain solely governed by the official runner.	0	0
attempt-0078	nearest-position-unions-infra-repair	micro-0019	f17df175740b4f9242d27bc2fbf0e217b4a71172	994d80a10f097370e16e7e35dd4bfc8445d61a7f	2026-08-16T21:16:24.823911+00:00	parameter tying	99.040000%	2066	keep	Union closest position groups 271 and 254	Family: parameter tying. Current retained frontier is 2,067 parameters at 99.040000%, a +0.040000 percentage-point margin over 99%. There have been 20 prior macro-attempts in this family and 39 prior micro-trials. The most recent accepted result is attempt-0078/micro-0018 at 2067 parameters and 99.040000%; the most recent failed result is attempt-0075/micro-0001 (error, no score). This is a parameterization-preserving compression: union current position groups represented by coordinates 271 and 254, whose learned values are 0.0000570905 and 0.0000766712 (absolute difference 1.958e-05), using a multiplicity-weighted mean. Hypothesis: this preserves qualification and yields 2,066 parameters. It is more informative than the nearest untested alternative (difference 2.175e-05) because it is the minimum-distortion eligible union; exact pairs already rejected under the unchanged grouping are excluded. Acceptance and rollback remain solely governed by the official runner.	0	0
attempt-0078	nearest-position-unions-infra-repair	micro-0020	c37a3832f27f046f1762fcb9607fc29f3fdc9401	f17df175740b4f9242d27bc2fbf0e217b4a71172	2026-08-16T21:17:29.749722+00:00	parameter tying	99.040000%	2065	keep	Union closest position groups 418 and 57	Family: parameter tying. Current retained frontier is 2,066 parameters at 99.040000%, a +0.040000 percentage-point margin over 99%. There have been 20 prior macro-attempts in this family and 40 prior micro-trials. The most recent accepted result is attempt-0078/micro-0019 at 2066 parameters and 99.040000%; the most recent failed result is attempt-0075/micro-0001 (error, no score). This is a parameterization-preserving compression: union current position groups represented by coordinates 418 and 57, whose learned values are -0.0206587948 and -0.0206370465 (absolute difference 2.175e-05), using a multiplicity-weighted mean. Hypothesis: this preserves qualification and yields 2,065 parameters. It is more informative than the nearest untested alternative (difference 2.175e-05) because it is the minimum-distortion eligible union; exact pairs already rejected under the unchanged grouping are excluded. Acceptance and rollback remain solely governed by the official runner.	0	0
attempt-0078	nearest-position-unions-infra-repair	micro-0021	a65f92e12479f7c4183b7c1a0fe63c33f329f806	c37a3832f27f046f1762fcb9607fc29f3fdc9401	2026-08-16T21:18:34.326111+00:00	parameter tying	99.040000%	2064	keep	Union closest position groups 131 and 119	Family: parameter tying. Current retained frontier is 2,065 parameters at 99.040000%, a +0.040000 percentage-point margin over 99%. There have been 20 prior macro-attempts in this family and 41 prior micro-trials. The most recent accepted result is attempt-0078/micro-0020 at 2065 parameters and 99.040000%; the most recent failed result is attempt-0075/micro-0001 (error, no score). This is a parameterization-preserving compression: union current position groups represented by coordinates 131 and 119, whose learned values are -0.0271725915 and -0.0271508396 (absolute difference 2.175e-05), using a multiplicity-weighted mean. Hypothesis: this preserves qualification and yields 2,064 parameters. It is more informative than the nearest untested alternative (difference 2.204e-05) because it is the minimum-distortion eligible union; exact pairs already rejected under the unchanged grouping are excluded. Acceptance and rollback remain solely governed by the official runner.	0	0
attempt-0078	nearest-position-unions-infra-repair	micro-0022	13f14534418eac4cc64370a782c7face7af2bccb	a65f92e12479f7c4183b7c1a0fe63c33f329f806	2026-08-16T21:19:42.003184+00:00	parameter tying	99.040000%	2063	keep	Union closest position groups 110 and 150	Family: parameter tying. Current retained frontier is 2,064 parameters at 99.040000%, a +0.040000 percentage-point margin over 99%. There have been 20 prior macro-attempts in this family and 42 prior micro-trials. The most recent accepted result is attempt-0078/micro-0021 at 2064 parameters and 99.040000%; the most recent failed result is attempt-0075/micro-0001 (error, no score). This is a parameterization-preserving compression: union current position groups represented by coordinates 110 and 150, whose learned values are 0.0058638183 and 0.0058858567 (absolute difference 2.204e-05), using a multiplicity-weighted mean. Hypothesis: this preserves qualification and yields 2,063 parameters. It is more informative than the nearest untested alternative (difference 2.272e-05) because it is the minimum-distortion eligible union; exact pairs already rejected under the unchanged grouping are excluded. Acceptance and rollback remain solely governed by the official runner.	0	0
attempt-0078	nearest-position-unions-infra-repair	micro-0023	18601c8048643977b657c11d86918545bd09d823	13f14534418eac4cc64370a782c7face7af2bccb	2026-08-16T21:20:46.168676+00:00	parameter tying	99.040000%	2062	keep	Union closest position groups 406 and 94	Family: parameter tying. Current retained frontier is 2,063 parameters at 99.040000%, a +0.040000 percentage-point margin over 99%. There have been 20 prior macro-attempts in this family and 43 prior micro-trials. The most recent accepted result is attempt-0078/micro-0022 at 2063 parameters and 99.040000%; the most recent failed result is attempt-0075/micro-0001 (error, no score). This is a parameterization-preserving compression: union current position groups represented by coordinates 406 and 94, whose learned values are 0.0043964013 and 0.0044191196 (absolute difference 2.272e-05), using a multiplicity-weighted mean. Hypothesis: this preserves qualification and yields 2,062 parameters. It is more informative than the nearest untested alternative (difference 2.276e-05) because it is the minimum-distortion eligible union; exact pairs already rejected under the unchanged grouping are excluded. Acceptance and rollback remain solely governed by the official runner.	0	0
attempt-0078	nearest-position-unions-infra-repair	micro-0024	b5500c18a53fbf26c6c94790ae4ee1ba098574cf	18601c8048643977b657c11d86918545bd09d823	2026-08-16T21:21:49.504378+00:00	parameter tying	99.040000%	2061	keep	Union closest position groups 253 and 151	Family: parameter tying. Current retained frontier is 2,062 parameters at 99.040000%, a +0.040000 percentage-point margin over 99%. There have been 20 prior macro-attempts in this family and 44 prior micro-trials. The most recent accepted result is attempt-0078/micro-0023 at 2062 parameters and 99.040000%; the most recent failed result is attempt-0075/micro-0001 (error, no score). This is a parameterization-preserving compression: union current position groups represented by coordinates 253 and 151, whose learned values are -0.0078767557 and -0.0078539960 (absolute difference 2.276e-05), using a multiplicity-weighted mean. Hypothesis: this preserves qualification and yields 2,061 parameters. It is more informative than the nearest untested alternative (difference 2.279e-05) because it is the minimum-distortion eligible union; exact pairs already rejected under the unchanged grouping are excluded. Acceptance and rollback remain solely governed by the official runner.	0	0
attempt-0078	nearest-position-unions-infra-repair	micro-0025	74073a9e9383bd7e12e237f7eca36807dec5f34d	b5500c18a53fbf26c6c94790ae4ee1ba098574cf	2026-08-16T21:22:52.758873+00:00	parameter tying	99.040000%	2060	keep	Union closest position groups 286 and 159	Family: parameter tying. Current retained frontier is 2,061 parameters at 99.040000%, a +0.040000 percentage-point margin over 99%. There have been 20 prior macro-attempts in this family and 45 prior micro-trials. The most recent accepted result is attempt-0078/micro-0024 at 2061 parameters and 99.040000%; the most recent failed result is attempt-0075/micro-0001 (error, no score). This is a parameterization-preserving compression: union current position groups represented by coordinates 286 and 159, whose learned values are -0.0041147554 and -0.0040919622 (absolute difference 2.279e-05), using a multiplicity-weighted mean. Hypothesis: this preserves qualification and yields 2,060 parameters. It is more informative than the nearest untested alternative (difference 2.316e-05) because it is the minimum-distortion eligible union; exact pairs already rejected under the unchanged grouping are excluded. Acceptance and rollback remain solely governed by the official runner.	0	0
attempt-0078	nearest-position-unions-infra-repair	micro-0026	49846637fda03b777a8598bf7a05e5f19c7f6020	74073a9e9383bd7e12e237f7eca36807dec5f34d	2026-08-16T21:23:58.920099+00:00	parameter tying	99.040000%	2059	keep	Union closest position groups 190 and 115	Family: parameter tying. Current retained frontier is 2,060 parameters at 99.040000%, a +0.040000 percentage-point margin over 99%. There have been 20 prior macro-attempts in this family and 46 prior micro-trials. The most recent accepted result is attempt-0078/micro-0025 at 2060 parameters and 99.040000%; the most recent failed result is attempt-0075/micro-0001 (error, no score). This is a parameterization-preserving compression: union current position groups represented by coordinates 190 and 115, whose learned values are -0.0278409049 and -0.0278177448 (absolute difference 2.316e-05), using a multiplicity-weighted mean. Hypothesis: this preserves qualification and yields 2,059 parameters. It is more informative than the nearest untested alternative (difference 2.407e-05) because it is the minimum-distortion eligible union; exact pairs already rejected under the unchanged grouping are excluded. Acceptance and rollback remain solely governed by the official runner.	0	0
attempt-0078	nearest-position-unions-infra-repair	micro-0027	8e7c068ecc10b9c5f16137ba2a58d1eccc0ab7ac	49846637fda03b777a8598bf7a05e5f19c7f6020	2026-08-16T21:25:02.015115+00:00	parameter tying	99.040000%	2058	keep	Union closest position groups 64 and 378	Family: parameter tying. Current retained frontier is 2,059 parameters at 99.040000%, a +0.040000 percentage-point margin over 99%. There have been 20 prior macro-attempts in this family and 47 prior micro-trials. The most recent accepted result is attempt-0078/micro-0026 at 2059 parameters and 99.040000%; the most recent failed result is attempt-0075/micro-0001 (error, no score). This is a parameterization-preserving compression: union current position groups represented by coordinates 64 and 378, whose learned values are 0.0043012276 and 0.0043252981 (absolute difference 2.407e-05), using a multiplicity-weighted mean. Hypothesis: this preserves qualification and yields 2,058 parameters. It is more informative than the nearest untested alternative (difference 2.448e-05) because it is the minimum-distortion eligible union; exact pairs already rejected under the unchanged grouping are excluded. Acceptance and rollback remain solely governed by the official runner.	0	0
attempt-0078	nearest-position-unions-infra-repair	micro-0028	518d58ab1c788225936b84a34e6c361af55d273d	8e7c068ecc10b9c5f16137ba2a58d1eccc0ab7ac	2026-08-16T21:26:06.378110+00:00	parameter tying	99.040000%	2057	keep	Union closest position groups 417 and 13	Family: parameter tying. Current retained frontier is 2,058 parameters at 99.040000%, a +0.040000 percentage-point margin over 99%. There have been 20 prior macro-attempts in this family and 48 prior micro-trials. The most recent accepted result is attempt-0078/micro-0027 at 2058 parameters and 99.040000%; the most recent failed result is attempt-0075/micro-0001 (error, no score). This is a parameterization-preserving compression: union current position groups represented by coordinates 417 and 13, whose learned values are 0.0175062064 and 0.0175306890 (absolute difference 2.448e-05), using a multiplicity-weighted mean. Hypothesis: this preserves qualification and yields 2,057 parameters. It is more informative than the nearest untested alternative (difference 2.487e-05) because it is the minimum-distortion eligible union; exact pairs already rejected under the unchanged grouping are excluded. Acceptance and rollback remain solely governed by the official runner.	0	0
attempt-0078	nearest-position-unions-infra-repair	micro-0029	9f3503c3db1c59141aa280efc86d727f9e3c7960	518d58ab1c788225936b84a34e6c361af55d273d	2026-08-16T21:27:08.821026+00:00	parameter tying	99.030000%	2056	keep	Union closest position groups 304 and 439	Family: parameter tying. Current retained frontier is 2,057 parameters at 99.040000%, a +0.040000 percentage-point margin over 99%. There have been 20 prior macro-attempts in this family and 49 prior micro-trials. The most recent accepted result is attempt-0078/micro-0028 at 2057 parameters and 99.040000%; the most recent failed result is attempt-0075/micro-0001 (error, no score). This is a parameterization-preserving compression: union current position groups represented by coordinates 304 and 439, whose learned values are 0.0218563583 and 0.0218812283 (absolute difference 2.487e-05), using a multiplicity-weighted mean. Hypothesis: this preserves qualification and yields 2,056 parameters. It is more informative than the nearest untested alternative (difference 2.531e-05) because it is the minimum-distortion eligible union; exact pairs already rejected under the unchanged grouping are excluded. Acceptance and rollback remain solely governed by the official runner.	0	0
attempt-0078	nearest-position-unions-infra-repair	micro-0030	5834d2dcd7f31e9e4389d4acd5a43ce06b5b3bf4	9f3503c3db1c59141aa280efc86d727f9e3c7960	2026-08-16T21:28:11.053422+00:00	parameter tying	99.040000%	2055	keep	Union closest position groups 66 and 504	Family: parameter tying. Current retained frontier is 2,056 parameters at 99.030000%, a +0.030000 percentage-point margin over 99%. There have been 20 prior macro-attempts in this family and 50 prior micro-trials. The most recent accepted result is attempt-0078/micro-0029 at 2056 parameters and 99.030000%; the most recent failed result is attempt-0075/micro-0001 (error, no score). This is a parameterization-preserving compression: union current position groups represented by coordinates 66 and 504, whose learned values are -0.0118057728 and -0.0117804604 (absolute difference 2.531e-05), using a multiplicity-weighted mean. Hypothesis: this preserves qualification and yields 2,055 parameters. It is more informative than the nearest untested alternative (difference 2.595e-05) because it is the minimum-distortion eligible union; exact pairs already rejected under the unchanged grouping are excluded. Acceptance and rollback remain solely governed by the official runner.	0	0
attempt-0078	nearest-position-unions-infra-repair	micro-0031	062e715f4d4c8a29612b2e6d10449c001e7af16d	5834d2dcd7f31e9e4389d4acd5a43ce06b5b3bf4	2026-08-16T21:29:14.193310+00:00	parameter tying	99.030000%	2054	keep	Union closest position groups 301 and 7	Family: parameter tying. Current retained frontier is 2,055 parameters at 99.040000%, a +0.040000 percentage-point margin over 99%. There have been 20 prior macro-attempts in this family and 51 prior micro-trials. The most recent accepted result is attempt-0078/micro-0030 at 2055 parameters and 99.040000%; the most recent failed result is attempt-0075/micro-0001 (error, no score). This is a parameterization-preserving compression: union current position groups represented by coordinates 301 and 7, whose learned values are 0.0034964248 and 0.0035223761 (absolute difference 2.595e-05), using a multiplicity-weighted mean. Hypothesis: this preserves qualification and yields 2,054 parameters. It is more informative than the nearest untested alternative (difference 2.610e-05) because it is the minimum-distortion eligible union; exact pairs already rejected under the unchanged grouping are excluded. Acceptance and rollback remain solely governed by the official runner.	0	0
attempt-0078	nearest-position-unions-infra-repair	micro-0032	71469643084950c667476cf1090abc3388f42427	062e715f4d4c8a29612b2e6d10449c001e7af16d	2026-08-16T21:30:19.163652+00:00	parameter tying	99.030000%	2053	keep	Union closest position groups 65 and 399	Family: parameter tying. Current retained frontier is 2,054 parameters at 99.030000%, a +0.030000 percentage-point margin over 99%. There have been 20 prior macro-attempts in this family and 52 prior micro-trials. The most recent accepted result is attempt-0078/micro-0031 at 2054 parameters and 99.030000%; the most recent failed result is attempt-0075/micro-0001 (error, no score). This is a parameterization-preserving compression: union current position groups represented by coordinates 65 and 399, whose learned values are 0.0027315114 and 0.0027576096 (absolute difference 2.610e-05), using a multiplicity-weighted mean. Hypothesis: this preserves qualification and yields 2,053 parameters. It is more informative than the nearest untested alternative (difference 2.672e-05) because it is the minimum-distortion eligible union; exact pairs already rejected under the unchanged grouping are excluded. Acceptance and rollback remain solely governed by the official runner.	0	0
attempt-0078	nearest-position-unions-infra-repair	micro-0033	10c89543de4aa507cf9702fab2384603359d3747	71469643084950c667476cf1090abc3388f42427	2026-08-16T21:31:22.861734+00:00	parameter tying	99.030000%	2052	keep	Union closest position groups 266 and 375	Family: parameter tying. Current retained frontier is 2,053 parameters at 99.030000%, a +0.030000 percentage-point margin over 99%. There have been 20 prior macro-attempts in this family and 53 prior micro-trials. The most recent accepted result is attempt-0078/micro-0032 at 2053 parameters and 99.030000%; the most recent failed result is attempt-0075/micro-0001 (error, no score). This is a parameterization-preserving compression: union current position groups represented by coordinates 266 and 375, whose learned values are 0.0181030594 and 0.0181297828 (absolute difference 2.672e-05), using a multiplicity-weighted mean. Hypothesis: this preserves qualification and yields 2,052 parameters. It is more informative than the nearest untested alternative (difference 2.722e-05) because it is the minimum-distortion eligible union; exact pairs already rejected under the unchanged grouping are excluded. Acceptance and rollback remain solely governed by the official runner.	0	0
attempt-0078	nearest-position-unions-infra-repair	micro-0034	4426aa2cb3600386faaad1d3dff0993183940f80	10c89543de4aa507cf9702fab2384603359d3747	2026-08-16T21:32:25.380275+00:00	parameter tying	99.030000%	2051	keep	Union closest position groups 104 and 175	Family: parameter tying. Current retained frontier is 2,052 parameters at 99.030000%, a +0.030000 percentage-point margin over 99%. There have been 20 prior macro-attempts in this family and 54 prior micro-trials. The most recent accepted result is attempt-0078/micro-0033 at 2052 parameters and 99.030000%; the most recent failed result is attempt-0075/micro-0001 (error, no score). This is a parameterization-preserving compression: union current position groups represented by coordinates 104 and 175, whose learned values are -0.0038205665 and -0.0037933418 (absolute difference 2.722e-05), using a multiplicity-weighted mean. Hypothesis: this preserves qualification and yields 2,051 parameters. It is more informative than the nearest untested alternative (difference 2.723e-05) because it is the minimum-distortion eligible union; exact pairs already rejected under the unchanged grouping are excluded. Acceptance and rollback remain solely governed by the official runner.	0	0
attempt-0078	nearest-position-unions-infra-repair	micro-0035	12398914963b394cbb2fe58fcc07f1fda905f06b	4426aa2cb3600386faaad1d3dff0993183940f80	2026-08-16T21:33:28.767920+00:00	parameter tying	99.040000%	2050	keep	Union closest position groups 298 and 494	Family: parameter tying. Current retained frontier is 2,051 parameters at 99.030000%, a +0.030000 percentage-point margin over 99%. There have been 20 prior macro-attempts in this family and 55 prior micro-trials. The most recent accepted result is attempt-0078/micro-0034 at 2051 parameters and 99.030000%; the most recent failed result is attempt-0075/micro-0001 (error, no score). This is a parameterization-preserving compression: union current position groups represented by coordinates 298 and 494, whose learned values are 0.0117288586 and 0.0117560923 (absolute difference 2.723e-05), using a multiplicity-weighted mean. Hypothesis: this preserves qualification and yields 2,050 parameters. It is more informative than the nearest untested alternative (difference 2.781e-05) because it is the minimum-distortion eligible union; exact pairs already rejected under the unchanged grouping are excluded. Acceptance and rollback remain solely governed by the official runner.	0	0
attempt-0078	nearest-position-unions-infra-repair	micro-0036	2b397837b695b415aed2ed973f4c7e3766ed653c	12398914963b394cbb2fe58fcc07f1fda905f06b	2026-08-16T21:34:32.135814+00:00	parameter tying	99.030000%	2049	keep	Union closest position groups 280 and 72	Family: parameter tying. Current retained frontier is 2,050 parameters at 99.040000%, a +0.040000 percentage-point margin over 99%. There have been 20 prior macro-attempts in this family and 56 prior micro-trials. The most recent accepted result is attempt-0078/micro-0035 at 2050 parameters and 99.040000%; the most recent failed result is attempt-0075/micro-0001 (error, no score). This is a parameterization-preserving compression: union current position groups represented by coordinates 280 and 72, whose learned values are -0.0102292011 and -0.0102013918 (absolute difference 2.781e-05), using a multiplicity-weighted mean. Hypothesis: this preserves qualification and yields 2,049 parameters. It is more informative than the nearest untested alternative (difference 2.833e-05) because it is the minimum-distortion eligible union; exact pairs already rejected under the unchanged grouping are excluded. Acceptance and rollback remain solely governed by the official runner.	0	0
attempt-0078	nearest-position-unions-infra-repair	micro-0037	adbea502f36cf368360d78a94b5bb05f67821c6d	2b397837b695b415aed2ed973f4c7e3766ed653c	2026-08-16T21:35:34.347406+00:00	parameter tying	99.030000%	2048	keep	Union closest position groups 447 and 37	Family: parameter tying. Current retained frontier is 2,049 parameters at 99.030000%, a +0.030000 percentage-point margin over 99%. There have been 20 prior macro-attempts in this family and 57 prior micro-trials. The most recent accepted result is attempt-0078/micro-0036 at 2049 parameters and 99.030000%; the most recent failed result is attempt-0075/micro-0001 (error, no score). This is a parameterization-preserving compression: union current position groups represented by coordinates 447 and 37, whose learned values are -0.0080316989 and -0.0080033690 (absolute difference 2.833e-05), using a multiplicity-weighted mean. Hypothesis: this preserves qualification and yields 2,048 parameters. It is more informative than the nearest untested alternative (difference 2.850e-05) because it is the minimum-distortion eligible union; exact pairs already rejected under the unchanged grouping are excluded. Acceptance and rollback remain solely governed by the official runner.	0	0
attempt-0078	nearest-position-unions-infra-repair	micro-0038	2901bf7cd171d0308d4c62098bfdbe8fe2ce3e12	adbea502f36cf368360d78a94b5bb05f67821c6d	2026-08-16T21:36:37.275112+00:00	parameter tying	99.040000%	2047	keep	Union closest position groups 62 and 247	Family: parameter tying. Current retained frontier is 2,048 parameters at 99.030000%, a +0.030000 percentage-point margin over 99%. There have been 20 prior macro-attempts in this family and 58 prior micro-trials. The most recent accepted result is attempt-0078/micro-0037 at 2048 parameters and 99.030000%; the most recent failed result is attempt-0075/micro-0001 (error, no score). This is a parameterization-preserving compression: union current position groups represented by coordinates 62 and 247, whose learned values are 0.0153121371 and 0.0153406421 (absolute difference 2.850e-05), using a multiplicity-weighted mean. Hypothesis: this preserves qualification and yields 2,047 parameters. It is more informative than the nearest untested alternative (difference 2.862e-05) because it is the minimum-distortion eligible union; exact pairs already rejected under the unchanged grouping are excluded. Acceptance and rollback remain solely governed by the official runner.	0	0
attempt-0078	nearest-position-unions-infra-repair	micro-0039	9ce03c65b377b9fb49947f4c2f901ea06c345a4a	2901bf7cd171d0308d4c62098bfdbe8fe2ce3e12	2026-08-16T21:37:39.543554+00:00	parameter tying	99.040000%	2046	keep	Union closest position groups 478 and 264	Family: parameter tying. Current retained frontier is 2,047 parameters at 99.040000%, a +0.040000 percentage-point margin over 99%. There have been 20 prior macro-attempts in this family and 59 prior micro-trials. The most recent accepted result is attempt-0078/micro-0038 at 2047 parameters and 99.040000%; the most recent failed result is attempt-0075/micro-0001 (error, no score). This is a parameterization-preserving compression: union current position groups represented by coordinates 478 and 264, whose learned values are 0.0086001214 and 0.0086287428 (absolute difference 2.862e-05), using a multiplicity-weighted mean. Hypothesis: this preserves qualification and yields 2,046 parameters. It is more informative than the nearest untested alternative (difference 3.049e-05) because it is the minimum-distortion eligible union; exact pairs already rejected under the unchanged grouping are excluded. Acceptance and rollback remain solely governed by the official runner.	0	0
attempt-0078	nearest-position-unions-infra-repair	micro-0040	3e7c372965464e1b61c6db136a73c6501bae79ed	9ce03c65b377b9fb49947f4c2f901ea06c345a4a	2026-08-16T21:38:40.904951+00:00	parameter tying	99.040000%	2045	keep	Union closest position groups 436 and 16	Family: parameter tying. Current retained frontier is 2,046 parameters at 99.040000%, a +0.040000 percentage-point margin over 99%. There have been 20 prior macro-attempts in this family and 60 prior micro-trials. The most recent accepted result is attempt-0078/micro-0039 at 2046 parameters and 99.040000%; the most recent failed result is attempt-0075/micro-0001 (error, no score). This is a parameterization-preserving compression: union current position groups represented by coordinates 436 and 16, whose learned values are 0.0330760553 and 0.0331065468 (absolute difference 3.049e-05), using a multiplicity-weighted mean. Hypothesis: this preserves qualification and yields 2,045 parameters. It is more informative than the nearest untested alternative (difference 3.255e-05) because it is the minimum-distortion eligible union; exact pairs already rejected under the unchanged grouping are excluded. Acceptance and rollback remain solely governed by the official runner.	0	0
attempt-0078	nearest-position-unions-infra-repair	micro-0041	701a9b481a067467340096caa9c2851681e3dff3	3e7c372965464e1b61c6db136a73c6501bae79ed	2026-08-16T21:39:43.128583+00:00	parameter tying	99.040000%	2044	keep	Union closest position groups 152 and 366	Family: parameter tying. Current retained frontier is 2,045 parameters at 99.040000%, a +0.040000 percentage-point margin over 99%. There have been 20 prior macro-attempts in this family and 61 prior micro-trials. The most recent accepted result is attempt-0078/micro-0040 at 2045 parameters and 99.040000%; the most recent failed result is attempt-0075/micro-0001 (error, no score). This is a parameterization-preserving compression: union current position groups represented by coordinates 152 and 366, whose learned values are 0.0197182689 and 0.0197508186 (absolute difference 3.255e-05), using a multiplicity-weighted mean. Hypothesis: this preserves qualification and yields 2,044 parameters. It is more informative than the nearest untested alternative (difference 3.303e-05) because it is the minimum-distortion eligible union; exact pairs already rejected under the unchanged grouping are excluded. Acceptance and rollback remain solely governed by the official runner.	0	0
attempt-0078	nearest-position-unions-infra-repair	micro-0042	d4a389c4999f17db9226b572297fc440032c1f17	701a9b481a067467340096caa9c2851681e3dff3	2026-08-16T21:40:45.797687+00:00	parameter tying	99.050000%	2043	keep	Union closest position groups 154 and 288	Family: parameter tying. Current retained frontier is 2,044 parameters at 99.040000%, a +0.040000 percentage-point margin over 99%. There have been 20 prior macro-attempts in this family and 62 prior micro-trials. The most recent accepted result is attempt-0078/micro-0041 at 2044 parameters and 99.040000%; the most recent failed result is attempt-0075/micro-0001 (error, no score). This is a parameterization-preserving compression: union current position groups represented by coordinates 154 and 288, whose learned values are 0.0038395720 and 0.0038725981 (absolute difference 3.303e-05), using a multiplicity-weighted mean. Hypothesis: this preserves qualification and yields 2,043 parameters. It is more informative than the nearest untested alternative (difference 3.316e-05) because it is the minimum-distortion eligible union; exact pairs already rejected under the unchanged grouping are excluded. Acceptance and rollback remain solely governed by the official runner.	0	0
attempt-0078	nearest-position-unions-infra-repair	micro-0043	b0440b138bbacb61d68b2a311c69b5fc281b0b62	d4a389c4999f17db9226b572297fc440032c1f17	2026-08-16T21:41:50.403657+00:00	parameter tying	99.050000%	2042	keep	Union closest position groups 248 and 118	Family: parameter tying. Current retained frontier is 2,043 parameters at 99.050000%, a +0.050000 percentage-point margin over 99%. There have been 20 prior macro-attempts in this family and 63 prior micro-trials. The most recent accepted result is attempt-0078/micro-0042 at 2043 parameters and 99.050000%; the most recent failed result is attempt-0075/micro-0001 (error, no score). This is a parameterization-preserving compression: union current position groups represented by coordinates 248 and 118, whose learned values are -0.0004757667 and -0.0004426104 (absolute difference 3.316e-05), using a multiplicity-weighted mean. Hypothesis: this preserves qualification and yields 2,042 parameters. It is more informative than the nearest untested alternative (difference 3.341e-05) because it is the minimum-distortion eligible union; exact pairs already rejected under the unchanged grouping are excluded. Acceptance and rollback remain solely governed by the official runner.	0	0
attempt-0078	nearest-position-unions-infra-repair	micro-0044	248878b0d0efe204af2eb72f3a13ce4c954e9b04	b0440b138bbacb61d68b2a311c69b5fc281b0b62	2026-08-16T21:42:53.594522+00:00	parameter tying	99.060000%	2041	keep	Union closest position groups 192 and 63	Family: parameter tying. Current retained frontier is 2,042 parameters at 99.050000%, a +0.050000 percentage-point margin over 99%. There have been 20 prior macro-attempts in this family and 64 prior micro-trials. The most recent accepted result is attempt-0078/micro-0043 at 2042 parameters and 99.050000%; the most recent failed result is attempt-0075/micro-0001 (error, no score). This is a parameterization-preserving compression: union current position groups represented by coordinates 192 and 63, whose learned values are -0.0016857947 and -0.0016523860 (absolute difference 3.341e-05), using a multiplicity-weighted mean. Hypothesis: this preserves qualification and yields 2,041 parameters. It is more informative than the nearest untested alternative (difference 3.489e-05) because it is the minimum-distortion eligible union; exact pairs already rejected under the unchanged grouping are excluded. Acceptance and rollback remain solely governed by the official runner.	0	0
attempt-0078	nearest-position-unions-infra-repair	micro-0045	4a9cc99049ed9abe2c21f90a3935506ec279768c	248878b0d0efe204af2eb72f3a13ce4c954e9b04	2026-08-16T21:43:58.270672+00:00	parameter tying	99.050000%	2040	keep	Union closest position groups 7 and 166	Family: parameter tying. Current retained frontier is 2,041 parameters at 99.060000%, a +0.060000 percentage-point margin over 99%. There have been 20 prior macro-attempts in this family and 65 prior micro-trials. The most recent accepted result is attempt-0078/micro-0044 at 2041 parameters and 99.060000%; the most recent failed result is attempt-0075/micro-0001 (error, no score). This is a parameterization-preserving compression: union current position groups represented by coordinates 7 and 166, whose learned values are 0.0035137255 and 0.0035486163 (absolute difference 3.489e-05), using a multiplicity-weighted mean. Hypothesis: this preserves qualification and yields 2,040 parameters. It is more informative than the nearest untested alternative (difference 3.495e-05) because it is the minimum-distortion eligible union; exact pairs already rejected under the unchanged grouping are excluded. Acceptance and rollback remain solely governed by the official runner.	0	0
attempt-0078	nearest-position-unions-infra-repair	micro-0046	f6849791825c03503b81bda8990a8ce6008dd474	4a9cc99049ed9abe2c21f90a3935506ec279768c	2026-08-16T21:45:01.888019+00:00	parameter tying	99.060000%	2039	keep	Union closest position groups 197 and 398	Family: parameter tying. Current retained frontier is 2,040 parameters at 99.050000%, a +0.050000 percentage-point margin over 99%. There have been 20 prior macro-attempts in this family and 66 prior micro-trials. The most recent accepted result is attempt-0078/micro-0045 at 2040 parameters and 99.050000%; the most recent failed result is attempt-0075/micro-0001 (error, no score). This is a parameterization-preserving compression: union current position groups represented by coordinates 197 and 398, whose learned values are -0.0037308012 and -0.0036958514 (absolute difference 3.495e-05), using a multiplicity-weighted mean. Hypothesis: this preserves qualification and yields 2,039 parameters. It is more informative than the nearest untested alternative (difference 3.505e-05) because it is the minimum-distortion eligible union; exact pairs already rejected under the unchanged grouping are excluded. Acceptance and rollback remain solely governed by the official runner.	0	0
attempt-0078	nearest-position-unions-infra-repair	micro-0047	a484563663f1b72a0c07d64da5586352f65db7af	f6849791825c03503b81bda8990a8ce6008dd474	2026-08-16T21:46:04.168328+00:00	parameter tying	99.060000%	2038	keep	Union closest position groups 112 and 128	Family: parameter tying. Current retained frontier is 2,039 parameters at 99.060000%, a +0.060000 percentage-point margin over 99%. There have been 20 prior macro-attempts in this family and 67 prior micro-trials. The most recent accepted result is attempt-0078/micro-0046 at 2039 parameters and 99.060000%; the most recent failed result is attempt-0075/micro-0001 (error, no score). This is a parameterization-preserving compression: union current position groups represented by coordinates 112 and 128, whose learned values are 0.0059121135 and 0.0059471619 (absolute difference 3.505e-05), using a multiplicity-weighted mean. Hypothesis: this preserves qualification and yields 2,038 parameters. It is more informative than the nearest untested alternative (difference 3.524e-05) because it is the minimum-distortion eligible union; exact pairs already rejected under the unchanged grouping are excluded. Acceptance and rollback remain solely governed by the official runner.	0	0
attempt-0078	nearest-position-unions-infra-repair	micro-0048	0939e059551ad1be3572ffd89b839d3f033407c3	a484563663f1b72a0c07d64da5586352f65db7af	2026-08-16T21:47:06.500269+00:00	parameter tying	99.060000%	2037	keep	Union closest position groups 56 and 126	Family: parameter tying. Current retained frontier is 2,038 parameters at 99.060000%, a +0.060000 percentage-point margin over 99%. There have been 20 prior macro-attempts in this family and 68 prior micro-trials. The most recent accepted result is attempt-0078/micro-0047 at 2038 parameters and 99.060000%; the most recent failed result is attempt-0075/micro-0001 (error, no score). This is a parameterization-preserving compression: union current position groups represented by coordinates 56 and 126, whose learned values are -0.0200093556 and -0.0199741181 (absolute difference 3.524e-05), using a multiplicity-weighted mean. Hypothesis: this preserves qualification and yields 2,037 parameters. It is more informative than the nearest untested alternative (difference 3.527e-05) because it is the minimum-distortion eligible union; exact pairs already rejected under the unchanged grouping are excluded. Acceptance and rollback remain solely governed by the official runner.	0	0
attempt-0078	nearest-position-unions-infra-repair	micro-0049	f52ebcffe3d254340ec8fa8b7a4ecc7c6fefd35b	0939e059551ad1be3572ffd89b839d3f033407c3	2026-08-16T21:48:09.432648+00:00	parameter tying	99.060000%	2036	keep	Union closest position groups 195 and 179	Family: parameter tying. Current retained frontier is 2,037 parameters at 99.060000%, a +0.060000 percentage-point margin over 99%. There have been 20 prior macro-attempts in this family and 69 prior micro-trials. The most recent accepted result is attempt-0078/micro-0048 at 2037 parameters and 99.060000%; the most recent failed result is attempt-0075/micro-0001 (error, no score). This is a parameterization-preserving compression: union current position groups represented by coordinates 195 and 179, whose learned values are -0.0129512744 and -0.0129160043 (absolute difference 3.527e-05), using a multiplicity-weighted mean. Hypothesis: this preserves qualification and yields 2,036 parameters. It is more informative than the nearest untested alternative (difference 3.532e-05) because it is the minimum-distortion eligible union; exact pairs already rejected under the unchanged grouping are excluded. Acceptance and rollback remain solely governed by the official runner.	0	0
attempt-0078	nearest-position-unions-infra-repair	micro-0050	ba1550c3b6f514df6efca2daada76d0607bf2643	f52ebcffe3d254340ec8fa8b7a4ecc7c6fefd35b	2026-08-16T21:49:14.744523+00:00	parameter tying	99.050000%	2035	keep	Union closest position groups 317 and 336	Family: parameter tying. Current retained frontier is 2,036 parameters at 99.060000%, a +0.060000 percentage-point margin over 99%. There have been 20 prior macro-attempts in this family and 70 prior micro-trials. The most recent accepted result is attempt-0078/micro-0049 at 2036 parameters and 99.060000%; the most recent failed result is attempt-0075/micro-0001 (error, no score). This is a parameterization-preserving compression: union current position groups represented by coordinates 317 and 336, whose learned values are -0.0211009458 and -0.0210656300 (absolute difference 3.532e-05), using a multiplicity-weighted mean. Hypothesis: this preserves qualification and yields 2,035 parameters. It is more informative than the nearest untested alternative (difference 3.563e-05) because it is the minimum-distortion eligible union; exact pairs already rejected under the unchanged grouping are excluded. Acceptance and rollback remain solely governed by the official runner.	0	0
attempt-0078	nearest-position-unions-infra-repair	micro-0051	f32f98e2bc5e32ca3481410e1ab71650d68ebb15	ba1550c3b6f514df6efca2daada76d0607bf2643	2026-08-16T21:50:17.776004+00:00	parameter tying	99.050000%	2034	keep	Union closest position groups 376 and 90	Family: parameter tying. Current retained frontier is 2,035 parameters at 99.050000%, a +0.050000 percentage-point margin over 99%. There have been 20 prior macro-attempts in this family and 71 prior micro-trials. The most recent accepted result is attempt-0078/micro-0050 at 2035 parameters and 99.050000%; the most recent failed result is attempt-0075/micro-0001 (error, no score). This is a parameterization-preserving compression: union current position groups represented by coordinates 376 and 90, whose learned values are -0.0046655159 and -0.0046298895 (absolute difference 3.563e-05), using a multiplicity-weighted mean. Hypothesis: this preserves qualification and yields 2,034 parameters. It is more informative than the nearest untested alternative (difference 3.619e-05) because it is the minimum-distortion eligible union; exact pairs already rejected under the unchanged grouping are excluded. Acceptance and rollback remain solely governed by the official runner.	0	0
attempt-0078	nearest-position-unions-infra-repair	micro-0052	ddbc71ba0a9235bb21b20eebbbec5689f4416d3a	f32f98e2bc5e32ca3481410e1ab71650d68ebb15	2026-08-16T21:51:21.185679+00:00	parameter tying	99.060000%	2033	keep	Union closest position groups 244 and 488	Family: parameter tying. Current retained frontier is 2,034 parameters at 99.050000%, a +0.050000 percentage-point margin over 99%. There have been 20 prior macro-attempts in this family and 72 prior micro-trials. The most recent accepted result is attempt-0078/micro-0051 at 2034 parameters and 99.050000%; the most recent failed result is attempt-0075/micro-0001 (error, no score). This is a parameterization-preserving compression: union current position groups represented by coordinates 244 and 488, whose learned values are 0.0018376078 and 0.0018737979 (absolute difference 3.619e-05), using a multiplicity-weighted mean. Hypothesis: this preserves qualification and yields 2,033 parameters. It is more informative than the nearest untested alternative (difference 3.720e-05) because it is the minimum-distortion eligible union; exact pairs already rejected under the unchanged grouping are excluded. Acceptance and rollback remain solely governed by the official runner.	0	0
attempt-0078	nearest-position-unions-infra-repair	micro-0053	be59c78f0e3e4fde700c9994381620d5771bb92f	ddbc71ba0a9235bb21b20eebbbec5689f4416d3a	2026-08-16T21:52:23.666651+00:00	parameter tying	99.060000%	2032	keep	Union closest position groups 177 and 41	Family: parameter tying. Current retained frontier is 2,033 parameters at 99.060000%, a +0.060000 percentage-point margin over 99%. There have been 20 prior macro-attempts in this family and 73 prior micro-trials. The most recent accepted result is attempt-0078/micro-0052 at 2033 parameters and 99.060000%; the most recent failed result is attempt-0075/micro-0001 (error, no score). This is a parameterization-preserving compression: union current position groups represented by coordinates 177 and 41, whose learned values are 0.0004997810 and 0.0005369809 (absolute difference 3.720e-05), using a multiplicity-weighted mean. Hypothesis: this preserves qualification and yields 2,032 parameters. It is more informative than the nearest untested alternative (difference 3.728e-05) because it is the minimum-distortion eligible union; exact pairs already rejected under the unchanged grouping are excluded. Acceptance and rollback remain solely governed by the official runner.	0	0
attempt-0078	nearest-position-unions-infra-repair	micro-0054	b1ddd621a0b0be3bf9d6167febf14bdd24807cb6	be59c78f0e3e4fde700c9994381620d5771bb92f	2026-08-16T21:53:26.434989+00:00	parameter tying	99.060000%	2031	keep	Union closest position groups 383 and 265	Family: parameter tying. Current retained frontier is 2,032 parameters at 99.060000%, a +0.060000 percentage-point margin over 99%. There have been 20 prior macro-attempts in this family and 74 prior micro-trials. The most recent accepted result is attempt-0078/micro-0053 at 2032 parameters and 99.060000%; the most recent failed result is attempt-0075/micro-0001 (error, no score). This is a parameterization-preserving compression: union current position groups represented by coordinates 383 and 265, whose learned values are 0.0063178721 and 0.0063551543 (absolute difference 3.728e-05), using a multiplicity-weighted mean. Hypothesis: this preserves qualification and yields 2,031 parameters. It is more informative than the nearest untested alternative (difference 3.920e-05) because it is the minimum-distortion eligible union; exact pairs already rejected under the unchanged grouping are excluded. Acceptance and rollback remain solely governed by the official runner.	0	0
attempt-0078	nearest-position-unions-infra-repair	micro-0055	122cf75e819e961eb5f3fd34c33c7d635a2d6ef0	b1ddd621a0b0be3bf9d6167febf14bdd24807cb6	2026-08-16T21:54:29.625760+00:00	parameter tying	99.060000%	2030	keep	Union closest position groups 323 and 381	Family: parameter tying. Current retained frontier is 2,031 parameters at 99.060000%, a +0.060000 percentage-point margin over 99%. There have been 20 prior macro-attempts in this family and 75 prior micro-trials. The most recent accepted result is attempt-0078/micro-0054 at 2031 parameters and 99.060000%; the most recent failed result is attempt-0075/micro-0001 (error, no score). This is a parameterization-preserving compression: union current position groups represented by coordinates 323 and 381, whose learned values are 0.0139827719 and 0.0140219703 (absolute difference 3.920e-05), using a multiplicity-weighted mean. Hypothesis: this preserves qualification and yields 2,030 parameters. It is more informative than the nearest untested alternative (difference 3.927e-05) because it is the minimum-distortion eligible union; exact pairs already rejected under the unchanged grouping are excluded. Acceptance and rollback remain solely governed by the official runner.	0	0
attempt-0078	nearest-position-unions-infra-repair	micro-0056	ffcb69eea4af27e4ff787eebd4a15cc781150180	122cf75e819e961eb5f3fd34c33c7d635a2d6ef0	2026-08-16T21:55:32.667103+00:00	parameter tying	99.050000%	2029	keep	Union closest position groups 320 and 257	Family: parameter tying. Current retained frontier is 2,030 parameters at 99.060000%, a +0.060000 percentage-point margin over 99%. There have been 20 prior macro-attempts in this family and 76 prior micro-trials. The most recent accepted result is attempt-0078/micro-0055 at 2030 parameters and 99.060000%; the most recent failed result is attempt-0075/micro-0001 (error, no score). This is a parameterization-preserving compression: union current position groups represented by coordinates 320 and 257, whose learned values are 0.0212913547 and 0.0213306285 (absolute difference 3.927e-05), using a multiplicity-weighted mean. Hypothesis: this preserves qualification and yields 2,029 parameters. It is more informative than the nearest untested alternative (difference 3.943e-05) because it is the minimum-distortion eligible union; exact pairs already rejected under the unchanged grouping are excluded. Acceptance and rollback remain solely governed by the official runner.	0	0
attempt-0078	nearest-position-unions-infra-repair	micro-0057	587e12585030e5cc58dc552c528a64a95b668925	ffcb69eea4af27e4ff787eebd4a15cc781150180	2026-08-16T21:56:37.701198+00:00	parameter tying	99.060000%	2028	keep	Union closest position groups 287 and 322	Family: parameter tying. Current retained frontier is 2,029 parameters at 99.050000%, a +0.050000 percentage-point margin over 99%. There have been 20 prior macro-attempts in this family and 77 prior micro-trials. The most recent accepted result is attempt-0078/micro-0056 at 2029 parameters and 99.050000%; the most recent failed result is attempt-0075/micro-0001 (error, no score). This is a parameterization-preserving compression: union current position groups represented by coordinates 287 and 322, whose learned values are 0.0022841841 and 0.0023236161 (absolute difference 3.943e-05), using a multiplicity-weighted mean. Hypothesis: this preserves qualification and yields 2,028 parameters. It is more informative than the nearest untested alternative (difference 4.003e-05) because it is the minimum-distortion eligible union; exact pairs already rejected under the unchanged grouping are excluded. Acceptance and rollback remain solely governed by the official runner.	0	0
attempt-0078	nearest-position-unions-infra-repair	micro-0058	946bde5c0434c4e3c28c2e1fe6e42b28b25c917a	587e12585030e5cc58dc552c528a64a95b668925	2026-08-16T21:57:40.672310+00:00	parameter tying	99.040000%	2027	keep	Union closest position groups 77 and 291	Family: parameter tying. Current retained frontier is 2,028 parameters at 99.060000%, a +0.060000 percentage-point margin over 99%. There have been 20 prior macro-attempts in this family and 78 prior micro-trials. The most recent accepted result is attempt-0078/micro-0057 at 2028 parameters and 99.060000%; the most recent failed result is attempt-0075/micro-0001 (error, no score). This is a parameterization-preserving compression: union current position groups represented by coordinates 77 and 291, whose learned values are 0.0007743728 and 0.0008143999 (absolute difference 4.003e-05), using a multiplicity-weighted mean. Hypothesis: this preserves qualification and yields 2,027 parameters. It is more informative than the nearest untested alternative (difference 4.011e-05) because it is the minimum-distortion eligible union; exact pairs already rejected under the unchanged grouping are excluded. Acceptance and rollback remain solely governed by the official runner.	0	0
attempt-0078	nearest-position-unions-infra-repair	micro-0059	3d4fd36ea67fe400db31c39dd3b8eb9af6ecbef2	946bde5c0434c4e3c28c2e1fe6e42b28b25c917a	2026-08-16T21:58:44.121787+00:00	parameter tying	99.040000%	2026	keep	Union closest position groups 434 and 430	Family: parameter tying. Current retained frontier is 2,027 parameters at 99.040000%, a +0.040000 percentage-point margin over 99%. There have been 20 prior macro-attempts in this family and 79 prior micro-trials. The most recent accepted result is attempt-0078/micro-0058 at 2027 parameters and 99.040000%; the most recent failed result is attempt-0075/micro-0001 (error, no score). This is a parameterization-preserving compression: union current position groups represented by coordinates 434 and 430, whose learned values are -0.0226544142 and -0.0226143077 (absolute difference 4.011e-05), using a multiplicity-weighted mean. Hypothesis: this preserves qualification and yields 2,026 parameters. It is more informative than the nearest untested alternative (difference 4.051e-05) because it is the minimum-distortion eligible union; exact pairs already rejected under the unchanged grouping are excluded. Acceptance and rollback remain solely governed by the official runner.	0	0
attempt-0078	nearest-position-unions-infra-repair	micro-0060	6c63bbee3135e90b755a089a0445e5370172b487	3d4fd36ea67fe400db31c39dd3b8eb9af6ecbef2	2026-08-16T21:59:47.475280+00:00	parameter tying	99.040000%	2025	keep	Union closest position groups 88 and 25	Family: parameter tying. Current retained frontier is 2,026 parameters at 99.040000%, a +0.040000 percentage-point margin over 99%. There have been 20 prior macro-attempts in this family and 80 prior micro-trials. The most recent accepted result is attempt-0078/micro-0059 at 2026 parameters and 99.040000%; the most recent failed result is attempt-0075/micro-0001 (error, no score). This is a parameterization-preserving compression: union current position groups represented by coordinates 88 and 25, whose learned values are -0.0134652304 and -0.0134247188 (absolute difference 4.051e-05), using a multiplicity-weighted mean. Hypothesis: this preserves qualification and yields 2,025 parameters. It is more informative than the nearest untested alternative (difference 4.212e-05) because it is the minimum-distortion eligible union; exact pairs already rejected under the unchanged grouping are excluded. Acceptance and rollback remain solely governed by the official runner.	0	0
attempt-0078	nearest-position-unions-infra-repair	micro-0061	5e4dab977ea9deb453ff53e4c4dd4111c46bb20f	6c63bbee3135e90b755a089a0445e5370172b487	2026-08-16T22:00:50.329307+00:00	parameter tying	99.040000%	2024	keep	Union closest position groups 433 and 266	Family: parameter tying. Current retained frontier is 2,025 parameters at 99.040000%, a +0.040000 percentage-point margin over 99%. There have been 20 prior macro-attempts in this family and 81 prior micro-trials. The most recent accepted result is attempt-0078/micro-0060 at 2025 parameters and 99.040000%; the most recent failed result is attempt-0075/micro-0001 (error, no score). This is a parameterization-preserving compression: union current position groups represented by coordinates 433 and 266, whose learned values are 0.0180742983 and 0.0181164220 (absolute difference 4.212e-05), using a multiplicity-weighted mean. Hypothesis: this preserves qualification and yields 2,024 parameters. It is more informative than the nearest untested alternative (difference 4.220e-05) because it is the minimum-distortion eligible union; exact pairs already rejected under the unchanged grouping are excluded. Acceptance and rollback remain solely governed by the official runner.	0	0
attempt-0078	nearest-position-unions-infra-repair	micro-0062	bf5e78e838998c3a8e76265b6d7e60f464693c03	5e4dab977ea9deb453ff53e4c4dd4111c46bb20f	2026-08-16T22:01:52.863938+00:00	parameter tying	99.040000%	2023	keep	Union closest position groups 397 and 246	Family: parameter tying. Current retained frontier is 2,024 parameters at 99.040000%, a +0.040000 percentage-point margin over 99%. There have been 20 prior macro-attempts in this family and 82 prior micro-trials. The most recent accepted result is attempt-0078/micro-0061 at 2024 parameters and 99.040000%; the most recent failed result is attempt-0075/micro-0001 (error, no score). This is a parameterization-preserving compression: union current position groups represented by coordinates 397 and 246, whose learned values are 0.0131036239 and 0.0131458230 (absolute difference 4.220e-05), using a multiplicity-weighted mean. Hypothesis: this preserves qualification and yields 2,023 parameters. It is more informative than the nearest untested alternative (difference 4.239e-05) because it is the minimum-distortion eligible union; exact pairs already rejected under the unchanged grouping are excluded. Acceptance and rollback remain solely governed by the official runner.	0	0
attempt-0078	nearest-position-unions-infra-repair	micro-0063	cd44888bf6881fd19e9a7ffb70eb94da77168be3	bf5e78e838998c3a8e76265b6d7e60f464693c03	2026-08-16T22:02:56.044399+00:00	parameter tying	99.040000%	2022	keep	Union closest position groups 120 and 255	Family: parameter tying. Current retained frontier is 2,023 parameters at 99.040000%, a +0.040000 percentage-point margin over 99%. There have been 20 prior macro-attempts in this family and 83 prior micro-trials. The most recent accepted result is attempt-0078/micro-0062 at 2023 parameters and 99.040000%; the most recent failed result is attempt-0075/micro-0001 (error, no score). This is a parameterization-preserving compression: union current position groups represented by coordinates 120 and 255, whose learned values are -0.0020713275 and -0.0020289347 (absolute difference 4.239e-05), using a multiplicity-weighted mean. Hypothesis: this preserves qualification and yields 2,022 parameters. It is more informative than the nearest untested alternative (difference 4.253e-05) because it is the minimum-distortion eligible union; exact pairs already rejected under the unchanged grouping are excluded. Acceptance and rollback remain solely governed by the official runner.	0	0
attempt-0078	nearest-position-unions-infra-repair	micro-0064	01ac2a657e7d110d9aefce3837a9b635afdb1b7d	cd44888bf6881fd19e9a7ffb70eb94da77168be3	2026-08-16T22:03:59.453425+00:00	parameter tying	99.040000%	2021	keep	Union closest position groups 34 and 304	Family: parameter tying. Current retained frontier is 2,022 parameters at 99.040000%, a +0.040000 percentage-point margin over 99%. There have been 20 prior macro-attempts in this family and 84 prior micro-trials. The most recent accepted result is attempt-0078/micro-0063 at 2022 parameters and 99.040000%; the most recent failed result is attempt-0075/micro-0001 (error, no score). This is a parameterization-preserving compression: union current position groups represented by coordinates 34 and 304, whose learned values are 0.0218262654 and 0.0218687933 (absolute difference 4.253e-05), using a multiplicity-weighted mean. Hypothesis: this preserves qualification and yields 2,021 parameters. It is more informative than the nearest untested alternative (difference 4.263e-05) because it is the minimum-distortion eligible union; exact pairs already rejected under the unchanged grouping are excluded. Acceptance and rollback remain solely governed by the official runner.	0	0
attempt-0078	nearest-position-unions-infra-repair	micro-0065	98c39113619b4123ee67ed7b8ccfef1d9358f480	01ac2a657e7d110d9aefce3837a9b635afdb1b7d	2026-08-16T22:05:03.725050+00:00	parameter tying	99.040000%	2020	keep	Union closest position groups 463 and 138	Family: parameter tying. Current retained frontier is 2,021 parameters at 99.040000%, a +0.040000 percentage-point margin over 99%. There have been 20 prior macro-attempts in this family and 85 prior micro-trials. The most recent accepted result is attempt-0078/micro-0064 at 2021 parameters and 99.040000%; the most recent failed result is attempt-0075/micro-0001 (error, no score). This is a parameterization-preserving compression: union current position groups represented by coordinates 463 and 138, whose learned values are -0.0027563022 and -0.0027136749 (absolute difference 4.263e-05), using a multiplicity-weighted mean. Hypothesis: this preserves qualification and yields 2,020 parameters. It is more informative than the nearest untested alternative (difference 4.457e-05) because it is the minimum-distortion eligible union; exact pairs already rejected under the unchanged grouping are excluded. Acceptance and rollback remain solely governed by the official runner.	0	0
attempt-0078	nearest-position-unions-infra-repair	micro-0066	b9c201a28d2d9519c701e01b74dab90e0197f930	98c39113619b4123ee67ed7b8ccfef1d9358f480	2026-08-16T22:06:10.496065+00:00	parameter tying	99.040000%	2019	keep	Union closest position groups 401 and 263	Family: parameter tying. Current retained frontier is 2,020 parameters at 99.040000%, a +0.040000 percentage-point margin over 99%. There have been 20 prior macro-attempts in this family and 86 prior micro-trials. The most recent accepted result is attempt-0078/micro-0065 at 2020 parameters and 99.040000%; the most recent failed result is attempt-0075/micro-0001 (error, no score). This is a parameterization-preserving compression: union current position groups represented by coordinates 401 and 263, whose learned values are 0.0116190100 and 0.0116635850 (absolute difference 4.457e-05), using a multiplicity-weighted mean. Hypothesis: this preserves qualification and yields 2,019 parameters. It is more informative than the nearest untested alternative (difference 4.529e-05) because it is the minimum-distortion eligible union; exact pairs already rejected under the unchanged grouping are excluded. Acceptance and rollback remain solely governed by the official runner.	0	0
attempt-0078	nearest-position-unions-infra-repair	micro-0067	059f4da3192dfc71f0ce15b5b990a7be160b8548	b9c201a28d2d9519c701e01b74dab90e0197f930	2026-08-16T22:07:13.096824+00:00	parameter tying	99.050000%	2018	keep	Union closest position groups 367 and 435	Family: parameter tying. Current retained frontier is 2,019 parameters at 99.040000%, a +0.040000 percentage-point margin over 99%. There have been 20 prior macro-attempts in this family and 87 prior micro-trials. The most recent accepted result is attempt-0078/micro-0066 at 2019 parameters and 99.040000%; the most recent failed result is attempt-0075/micro-0001 (error, no score). This is a parameterization-preserving compression: union current position groups represented by coordinates 367 and 435, whose learned values are 0.0118183270 and 0.0118636144 (absolute difference 4.529e-05), using a multiplicity-weighted mean. Hypothesis: this preserves qualification and yields 2,018 parameters. It is more informative than the nearest untested alternative (difference 4.559e-05) because it is the minimum-distortion eligible union; exact pairs already rejected under the unchanged grouping are excluded. Acceptance and rollback remain solely governed by the official runner.	0	0
attempt-0078	nearest-position-unions-infra-repair	micro-0068	95b141893cf7a963773b5f80518ee32f1a62d257	059f4da3192dfc71f0ce15b5b990a7be160b8548	2026-08-16T22:08:15.470252+00:00	parameter tying	99.060000%	2017	keep	Union closest position groups 198 and 273	Family: parameter tying. Current retained frontier is 2,018 parameters at 99.050000%, a +0.050000 percentage-point margin over 99%. There have been 20 prior macro-attempts in this family and 88 prior micro-trials. The most recent accepted result is attempt-0078/micro-0067 at 2018 parameters and 99.050000%; the most recent failed result is attempt-0075/micro-0001 (error, no score). This is a parameterization-preserving compression: union current position groups represented by coordinates 198 and 273, whose learned values are 0.0105306180 and 0.0105762091 (absolute difference 4.559e-05), using a multiplicity-weighted mean. Hypothesis: this preserves qualification and yields 2,017 parameters. It is more informative than the nearest untested alternative (difference 4.569e-05) because it is the minimum-distortion eligible union; exact pairs already rejected under the unchanged grouping are excluded. Acceptance and rollback remain solely governed by the official runner.	0	0
attempt-0078	nearest-position-unions-infra-repair	micro-0069	762f22b05e35db2cec45fe24f596c4de108ba93b	95b141893cf7a963773b5f80518ee32f1a62d257	2026-08-16T22:09:20.469070+00:00	parameter tying	99.060000%	2016	keep	Union closest position groups 66 and 269	Family: parameter tying. Current retained frontier is 2,017 parameters at 99.060000%, a +0.060000 percentage-point margin over 99%. There have been 20 prior macro-attempts in this family and 89 prior micro-trials. The most recent accepted result is attempt-0078/micro-0068 at 2017 parameters and 99.060000%; the most recent failed result is attempt-0075/micro-0001 (error, no score). This is a parameterization-preserving compression: union current position groups represented by coordinates 66 and 269, whose learned values are -0.0117973350 and -0.0117516462 (absolute difference 4.569e-05), using a multiplicity-weighted mean. Hypothesis: this preserves qualification and yields 2,016 parameters. It is more informative than the nearest untested alternative (difference 4.870e-05) because it is the minimum-distortion eligible union; exact pairs already rejected under the unchanged grouping are excluded. Acceptance and rollback remain solely governed by the official runner.	0	0
attempt-0078	nearest-position-unions-infra-repair	micro-0070	86df9fa799cec8d3b6dfa9a2b2d6e0682308fa00	762f22b05e35db2cec45fe24f596c4de108ba93b	2026-08-16T22:10:23.298853+00:00	parameter tying	99.060000%	2015	keep	Union closest position groups 382 and 182	Family: parameter tying. Current retained frontier is 2,016 parameters at 99.060000%, a +0.060000 percentage-point margin over 99%. There have been 20 prior macro-attempts in this family and 90 prior micro-trials. The most recent accepted result is attempt-0078/micro-0069 at 2016 parameters and 99.060000%; the most recent failed result is attempt-0075/micro-0001 (error, no score). This is a parameterization-preserving compression: union current position groups represented by coordinates 382 and 182, whose learned values are 0.0127391340 and 0.0127878338 (absolute difference 4.870e-05), using a multiplicity-weighted mean. Hypothesis: this preserves qualification and yields 2,015 parameters. It is more informative than the nearest untested alternative (difference 4.944e-05) because it is the minimum-distortion eligible union; exact pairs already rejected under the unchanged grouping are excluded. Acceptance and rollback remain solely governed by the official runner.	0	0
attempt-0078	nearest-position-unions-infra-repair	micro-0071	9774af79f3c2336d29a2939455c770df6525ff16	86df9fa799cec8d3b6dfa9a2b2d6e0682308fa00	2026-08-16T22:11:25.342367+00:00	parameter tying	99.060000%	2014	keep	Union closest position groups 0 and 421	Family: parameter tying. Current retained frontier is 2,015 parameters at 99.060000%, a +0.060000 percentage-point margin over 99%. There have been 20 prior macro-attempts in this family and 91 prior micro-trials. The most recent accepted result is attempt-0078/micro-0070 at 2015 parameters and 99.060000%; the most recent failed result is attempt-0075/micro-0001 (error, no score). This is a parameterization-preserving compression: union current position groups represented by coordinates 0 and 421, whose learned values are -0.0223338176 and -0.0222843736 (absolute difference 4.944e-05), using a multiplicity-weighted mean. Hypothesis: this preserves qualification and yields 2,014 parameters. It is more informative than the nearest untested alternative (difference 5.073e-05) because it is the minimum-distortion eligible union; exact pairs already rejected under the unchanged grouping are excluded. Acceptance and rollback remain solely governed by the official runner.	0	0
attempt-0078	nearest-position-unions-infra-repair	micro-0072	abebaf4a7ab27ccdef32caad52a9ba38aec4e2bf	9774af79f3c2336d29a2939455c770df6525ff16	2026-08-16T22:12:35.126083+00:00	parameter tying	99.070000%	2013	keep	Union closest position groups 136 and 285	Family: parameter tying. Current retained frontier is 2,014 parameters at 99.060000%, a +0.060000 percentage-point margin over 99%. There have been 20 prior macro-attempts in this family and 92 prior micro-trials. The most recent accepted result is attempt-0078/micro-0071 at 2014 parameters and 99.060000%; the most recent failed result is attempt-0075/micro-0001 (error, no score). This is a parameterization-preserving compression: union current position groups represented by coordinates 136 and 285, whose learned values are 0.0092705246 and 0.0093212547 (absolute difference 5.073e-05), using a multiplicity-weighted mean. Hypothesis: this preserves qualification and yields 2,013 parameters. It is more informative than the nearest untested alternative (difference 5.174e-05) because it is the minimum-distortion eligible union; exact pairs already rejected under the unchanged grouping are excluded. Acceptance and rollback remain solely governed by the official runner.	0	0
attempt-0078	nearest-position-unions-infra-repair	micro-0073	0780e56f07c99bb47b347a6064d83a24c6545810	abebaf4a7ab27ccdef32caad52a9ba38aec4e2bf	2026-08-16T22:13:43.104909+00:00	parameter tying	99.070000%	2012	keep	Union closest position groups 210 and 256	Family: parameter tying. Current retained frontier is 2,013 parameters at 99.070000%, a +0.070000 percentage-point margin over 99%. There have been 20 prior macro-attempts in this family and 93 prior micro-trials. The most recent accepted result is attempt-0078/micro-0072 at 2013 parameters and 99.070000%; the most recent failed result is attempt-0075/micro-0001 (error, no score). This is a parameterization-preserving compression: union current position groups represented by coordinates 210 and 256, whose learned values are -0.0013240703 and -0.0012723338 (absolute difference 5.174e-05), using a multiplicity-weighted mean. Hypothesis: this preserves qualification and yields 2,012 parameters. It is more informative than the nearest untested alternative (difference 5.179e-05) because it is the minimum-distortion eligible union; exact pairs already rejected under the unchanged grouping are excluded. Acceptance and rollback remain solely governed by the official runner.	0	0
attempt-0078	nearest-position-unions-infra-repair	micro-0074	e91897f30b8946b9bd8f4381a34a34dee9242a53	0780e56f07c99bb47b347a6064d83a24c6545810	2026-08-16T22:20:26.991479+00:00	parameter tying	99.070000%	2011	keep	Union closest position groups 295 and 422	Family: parameter tying. Current retained frontier is 2,012 parameters at 99.070000%, a +0.070000 percentage-point margin over 99%. There have been 20 prior macro-attempts in this family and 94 prior micro-trials. The most recent accepted result is attempt-0078/micro-0073 at 2012 parameters and 99.070000%; the most recent failed result is attempt-0075/micro-0001 (error, no score). This is a parameterization-preserving compression: union current position groups represented by coordinates 295 and 422, whose learned values are 0.0098234033 and 0.0098751895 (absolute difference 5.179e-05), using a multiplicity-weighted mean. Hypothesis: this preserves qualification and yields 2,011 parameters. It is more informative than the nearest untested alternative (difference 5.235e-05) because it is the minimum-distortion eligible union; exact pairs already rejected under the unchanged grouping are excluded. Acceptance and rollback remain solely governed by the official runner.	0	0
attempt-0078	nearest-position-unions-infra-repair	micro-0075	61aa0a07a16f6efe0138e37cd37a60fa3a7ecf94	e91897f30b8946b9bd8f4381a34a34dee9242a53	2026-08-16T22:21:30.007767+00:00	parameter tying	99.070000%	2010	keep	Union closest position groups 58 and 97	Family: parameter tying. Current retained frontier is 2,011 parameters at 99.070000%, a +0.070000 percentage-point margin over 99%. There have been 20 prior macro-attempts in this family and 95 prior micro-trials. The most recent accepted result is attempt-0078/micro-0074 at 2011 parameters and 99.070000%; the most recent failed result is attempt-0075/micro-0001 (error, no score). This is a parameterization-preserving compression: union current position groups represented by coordinates 58 and 97, whose learned values are -0.0096865334 and -0.0096341819 (absolute difference 5.235e-05), using a multiplicity-weighted mean. Hypothesis: this preserves qualification and yields 2,010 parameters. It is more informative than the nearest untested alternative (difference 5.288e-05) because it is the minimum-distortion eligible union; exact pairs already rejected under the unchanged grouping are excluded. Acceptance and rollback remain solely governed by the official runner.	0	0
attempt-0078	nearest-position-unions-infra-repair	micro-0076	14264e9826b74e544a6e720ca970373e945f42fc	61aa0a07a16f6efe0138e37cd37a60fa3a7ecf94	2026-08-16T22:22:31.956912+00:00	parameter tying	99.070000%	2009	keep	Union closest position groups 262 and 289	Family: parameter tying. Current retained frontier is 2,010 parameters at 99.070000%, a +0.070000 percentage-point margin over 99%. There have been 20 prior macro-attempts in this family and 96 prior micro-trials. The most recent accepted result is attempt-0078/micro-0075 at 2010 parameters and 99.070000%; the most recent failed result is attempt-0075/micro-0001 (error, no score). This is a parameterization-preserving compression: union current position groups represented by coordinates 262 and 289, whose learned values are 0.0100165671 and 0.0100694429 (absolute difference 5.288e-05), using a multiplicity-weighted mean. Hypothesis: this preserves qualification and yields 2,009 parameters. It is more informative than the nearest untested alternative (difference 5.315e-05) because it is the minimum-distortion eligible union; exact pairs already rejected under the unchanged grouping are excluded. Acceptance and rollback remain solely governed by the official runner.	0	0
attempt-0078	nearest-position-unions-infra-repair	micro-0077	e95334ddc0e1d54def85b143db9d8b9b2e332f44	14264e9826b74e544a6e720ca970373e945f42fc	2026-08-16T22:23:34.545288+00:00	parameter tying	99.070000%	2008	keep	Union closest position groups 144 and 79	Family: parameter tying. Current retained frontier is 2,009 parameters at 99.070000%, a +0.070000 percentage-point margin over 99%. There have been 20 prior macro-attempts in this family and 97 prior micro-trials. The most recent accepted result is attempt-0078/micro-0076 at 2009 parameters and 99.070000%; the most recent failed result is attempt-0075/micro-0001 (error, no score). This is a parameterization-preserving compression: union current position groups represented by coordinates 144 and 79, whose learned values are 0.0020982460 and 0.0021513964 (absolute difference 5.315e-05), using a multiplicity-weighted mean. Hypothesis: this preserves qualification and yields 2,008 parameters. It is more informative than the nearest untested alternative (difference 5.347e-05) because it is the minimum-distortion eligible union; exact pairs already rejected under the unchanged grouping are excluded. Acceptance and rollback remain solely governed by the official runner.	0	0
attempt-0078	nearest-position-unions-infra-repair	micro-0078	2194e6c43c74306e165564aa687cf323aa4bcc45	e95334ddc0e1d54def85b143db9d8b9b2e332f44	2026-08-16T22:24:36.706968+00:00	parameter tying	99.070000%	2007	keep	Union closest position groups 393 and 122	Family: parameter tying. Current retained frontier is 2,008 parameters at 99.070000%, a +0.070000 percentage-point margin over 99%. There have been 20 prior macro-attempts in this family and 98 prior micro-trials. The most recent accepted result is attempt-0078/micro-0077 at 2008 parameters and 99.070000%; the most recent failed result is attempt-0075/micro-0001 (error, no score). This is a parameterization-preserving compression: union current position groups represented by coordinates 393 and 122, whose learned values are -0.0087742284 and -0.0087207556 (absolute difference 5.347e-05), using a multiplicity-weighted mean. Hypothesis: this preserves qualification and yields 2,007 parameters. It is more informative than the nearest untested alternative (difference 5.358e-05) because it is the minimum-distortion eligible union; exact pairs already rejected under the unchanged grouping are excluded. Acceptance and rollback remain solely governed by the official runner.	0	0
attempt-0078	nearest-position-unions-infra-repair	micro-0079	cbbe34f64303cf324ee257de0de382fe69810bca	2194e6c43c74306e165564aa687cf323aa4bcc45	2026-08-16T22:25:38.616869+00:00	parameter tying	99.080000%	2006	keep	Union closest position groups 319 and 7	Family: parameter tying. Current retained frontier is 2,007 parameters at 99.070000%, a +0.070000 percentage-point margin over 99%. There have been 20 prior macro-attempts in this family and 99 prior micro-trials. The most recent accepted result is attempt-0078/micro-0078 at 2007 parameters and 99.070000%; the most recent failed result is attempt-0075/micro-0001 (error, no score). This is a parameterization-preserving compression: union current position groups represented by coordinates 319 and 7, whose learned values are 0.0034688686 and 0.0035224482 (absolute difference 5.358e-05), using a multiplicity-weighted mean. Hypothesis: this preserves qualification and yields 2,006 parameters. It is more informative than the nearest untested alternative (difference 5.434e-05) because it is the minimum-distortion eligible union; exact pairs already rejected under the unchanged grouping are excluded. Acceptance and rollback remain solely governed by the official runner.	0	0
attempt-0078	nearest-position-unions-infra-repair	micro-0080	07ea17b670a27ad493f7f62733ca78b2493208db	cbbe34f64303cf324ee257de0de382fe69810bca	2026-08-16T22:28:21.511419+00:00	parameter tying	99.080000%	2005	keep	Union closest position groups 145 and 142	Family: parameter tying. Current retained frontier is 2,006 parameters at 99.080000%, a +0.080000 percentage-point margin over 99%. There have been 20 prior macro-attempts in this family and 100 prior micro-trials. The most recent accepted result is attempt-0078/micro-0079 at 2006 parameters and 99.080000%; the most recent failed result is attempt-0075/micro-0001 (error, no score). This is a parameterization-preserving compression: union current position groups represented by coordinates 145 and 142, whose learned values are -0.0174467843 and -0.0173924416 (absolute difference 5.434e-05), using a multiplicity-weighted mean. Hypothesis: this preserves qualification and yields 2,005 parameters. It is more informative than the nearest untested alternative (difference 5.448e-05) because it is the minimum-distortion eligible union; exact pairs already rejected under the unchanged grouping are excluded. Acceptance and rollback remain solely governed by the official runner.	0	0
attempt-0078	nearest-position-unions-infra-repair	micro-0081	0deb9c289e9d47097782768afd2bfd1bd67458fd	07ea17b670a27ad493f7f62733ca78b2493208db	2026-08-16T22:31:20.779726+00:00	parameter tying	99.080000%	2004	keep	Union closest position groups 407 and 109	Family: parameter tying. Current retained frontier is 2,005 parameters at 99.080000%, a +0.080000 percentage-point margin over 99%. There have been 20 prior macro-attempts in this family and 101 prior micro-trials. The most recent accepted result is attempt-0078/micro-0080 at 2005 parameters and 99.080000%; the most recent failed result is attempt-0075/micro-0001 (error, no score). This is a parameterization-preserving compression: union current position groups represented by coordinates 407 and 109, whose learned values are 0.0032949767 and 0.0033494518 (absolute difference 5.448e-05), using a multiplicity-weighted mean. Hypothesis: this preserves qualification and yields 2,004 parameters. It is more informative than the nearest untested alternative (difference 5.480e-05) because it is the minimum-distortion eligible union; exact pairs already rejected under the unchanged grouping are excluded. Acceptance and rollback remain solely governed by the official runner.	0	0
attempt-0078	nearest-position-unions-infra-repair	micro-0082	bc1c608040fb4ce2c1d739a67e34ffa0d3bbe272	0deb9c289e9d47097782768afd2bfd1bd67458fd	2026-08-16T22:33:58.635827+00:00	parameter tying	99.080000%	2003	keep	Union closest position groups 110 and 112	Family: parameter tying. Current retained frontier is 2,004 parameters at 99.080000%, a +0.080000 percentage-point margin over 99%. There have been 20 prior macro-attempts in this family and 102 prior micro-trials. The most recent accepted result is attempt-0078/micro-0081 at 2004 parameters and 99.080000%; the most recent failed result is attempt-0075/micro-0001 (error, no score). This is a parameterization-preserving compression: union current position groups represented by coordinates 110 and 112, whose learned values are 0.0058748377 and 0.0059296377 (absolute difference 5.480e-05), using a multiplicity-weighted mean. Hypothesis: this preserves qualification and yields 2,003 parameters. It is more informative than the nearest untested alternative (difference 5.505e-05) because it is the minimum-distortion eligible union; exact pairs already rejected under the unchanged grouping are excluded. Acceptance and rollback remain solely governed by the official runner.	0	0
attempt-0078	nearest-position-unions-infra-repair	micro-0083	d6f0339cfac8ceaea8affd363c3788113db79482	bc1c608040fb4ce2c1d739a67e34ffa0d3bbe272	2026-08-16T22:35:00.366344+00:00	parameter tying	99.080000%	2002	keep	Union closest position groups 118 and 474	Family: parameter tying. Current retained frontier is 2,003 parameters at 99.080000%, a +0.080000 percentage-point margin over 99%. There have been 20 prior macro-attempts in this family and 103 prior micro-trials. The most recent accepted result is attempt-0078/micro-0082 at 2003 parameters and 99.080000%; the most recent failed result is attempt-0075/micro-0001 (error, no score). This is a parameterization-preserving compression: union current position groups represented by coordinates 118 and 474, whose learned values are -0.0004591885 and -0.0004041397 (absolute difference 5.505e-05), using a multiplicity-weighted mean. Hypothesis: this preserves qualification and yields 2,002 parameters. It is more informative than the nearest untested alternative (difference 5.514e-05) because it is the minimum-distortion eligible union; exact pairs already rejected under the unchanged grouping are excluded. Acceptance and rollback remain solely governed by the official runner.	0	0
attempt-0078	nearest-position-unions-infra-repair	micro-0084	f131a442534dc562500b569f29d3bd3dcf07b5d5	d6f0339cfac8ceaea8affd363c3788113db79482	2026-08-16T22:36:05.886691+00:00	parameter tying	99.080000%	2001	keep	Union closest position groups 224 and 207	Family: parameter tying. Current retained frontier is 2,002 parameters at 99.080000%, a +0.080000 percentage-point margin over 99%. There have been 20 prior macro-attempts in this family and 104 prior micro-trials. The most recent accepted result is attempt-0078/micro-0083 at 2002 parameters and 99.080000%; the most recent failed result is attempt-0075/micro-0001 (error, no score). This is a parameterization-preserving compression: union current position groups represented by coordinates 224 and 207, whose learned values are -0.0031973307 and -0.0031421930 (absolute difference 5.514e-05), using a multiplicity-weighted mean. Hypothesis: this preserves qualification and yields 2,001 parameters. It is more informative than the nearest untested alternative (difference 5.563e-05) because it is the minimum-distortion eligible union; exact pairs already rejected under the unchanged grouping are excluded. Acceptance and rollback remain solely governed by the official runner.	0	0
attempt-0078	nearest-position-unions-infra-repair	micro-0085	ffd742e9805f7f06e8b6a9bb753187309dbb6aaf	f131a442534dc562500b569f29d3bd3dcf07b5d5	2026-08-16T22:37:08.943251+00:00	parameter tying	99.080000%	2000	keep	Union closest position groups 359 and 467	Family: parameter tying. Current retained frontier is 2,001 parameters at 99.080000%, a +0.080000 percentage-point margin over 99%. There have been 20 prior macro-attempts in this family and 105 prior micro-trials. The most recent accepted result is attempt-0078/micro-0084 at 2001 parameters and 99.080000%; the most recent failed result is attempt-0075/micro-0001 (error, no score). This is a parameterization-preserving compression: union current position groups represented by coordinates 359 and 467, whose learned values are 0.0289382059 and 0.0289938338 (absolute difference 5.563e-05), using a multiplicity-weighted mean. Hypothesis: this preserves qualification and yields 2,000 parameters. It is more informative than the nearest untested alternative (difference 5.575e-05) because it is the minimum-distortion eligible union; exact pairs already rejected under the unchanged grouping are excluded. Acceptance and rollback remain solely governed by the official runner.	0	0
attempt-0078	nearest-position-unions-infra-repair	micro-0086	e5b84ab0896fc9fd68cf6e9291d4b6c63efca5ed	ffd742e9805f7f06e8b6a9bb753187309dbb6aaf	2026-08-16T22:38:13.664636+00:00	parameter tying	99.070000%	1999	keep	Union closest position groups 321 and 363	Family: parameter tying. Current retained frontier is 2,000 parameters at 99.080000%, a +0.080000 percentage-point margin over 99%. There have been 20 prior macro-attempts in this family and 106 prior micro-trials. The most recent accepted result is attempt-0078/micro-0085 at 2000 parameters and 99.080000%; the most recent failed result is attempt-0075/micro-0001 (error, no score). This is a parameterization-preserving compression: union current position groups represented by coordinates 321 and 363, whose learned values are 0.0215623453 and 0.0216180906 (absolute difference 5.575e-05), using a multiplicity-weighted mean. Hypothesis: this preserves qualification and yields 1,999 parameters. It is more informative than the nearest untested alternative (difference 5.633e-05) because it is the minimum-distortion eligible union; exact pairs already rejected under the unchanged grouping are excluded. Acceptance and rollback remain solely governed by the official runner.	0	0
attempt-0078	nearest-position-unions-infra-repair	micro-0087	24cc1b9f0ebfb393febfffedc6513b81a605f04d	e5b84ab0896fc9fd68cf6e9291d4b6c63efca5ed	2026-08-16T22:39:16.103335+00:00	parameter tying	99.080000%	1998	keep	Union closest position groups 327 and 119	Family: parameter tying. Current retained frontier is 1,999 parameters at 99.070000%, a +0.070000 percentage-point margin over 99%. There have been 20 prior macro-attempts in this family and 107 prior micro-trials. The most recent accepted result is attempt-0078/micro-0086 at 1999 parameters and 99.070000%; the most recent failed result is attempt-0075/micro-0001 (error, no score). This is a parameterization-preserving compression: union current position groups represented by coordinates 327 and 119, whose learned values are -0.0272180457 and -0.0271617156 (absolute difference 5.633e-05), using a multiplicity-weighted mean. Hypothesis: this preserves qualification and yields 1,998 parameters. It is more informative than the nearest untested alternative (difference 5.679e-05) because it is the minimum-distortion eligible union; exact pairs already rejected under the unchanged grouping are excluded. Acceptance and rollback remain solely governed by the official runner.	0	0
attempt-0078	nearest-position-unions-infra-repair	micro-0088	2f6f9c6293830f5bfa9a9961bf35b53bd5b8261d	24cc1b9f0ebfb393febfffedc6513b81a605f04d	2026-08-16T22:40:18.911821+00:00	parameter tying	99.080000%	1997	keep	Union closest position groups 63 and 134	Family: parameter tying. Current retained frontier is 1,998 parameters at 99.080000%, a +0.080000 percentage-point margin over 99%. There have been 20 prior macro-attempts in this family and 108 prior micro-trials. The most recent accepted result is attempt-0078/micro-0087 at 1998 parameters and 99.080000%; the most recent failed result is attempt-0075/micro-0001 (error, no score). This is a parameterization-preserving compression: union current position groups represented by coordinates 63 and 134, whose learned values are -0.0016690904 and -0.0016123009 (absolute difference 5.679e-05), using a multiplicity-weighted mean. Hypothesis: this preserves qualification and yields 1,997 parameters. It is more informative than the nearest untested alternative (difference 5.720e-05) because it is the minimum-distortion eligible union; exact pairs already rejected under the unchanged grouping are excluded. Acceptance and rollback remain solely governed by the official runner.	0	0
attempt-0078	nearest-position-unions-infra-repair	micro-0089	d45ee23706db8d8533e00da5532012a0095700e1	2f6f9c6293830f5bfa9a9961bf35b53bd5b8261d	2026-08-16T22:41:20.501204+00:00	parameter tying	99.080000%	1996	keep	Union closest position groups 168 and 477	Family: parameter tying. Current retained frontier is 1,997 parameters at 99.080000%, a +0.080000 percentage-point margin over 99%. There have been 20 prior macro-attempts in this family and 109 prior micro-trials. The most recent accepted result is attempt-0078/micro-0088 at 1997 parameters and 99.080000%; the most recent failed result is attempt-0075/micro-0001 (error, no score). This is a parameterization-preserving compression: union current position groups represented by coordinates 168 and 477, whose learned values are 0.0296001788 and 0.0296573825 (absolute difference 5.720e-05), using a multiplicity-weighted mean. Hypothesis: this preserves qualification and yields 1,996 parameters. It is more informative than the nearest untested alternative (difference 5.753e-05) because it is the minimum-distortion eligible union; exact pairs already rejected under the unchanged grouping are excluded. Acceptance and rollback remain solely governed by the official runner.	0	0
attempt-0078	nearest-position-unions-infra-repair	micro-0090	ff2dcee09c7d726ec10129858f9783e5e5ff09c8	d45ee23706db8d8533e00da5532012a0095700e1	2026-08-16T22:42:22.491048+00:00	parameter tying	99.080000%	1995	keep	Union closest position groups 428 and 264	Family: parameter tying. Current retained frontier is 1,996 parameters at 99.080000%, a +0.080000 percentage-point margin over 99%. There have been 20 prior macro-attempts in this family and 110 prior micro-trials. The most recent accepted result is attempt-0078/micro-0089 at 1996 parameters and 99.080000%; the most recent failed result is attempt-0075/micro-0001 (error, no score). This is a parameterization-preserving compression: union current position groups represented by coordinates 428 and 264, whose learned values are 0.0085569061 and 0.0086144321 (absolute difference 5.753e-05), using a multiplicity-weighted mean. Hypothesis: this preserves qualification and yields 1,995 parameters. It is more informative than the nearest untested alternative (difference 5.809e-05) because it is the minimum-distortion eligible union; exact pairs already rejected under the unchanged grouping are excluded. Acceptance and rollback remain solely governed by the official runner.	0	0
attempt-0078	nearest-position-unions-infra-repair	micro-0091	d31fa56dca901fed7665e90379b1328f9af6ff25	ff2dcee09c7d726ec10129858f9783e5e5ff09c8	2026-08-16T22:43:34.606408+00:00	parameter tying	99.080000%	1994	keep	Union closest position groups 186 and 18	Family: parameter tying. Current retained frontier is 1,995 parameters at 99.080000%, a +0.080000 percentage-point margin over 99%. There have been 20 prior macro-attempts in this family and 111 prior micro-trials. The most recent accepted result is attempt-0078/micro-0090 at 1995 parameters and 99.080000%; the most recent failed result is attempt-0075/micro-0001 (error, no score). This is a parameterization-preserving compression: union current position groups represented by coordinates 186 and 18, whose learned values are 0.0185883921 and 0.0186464861 (absolute difference 5.809e-05), using a multiplicity-weighted mean. Hypothesis: this preserves qualification and yields 1,994 parameters. It is more informative than the nearest untested alternative (difference 5.994e-05) because it is the minimum-distortion eligible union; exact pairs already rejected under the unchanged grouping are excluded. Acceptance and rollback remain solely governed by the official runner.	0	0
attempt-0078	nearest-position-unions-infra-repair	micro-0092	99882d200221f9b82c7ca923974efdf1b5c63149	d31fa56dca901fed7665e90379b1328f9af6ff25	2026-08-16T22:44:37.406467+00:00	parameter tying	99.080000%	1993	keep	Union closest position groups 459 and 497	Family: parameter tying. Current retained frontier is 1,994 parameters at 99.080000%, a +0.080000 percentage-point margin over 99%. There have been 20 prior macro-attempts in this family and 112 prior micro-trials. The most recent accepted result is attempt-0078/micro-0091 at 1994 parameters and 99.080000%; the most recent failed result is attempt-0075/micro-0001 (error, no score). This is a parameterization-preserving compression: union current position groups represented by coordinates 459 and 497, whose learned values are 0.0181863587 and 0.0182462949 (absolute difference 5.994e-05), using a multiplicity-weighted mean. Hypothesis: this preserves qualification and yields 1,993 parameters. It is more informative than the nearest untested alternative (difference 6.003e-05) because it is the minimum-distortion eligible union; exact pairs already rejected under the unchanged grouping are excluded. Acceptance and rollback remain solely governed by the official runner.	0	0
attempt-0078	nearest-position-unions-infra-repair	micro-0093	a4ed5ccc360ef0e3894c8398bcfc9adff2168f67	99882d200221f9b82c7ca923974efdf1b5c63149	2026-08-16T22:45:39.975241+00:00	parameter tying	99.080000%	1992	keep	Union closest position groups 464 and 31	Family: parameter tying. Current retained frontier is 1,993 parameters at 99.080000%, a +0.080000 percentage-point margin over 99%. There have been 20 prior macro-attempts in this family and 113 prior micro-trials. The most recent accepted result is attempt-0078/micro-0092 at 1993 parameters and 99.080000%; the most recent failed result is attempt-0075/micro-0001 (error, no score). This is a parameterization-preserving compression: union current position groups represented by coordinates 464 and 31, whose learned values are -0.0325202122 and -0.0324601866 (absolute difference 6.003e-05), using a multiplicity-weighted mean. Hypothesis: this preserves qualification and yields 1,992 parameters. It is more informative than the nearest untested alternative (difference 6.072e-05) because it is the minimum-distortion eligible union; exact pairs already rejected under the unchanged grouping are excluded. Acceptance and rollback remain solely governed by the official runner.	0	0
attempt-0078	nearest-position-unions-infra-repair	micro-0094	b1d55a7747f32fdae05729cec6a7d9bf3d8c9c4a	a4ed5ccc360ef0e3894c8398bcfc9adff2168f67	2026-08-16T22:46:42.371286+00:00	parameter tying	99.080000%	1991	keep	Union closest position groups 346 and 254	Family: parameter tying. Current retained frontier is 1,992 parameters at 99.080000%, a +0.080000 percentage-point margin over 99%. There have been 20 prior macro-attempts in this family and 114 prior micro-trials. The most recent accepted result is attempt-0078/micro-0093 at 1992 parameters and 99.080000%; the most recent failed result is attempt-0075/micro-0001 (error, no score). This is a parameterization-preserving compression: union current position groups represented by coordinates 346 and 254, whose learned values are 0.0000061579 and 0.0000668808 (absolute difference 6.072e-05), using a multiplicity-weighted mean. Hypothesis: this preserves qualification and yields 1,991 parameters. It is more informative than the nearest untested alternative (difference 6.088e-05) because it is the minimum-distortion eligible union; exact pairs already rejected under the unchanged grouping are excluded. Acceptance and rollback remain solely governed by the official runner.	0	0
attempt-0078	nearest-position-unions-infra-repair	micro-0095	c41bb778062e5b1e9e319309e05aaac52e0084ab	b1d55a7747f32fdae05729cec6a7d9bf3d8c9c4a	2026-08-16T22:47:44.465252+00:00	parameter tying	99.080000%	1990	keep	Union closest position groups 318 and 405	Family: parameter tying. Current retained frontier is 1,991 parameters at 99.080000%, a +0.080000 percentage-point margin over 99%. There have been 20 prior macro-attempts in this family and 115 prior micro-trials. The most recent accepted result is attempt-0078/micro-0094 at 1991 parameters and 99.080000%; the most recent failed result is attempt-0075/micro-0001 (error, no score). This is a parameterization-preserving compression: union current position groups represented by coordinates 318 and 405, whose learned values are 0.0254360475 and 0.0254969317 (absolute difference 6.088e-05), using a multiplicity-weighted mean. Hypothesis: this preserves qualification and yields 1,990 parameters. It is more informative than the nearest untested alternative (difference 6.112e-05) because it is the minimum-distortion eligible union; exact pairs already rejected under the unchanged grouping are excluded. Acceptance and rollback remain solely governed by the official runner.	0	0
attempt-0078	nearest-position-unions-infra-repair	micro-0096	0ffb957839f52194b7fdbca2377996a8a6492aef	c41bb778062e5b1e9e319309e05aaac52e0084ab	2026-08-16T22:48:46.136083+00:00	parameter tying	99.080000%	1989	keep	Union closest position groups 114 and 137	Family: parameter tying. Current retained frontier is 1,990 parameters at 99.080000%, a +0.080000 percentage-point margin over 99%. There have been 20 prior macro-attempts in this family and 116 prior micro-trials. The most recent accepted result is attempt-0078/micro-0095 at 1990 parameters and 99.080000%; the most recent failed result is attempt-0075/micro-0001 (error, no score). This is a parameterization-preserving compression: union current position groups represented by coordinates 114 and 137, whose learned values are -0.0203367919 and -0.0202756710 (absolute difference 6.112e-05), using a multiplicity-weighted mean. Hypothesis: this preserves qualification and yields 1,989 parameters. It is more informative than the nearest untested alternative (difference 6.267e-05) because it is the minimum-distortion eligible union; exact pairs already rejected under the unchanged grouping are excluded. Acceptance and rollback remain solely governed by the official runner.	0	0
attempt-0078	nearest-position-unions-infra-repair	micro-0097	e56087c0deed59c89783a40d64afae31586ef771	0ffb957839f52194b7fdbca2377996a8a6492aef	2026-08-16T22:49:48.018456+00:00	parameter tying	99.080000%	1988	keep	Union closest position groups 231 and 13	Family: parameter tying. Current retained frontier is 1,989 parameters at 99.080000%, a +0.080000 percentage-point margin over 99%. There have been 20 prior macro-attempts in this family and 117 prior micro-trials. The most recent accepted result is attempt-0078/micro-0096 at 1989 parameters and 99.080000%; the most recent failed result is attempt-0075/micro-0001 (error, no score). This is a parameterization-preserving compression: union current position groups represented by coordinates 231 and 13, whose learned values are 0.0174557809 and 0.0175184477 (absolute difference 6.267e-05), using a multiplicity-weighted mean. Hypothesis: this preserves qualification and yields 1,988 parameters. It is more informative than the nearest untested alternative (difference 6.277e-05) because it is the minimum-distortion eligible union; exact pairs already rejected under the unchanged grouping are excluded. Acceptance and rollback remain solely governed by the official runner.	0	0
attempt-0078	nearest-position-unions-infra-repair	micro-0098	8e1ce73a3fe065abe54181fe77513b59fd36540b	e56087c0deed59c89783a40d64afae31586ef771	2026-08-16T22:50:49.795749+00:00	parameter tying	99.080000%	1987	keep	Union closest position groups 90 and 141	Family: parameter tying. Current retained frontier is 1,988 parameters at 99.080000%, a +0.080000 percentage-point margin over 99%. There have been 20 prior macro-attempts in this family and 118 prior micro-trials. The most recent accepted result is attempt-0078/micro-0097 at 1988 parameters and 99.080000%; the most recent failed result is attempt-0075/micro-0001 (error, no score). This is a parameterization-preserving compression: union current position groups represented by coordinates 90 and 141, whose learned values are -0.0046477029 and -0.0045849304 (absolute difference 6.277e-05), using a multiplicity-weighted mean. Hypothesis: this preserves qualification and yields 1,987 parameters. It is more informative than the nearest untested alternative (difference 6.388e-05) because it is the minimum-distortion eligible union; exact pairs already rejected under the unchanged grouping are excluded. Acceptance and rollback remain solely governed by the official runner.	0	0
attempt-0078	nearest-position-unions-infra-repair	micro-0099	219da7f67289954a6ccb36c28e6367cba9781a64	8e1ce73a3fe065abe54181fe77513b59fd36540b	2026-08-16T22:51:51.955441+00:00	parameter tying	99.080000%	1986	keep	Union closest position groups 449 and 54	Family: parameter tying. Current retained frontier is 1,987 parameters at 99.080000%, a +0.080000 percentage-point margin over 99%. There have been 20 prior macro-attempts in this family and 119 prior micro-trials. The most recent accepted result is attempt-0078/micro-0098 at 1987 parameters and 99.080000%; the most recent failed result is attempt-0075/micro-0001 (error, no score). This is a parameterization-preserving compression: union current position groups represented by coordinates 449 and 54, whose learned values are 0.0159679521 and 0.0160318278 (absolute difference 6.388e-05), using a multiplicity-weighted mean. Hypothesis: this preserves qualification and yields 1,986 parameters. It is more informative than the nearest untested alternative (difference 6.397e-05) because it is the minimum-distortion eligible union; exact pairs already rejected under the unchanged grouping are excluded. Acceptance and rollback remain solely governed by the official runner.	0	0
attempt-0078	nearest-position-unions-infra-repair	micro-0100	e6958a784fb6e03e2be9b6f13c2f1a3b80c61cb6	219da7f67289954a6ccb36c28e6367cba9781a64	2026-08-16T22:52:53.715149+00:00	parameter tying	99.080000%	1985	keep	Union closest position groups 40 and 485	Family: parameter tying. Current retained frontier is 1,986 parameters at 99.080000%, a +0.080000 percentage-point margin over 99%. There have been 20 prior macro-attempts in this family and 120 prior micro-trials. The most recent accepted result is attempt-0078/micro-0099 at 1986 parameters and 99.080000%; the most recent failed result is attempt-0075/micro-0001 (error, no score). This is a parameterization-preserving compression: union current position groups represented by coordinates 40 and 485, whose learned values are -0.0142924758 and -0.0142285088 (absolute difference 6.397e-05), using a multiplicity-weighted mean. Hypothesis: this preserves qualification and yields 1,985 parameters. It is more informative than the nearest untested alternative (difference 6.556e-05) because it is the minimum-distortion eligible union; exact pairs already rejected under the unchanged grouping are excluded. Acceptance and rollback remain solely governed by the official runner.	0	0
attempt-0078	nearest-position-unions-infra-repair	micro-0101	0ea0da8cef5118861ab031c34499b2e319def6f8	e6958a784fb6e03e2be9b6f13c2f1a3b80c61cb6	2026-08-16T22:53:55.658478+00:00	parameter tying	99.080000%	1984	keep	Union closest position groups 154 and 61	Family: parameter tying. Current retained frontier is 1,985 parameters at 99.080000%, a +0.080000 percentage-point margin over 99%. There have been 20 prior macro-attempts in this family and 121 prior micro-trials. The most recent accepted result is attempt-0078/micro-0100 at 1985 parameters and 99.080000%; the most recent failed result is attempt-0075/micro-0001 (error, no score). This is a parameterization-preserving compression: union current position groups represented by coordinates 154 and 61, whose learned values are 0.0038560850 and 0.0039216476 (absolute difference 6.556e-05), using a multiplicity-weighted mean. Hypothesis: this preserves qualification and yields 1,984 parameters. It is more informative than the nearest untested alternative (difference 6.673e-05) because it is the minimum-distortion eligible union; exact pairs already rejected under the unchanged grouping are excluded. Acceptance and rollback remain solely governed by the official runner.	0	0
attempt-0078	nearest-position-unions-infra-repair	micro-0102	3ba6cd5ad2ece04a4c4367f92cdc529867879730	0ea0da8cef5118861ab031c34499b2e319def6f8	2026-08-16T22:54:57.769519+00:00	parameter tying	99.080000%	1983	keep	Union closest position groups 83 and 67	Family: parameter tying. Current retained frontier is 1,984 parameters at 99.080000%, a +0.080000 percentage-point margin over 99%. There have been 20 prior macro-attempts in this family and 122 prior micro-trials. The most recent accepted result is attempt-0078/micro-0101 at 1984 parameters and 99.080000%; the most recent failed result is attempt-0075/micro-0001 (error, no score). This is a parameterization-preserving compression: union current position groups represented by coordinates 83 and 67, whose learned values are -0.0120153734 and -0.0119486405 (absolute difference 6.673e-05), using a multiplicity-weighted mean. Hypothesis: this preserves qualification and yields 1,983 parameters. It is more informative than the nearest untested alternative (difference 6.754e-05) because it is the minimum-distortion eligible union; exact pairs already rejected under the unchanged grouping are excluded. Acceptance and rollback remain solely governed by the official runner.	0	0
attempt-0078	nearest-position-unions-infra-repair	micro-0103	b322904fdce9041e84cf4811c6122b1d368bcfe8	3ba6cd5ad2ece04a4c4367f92cdc529867879730	2026-08-16T22:56:00.498188+00:00	parameter tying	99.080000%	1982	keep	Union closest position groups 57 and 456	Family: parameter tying. Current retained frontier is 1,983 parameters at 99.080000%, a +0.080000 percentage-point margin over 99%. There have been 20 prior macro-attempts in this family and 123 prior micro-trials. The most recent accepted result is attempt-0078/micro-0102 at 1983 parameters and 99.080000%; the most recent failed result is attempt-0075/micro-0001 (error, no score). This is a parameterization-preserving compression: union current position groups represented by coordinates 57 and 456, whose learned values are -0.0206515454 and -0.0205840040 (absolute difference 6.754e-05), using a multiplicity-weighted mean. Hypothesis: this preserves qualification and yields 1,982 parameters. It is more informative than the nearest untested alternative (difference 6.838e-05) because it is the minimum-distortion eligible union; exact pairs already rejected under the unchanged grouping are excluded. Acceptance and rollback remain solely governed by the official runner.	0	0
attempt-0078	nearest-position-unions-infra-repair	micro-0104	743ac291637cd9e0195ecab65103ad86ace702b4	b322904fdce9041e84cf4811c6122b1d368bcfe8	2026-08-16T22:57:02.813830+00:00	parameter tying	99.080000%	1981	keep	Union closest position groups 120 and 157	Family: parameter tying. Current retained frontier is 1,982 parameters at 99.080000%, a +0.080000 percentage-point margin over 99%. There have been 20 prior macro-attempts in this family and 124 prior micro-trials. The most recent accepted result is attempt-0078/micro-0103 at 1982 parameters and 99.080000%; the most recent failed result is attempt-0075/micro-0001 (error, no score). This is a parameterization-preserving compression: union current position groups represented by coordinates 120 and 157, whose learned values are -0.0020501311 and -0.0019817520 (absolute difference 6.838e-05), using a multiplicity-weighted mean. Hypothesis: this preserves qualification and yields 1,981 parameters. It is more informative than the nearest untested alternative (difference 6.874e-05) because it is the minimum-distortion eligible union; exact pairs already rejected under the unchanged grouping are excluded. Acceptance and rollback remain solely governed by the official runner.	0	0
attempt-0078	nearest-position-unions-infra-repair	micro-0105	b85ab0f676431f5d1a57fde1c8a220e650ad47fd	743ac291637cd9e0195ecab65103ad86ace702b4	2026-08-16T22:58:05.572616+00:00	parameter tying	99.080000%	1980	keep	Union closest position groups 215 and 202	Family: parameter tying. Current retained frontier is 1,981 parameters at 99.080000%, a +0.080000 percentage-point margin over 99%. There have been 20 prior macro-attempts in this family and 125 prior micro-trials. The most recent accepted result is attempt-0078/micro-0104 at 1981 parameters and 99.080000%; the most recent failed result is attempt-0075/micro-0001 (error, no score). This is a parameterization-preserving compression: union current position groups represented by coordinates 215 and 202, whose learned values are 0.0224345662 and 0.0225033090 (absolute difference 6.874e-05), using a multiplicity-weighted mean. Hypothesis: this preserves qualification and yields 1,980 parameters. It is more informative than the nearest untested alternative (difference 6.962e-05) because it is the minimum-distortion eligible union; exact pairs already rejected under the unchanged grouping are excluded. Acceptance and rollback remain solely governed by the official runner.	0	0
attempt-0078	nearest-position-unions-infra-repair	micro-0106	fe8770a8251ef5180c4fc4fcba0f9e326242d913	b85ab0f676431f5d1a57fde1c8a220e650ad47fd	2026-08-16T22:59:07.719040+00:00	parameter tying	99.080000%	1979	keep	Union closest position groups 440 and 328	Family: parameter tying. Current retained frontier is 1,980 parameters at 99.080000%, a +0.080000 percentage-point margin over 99%. There have been 20 prior macro-attempts in this family and 126 prior micro-trials. The most recent accepted result is attempt-0078/micro-0105 at 1980 parameters and 99.080000%; the most recent failed result is attempt-0075/micro-0001 (error, no score). This is a parameterization-preserving compression: union current position groups represented by coordinates 440 and 328, whose learned values are -0.0100251315 and -0.0099555161 (absolute difference 6.962e-05), using a multiplicity-weighted mean. Hypothesis: this preserves qualification and yields 1,979 parameters. It is more informative than the nearest untested alternative (difference 7.088e-05) because it is the minimum-distortion eligible union; exact pairs already rejected under the unchanged grouping are excluded. Acceptance and rollback remain solely governed by the official runner.	0	0
attempt-0078	nearest-position-unions-infra-repair	micro-0107	a9aa2e5d9352c5daf97cbec4b9adfc895ab05ad6	fe8770a8251ef5180c4fc4fcba0f9e326242d913	2026-08-16T23:00:09.784170+00:00	parameter tying	99.070000%	1978	keep	Union closest position groups 16 and 491	Family: parameter tying. Current retained frontier is 1,979 parameters at 99.080000%, a +0.080000 percentage-point margin over 99%. There have been 20 prior macro-attempts in this family and 127 prior micro-trials. The most recent accepted result is attempt-0078/micro-0106 at 1979 parameters and 99.080000%; the most recent failed result is attempt-0075/micro-0001 (error, no score). This is a parameterization-preserving compression: union current position groups represented by coordinates 16 and 491, whose learned values are 0.0330912992 and 0.0331621766 (absolute difference 7.088e-05), using a multiplicity-weighted mean. Hypothesis: this preserves qualification and yields 1,978 parameters. It is more informative than the nearest untested alternative (difference 7.179e-05) because it is the minimum-distortion eligible union; exact pairs already rejected under the unchanged grouping are excluded. Acceptance and rollback remain solely governed by the official runner.	0	0
attempt-0078	nearest-position-unions-infra-repair	micro-0108	6bc0992d08551812d8792f944d3a0d96192c6d5a	a9aa2e5d9352c5daf97cbec4b9adfc895ab05ad6	2026-08-16T23:01:12.810047+00:00	parameter tying	99.070000%	1977	keep	Union closest position groups 25 and 105	Family: parameter tying. Current retained frontier is 1,978 parameters at 99.070000%, a +0.070000 percentage-point margin over 99%. There have been 20 prior macro-attempts in this family and 128 prior micro-trials. The most recent accepted result is attempt-0078/micro-0107 at 1978 parameters and 99.070000%; the most recent failed result is attempt-0075/micro-0001 (error, no score). This is a parameterization-preserving compression: union current position groups represented by coordinates 25 and 105, whose learned values are -0.0134382220 and -0.0133664366 (absolute difference 7.179e-05), using a multiplicity-weighted mean. Hypothesis: this preserves qualification and yields 1,977 parameters. It is more informative than the nearest untested alternative (difference 7.403e-05) because it is the minimum-distortion eligible union; exact pairs already rejected under the unchanged grouping are excluded. Acceptance and rollback remain solely governed by the official runner.	0	0
attempt-0078	nearest-position-unions-infra-repair	micro-0109	23de3483d0ecb3428a78f7a4e561547234a0821e	6bc0992d08551812d8792f944d3a0d96192c6d5a	2026-08-16T23:02:14.792887+00:00	parameter tying	99.070000%	1976	keep	Union closest position groups 394 and 41	Family: parameter tying. Current retained frontier is 1,977 parameters at 99.070000%, a +0.070000 percentage-point margin over 99%. There have been 20 prior macro-attempts in this family and 129 prior micro-trials. The most recent accepted result is attempt-0078/micro-0108 at 1977 parameters and 99.070000%; the most recent failed result is attempt-0075/micro-0001 (error, no score). This is a parameterization-preserving compression: union current position groups represented by coordinates 394 and 41, whose learned values are 0.0004470043 and 0.0005210381 (absolute difference 7.403e-05), using a multiplicity-weighted mean. Hypothesis: this preserves qualification and yields 1,976 parameters. It is more informative than the nearest untested alternative (difference 7.534e-05) because it is the minimum-distortion eligible union; exact pairs already rejected under the unchanged grouping are excluded. Acceptance and rollback remain solely governed by the official runner.	0	0
attempt-0078	nearest-position-unions-infra-repair	micro-0110	be41b4ddeac22c237751c671f210bd22ee437e6e	23de3483d0ecb3428a78f7a4e561547234a0821e	2026-08-16T23:03:16.900198+00:00	parameter tying	99.060000%	1975	keep	Union closest position groups 377 and 66	Family: parameter tying. Current retained frontier is 1,976 parameters at 99.070000%, a +0.070000 percentage-point margin over 99%. There have been 20 prior macro-attempts in this family and 130 prior micro-trials. The most recent accepted result is attempt-0078/micro-0109 at 1976 parameters and 99.070000%; the most recent failed result is attempt-0075/micro-0001 (error, no score). This is a parameterization-preserving compression: union current position groups represented by coordinates 377 and 66, whose learned values are -0.0118612573 and -0.0117859123 (absolute difference 7.534e-05), using a multiplicity-weighted mean. Hypothesis: this preserves qualification and yields 1,975 parameters. It is more informative than the nearest untested alternative (difference 7.754e-05) because it is the minimum-distortion eligible union; exact pairs already rejected under the unchanged grouping are excluded. Acceptance and rollback remain solely governed by the official runner.	0	0
attempt-0078	nearest-position-unions-infra-repair	micro-0111	03bda2df5a4dd3920d4d09f5167da520af2f56f2	be41b4ddeac22c237751c671f210bd22ee437e6e	2026-08-16T23:04:19.556280+00:00	parameter tying	99.070000%	1974	keep	Union closest position groups 60 and 6	Family: parameter tying. Current retained frontier is 1,975 parameters at 99.060000%, a +0.060000 percentage-point margin over 99%. There have been 20 prior macro-attempts in this family and 131 prior micro-trials. The most recent accepted result is attempt-0078/micro-0110 at 1975 parameters and 99.060000%; the most recent failed result is attempt-0075/micro-0001 (error, no score). This is a parameterization-preserving compression: union current position groups represented by coordinates 60 and 6, whose learned values are 0.0080489628 and 0.0081265001 (absolute difference 7.754e-05), using a multiplicity-weighted mean. Hypothesis: this preserves qualification and yields 1,974 parameters. It is more informative than the nearest untested alternative (difference 7.780e-05) because it is the minimum-distortion eligible union; exact pairs already rejected under the unchanged grouping are excluded. Acceptance and rollback remain solely governed by the official runner.	0	0
attempt-0078	nearest-position-unions-infra-repair	micro-0112	5d2dd8acd5a4e1fb9919129136a987fcd4606104	03bda2df5a4dd3920d4d09f5167da520af2f56f2	2026-08-16T23:05:22.536701+00:00	parameter tying	99.070000%	1973	keep	Union closest position groups 170 and 392	Family: parameter tying. Current retained frontier is 1,974 parameters at 99.070000%, a +0.070000 percentage-point margin over 99%. There have been 20 prior macro-attempts in this family and 132 prior micro-trials. The most recent accepted result is attempt-0078/micro-0111 at 1974 parameters and 99.070000%; the most recent failed result is attempt-0075/micro-0001 (error, no score). This is a parameterization-preserving compression: union current position groups represented by coordinates 170 and 392, whose learned values are 0.0089218495 and 0.0089996448 (absolute difference 7.780e-05), using a multiplicity-weighted mean. Hypothesis: this preserves qualification and yields 1,973 parameters. It is more informative than the nearest untested alternative (difference 7.853e-05) because it is the minimum-distortion eligible union; exact pairs already rejected under the unchanged grouping are excluded. Acceptance and rollback remain solely governed by the official runner.	0	0
attempt-0078	nearest-position-unions-infra-repair	micro-0113	e23dcc8aa75141fac025d60e47aef6617ed1b2db	5d2dd8acd5a4e1fb9919129136a987fcd4606104	2026-08-16T23:06:24.572286+00:00	parameter tying	99.050000%	1972	keep	Union closest position groups 344 and 136	Family: parameter tying. Current retained frontier is 1,973 parameters at 99.070000%, a +0.070000 percentage-point margin over 99%. There have been 20 prior macro-attempts in this family and 133 prior micro-trials. The most recent accepted result is attempt-0078/micro-0112 at 1973 parameters and 99.070000%; the most recent failed result is attempt-0075/micro-0001 (error, no score). This is a parameterization-preserving compression: union current position groups represented by coordinates 344 and 136, whose learned values are 0.0092173573 and 0.0092958901 (absolute difference 7.853e-05), using a multiplicity-weighted mean. Hypothesis: this preserves qualification and yields 1,972 parameters. It is more informative than the nearest untested alternative (difference 7.878e-05) because it is the minimum-distortion eligible union; exact pairs already rejected under the unchanged grouping are excluded. Acceptance and rollback remain solely governed by the official runner.	0	0
attempt-0078	nearest-position-unions-infra-repair	micro-0114	f01e0f509198e07e094dbf8cab370365160a364d	e23dcc8aa75141fac025d60e47aef6617ed1b2db	2026-08-16T23:07:26.671840+00:00	parameter tying	99.060000%	1971	keep	Union closest position groups 445 and 455	Family: parameter tying. Current retained frontier is 1,972 parameters at 99.050000%, a +0.050000 percentage-point margin over 99%. There have been 20 prior macro-attempts in this family and 134 prior micro-trials. The most recent accepted result is attempt-0078/micro-0113 at 1972 parameters and 99.050000%; the most recent failed result is attempt-0075/micro-0001 (error, no score). This is a parameterization-preserving compression: union current position groups represented by coordinates 445 and 455, whose learned values are 0.0314358808 and 0.0315146595 (absolute difference 7.878e-05), using a multiplicity-weighted mean. Hypothesis: this preserves qualification and yields 1,971 parameters. It is more informative than the nearest untested alternative (difference 8.052e-05) because it is the minimum-distortion eligible union; exact pairs already rejected under the unchanged grouping are excluded. Acceptance and rollback remain solely governed by the official runner.	0	0
attempt-0078	nearest-position-unions-infra-repair	micro-0115	2317128d9f1f7beaad56f95bd4abb2729bbda5f8	f01e0f509198e07e094dbf8cab370365160a364d	2026-08-16T23:08:29.953916+00:00	parameter tying	99.060000%	1970	keep	Union closest position groups 77 and 362	Family: parameter tying. Current retained frontier is 1,971 parameters at 99.060000%, a +0.060000 percentage-point margin over 99%. There have been 20 prior macro-attempts in this family and 135 prior micro-trials. The most recent accepted result is attempt-0078/micro-0114 at 1971 parameters and 99.060000%; the most recent failed result is attempt-0075/micro-0001 (error, no score). This is a parameterization-preserving compression: union current position groups represented by coordinates 77 and 362, whose learned values are 0.0007877152 and 0.0008682332 (absolute difference 8.052e-05), using a multiplicity-weighted mean. Hypothesis: this preserves qualification and yields 1,970 parameters. It is more informative than the nearest untested alternative (difference 8.069e-05) because it is the minimum-distortion eligible union; exact pairs already rejected under the unchanged grouping are excluded. Acceptance and rollback remain solely governed by the official runner.	0	0
attempt-0078	nearest-position-unions-infra-repair	micro-0116	a94a2d02ac475765985108f175efca5a4c2f9bbb	2317128d9f1f7beaad56f95bd4abb2729bbda5f8	2026-08-16T23:09:31.772260+00:00	parameter tying	99.060000%	1969	keep	Union closest position groups 156 and 343	Family: parameter tying. Current retained frontier is 1,970 parameters at 99.060000%, a +0.060000 percentage-point margin over 99%. There have been 20 prior macro-attempts in this family and 136 prior micro-trials. The most recent accepted result is attempt-0078/micro-0115 at 1970 parameters and 99.060000%; the most recent failed result is attempt-0075/micro-0001 (error, no score). This is a parameterization-preserving compression: union current position groups represented by coordinates 156 and 343, whose learned values are -0.0508982651 and -0.0508175753 (absolute difference 8.069e-05), using a multiplicity-weighted mean. Hypothesis: this preserves qualification and yields 1,969 parameters. It is more informative than the nearest untested alternative (difference 8.201e-05) because it is the minimum-distortion eligible union; exact pairs already rejected under the unchanged grouping are excluded. Acceptance and rollback remain solely governed by the official runner.	0	0
attempt-0078	nearest-position-unions-infra-repair	micro-0117	e48441f7f634af3d02d15256bbd80dc4f873b41b	a94a2d02ac475765985108f175efca5a4c2f9bbb	2026-08-16T23:10:33.298399+00:00	parameter tying	99.060000%	1968	keep	Union closest position groups 315 and 331	Family: parameter tying. Current retained frontier is 1,969 parameters at 99.060000%, a +0.060000 percentage-point margin over 99%. There have been 20 prior macro-attempts in this family and 137 prior micro-trials. The most recent accepted result is attempt-0078/micro-0116 at 1969 parameters and 99.060000%; the most recent failed result is attempt-0075/micro-0001 (error, no score). This is a parameterization-preserving compression: union current position groups represented by coordinates 315 and 331, whose learned values are 0.0121872602 and 0.0122692743 (absolute difference 8.201e-05), using a multiplicity-weighted mean. Hypothesis: this preserves qualification and yields 1,968 parameters. It is more informative than the nearest untested alternative (difference 8.215e-05) because it is the minimum-distortion eligible union; exact pairs already rejected under the unchanged grouping are excluded. Acceptance and rollback remain solely governed by the official runner.	0	0
attempt-0078	nearest-position-unions-infra-repair	micro-0118	7ca97eea6dd55263cbdf96e587da96679d6e1edd	e48441f7f634af3d02d15256bbd80dc4f873b41b	2026-08-16T23:11:34.796507+00:00	parameter tying	99.060000%	1967	keep	Union closest position groups 9 and 95	Family: parameter tying. Current retained frontier is 1,968 parameters at 99.060000%, a +0.060000 percentage-point margin over 99%. There have been 20 prior macro-attempts in this family and 138 prior micro-trials. The most recent accepted result is attempt-0078/micro-0117 at 1968 parameters and 99.060000%; the most recent failed result is attempt-0075/micro-0001 (error, no score). This is a parameterization-preserving compression: union current position groups represented by coordinates 9 and 95, whose learned values are 0.0040072785 and 0.0040894244 (absolute difference 8.215e-05), using a multiplicity-weighted mean. Hypothesis: this preserves qualification and yields 1,967 parameters. It is more informative than the nearest untested alternative (difference 8.251e-05) because it is the minimum-distortion eligible union; exact pairs already rejected under the unchanged grouping are excluded. Acceptance and rollback remain solely governed by the official runner.	0	0
attempt-0078	nearest-position-unions-infra-repair	micro-0119	6b9c18c7fc5662d4845d8c5bbe97cb18a74e090e	7ca97eea6dd55263cbdf96e587da96679d6e1edd	2026-08-16T23:12:36.820758+00:00	parameter tying	99.060000%	1966	keep	Union closest position groups 151 and 410	Family: parameter tying. Current retained frontier is 1,967 parameters at 99.060000%, a +0.060000 percentage-point margin over 99%. There have been 20 prior macro-attempts in this family and 139 prior micro-trials. The most recent accepted result is attempt-0078/micro-0118 at 1967 parameters and 99.060000%; the most recent failed result is attempt-0075/micro-0001 (error, no score). This is a parameterization-preserving compression: union current position groups represented by coordinates 151 and 410, whose learned values are -0.0078653758 and -0.0077828704 (absolute difference 8.251e-05), using a multiplicity-weighted mean. Hypothesis: this preserves qualification and yields 1,966 parameters. It is more informative than the nearest untested alternative (difference 8.252e-05) because it is the minimum-distortion eligible union; exact pairs already rejected under the unchanged grouping are excluded. Acceptance and rollback remain solely governed by the official runner.	0	0
attempt-0078	nearest-position-unions-infra-repair	micro-0120	cb902451f4c67e93f8ac6af48dd25870652cbfd6	6b9c18c7fc5662d4845d8c5bbe97cb18a74e090e	2026-08-16T23:13:39.891048+00:00	parameter tying	99.060000%	1965	keep	Union closest position groups 487 and 334	Family: parameter tying. Current retained frontier is 1,966 parameters at 99.060000%, a +0.060000 percentage-point margin over 99%. There have been 20 prior macro-attempts in this family and 140 prior micro-trials. The most recent accepted result is attempt-0078/micro-0119 at 1966 parameters and 99.060000%; the most recent failed result is attempt-0075/micro-0001 (error, no score). This is a parameterization-preserving compression: union current position groups represented by coordinates 487 and 334, whose learned values are 0.0251469370 and 0.0252294540 (absolute difference 8.252e-05), using a multiplicity-weighted mean. Hypothesis: this preserves qualification and yields 1,965 parameters. It is more informative than the nearest untested alternative (difference 8.270e-05) because it is the minimum-distortion eligible union; exact pairs already rejected under the unchanged grouping are excluded. Acceptance and rollback remain solely governed by the official runner.	0	0
attempt-0078	nearest-position-unions-infra-repair	micro-0121	eb25be31a1ec19098b91aeacadc84fa620a860f0	cb902451f4c67e93f8ac6af48dd25870652cbfd6	2026-08-16T23:14:43.086455+00:00	parameter tying	99.050000%	1964	keep	Union closest position groups 222 and 50	Family: parameter tying. Current retained frontier is 1,965 parameters at 99.060000%, a +0.060000 percentage-point margin over 99%. There have been 20 prior macro-attempts in this family and 141 prior micro-trials. The most recent accepted result is attempt-0078/micro-0120 at 1965 parameters and 99.060000%; the most recent failed result is attempt-0075/micro-0001 (error, no score). This is a parameterization-preserving compression: union current position groups represented by coordinates 222 and 50, whose learned values are -0.0138137192 and -0.0137310233 (absolute difference 8.270e-05), using a multiplicity-weighted mean. Hypothesis: this preserves qualification and yields 1,964 parameters. It is more informative than the nearest untested alternative (difference 8.364e-05) because it is the minimum-distortion eligible union; exact pairs already rejected under the unchanged grouping are excluded. Acceptance and rollback remain solely governed by the official runner.	0	0
attempt-0078	nearest-position-unions-infra-repair	micro-0122	6024d362e8aba02936ef47f4211de7ef76e927dd	eb25be31a1ec19098b91aeacadc84fa620a860f0	2026-08-16T23:15:44.365617+00:00	parameter tying	99.060000%	1963	keep	Union closest position groups 96 and 297	Family: parameter tying. Current retained frontier is 1,964 parameters at 99.050000%, a +0.050000 percentage-point margin over 99%. There have been 20 prior macro-attempts in this family and 142 prior micro-trials. The most recent accepted result is attempt-0078/micro-0121 at 1964 parameters and 99.050000%; the most recent failed result is attempt-0075/micro-0001 (error, no score). This is a parameterization-preserving compression: union current position groups represented by coordinates 96 and 297, whose learned values are 0.0102503309 and 0.0103339693 (absolute difference 8.364e-05), using a multiplicity-weighted mean. Hypothesis: this preserves qualification and yields 1,963 parameters. It is more informative than the nearest untested alternative (difference 8.457e-05) because it is the minimum-distortion eligible union; exact pairs already rejected under the unchanged grouping are excluded. Acceptance and rollback remain solely governed by the official runner.	0	0
attempt-0078	nearest-position-unions-infra-repair	micro-0123	dfc8d85c31caa803786efc5b845b9b9c373cec52	6024d362e8aba02936ef47f4211de7ef76e927dd	2026-08-16T23:16:46.078186+00:00	parameter tying	99.040000%	1962	keep	Union closest position groups 483 and 214	Family: parameter tying. Current retained frontier is 1,963 parameters at 99.060000%, a +0.060000 percentage-point margin over 99%. There have been 20 prior macro-attempts in this family and 143 prior micro-trials. The most recent accepted result is attempt-0078/micro-0122 at 1963 parameters and 99.060000%; the most recent failed result is attempt-0075/micro-0001 (error, no score). This is a parameterization-preserving compression: union current position groups represented by coordinates 483 and 214, whose learned values are 0.0142071303 and 0.0142917000 (absolute difference 8.457e-05), using a multiplicity-weighted mean. Hypothesis: this preserves qualification and yields 1,962 parameters. It is more informative than the nearest untested alternative (difference 8.475e-05) because it is the minimum-distortion eligible union; exact pairs already rejected under the unchanged grouping are excluded. Acceptance and rollback remain solely governed by the official runner.	0	0
attempt-0078	nearest-position-unions-infra-repair	micro-0124	f1e0baf632852c09d3f43910a9fb1623ea167020	dfc8d85c31caa803786efc5b845b9b9c373cec52	2026-08-16T23:17:48.266976+00:00	parameter tying	99.050000%	1961	keep	Union closest position groups 283 and 373	Family: parameter tying. Current retained frontier is 1,962 parameters at 99.040000%, a +0.040000 percentage-point margin over 99%. There have been 20 prior macro-attempts in this family and 144 prior micro-trials. The most recent accepted result is attempt-0078/micro-0123 at 1962 parameters and 99.040000%; the most recent failed result is attempt-0075/micro-0001 (error, no score). This is a parameterization-preserving compression: union current position groups represented by coordinates 283 and 373, whose learned values are 0.0623870976 and 0.0624718517 (absolute difference 8.475e-05), using a multiplicity-weighted mean. Hypothesis: this preserves qualification and yields 1,961 parameters. It is more informative than the nearest untested alternative (difference 8.561e-05) because it is the minimum-distortion eligible union; exact pairs already rejected under the unchanged grouping are excluded. Acceptance and rollback remain solely governed by the official runner.	0	0
attempt-0078	nearest-position-unions-infra-repair	micro-0125	f5ba89c672f1d88d5a9381a4bcca69346e3ce799	f1e0baf632852c09d3f43910a9fb1623ea167020	2026-08-16T23:18:50.205409+00:00	parameter tying	99.050000%	1960	keep	Union closest position groups 79 and 1	Family: parameter tying. Current retained frontier is 1,961 parameters at 99.050000%, a +0.050000 percentage-point margin over 99%. There have been 20 prior macro-attempts in this family and 145 prior micro-trials. The most recent accepted result is attempt-0078/micro-0124 at 1961 parameters and 99.050000%; the most recent failed result is attempt-0075/micro-0001 (error, no score). This is a parameterization-preserving compression: union current position groups represented by coordinates 79 and 1, whose learned values are 0.0021248213 and 0.0022104338 (absolute difference 8.561e-05), using a multiplicity-weighted mean. Hypothesis: this preserves qualification and yields 1,960 parameters. It is more informative than the nearest untested alternative (difference 8.593e-05) because it is the minimum-distortion eligible union; exact pairs already rejected under the unchanged grouping are excluded. Acceptance and rollback remain solely governed by the official runner.	0	0
attempt-0078	nearest-position-unions-infra-repair	micro-0126	82e037319f0ddc74ed759d13fd0fbd19e579c42b	f5ba89c672f1d88d5a9381a4bcca69346e3ce799	2026-08-16T23:19:53.266730+00:00	parameter tying	99.050000%	1959	keep	Union closest position groups 246 and 70	Family: parameter tying. Current retained frontier is 1,960 parameters at 99.050000%, a +0.050000 percentage-point margin over 99%. There have been 20 prior macro-attempts in this family and 146 prior micro-trials. The most recent accepted result is attempt-0078/micro-0125 at 1960 parameters and 99.050000%; the most recent failed result is attempt-0075/micro-0001 (error, no score). This is a parameterization-preserving compression: union current position groups represented by coordinates 246 and 70, whose learned values are 0.0131176896 and 0.0132036200 (absolute difference 8.593e-05), using a multiplicity-weighted mean. Hypothesis: this preserves qualification and yields 1,959 parameters. It is more informative than the nearest untested alternative (difference 8.595e-05) because it is the minimum-distortion eligible union; exact pairs already rejected under the unchanged grouping are excluded. Acceptance and rollback remain solely governed by the official runner.	0	0
attempt-0078	nearest-position-unions-infra-repair	micro-0127	8099a687135ab3ee0ed89df3483fee5719cc494d	82e037319f0ddc74ed759d13fd0fbd19e579c42b	2026-08-16T23:20:55.420152+00:00	parameter tying	99.050000%	1958	keep	Union closest position groups 68 and 384	Family: parameter tying. Current retained frontier is 1,959 parameters at 99.050000%, a +0.050000 percentage-point margin over 99%. There have been 20 prior macro-attempts in this family and 147 prior micro-trials. The most recent accepted result is attempt-0078/micro-0126 at 1959 parameters and 99.050000%; the most recent failed result is attempt-0075/micro-0001 (error, no score). This is a parameterization-preserving compression: union current position groups represented by coordinates 68 and 384, whose learned values are -0.0463198125 and -0.0462338626 (absolute difference 8.595e-05), using a multiplicity-weighted mean. Hypothesis: this preserves qualification and yields 1,958 parameters. It is more informative than the nearest untested alternative (difference 8.624e-05) because it is the minimum-distortion eligible union; exact pairs already rejected under the unchanged grouping are excluded. Acceptance and rollback remain solely governed by the official runner.	0	0
attempt-0078	nearest-position-unions-infra-repair	micro-0128	c4fc633800d4a466570b3524408bc48a2faf87a4	8099a687135ab3ee0ed89df3483fee5719cc494d	2026-08-16T23:21:57.047336+00:00	parameter tying	99.050000%	1957	keep	Union closest position groups 251 and 480	Family: parameter tying. Current retained frontier is 1,958 parameters at 99.050000%, a +0.050000 percentage-point margin over 99%. There have been 20 prior macro-attempts in this family and 148 prior micro-trials. The most recent accepted result is attempt-0078/micro-0127 at 1958 parameters and 99.050000%; the most recent failed result is attempt-0075/micro-0001 (error, no score). This is a parameterization-preserving compression: union current position groups represented by coordinates 251 and 480, whose learned values are -0.0388896093 and -0.0388033688 (absolute difference 8.624e-05), using a multiplicity-weighted mean. Hypothesis: this preserves qualification and yields 1,957 parameters. It is more informative than the nearest untested alternative (difference 8.662e-05) because it is the minimum-distortion eligible union; exact pairs already rejected under the unchanged grouping are excluded. Acceptance and rollback remain solely governed by the official runner.	0	0
attempt-0078	nearest-position-unions-infra-repair	micro-0129	bc2d50707062833dccd44823b1d0de3deb151bb0	c4fc633800d4a466570b3524408bc48a2faf87a4	2026-08-16T23:22:58.683811+00:00	parameter tying	99.060000%	1956	keep	Union closest position groups 51 and 205	Family: parameter tying. Current retained frontier is 1,957 parameters at 99.050000%, a +0.050000 percentage-point margin over 99%. There have been 20 prior macro-attempts in this family and 149 prior micro-trials. The most recent accepted result is attempt-0078/micro-0128 at 1957 parameters and 99.050000%; the most recent failed result is attempt-0075/micro-0001 (error, no score). This is a parameterization-preserving compression: union current position groups represented by coordinates 51 and 205, whose learned values are -0.0115711046 and -0.0114844870 (absolute difference 8.662e-05), using a multiplicity-weighted mean. Hypothesis: this preserves qualification and yields 1,956 parameters. It is more informative than the nearest untested alternative (difference 8.682e-05) because it is the minimum-distortion eligible union; exact pairs already rejected under the unchanged grouping are excluded. Acceptance and rollback remain solely governed by the official runner.	0	0
attempt-0078	nearest-position-unions-infra-repair	micro-0130	5570529d34b5ff48078c2c90d3031d16249d23a4	bc2d50707062833dccd44823b1d0de3deb151bb0	2026-08-16T23:24:00.275742+00:00	parameter tying	99.060000%	1955	keep	Union closest position groups 104 and 197	Family: parameter tying. Current retained frontier is 1,956 parameters at 99.060000%, a +0.060000 percentage-point margin over 99%. There have been 20 prior macro-attempts in this family and 150 prior micro-trials. The most recent accepted result is attempt-0078/micro-0129 at 1956 parameters and 99.060000%; the most recent failed result is attempt-0075/micro-0001 (error, no score). This is a parameterization-preserving compression: union current position groups represented by coordinates 104 and 197, whose learned values are -0.0038001481 and -0.0037133263 (absolute difference 8.682e-05), using a multiplicity-weighted mean. Hypothesis: this preserves qualification and yields 1,955 parameters. It is more informative than the nearest untested alternative (difference 8.683e-05) because it is the minimum-distortion eligible union; exact pairs already rejected under the unchanged grouping are excluded. Acceptance and rollback remain solely governed by the official runner.	0	0
attempt-0078	nearest-position-unions-infra-repair	micro-0131	39caa8170166986b91dc68186ecd794cb8e1f392	5570529d34b5ff48078c2c90d3031d16249d23a4	2026-08-16T23:25:02.187105+00:00	parameter tying	99.060000%	1954	keep	Union closest position groups 32 and 220	Family: parameter tying. Current retained frontier is 1,955 parameters at 99.060000%, a +0.060000 percentage-point margin over 99%. There have been 20 prior macro-attempts in this family and 151 prior micro-trials. The most recent accepted result is attempt-0078/micro-0130 at 1955 parameters and 99.060000%; the most recent failed result is attempt-0075/micro-0001 (error, no score). This is a parameterization-preserving compression: union current position groups represented by coordinates 32 and 220, whose learned values are 0.0285520889 and 0.0286389198 (absolute difference 8.683e-05), using a multiplicity-weighted mean. Hypothesis: this preserves qualification and yields 1,954 parameters. It is more informative than the nearest untested alternative (difference 8.728e-05) because it is the minimum-distortion eligible union; exact pairs already rejected under the unchanged grouping are excluded. Acceptance and rollback remain solely governed by the official runner.	0	0
attempt-0078	nearest-position-unions-infra-repair	micro-0132	2ade6e83fad12b3ccce55cad0a2b6d1f034e33fc	39caa8170166986b91dc68186ecd794cb8e1f392	2026-08-16T23:26:04.891710+00:00	parameter tying	99.060000%	1953	keep	Union closest position groups 138 and 127	Family: parameter tying. Current retained frontier is 1,954 parameters at 99.060000%, a +0.060000 percentage-point margin over 99%. There have been 20 prior macro-attempts in this family and 152 prior micro-trials. The most recent accepted result is attempt-0078/micro-0131 at 1954 parameters and 99.060000%; the most recent failed result is attempt-0075/micro-0001 (error, no score). This is a parameterization-preserving compression: union current position groups represented by coordinates 138 and 127, whose learned values are -0.0027349885 and -0.0026477072 (absolute difference 8.728e-05), using a multiplicity-weighted mean. Hypothesis: this preserves qualification and yields 1,953 parameters. It is more informative than the nearest untested alternative (difference 8.771e-05) because it is the minimum-distortion eligible union; exact pairs already rejected under the unchanged grouping are excluded. Acceptance and rollback remain solely governed by the official runner.	0	0
attempt-0078	nearest-position-unions-infra-repair	micro-0133	c1b6c853e3b286925550f021dc4cb79e0357cc67	2ade6e83fad12b3ccce55cad0a2b6d1f034e33fc	2026-08-16T23:27:14.931193+00:00	parameter tying	99.060000%	1952	keep	Union closest position groups 160 and 438	Family: parameter tying. Current retained frontier is 1,953 parameters at 99.060000%, a +0.060000 percentage-point margin over 99%. There have been 20 prior macro-attempts in this family and 153 prior micro-trials. The most recent accepted result is attempt-0078/micro-0132 at 1953 parameters and 99.060000%; the most recent failed result is attempt-0075/micro-0001 (error, no score). This is a parameterization-preserving compression: union current position groups represented by coordinates 160 and 438, whose learned values are 0.0012180239 and 0.0013057381 (absolute difference 8.771e-05), using a multiplicity-weighted mean. Hypothesis: this preserves qualification and yields 1,952 parameters. It is more informative than the nearest untested alternative (difference 8.796e-05) because it is the minimum-distortion eligible union; exact pairs already rejected under the unchanged grouping are excluded. Acceptance and rollback remain solely governed by the official runner.	0	0
attempt-0078	nearest-position-unions-infra-repair	micro-0134	9b0d86ef521e95b231eece43b7b60630ca636ae1	c1b6c853e3b286925550f021dc4cb79e0357cc67	2026-08-16T23:28:22.315687+00:00	parameter tying	99.060000%	1951	keep	Union closest position groups 360 and 430	Family: parameter tying. Current retained frontier is 1,952 parameters at 99.060000%, a +0.060000 percentage-point margin over 99%. There have been 20 prior macro-attempts in this family and 154 prior micro-trials. The most recent accepted result is attempt-0078/micro-0133 at 1952 parameters and 99.060000%; the most recent failed result is attempt-0075/micro-0001 (error, no score). This is a parameterization-preserving compression: union current position groups represented by coordinates 360 and 430, whose learned values are -0.0227223244 and -0.0226343609 (absolute difference 8.796e-05), using a multiplicity-weighted mean. Hypothesis: this preserves qualification and yields 1,951 parameters. It is more informative than the nearest untested alternative (difference 8.975e-05) because it is the minimum-distortion eligible union; exact pairs already rejected under the unchanged grouping are excluded. Acceptance and rollback remain solely governed by the official runner.	0	0
attempt-0078	nearest-position-unions-infra-repair	micro-0135	9ad50114c4ec4c120d642b35c075bb1b7021f4d1	9b0d86ef521e95b231eece43b7b60630ca636ae1	2026-08-16T23:29:25.299036+00:00	parameter tying	99.050000%	1950	keep	Union closest position groups 181 and 207	Family: parameter tying. Current retained frontier is 1,951 parameters at 99.060000%, a +0.060000 percentage-point margin over 99%. There have been 20 prior macro-attempts in this family and 155 prior micro-trials. The most recent accepted result is attempt-0078/micro-0134 at 1951 parameters and 99.060000%; the most recent failed result is attempt-0075/micro-0001 (error, no score). This is a parameterization-preserving compression: union current position groups represented by coordinates 181 and 207, whose learned values are -0.0032595117 and -0.0031697620 (absolute difference 8.975e-05), using a multiplicity-weighted mean. Hypothesis: this preserves qualification and yields 1,950 parameters. It is more informative than the nearest untested alternative (difference 8.978e-05) because it is the minimum-distortion eligible union; exact pairs already rejected under the unchanged grouping are excluded. Acceptance and rollback remain solely governed by the official runner.	0	0
attempt-0078	nearest-position-unions-infra-repair	micro-0136	a5eb583539a113ddc4e9dc2392f7abadd52087a6	9ad50114c4ec4c120d642b35c075bb1b7021f4d1	2026-08-16T23:30:27.821003+00:00	parameter tying	99.050000%	1949	keep	Union closest position groups 415 and 227	Family: parameter tying. Current retained frontier is 1,950 parameters at 99.050000%, a +0.050000 percentage-point margin over 99%. There have been 20 prior macro-attempts in this family and 156 prior micro-trials. The most recent accepted result is attempt-0078/micro-0135 at 1950 parameters and 99.050000%; the most recent failed result is attempt-0075/micro-0001 (error, no score). This is a parameterization-preserving compression: union current position groups represented by coordinates 415 and 227, whose learned values are -0.0014829371 and -0.0013931614 (absolute difference 8.978e-05), using a multiplicity-weighted mean. Hypothesis: this preserves qualification and yields 1,949 parameters. It is more informative than the nearest untested alternative (difference 8.995e-05) because it is the minimum-distortion eligible union; exact pairs already rejected under the unchanged grouping are excluded. Acceptance and rollback remain solely governed by the official runner.	0	0
attempt-0078	nearest-position-unions-infra-repair	micro-0137	32da9a919c8a78b04332c9c3ba2aaa4de8cb2734	a5eb583539a113ddc4e9dc2392f7abadd52087a6	2026-08-16T23:31:29.998612+00:00	parameter tying	99.060000%	1948	keep	Union closest position groups 111 and 294	Family: parameter tying. Current retained frontier is 1,949 parameters at 99.050000%, a +0.050000 percentage-point margin over 99%. There have been 20 prior macro-attempts in this family and 157 prior micro-trials. The most recent accepted result is attempt-0078/micro-0136 at 1949 parameters and 99.050000%; the most recent failed result is attempt-0075/micro-0001 (error, no score). This is a parameterization-preserving compression: union current position groups represented by coordinates 111 and 294, whose learned values are 0.0052358620 and 0.0053258119 (absolute difference 8.995e-05), using a multiplicity-weighted mean. Hypothesis: this preserves qualification and yields 1,948 parameters. It is more informative than the nearest untested alternative (difference 9.023e-05) because it is the minimum-distortion eligible union; exact pairs already rejected under the unchanged grouping are excluded. Acceptance and rollback remain solely governed by the official runner.	0	0
attempt-0078	nearest-position-unions-infra-repair	micro-0138	7a1c92fe2c0078c0c6ef27bd15f101818dfa055d	32da9a919c8a78b04332c9c3ba2aaa4de8cb2734	2026-08-16T23:32:32.730073+00:00	parameter tying	99.060000%	1947	keep	Union closest position groups 22 and 257	Family: parameter tying. Current retained frontier is 1,948 parameters at 99.060000%, a +0.060000 percentage-point margin over 99%. There have been 20 prior macro-attempts in this family and 158 prior micro-trials. The most recent accepted result is attempt-0078/micro-0137 at 1948 parameters and 99.060000%; the most recent failed result is attempt-0075/micro-0001 (error, no score). This is a parameterization-preserving compression: union current position groups represented by coordinates 22 and 257, whose learned values are 0.0212207660 and 0.0213109925 (absolute difference 9.023e-05), using a multiplicity-weighted mean. Hypothesis: this preserves qualification and yields 1,947 parameters. It is more informative than the nearest untested alternative (difference 9.095e-05) because it is the minimum-distortion eligible union; exact pairs already rejected under the unchanged grouping are excluded. Acceptance and rollback remain solely governed by the official runner.	0	0
attempt-0078	nearest-position-unions-infra-repair	micro-0139	571d0c09f774d6c96c0f644052a4ff1ba5aad964	7a1c92fe2c0078c0c6ef27bd15f101818dfa055d	2026-08-16T23:33:35.545632+00:00	parameter tying	99.060000%	1946	keep	Union closest position groups 298 and 367	Family: parameter tying. Current retained frontier is 1,947 parameters at 99.060000%, a +0.060000 percentage-point margin over 99%. There have been 20 prior macro-attempts in this family and 159 prior micro-trials. The most recent accepted result is attempt-0078/micro-0138 at 1947 parameters and 99.060000%; the most recent failed result is attempt-0075/micro-0001 (error, no score). This is a parameterization-preserving compression: union current position groups represented by coordinates 298 and 367, whose learned values are 0.0117424754 and 0.0118334228 (absolute difference 9.095e-05), using a multiplicity-weighted mean. Hypothesis: this preserves qualification and yields 1,946 parameters. It is more informative than the nearest untested alternative (difference 9.106e-05) because it is the minimum-distortion eligible union; exact pairs already rejected under the unchanged grouping are excluded. Acceptance and rollback remain solely governed by the official runner.	0	0
attempt-0078	nearest-position-unions-infra-repair	micro-0140	157d7fc6bfa2ef700e59a6ca2c0e99035d838346	571d0c09f774d6c96c0f644052a4ff1ba5aad964	2026-08-16T23:34:37.882813+00:00	parameter tying	99.060000%	1945	keep	Union closest position groups 326 and 223	Family: parameter tying. Current retained frontier is 1,946 parameters at 99.060000%, a +0.060000 percentage-point margin over 99%. There have been 20 prior macro-attempts in this family and 160 prior micro-trials. The most recent accepted result is attempt-0078/micro-0139 at 1946 parameters and 99.060000%; the most recent failed result is attempt-0075/micro-0001 (error, no score). This is a parameterization-preserving compression: union current position groups represented by coordinates 326 and 223, whose learned values are -0.0049242694 and -0.0048332112 (absolute difference 9.106e-05), using a multiplicity-weighted mean. Hypothesis: this preserves qualification and yields 1,945 parameters. It is more informative than the nearest untested alternative (difference 9.238e-05) because it is the minimum-distortion eligible union; exact pairs already rejected under the unchanged grouping are excluded. Acceptance and rollback remain solely governed by the official runner.	0	0
attempt-0078	nearest-position-unions-infra-repair	micro-0141	867c57a68a47d3daf4c566d4450102c0bb62b826	157d7fc6bfa2ef700e59a6ca2c0e99035d838346	2026-08-16T23:35:39.445479+00:00	parameter tying	99.060000%	1944	keep	Union closest position groups 295 and 423	Family: parameter tying. Current retained frontier is 1,945 parameters at 99.060000%, a +0.060000 percentage-point margin over 99%. There have been 20 prior macro-attempts in this family and 161 prior micro-trials. The most recent accepted result is attempt-0078/micro-0140 at 1945 parameters and 99.060000%; the most recent failed result is attempt-0075/micro-0001 (error, no score). This is a parameterization-preserving compression: union current position groups represented by coordinates 295 and 423, whose learned values are 0.0098492969 and 0.0099416766 (absolute difference 9.238e-05), using a multiplicity-weighted mean. Hypothesis: this preserves qualification and yields 1,944 parameters. It is more informative than the nearest untested alternative (difference 9.413e-05) because it is the minimum-distortion eligible union; exact pairs already rejected under the unchanged grouping are excluded. Acceptance and rollback remain solely governed by the official runner.	0	0
attempt-0078	nearest-position-unions-infra-repair	micro-0142	cf1641db3955bde92e65721d25442c6634fa3b35	867c57a68a47d3daf4c566d4450102c0bb62b826	2026-08-16T23:36:41.922448+00:00	parameter tying	99.060000%	1943	keep	Union closest position groups 341 and 121	Family: parameter tying. Current retained frontier is 1,944 parameters at 99.060000%, a +0.060000 percentage-point margin over 99%. There have been 20 prior macro-attempts in this family and 162 prior micro-trials. The most recent accepted result is attempt-0078/micro-0141 at 1944 parameters and 99.060000%; the most recent failed result is attempt-0075/micro-0001 (error, no score). This is a parameterization-preserving compression: union current position groups represented by coordinates 341 and 121, whose learned values are -0.0214705728 and -0.0213764384 (absolute difference 9.413e-05), using a multiplicity-weighted mean. Hypothesis: this preserves qualification and yields 1,943 parameters. It is more informative than the nearest untested alternative (difference 9.850e-05) because it is the minimum-distortion eligible union; exact pairs already rejected under the unchanged grouping are excluded. Acceptance and rollback remain solely governed by the official runner.	0	0
attempt-0078	nearest-position-unions-infra-repair	micro-0143	508c723c0f1069213b8310bd8386d14a83cc8697	cf1641db3955bde92e65721d25442c6634fa3b35	2026-08-16T23:37:43.659935+00:00	parameter tying	99.070000%	1942	keep	Union closest position groups 243 and 272	Family: parameter tying. Current retained frontier is 1,943 parameters at 99.060000%, a +0.060000 percentage-point margin over 99%. There have been 20 prior macro-attempts in this family and 163 prior micro-trials. The most recent accepted result is attempt-0078/micro-0142 at 1943 parameters and 99.060000%; the most recent failed result is attempt-0075/micro-0001 (error, no score). This is a parameterization-preserving compression: union current position groups represented by coordinates 243 and 272, whose learned values are 0.0047449716 and 0.0048434748 (absolute difference 9.850e-05), using a multiplicity-weighted mean. Hypothesis: this preserves qualification and yields 1,942 parameters. It is more informative than the nearest untested alternative (difference 9.851e-05) because it is the minimum-distortion eligible union; exact pairs already rejected under the unchanged grouping are excluded. Acceptance and rollback remain solely governed by the official runner.	0	0
attempt-0078	nearest-position-unions-infra-repair	micro-0144	dec2eeeafd51a27fbccecc0fccf4cbf80abecc32	508c723c0f1069213b8310bd8386d14a83cc8697	2026-08-16T23:38:44.774590+00:00	parameter tying	99.090000%	1941	keep	Union closest position groups 64 and 94	Family: parameter tying. Current retained frontier is 1,942 parameters at 99.070000%, a +0.070000 percentage-point margin over 99%. There have been 20 prior macro-attempts in this family and 164 prior micro-trials. The most recent accepted result is attempt-0078/micro-0143 at 1942 parameters and 99.070000%; the most recent failed result is attempt-0075/micro-0001 (error, no score). This is a parameterization-preserving compression: union current position groups represented by coordinates 64 and 94, whose learned values are 0.0043092514 and 0.0044077607 (absolute difference 9.851e-05), using a multiplicity-weighted mean. Hypothesis: this preserves qualification and yields 1,941 parameters. It is more informative than the nearest untested alternative (difference 9.920e-05) because it is the minimum-distortion eligible union; exact pairs already rejected under the unchanged grouping are excluded. Acceptance and rollback remain solely governed by the official runner.	0	0
attempt-0078	nearest-position-unions-infra-repair	micro-0145	361f32b92c7cd06cc580ffd0d6c4840fc0345870	dec2eeeafd51a27fbccecc0fccf4cbf80abecc32	2026-08-16T23:39:46.627886+00:00	parameter tying	99.090000%	1940	keep	Union closest position groups 374 and 15	Family: parameter tying. Current retained frontier is 1,941 parameters at 99.090000%, a +0.090000 percentage-point margin over 99%. There have been 20 prior macro-attempts in this family and 165 prior micro-trials. The most recent accepted result is attempt-0078/micro-0144 at 1941 parameters and 99.090000%; the most recent failed result is attempt-0075/micro-0001 (error, no score). This is a parameterization-preserving compression: union current position groups represented by coordinates 374 and 15, whose learned values are -0.0337067358 and -0.0336075351 (absolute difference 9.920e-05), using a multiplicity-weighted mean. Hypothesis: this preserves qualification and yields 1,940 parameters. It is more informative than the nearest untested alternative (difference 1.016e-04) because it is the minimum-distortion eligible union; exact pairs already rejected under the unchanged grouping are excluded. Acceptance and rollback remain solely governed by the official runner.	0	0
attempt-0078	nearest-position-unions-infra-repair	micro-0146	259f2bdd3c9b567c35c7258eaa6a3748c819ea27	361f32b92c7cd06cc580ffd0d6c4840fc0345870	2026-08-16T23:40:48.742892+00:00	parameter tying	99.080000%	1939	keep	Union closest position groups 173 and 37	Family: parameter tying. Current retained frontier is 1,940 parameters at 99.090000%, a +0.090000 percentage-point margin over 99%. There have been 20 prior macro-attempts in this family and 166 prior micro-trials. The most recent accepted result is attempt-0078/micro-0145 at 1940 parameters and 99.090000%; the most recent failed result is attempt-0075/micro-0001 (error, no score). This is a parameterization-preserving compression: union current position groups represented by coordinates 173 and 37, whose learned values are -0.0081238542 and -0.0080222562 (absolute difference 1.016e-04), using a multiplicity-weighted mean. Hypothesis: this preserves qualification and yields 1,939 parameters. It is more informative than the nearest untested alternative (difference 1.033e-04) because it is the minimum-distortion eligible union; exact pairs already rejected under the unchanged grouping are excluded. Acceptance and rollback remain solely governed by the official runner.	0	0
attempt-0078	nearest-position-unions-infra-repair	micro-0147	058de5de30871dd8a5715eb4c65a55cdbc3ae843	259f2bdd3c9b567c35c7258eaa6a3748c819ea27	2026-08-16T23:41:53.343417+00:00	parameter tying	99.080000%	1938	keep	Union closest position groups 300 and 16	Family: parameter tying. Current retained frontier is 1,939 parameters at 99.080000%, a +0.080000 percentage-point margin over 99%. There have been 20 prior macro-attempts in this family and 167 prior micro-trials. The most recent accepted result is attempt-0078/micro-0146 at 1939 parameters and 99.080000%; the most recent failed result is attempt-0075/micro-0001 (error, no score). This is a parameterization-preserving compression: union current position groups represented by coordinates 300 and 16, whose learned values are 0.0330116749 and 0.0331149250 (absolute difference 1.033e-04), using a multiplicity-weighted mean. Hypothesis: this preserves qualification and yields 1,938 parameters. It is more informative than the nearest untested alternative (difference 1.045e-04) because it is the minimum-distortion eligible union; exact pairs already rejected under the unchanged grouping are excluded. Acceptance and rollback remain solely governed by the official runner.	0	0
attempt-0078	nearest-position-unions-infra-repair	micro-0148	dee1de579c3fa61c64d923cfdcc48a692092ce13	058de5de30871dd8a5715eb4c65a55cdbc3ae843	2026-08-16T23:42:56.216732+00:00	parameter tying	99.080000%	1937	keep	Union closest position groups 380 and 158	Family: parameter tying. Current retained frontier is 1,938 parameters at 99.080000%, a +0.080000 percentage-point margin over 99%. There have been 20 prior macro-attempts in this family and 168 prior micro-trials. The most recent accepted result is attempt-0078/micro-0147 at 1938 parameters and 99.080000%; the most recent failed result is attempt-0075/micro-0001 (error, no score). This is a parameterization-preserving compression: union current position groups represented by coordinates 380 and 158, whose learned values are -0.0327290781 and -0.0326245762 (absolute difference 1.045e-04), using a multiplicity-weighted mean. Hypothesis: this preserves qualification and yields 1,937 parameters. It is more informative than the nearest untested alternative (difference 1.050e-04) because it is the minimum-distortion eligible union; exact pairs already rejected under the unchanged grouping are excluded. Acceptance and rollback remain solely governed by the official runner.	0	0
attempt-0078	nearest-position-unions-infra-repair	micro-0149	824e2ca3e5121d1b40d9629b2b59b5a5d3052d3b	dee1de579c3fa61c64d923cfdcc48a692092ce13	2026-08-16T23:43:59.791084+00:00	parameter tying	99.080000%	1936	keep	Union closest position groups 359 and 329	Family: parameter tying. Current retained frontier is 1,937 parameters at 99.080000%, a +0.080000 percentage-point margin over 99%. There have been 20 prior macro-attempts in this family and 169 prior micro-trials. The most recent accepted result is attempt-0078/micro-0148 at 1937 parameters and 99.080000%; the most recent failed result is attempt-0075/micro-0001 (error, no score). This is a parameterization-preserving compression: union current position groups represented by coordinates 359 and 329, whose learned values are 0.0289660208 and 0.0290710703 (absolute difference 1.050e-04), using a multiplicity-weighted mean. Hypothesis: this preserves qualification and yields 1,936 parameters. It is more informative than the nearest untested alternative (difference 1.066e-04) because it is the minimum-distortion eligible union; exact pairs already rejected under the unchanged grouping are excluded. Acceptance and rollback remain solely governed by the official runner.	0	0
attempt-0078	nearest-position-unions-infra-repair	micro-0150	17f3f7db8df754d85c834c2225ce2f11ec1dc927	824e2ca3e5121d1b40d9629b2b59b5a5d3052d3b	2026-08-16T23:45:02.551756+00:00	parameter tying	99.080000%	1935	keep	Union closest position groups 287 and 217	Family: parameter tying. Current retained frontier is 1,936 parameters at 99.080000%, a +0.080000 percentage-point margin over 99%. There have been 20 prior macro-attempts in this family and 170 prior micro-trials. The most recent accepted result is attempt-0078/micro-0149 at 1936 parameters and 99.080000%; the most recent failed result is attempt-0075/micro-0001 (error, no score). This is a parameterization-preserving compression: union current position groups represented by coordinates 287 and 217, whose learned values are 0.0023039002 and 0.0024104780 (absolute difference 1.066e-04), using a multiplicity-weighted mean. Hypothesis: this preserves qualification and yields 1,935 parameters. It is more informative than the nearest untested alternative (difference 1.091e-04) because it is the minimum-distortion eligible union; exact pairs already rejected under the unchanged grouping are excluded. Acceptance and rollback remain solely governed by the official runner.	0	0
attempt-0078	nearest-position-unions-infra-repair	micro-0151	ba12610b6eb35021df7a8ffed1560e47818bde18	17f3f7db8df754d85c834c2225ce2f11ec1dc927	2026-08-16T23:46:04.702082+00:00	parameter tying	99.080000%	1934	keep	Union closest position groups 361 and 179	Family: parameter tying. Current retained frontier is 1,935 parameters at 99.080000%, a +0.080000 percentage-point margin over 99%. There have been 20 prior macro-attempts in this family and 171 prior micro-trials. The most recent accepted result is attempt-0078/micro-0150 at 1935 parameters and 99.080000%; the most recent failed result is attempt-0075/micro-0001 (error, no score). This is a parameterization-preserving compression: union current position groups represented by coordinates 361 and 179, whose learned values are -0.0130368154 and -0.0129277604 (absolute difference 1.091e-04), using a multiplicity-weighted mean. Hypothesis: this preserves qualification and yields 1,934 parameters. It is more informative than the nearest untested alternative (difference 1.092e-04) because it is the minimum-distortion eligible union; exact pairs already rejected under the unchanged grouping are excluded. Acceptance and rollback remain solely governed by the official runner.	0	0
attempt-0078	nearest-position-unions-infra-repair	micro-0152	c8f57b22f7bb5b9bf9b310a870c3d2e2b9835208	ba12610b6eb35021df7a8ffed1560e47818bde18	2026-08-16T23:47:07.349928+00:00	parameter tying	99.080000%	1933	keep	Union closest position groups 56 and 82	Family: parameter tying. Current retained frontier is 1,934 parameters at 99.080000%, a +0.080000 percentage-point margin over 99%. There have been 20 prior macro-attempts in this family and 172 prior micro-trials. The most recent accepted result is attempt-0078/micro-0151 at 1934 parameters and 99.080000%; the most recent failed result is attempt-0075/micro-0001 (error, no score). This is a parameterization-preserving compression: union current position groups represented by coordinates 56 and 82, whose learned values are -0.0199917369 and -0.0198825840 (absolute difference 1.092e-04), using a multiplicity-weighted mean. Hypothesis: this preserves qualification and yields 1,933 parameters. It is more informative than the nearest untested alternative (difference 1.094e-04) because it is the minimum-distortion eligible union; exact pairs already rejected under the unchanged grouping are excluded. Acceptance and rollback remain solely governed by the official runner.	0	0
attempt-0078	nearest-position-unions-infra-repair	micro-0153	1caea6f6397a1459b1855c781c0c0696c0341ad1	c8f57b22f7bb5b9bf9b310a870c3d2e2b9835208	2026-08-16T23:48:09.723084+00:00	parameter tying	99.070000%	1932	keep	Union closest position groups 296 and 458	Family: parameter tying. Current retained frontier is 1,933 parameters at 99.080000%, a +0.080000 percentage-point margin over 99%. There have been 20 prior macro-attempts in this family and 173 prior micro-trials. The most recent accepted result is attempt-0078/micro-0152 at 1933 parameters and 99.080000%; the most recent failed result is attempt-0075/micro-0001 (error, no score). This is a parameterization-preserving compression: union current position groups represented by coordinates 296 and 458, whose learned values are -0.0071463389 and -0.0070369346 (absolute difference 1.094e-04), using a multiplicity-weighted mean. Hypothesis: this preserves qualification and yields 1,932 parameters. It is more informative than the nearest untested alternative (difference 1.106e-04) because it is the minimum-distortion eligible union; exact pairs already rejected under the unchanged grouping are excluded. Acceptance and rollback remain solely governed by the official runner.	0	0
attempt-0078	nearest-position-unions-infra-repair	micro-0154	a237b3ee3d338ec8bf230d8950f14b744a571159	1caea6f6397a1459b1855c781c0c0696c0341ad1	2026-08-16T23:49:11.512851+00:00	parameter tying	99.070000%	1931	keep	Union closest position groups 402 and 153	Family: parameter tying. Current retained frontier is 1,932 parameters at 99.070000%, a +0.070000 percentage-point margin over 99%. There have been 20 prior macro-attempts in this family and 174 prior micro-trials. The most recent accepted result is attempt-0078/micro-0153 at 1932 parameters and 99.070000%; the most recent failed result is attempt-0075/micro-0001 (error, no score). This is a parameterization-preserving compression: union current position groups represented by coordinates 402 and 153, whose learned values are -0.0168430619 and -0.0167324711 (absolute difference 1.106e-04), using a multiplicity-weighted mean. Hypothesis: this preserves qualification and yields 1,931 parameters. It is more informative than the nearest untested alternative (difference 1.109e-04) because it is the minimum-distortion eligible union; exact pairs already rejected under the unchanged grouping are excluded. Acceptance and rollback remain solely governed by the official runner.	0	0
attempt-0078	nearest-position-unions-infra-repair	micro-0155	fc53928b904dabb44ddf80fd25ec7ce34252b515	a237b3ee3d338ec8bf230d8950f14b744a571159	2026-08-16T23:50:14.057876+00:00	parameter tying	99.070000%	1930	keep	Union closest position groups 163 and 24	Family: parameter tying. Current retained frontier is 1,931 parameters at 99.070000%, a +0.070000 percentage-point margin over 99%. There have been 20 prior macro-attempts in this family and 175 prior micro-trials. The most recent accepted result is attempt-0078/micro-0154 at 1931 parameters and 99.070000%; the most recent failed result is attempt-0075/micro-0001 (error, no score). This is a parameterization-preserving compression: union current position groups represented by coordinates 163 and 24, whose learned values are -0.0249856506 and -0.0248747319 (absolute difference 1.109e-04), using a multiplicity-weighted mean. Hypothesis: this preserves qualification and yields 1,930 parameters. It is more informative than the nearest untested alternative (difference 1.117e-04) because it is the minimum-distortion eligible union; exact pairs already rejected under the unchanged grouping are excluded. Acceptance and rollback remain solely governed by the official runner.	0	0
attempt-0078	nearest-position-unions-infra-repair	micro-0156	c9c50236676f8d1dde25a681728eba61de356381	fc53928b904dabb44ddf80fd25ec7ce34252b515	2026-08-16T23:51:15.318737+00:00	parameter tying	99.070000%	1929	keep	Union closest position groups 40 and 426	Family: parameter tying. Current retained frontier is 1,930 parameters at 99.070000%, a +0.070000 percentage-point margin over 99%. There have been 20 prior macro-attempts in this family and 176 prior micro-trials. The most recent accepted result is attempt-0078/micro-0155 at 1930 parameters and 99.070000%; the most recent failed result is attempt-0075/micro-0001 (error, no score). This is a parameterization-preserving compression: union current position groups represented by coordinates 40 and 426, whose learned values are -0.0142604923 and -0.0141487876 (absolute difference 1.117e-04), using a multiplicity-weighted mean. Hypothesis: this preserves qualification and yields 1,929 parameters. It is more informative than the nearest untested alternative (difference 1.136e-04) because it is the minimum-distortion eligible union; exact pairs already rejected under the unchanged grouping are excluded. Acceptance and rollback remain solely governed by the official runner.	0	0
attempt-0078	nearest-position-unions-infra-repair	micro-0157	963fb4b3c426acf15e4132487893ecb3a369e3d3	c9c50236676f8d1dde25a681728eba61de356381	2026-08-16T23:52:16.628700+00:00	parameter tying	99.070000%	1928	keep	Union closest position groups 216 and 266	Family: parameter tying. Current retained frontier is 1,929 parameters at 99.070000%, a +0.070000 percentage-point margin over 99%. There have been 20 prior macro-attempts in this family and 177 prior micro-trials. The most recent accepted result is attempt-0078/micro-0156 at 1929 parameters and 99.070000%; the most recent failed result is attempt-0075/micro-0001 (error, no score). This is a parameterization-preserving compression: union current position groups represented by coordinates 216 and 266, whose learned values are 0.0179887377 and 0.0181023795 (absolute difference 1.136e-04), using a multiplicity-weighted mean. Hypothesis: this preserves qualification and yields 1,928 parameters. It is more informative than the nearest untested alternative (difference 1.139e-04) because it is the minimum-distortion eligible union; exact pairs already rejected under the unchanged grouping are excluded. Acceptance and rollback remain solely governed by the official runner.	0	0
attempt-0078	nearest-position-unions-infra-repair	micro-0158	e8777a4fce4368fa2464e0d7be02483f83f91529	963fb4b3c426acf15e4132487893ecb3a369e3d3	2026-08-16T23:53:19.119156+00:00	parameter tying	99.070000%	1927	keep	Union closest position groups 385 and 353	Family: parameter tying. Current retained frontier is 1,928 parameters at 99.070000%, a +0.070000 percentage-point margin over 99%. There have been 20 prior macro-attempts in this family and 178 prior micro-trials. The most recent accepted result is attempt-0078/micro-0157 at 1928 parameters and 99.070000%; the most recent failed result is attempt-0075/micro-0001 (error, no score). This is a parameterization-preserving compression: union current position groups represented by coordinates 385 and 353, whose learned values are 0.0064694919 and 0.0065840180 (absolute difference 1.145e-04), using a multiplicity-weighted mean. Hypothesis: this preserves qualification and yields 1,927 parameters. It is more informative than the nearest untested alternative (difference 1.173e-04) because it is the minimum-distortion eligible union; exact pairs already rejected under the unchanged grouping are excluded. Acceptance and rollback remain solely governed by the official runner.	0	0
attempt-0078	nearest-position-unions-infra-repair	micro-0159	af8023a34486982f75ad91b514022b227b20065a	e8777a4fce4368fa2464e0d7be02483f83f91529	2026-08-16T23:54:21.680639+00:00	parameter tying	99.070000%	1926	keep	Union closest position groups 110 and 369	Family: parameter tying. Current retained frontier is 1,927 parameters at 99.070000%, a +0.070000 percentage-point margin over 99%. There have been 20 prior macro-attempts in this family and 179 prior micro-trials. The most recent accepted result is attempt-0078/micro-0158 at 1927 parameters and 99.070000%; the most recent failed result is attempt-0075/micro-0001 (error, no score). This is a parameterization-preserving compression: union current position groups represented by coordinates 110 and 369, whose learned values are 0.0059022377 and 0.0060194950 (absolute difference 1.173e-04), using a multiplicity-weighted mean. Hypothesis: this preserves qualification and yields 1,926 parameters. It is more informative than the nearest untested alternative (difference 1.177e-04) because it is the minimum-distortion eligible union; exact pairs already rejected under the unchanged grouping are excluded. Acceptance and rollback remain solely governed by the official runner.	0	0
attempt-0078	nearest-position-unions-infra-repair	micro-0160	955e0c2e7b88d30d24046176c47abf741555f0e7	af8023a34486982f75ad91b514022b227b20065a	2026-08-16T23:55:24.668822+00:00	parameter tying	99.070000%	1925	keep	Union closest position groups 233 and 303	Family: parameter tying. Current retained frontier is 1,926 parameters at 99.070000%, a +0.070000 percentage-point margin over 99%. There have been 20 prior macro-attempts in this family and 180 prior micro-trials. The most recent accepted result is attempt-0078/micro-0159 at 1926 parameters and 99.070000%; the most recent failed result is attempt-0075/micro-0001 (error, no score). This is a parameterization-preserving compression: union current position groups represented by coordinates 233 and 303, whose learned values are 0.0013994654 and 0.0015172042 (absolute difference 1.177e-04), using a multiplicity-weighted mean. Hypothesis: this preserves qualification and yields 1,925 parameters. It is more informative than the nearest untested alternative (difference 1.178e-04) because it is the minimum-distortion eligible union; exact pairs already rejected under the unchanged grouping are excluded. Acceptance and rollback remain solely governed by the official runner.	0	0
attempt-0078	nearest-position-unions-infra-repair	micro-0161	b769cff0bd63bbf53f792d9c020c44df4240901a	955e0c2e7b88d30d24046176c47abf741555f0e7	2026-08-16T23:56:26.766557+00:00	parameter tying	99.070000%	1924	keep	Union closest position groups 204 and 72	Family: parameter tying. Current retained frontier is 1,925 parameters at 99.070000%, a +0.070000 percentage-point margin over 99%. There have been 20 prior macro-attempts in this family and 181 prior micro-trials. The most recent accepted result is attempt-0078/micro-0160 at 1925 parameters and 99.070000%; the most recent failed result is attempt-0075/micro-0001 (error, no score). This is a parameterization-preserving compression: union current position groups represented by coordinates 204 and 72, whose learned values are -0.0103331162 and -0.0102152964 (absolute difference 1.178e-04), using a multiplicity-weighted mean. Hypothesis: this preserves qualification and yields 1,924 parameters. It is more informative than the nearest untested alternative (difference 1.190e-04) because it is the minimum-distortion eligible union; exact pairs already rejected under the unchanged grouping are excluded. Acceptance and rollback remain solely governed by the official runner.	0	0
attempt-0078	nearest-position-unions-infra-repair	micro-0162	026be02b6cc1d978d50de738075f1236124494fd	b769cff0bd63bbf53f792d9c020c44df4240901a	2026-08-16T23:57:29.396831+00:00	parameter tying	99.070000%	1923	keep	Union closest position groups 48 and 259	Family: parameter tying. Current retained frontier is 1,924 parameters at 99.070000%, a +0.070000 percentage-point margin over 99%. There have been 20 prior macro-attempts in this family and 182 prior micro-trials. The most recent accepted result is attempt-0078/micro-0161 at 1924 parameters and 99.070000%; the most recent failed result is attempt-0075/micro-0001 (error, no score). This is a parameterization-preserving compression: union current position groups represented by coordinates 48 and 259, whose learned values are 0.0029746806 and 0.0030937290 (absolute difference 1.190e-04), using a multiplicity-weighted mean. Hypothesis: this preserves qualification and yields 1,923 parameters. It is more informative than the nearest untested alternative (difference 1.191e-04) because it is the minimum-distortion eligible union; exact pairs already rejected under the unchanged grouping are excluded. Acceptance and rollback remain solely governed by the official runner.	0	0
attempt-0078	nearest-position-unions-infra-repair	micro-0163	6792193696b3c283bcab9b50ea565ac2bcf7b949	026be02b6cc1d978d50de738075f1236124494fd	2026-08-16T23:58:31.795312+00:00	parameter tying	99.070000%	1922	keep	Union closest position groups 99 and 67	Family: parameter tying. Current retained frontier is 1,923 parameters at 99.070000%, a +0.070000 percentage-point margin over 99%. There have been 20 prior macro-attempts in this family and 183 prior micro-trials. The most recent accepted result is attempt-0078/micro-0162 at 1923 parameters and 99.070000%; the most recent failed result is attempt-0075/micro-0001 (error, no score). This is a parameterization-preserving compression: union current position groups represented by coordinates 99 and 67, whose learned values are -0.0121121928 and -0.0119931288 (absolute difference 1.191e-04), using a multiplicity-weighted mean. Hypothesis: this preserves qualification and yields 1,922 parameters. It is more informative than the nearest untested alternative (difference 1.193e-04) because it is the minimum-distortion eligible union; exact pairs already rejected under the unchanged grouping are excluded. Acceptance and rollback remain solely governed by the official runner.	0	0
attempt-0078	nearest-position-unions-infra-repair	micro-0164	1c86411cb684f937208684e6186b70389e5b368d	6792193696b3c283bcab9b50ea565ac2bcf7b949	2026-08-16T23:59:34.881533+00:00	parameter tying	99.070000%	1921	keep	Union closest position groups 120 and 143	Family: parameter tying. Current retained frontier is 1,922 parameters at 99.070000%, a +0.070000 percentage-point margin over 99%. There have been 20 prior macro-attempts in this family and 184 prior micro-trials. The most recent accepted result is attempt-0078/micro-0163 at 1922 parameters and 99.070000%; the most recent failed result is attempt-0075/micro-0001 (error, no score). This is a parameterization-preserving compression: union current position groups represented by coordinates 120 and 143, whose learned values are -0.0020273381 and -0.0019080564 (absolute difference 1.193e-04), using a multiplicity-weighted mean. Hypothesis: this preserves qualification and yields 1,921 parameters. It is more informative than the nearest untested alternative (difference 1.198e-04) because it is the minimum-distortion eligible union; exact pairs already rejected under the unchanged grouping are excluded. Acceptance and rollback remain solely governed by the official runner.	0	0
attempt-0078	nearest-position-unions-infra-repair	micro-0165	174f6d0ae5e7e6d13950f49137ce33f179d00a09	1c86411cb684f937208684e6186b70389e5b368d	2026-08-17T00:00:36.801501+00:00	parameter tying	99.070000%	1920	keep	Union closest position groups 45 and 108	Family: parameter tying. Current retained frontier is 1,921 parameters at 99.070000%, a +0.070000 percentage-point margin over 99%. There have been 20 prior macro-attempts in this family and 185 prior micro-trials. The most recent accepted result is attempt-0078/micro-0164 at 1921 parameters and 99.070000%; the most recent failed result is attempt-0075/micro-0001 (error, no score). This is a parameterization-preserving compression: union current position groups represented by coordinates 45 and 108, whose learned values are -0.0396655798 and -0.0395457707 (absolute difference 1.198e-04), using a multiplicity-weighted mean. Hypothesis: this preserves qualification and yields 1,920 parameters. It is more informative than the nearest untested alternative (difference 1.216e-04) because it is the minimum-distortion eligible union; exact pairs already rejected under the unchanged grouping are excluded. Acceptance and rollback remain solely governed by the official runner.	0	0
attempt-0078	nearest-position-unions-infra-repair	micro-0166	70d2b4f0f8f646ebbc3abbe3180ef0b83c1c3545	174f6d0ae5e7e6d13950f49137ce33f179d00a09	2026-08-17T00:01:38.427123+00:00	parameter tying	99.080000%	1919	keep	Union closest position groups 142 and 495	Family: parameter tying. Current retained frontier is 1,920 parameters at 99.070000%, a +0.070000 percentage-point margin over 99%. There have been 20 prior macro-attempts in this family and 186 prior micro-trials. The most recent accepted result is attempt-0078/micro-0165 at 1920 parameters and 99.070000%; the most recent failed result is attempt-0075/micro-0001 (error, no score). This is a parameterization-preserving compression: union current position groups represented by coordinates 142 and 495, whose learned values are -0.0174105559 and -0.0172889344 (absolute difference 1.216e-04), using a multiplicity-weighted mean. Hypothesis: this preserves qualification and yields 1,919 parameters. It is more informative than the nearest untested alternative (difference 1.226e-04) because it is the minimum-distortion eligible union; exact pairs already rejected under the unchanged grouping are excluded. Acceptance and rollback remain solely governed by the official runner.	0	0
attempt-0078	nearest-position-unions-infra-repair	micro-0167	52945f80364c1c56f42e6a80a2e8bad7318e77f1	70d2b4f0f8f646ebbc3abbe3180ef0b83c1c3545	2026-08-17T00:02:40.782829+00:00	parameter tying	99.070000%	1918	keep	Union closest position groups 111 and 10	Family: parameter tying. Current retained frontier is 1,919 parameters at 99.080000%, a +0.080000 percentage-point margin over 99%. There have been 20 prior macro-attempts in this family and 187 prior micro-trials. The most recent accepted result is attempt-0078/micro-0166 at 1919 parameters and 99.080000%; the most recent failed result is attempt-0075/micro-0001 (error, no score). This is a parameterization-preserving compression: union current position groups represented by coordinates 111 and 10, whose learned values are 0.0052958285 and 0.0054183789 (absolute difference 1.226e-04), using a multiplicity-weighted mean. Hypothesis: this preserves qualification and yields 1,918 parameters. It is more informative than the nearest untested alternative (difference 1.233e-04) because it is the minimum-distortion eligible union; exact pairs already rejected under the unchanged grouping are excluded. Acceptance and rollback remain solely governed by the official runner.	0	0
attempt-0078	nearest-position-unions-infra-repair	micro-0168	b45e2ea42cd5dde4d4c7b9054fcfa4634bded785	52945f80364c1c56f42e6a80a2e8bad7318e77f1	2026-08-17T00:03:43.027823+00:00	parameter tying	99.070000%	1917	keep	Union closest position groups 146 and 122	Family: parameter tying. Current retained frontier is 1,918 parameters at 99.070000%, a +0.070000 percentage-point margin over 99%. There have been 20 prior macro-attempts in this family and 188 prior micro-trials. The most recent accepted result is attempt-0078/micro-0167 at 1918 parameters and 99.070000%; the most recent failed result is attempt-0075/micro-0001 (error, no score). This is a parameterization-preserving compression: union current position groups represented by coordinates 146 and 122, whose learned values are -0.0088707572 and -0.0087474920 (absolute difference 1.233e-04), using a multiplicity-weighted mean. Hypothesis: this preserves qualification and yields 1,917 parameters. It is more informative than the nearest untested alternative (difference 1.245e-04) because it is the minimum-distortion eligible union; exact pairs already rejected under the unchanged grouping are excluded. Acceptance and rollback remain solely governed by the official runner.	0	0
attempt-0078	nearest-position-unions-infra-repair	micro-0169	bff17c16f604450a1e4c984b62ff8e115f783bbf	b45e2ea42cd5dde4d4c7b9054fcfa4634bded785	2026-08-17T00:04:45.265924+00:00	parameter tying	99.070000%	1916	keep	Union closest position groups 90 and 191	Family: parameter tying. Current retained frontier is 1,917 parameters at 99.070000%, a +0.070000 percentage-point margin over 99%. There have been 20 prior macro-attempts in this family and 189 prior micro-trials. The most recent accepted result is attempt-0078/micro-0168 at 1917 parameters and 99.070000%; the most recent failed result is attempt-0075/micro-0001 (error, no score). This is a parameterization-preserving compression: union current position groups represented by coordinates 90 and 191, whose learned values are -0.0046267784 and -0.0045022960 (absolute difference 1.245e-04), using a multiplicity-weighted mean. Hypothesis: this preserves qualification and yields 1,916 parameters. It is more informative than the nearest untested alternative (difference 1.263e-04) because it is the minimum-distortion eligible union; exact pairs already rejected under the unchanged grouping are excluded. Acceptance and rollback remain solely governed by the official runner.	0	0
attempt-0078	nearest-position-unions-infra-repair	micro-0170	02d6849a8841ea9053c5db47ee9af19b4682deb9	bff17c16f604450a1e4c984b62ff8e115f783bbf	2026-08-17T00:05:47.777462+00:00	parameter tying	99.070000%	1915	keep	Union closest position groups 152 and 365	Family: parameter tying. Current retained frontier is 1,916 parameters at 99.070000%, a +0.070000 percentage-point margin over 99%. There have been 20 prior macro-attempts in this family and 190 prior micro-trials. The most recent accepted result is attempt-0078/micro-0169 at 1916 parameters and 99.070000%; the most recent failed result is attempt-0075/micro-0001 (error, no score). This is a parameterization-preserving compression: union current position groups represented by coordinates 152 and 365, whose learned values are 0.0197345428 and 0.0198608190 (absolute difference 1.263e-04), using a multiplicity-weighted mean. Hypothesis: this preserves qualification and yields 1,915 parameters. It is more informative than the nearest untested alternative (difference 1.301e-04) because it is the minimum-distortion eligible union; exact pairs already rejected under the unchanged grouping are excluded. Acceptance and rollback remain solely governed by the official runner.	0	0
attempt-0078	nearest-position-unions-infra-repair	micro-0171	07cd9ea43952b462806fa8196e88f223fed18bfb	02d6849a8841ea9053c5db47ee9af19b4682deb9	2026-08-17T00:06:50.351638+00:00	parameter tying	99.070000%	1914	keep	Union closest position groups 349 and 114	Family: parameter tying. Current retained frontier is 1,915 parameters at 99.070000%, a +0.070000 percentage-point margin over 99%. There have been 20 prior macro-attempts in this family and 191 prior micro-trials. The most recent accepted result is attempt-0078/micro-0170 at 1915 parameters and 99.070000%; the most recent failed result is attempt-0075/micro-0001 (error, no score). This is a parameterization-preserving compression: union current position groups represented by coordinates 349 and 114, whose learned values are -0.0204363763 and -0.0203062315 (absolute difference 1.301e-04), using a multiplicity-weighted mean. Hypothesis: this preserves qualification and yields 1,914 parameters. It is more informative than the nearest untested alternative (difference 1.311e-04) because it is the minimum-distortion eligible union; exact pairs already rejected under the unchanged grouping are excluded. Acceptance and rollback remain solely governed by the official runner.	0	0
attempt-0078	nearest-position-unions-infra-repair	micro-0172	df308ea29b04579b357192ba15bd8fa8de6ba233	07cd9ea43952b462806fa8196e88f223fed18bfb	2026-08-17T00:07:52.769772+00:00	parameter tying	99.070000%	1913	keep	Union closest position groups 419 and 116	Family: parameter tying. Current retained frontier is 1,914 parameters at 99.070000%, a +0.070000 percentage-point margin over 99%. There have been 20 prior macro-attempts in this family and 192 prior micro-trials. The most recent accepted result is attempt-0078/micro-0171 at 1914 parameters and 99.070000%; the most recent failed result is attempt-0075/micro-0001 (error, no score). This is a parameterization-preserving compression: union current position groups represented by coordinates 419 and 116, whose learned values are 0.0164517015 and 0.0165827703 (absolute difference 1.311e-04), using a multiplicity-weighted mean. Hypothesis: this preserves qualification and yields 1,913 parameters. It is more informative than the nearest untested alternative (difference 1.320e-04) because it is the minimum-distortion eligible union; exact pairs already rejected under the unchanged grouping are excluded. Acceptance and rollback remain solely governed by the official runner.	0	0
attempt-0078	nearest-position-unions-infra-repair	micro-0173	73e0e52d72631abf1968d344324b11b12dd427d5	df308ea29b04579b357192ba15bd8fa8de6ba233	2026-08-17T00:08:54.869186+00:00	parameter tying	99.070000%	1912	keep	Union closest position groups 51 and 81	Family: parameter tying. Current retained frontier is 1,913 parameters at 99.070000%, a +0.070000 percentage-point margin over 99%. There have been 20 prior macro-attempts in this family and 193 prior micro-trials. The most recent accepted result is attempt-0078/micro-0172 at 1913 parameters and 99.070000%; the most recent failed result is attempt-0075/micro-0001 (error, no score). This is a parameterization-preserving compression: union current position groups represented by coordinates 51 and 81, whose learned values are -0.0115277953 and -0.0113957711 (absolute difference 1.320e-04), using a multiplicity-weighted mean. Hypothesis: this preserves qualification and yields 1,912 parameters. It is more informative than the nearest untested alternative (difference 1.363e-04) because it is the minimum-distortion eligible union; exact pairs already rejected under the unchanged grouping are excluded. Acceptance and rollback remain solely governed by the official runner.	0	0
attempt-0078	nearest-position-unions-infra-repair	micro-0174	7f7148797b516480cb6aaff6ecb1941b83ab832a	73e0e52d72631abf1968d344324b11b12dd427d5	2026-08-17T00:09:56.986767+00:00	parameter tying	99.070000%	1911	keep	Union closest position groups 218 and 321	Family: parameter tying. Current retained frontier is 1,912 parameters at 99.070000%, a +0.070000 percentage-point margin over 99%. There have been 20 prior macro-attempts in this family and 194 prior micro-trials. The most recent accepted result is attempt-0078/micro-0173 at 1912 parameters and 99.070000%; the most recent failed result is attempt-0075/micro-0001 (error, no score). This is a parameterization-preserving compression: union current position groups represented by coordinates 218 and 321, whose learned values are 0.0214539114 and 0.0215902179 (absolute difference 1.363e-04), using a multiplicity-weighted mean. Hypothesis: this preserves qualification and yields 1,911 parameters. It is more informative than the nearest untested alternative (difference 1.370e-04) because it is the minimum-distortion eligible union; exact pairs already rejected under the unchanged grouping are excluded. Acceptance and rollback remain solely governed by the official runner.	0	0
attempt-0078	nearest-position-unions-infra-repair	micro-0175	4ae5d0517dc5f16a985e9f82429bc96988c9cb33	7f7148797b516480cb6aaff6ecb1941b83ab832a	2026-08-17T00:10:59.747660+00:00	parameter tying	99.070000%	1910	keep	Union closest position groups 86 and 199	Family: parameter tying. Current retained frontier is 1,911 parameters at 99.070000%, a +0.070000 percentage-point margin over 99%. There have been 20 prior macro-attempts in this family and 195 prior micro-trials. The most recent accepted result is attempt-0078/micro-0174 at 1911 parameters and 99.070000%; the most recent failed result is attempt-0075/micro-0001 (error, no score). This is a parameterization-preserving compression: union current position groups represented by coordinates 86 and 199, whose learned values are 0.0072413594 and 0.0073783263 (absolute difference 1.370e-04), using a multiplicity-weighted mean. Hypothesis: this preserves qualification and yields 1,910 parameters. It is more informative than the nearest untested alternative (difference 1.379e-04) because it is the minimum-distortion eligible union; exact pairs already rejected under the unchanged grouping are excluded. Acceptance and rollback remain solely governed by the official runner.	0	0
attempt-0078	nearest-position-unions-infra-repair	micro-0176	391bbe7a58dd4e1a6a910414b426f826727761a5	4ae5d0517dc5f16a985e9f82429bc96988c9cb33	2026-08-17T00:12:02.155392+00:00	parameter tying	99.070000%	1909	keep	Union closest position groups 408 and 315	Family: parameter tying. Current retained frontier is 1,910 parameters at 99.070000%, a +0.070000 percentage-point margin over 99%. There have been 20 prior macro-attempts in this family and 196 prior micro-trials. The most recent accepted result is attempt-0078/micro-0175 at 1910 parameters and 99.070000%; the most recent failed result is attempt-0075/micro-0001 (error, no score). This is a parameterization-preserving compression: union current position groups represented by coordinates 408 and 315, whose learned values are 0.0120903496 and 0.0122282673 (absolute difference 1.379e-04), using a multiplicity-weighted mean. Hypothesis: this preserves qualification and yields 1,909 parameters. It is more informative than the nearest untested alternative (difference 1.398e-04) because it is the minimum-distortion eligible union; exact pairs already rejected under the unchanged grouping are excluded. Acceptance and rollback remain solely governed by the official runner.	0	0
attempt-0078	nearest-position-unions-infra-repair	micro-0177	70128785a633e9cade3e3a1ac885fa48ecdb9d7e	391bbe7a58dd4e1a6a910414b426f826727761a5	2026-08-17T00:13:04.532165+00:00	parameter tying	99.070000%	1908	keep	Union closest position groups 227 and 210	Family: parameter tying. Current retained frontier is 1,909 parameters at 99.070000%, a +0.070000 percentage-point margin over 99%. There have been 20 prior macro-attempts in this family and 197 prior micro-trials. The most recent accepted result is attempt-0078/micro-0176 at 1909 parameters and 99.070000%; the most recent failed result is attempt-0075/micro-0001 (error, no score). This is a parameterization-preserving compression: union current position groups represented by coordinates 227 and 210, whose learned values are -0.0014380493 and -0.0012982020 (absolute difference 1.398e-04), using a multiplicity-weighted mean. Hypothesis: this preserves qualification and yields 1,908 parameters. It is more informative than the nearest untested alternative (difference 1.401e-04) because it is the minimum-distortion eligible union; exact pairs already rejected under the unchanged grouping are excluded. Acceptance and rollback remain solely governed by the official runner.	0	0
attempt-0078	nearest-position-unions-infra-repair	micro-0178	70d13c5dc6bcd7ff4f52db246748173732494984	70128785a633e9cade3e3a1ac885fa48ecdb9d7e	2026-08-17T00:14:07.510720+00:00	parameter tying	99.070000%	1907	keep	Union closest position groups 100 and 52	Family: parameter tying. Current retained frontier is 1,908 parameters at 99.070000%, a +0.070000 percentage-point margin over 99%. There have been 20 prior macro-attempts in this family and 198 prior micro-trials. The most recent accepted result is attempt-0078/micro-0177 at 1908 parameters and 99.070000%; the most recent failed result is attempt-0075/micro-0001 (error, no score). This is a parameterization-preserving compression: union current position groups represented by coordinates 100 and 52, whose learned values are -0.0456940569 and -0.0455539227 (absolute difference 1.401e-04), using a multiplicity-weighted mean. Hypothesis: this preserves qualification and yields 1,907 parameters. It is more informative than the nearest untested alternative (difference 1.403e-04) because it is the minimum-distortion eligible union; exact pairs already rejected under the unchanged grouping are excluded. Acceptance and rollback remain solely governed by the official runner.	0	0
attempt-0078	nearest-position-unions-infra-repair	micro-0179	8eb4a0182e4ffbb38fc8621d2b548434d210edd6	70d13c5dc6bcd7ff4f52db246748173732494984	2026-08-17T00:15:09.441554+00:00	parameter tying	99.060000%	1906	keep	Union closest position groups 481 and 18	Family: parameter tying. Current retained frontier is 1,907 parameters at 99.070000%, a +0.070000 percentage-point margin over 99%. There have been 20 prior macro-attempts in this family and 199 prior micro-trials. The most recent accepted result is attempt-0078/micro-0178 at 1907 parameters and 99.070000%; the most recent failed result is attempt-0075/micro-0001 (error, no score). This is a parameterization-preserving compression: union current position groups represented by coordinates 481 and 18, whose learned values are 0.0184771512 and 0.0186174400 (absolute difference 1.403e-04), using a multiplicity-weighted mean. Hypothesis: this preserves qualification and yields 1,906 parameters. It is more informative than the nearest untested alternative (difference 1.404e-04) because it is the minimum-distortion eligible union; exact pairs already rejected under the unchanged grouping are excluded. Acceptance and rollback remain solely governed by the official runner.	0	0
attempt-0078	nearest-position-unions-infra-repair	micro-0180	0ea54e3475f0c15424e08920828511054ef992b5	8eb4a0182e4ffbb38fc8621d2b548434d210edd6	2026-08-17T00:16:11.135671+00:00	parameter tying	99.070000%	1905	keep	Union closest position groups 49 and 254	Family: parameter tying. Current retained frontier is 1,906 parameters at 99.060000%, a +0.060000 percentage-point margin over 99%. There have been 20 prior macro-attempts in this family and 200 prior micro-trials. The most recent accepted result is attempt-0078/micro-0179 at 1906 parameters and 99.060000%; the most recent failed result is attempt-0075/micro-0001 (error, no score). This is a parameterization-preserving compression: union current position groups represented by coordinates 49 and 254, whose learned values are -0.0000937832 and 0.0000466399 (absolute difference 1.404e-04), using a multiplicity-weighted mean. Hypothesis: this preserves qualification and yields 1,905 parameters. It is more informative than the nearest untested alternative (difference 1.412e-04) because it is the minimum-distortion eligible union; exact pairs already rejected under the unchanged grouping are excluded. Acceptance and rollback remain solely governed by the official runner.	0	0
attempt-0078	nearest-position-unions-infra-repair	micro-0181	58c2d719a1dcff1cbd0c36b8350d1c15a34cdeba	0ea54e3475f0c15424e08920828511054ef992b5	2026-08-17T00:17:13.136583+00:00	parameter tying	99.070000%	1904	keep	Union closest position groups 490 and 182	Family: parameter tying. Current retained frontier is 1,905 parameters at 99.070000%, a +0.070000 percentage-point margin over 99%. There have been 20 prior macro-attempts in this family and 201 prior micro-trials. The most recent accepted result is attempt-0078/micro-0180 at 1905 parameters and 99.070000%; the most recent failed result is attempt-0075/micro-0001 (error, no score). This is a parameterization-preserving compression: union current position groups represented by coordinates 490 and 182, whose learned values are 0.0126222679 and 0.0127634834 (absolute difference 1.412e-04), using a multiplicity-weighted mean. Hypothesis: this preserves qualification and yields 1,904 parameters. It is more informative than the nearest untested alternative (difference 1.421e-04) because it is the minimum-distortion eligible union; exact pairs already rejected under the unchanged grouping are excluded. Acceptance and rollback remain solely governed by the official runner.	0	0
attempt-0078	nearest-position-unions-infra-repair	micro-0182	7e3567e34809b3f032a4e4fb8fd57518c6c33af4	58c2d719a1dcff1cbd0c36b8350d1c15a34cdeba	2026-08-17T00:18:15.445071+00:00	parameter tying	99.070000%	1903	keep	Union closest position groups 193 and 102	Family: parameter tying. Current retained frontier is 1,904 parameters at 99.070000%, a +0.070000 percentage-point margin over 99%. There have been 20 prior macro-attempts in this family and 202 prior micro-trials. The most recent accepted result is attempt-0078/micro-0181 at 1904 parameters and 99.070000%; the most recent failed result is attempt-0075/micro-0001 (error, no score). This is a parameterization-preserving compression: union current position groups represented by coordinates 193 and 102, whose learned values are 0.0055504339 and 0.0056925002 (absolute difference 1.421e-04), using a multiplicity-weighted mean. Hypothesis: this preserves qualification and yields 1,903 parameters. It is more informative than the nearest untested alternative (difference 1.424e-04) because it is the minimum-distortion eligible union; exact pairs already rejected under the unchanged grouping are excluded. Acceptance and rollback remain solely governed by the official runner.	0	0
attempt-0078	nearest-position-unions-infra-repair	micro-0183	e86f11826f5dad81de5d52bf05c7fe9bd6bdd008	7e3567e34809b3f032a4e4fb8fd57518c6c33af4	2026-08-17T00:19:17.865571+00:00	parameter tying	99.070000%	1902	keep	Union closest position groups 216 and 459	Family: parameter tying. Current retained frontier is 1,903 parameters at 99.070000%, a +0.070000 percentage-point margin over 99%. There have been 20 prior macro-attempts in this family and 203 prior micro-trials. The most recent accepted result is attempt-0078/micro-0182 at 1903 parameters and 99.070000%; the most recent failed result is attempt-0075/micro-0001 (error, no score). This is a parameterization-preserving compression: union current position groups represented by coordinates 216 and 459, whose learned values are 0.0180739686 and 0.0182163268 (absolute difference 1.424e-04), using a multiplicity-weighted mean. Hypothesis: this preserves qualification and yields 1,902 parameters. It is more informative than the nearest untested alternative (difference 1.456e-04) because it is the minimum-distortion eligible union; exact pairs already rejected under the unchanged grouping are excluded. Acceptance and rollback remain solely governed by the official runner.	0	0
attempt-0078	nearest-position-unions-infra-repair	micro-0184	d75865e13caa94ad24791642895806c61d8ca876	e86f11826f5dad81de5d52bf05c7fe9bd6bdd008	2026-08-17T00:20:20.008388+00:00	parameter tying	99.070000%	1901	keep	Union closest position groups 43 and 69	Family: parameter tying. Current retained frontier is 1,902 parameters at 99.070000%, a +0.070000 percentage-point margin over 99%. There have been 20 prior macro-attempts in this family and 204 prior micro-trials. The most recent accepted result is attempt-0078/micro-0183 at 1902 parameters and 99.070000%; the most recent failed result is attempt-0075/micro-0001 (error, no score). This is a parameterization-preserving compression: union current position groups represented by coordinates 43 and 69, whose learned values are -0.0619976893 and -0.0618521385 (absolute difference 1.456e-04), using a multiplicity-weighted mean. Hypothesis: this preserves qualification and yields 1,901 parameters. It is more informative than the nearest untested alternative (difference 1.476e-04) because it is the minimum-distortion eligible union; exact pairs already rejected under the unchanged grouping are excluded. Acceptance and rollback remain solely governed by the official runner.	0	0
attempt-0078	nearest-position-unions-infra-repair	micro-0185	09141de6efd356914d290fb91083ad1a5b3a53af	d75865e13caa94ad24791642895806c61d8ca876	2026-08-17T00:21:22.364737+00:00	parameter tying	99.080000%	1900	keep	Union closest position groups 181 and 239	Family: parameter tying. Current retained frontier is 1,901 parameters at 99.070000%, a +0.070000 percentage-point margin over 99%. There have been 20 prior macro-attempts in this family and 205 prior micro-trials. The most recent accepted result is attempt-0078/micro-0184 at 1901 parameters and 99.070000%; the most recent failed result is attempt-0075/micro-0001 (error, no score). This is a parameterization-preserving compression: union current position groups represented by coordinates 181 and 239, whose learned values are -0.0032146368 and -0.0030670203 (absolute difference 1.476e-04), using a multiplicity-weighted mean. Hypothesis: this preserves qualification and yields 1,900 parameters. It is more informative than the nearest untested alternative (difference 1.514e-04) because it is the minimum-distortion eligible union; exact pairs already rejected under the unchanged grouping are excluded. Acceptance and rollback remain solely governed by the official runner.	0	0
attempt-0078	nearest-position-unions-infra-repair	micro-0186	b8e3a6e90a521361e8e522e4c1d8f96c0dbf0262	09141de6efd356914d290fb91083ad1a5b3a53af	2026-08-17T00:22:24.671604+00:00	parameter tying	99.070000%	1899	keep	Union closest position groups 168 and 284	Family: parameter tying. Current retained frontier is 1,900 parameters at 99.080000%, a +0.080000 percentage-point margin over 99%. There have been 20 prior macro-attempts in this family and 206 prior micro-trials. The most recent accepted result is attempt-0078/micro-0185 at 1900 parameters and 99.080000%; the most recent failed result is attempt-0075/micro-0001 (error, no score). This is a parameterization-preserving compression: union current position groups represented by coordinates 168 and 284, whose learned values are 0.0296287797 and 0.0297801625 (absolute difference 1.514e-04), using a multiplicity-weighted mean. Hypothesis: this preserves qualification and yields 1,899 parameters. It is more informative than the nearest untested alternative (difference 1.516e-04) because it is the minimum-distortion eligible union; exact pairs already rejected under the unchanged grouping are excluded. Acceptance and rollback remain solely governed by the official runner.	0	0
attempt-0078	nearest-position-unions-infra-repair	micro-0187	51fa18c3e7b5febe51ab7e55c052a00384e2199b	b8e3a6e90a521361e8e522e4c1d8f96c0dbf0262	2026-08-17T00:23:27.523754+00:00	parameter tying	99.080000%	1898	keep	Union closest position groups 80 and 278	Family: parameter tying. Current retained frontier is 1,899 parameters at 99.070000%, a +0.070000 percentage-point margin over 99%. There have been 20 prior macro-attempts in this family and 207 prior micro-trials. The most recent accepted result is attempt-0078/micro-0186 at 1899 parameters and 99.070000%; the most recent failed result is attempt-0075/micro-0001 (error, no score). This is a parameterization-preserving compression: union current position groups represented by coordinates 80 and 278, whose learned values are 0.0095302295 and 0.0096818684 (absolute difference 1.516e-04), using a multiplicity-weighted mean. Hypothesis: this preserves qualification and yields 1,898 parameters. It is more informative than the nearest untested alternative (difference 1.529e-04) because it is the minimum-distortion eligible union; exact pairs already rejected under the unchanged grouping are excluded. Acceptance and rollback remain solely governed by the official runner.	0	0
attempt-0078	nearest-position-unions-infra-repair	micro-0188	6c621cf25535beb33cd69a1aea73529e56e5fd2f	51fa18c3e7b5febe51ab7e55c052a00384e2199b	2026-08-17T00:24:29.394939+00:00	parameter tying	99.080000%	1897	keep	Union closest position groups 184 and 475	Family: parameter tying. Current retained frontier is 1,898 parameters at 99.080000%, a +0.080000 percentage-point margin over 99%. There have been 20 prior macro-attempts in this family and 208 prior micro-trials. The most recent accepted result is attempt-0078/micro-0187 at 1898 parameters and 99.080000%; the most recent failed result is attempt-0075/micro-0001 (error, no score). This is a parameterization-preserving compression: union current position groups represented by coordinates 184 and 475, whose learned values are 0.0275601260 and 0.0277129952 (absolute difference 1.529e-04), using a multiplicity-weighted mean. Hypothesis: this preserves qualification and yields 1,897 parameters. It is more informative than the nearest untested alternative (difference 1.535e-04) because it is the minimum-distortion eligible union; exact pairs already rejected under the unchanged grouping are excluded. Acceptance and rollback remain solely governed by the official runner.	0	0
attempt-0078	nearest-position-unions-infra-repair	micro-0189	e9a2ed5e191e563e0b8a3b019441dffbfa8b485b	6c621cf25535beb33cd69a1aea73529e56e5fd2f	2026-08-17T00:25:31.636629+00:00	parameter tying	99.080000%	1896	keep	Union closest position groups 178 and 118	Family: parameter tying. Current retained frontier is 1,897 parameters at 99.080000%, a +0.080000 percentage-point margin over 99%. There have been 20 prior macro-attempts in this family and 209 prior micro-trials. The most recent accepted result is attempt-0078/micro-0188 at 1897 parameters and 99.080000%; the most recent failed result is attempt-0075/micro-0001 (error, no score). This is a parameterization-preserving compression: union current position groups represented by coordinates 178 and 118, whose learned values are -0.0005943253 and -0.0004408389 (absolute difference 1.535e-04), using a multiplicity-weighted mean. Hypothesis: this preserves qualification and yields 1,896 parameters. It is more informative than the nearest untested alternative (difference 1.544e-04) because it is the minimum-distortion eligible union; exact pairs already rejected under the unchanged grouping are excluded. Acceptance and rollback remain solely governed by the official runner.	0	0
attempt-0078	nearest-position-unions-infra-repair	micro-0190	0ab2a0bbc0df7e097092976a016f7694c773d0a7	e9a2ed5e191e563e0b8a3b019441dffbfa8b485b	2026-08-17T00:26:34.350101+00:00	parameter tying	99.080000%	1895	keep	Union closest position groups 240 and 120	Family: parameter tying. Current retained frontier is 1,896 parameters at 99.080000%, a +0.080000 percentage-point margin over 99%. There have been 20 prior macro-attempts in this family and 210 prior micro-trials. The most recent accepted result is attempt-0078/micro-0189 at 1896 parameters and 99.080000%; the most recent failed result is attempt-0075/micro-0001 (error, no score). This is a parameterization-preserving compression: union current position groups represented by coordinates 240 and 120, whose learned values are -0.0021519570 and -0.0019975177 (absolute difference 1.544e-04), using a multiplicity-weighted mean. Hypothesis: this preserves qualification and yields 1,895 parameters. It is more informative than the nearest untested alternative (difference 1.555e-04) because it is the minimum-distortion eligible union; exact pairs already rejected under the unchanged grouping are excluded. Acceptance and rollback remain solely governed by the official runner.	0	0
attempt-0078	nearest-position-unions-infra-repair	micro-0191	7524804469746b2431302a492545ac2c016c6293	0ab2a0bbc0df7e097092976a016f7694c773d0a7	2026-08-17T00:27:36.516066+00:00	parameter tying	99.070000%	1894	keep	Union closest position groups 351 and 236	Family: parameter tying. Current retained frontier is 1,895 parameters at 99.080000%, a +0.080000 percentage-point margin over 99%. There have been 20 prior macro-attempts in this family and 211 prior micro-trials. The most recent accepted result is attempt-0078/micro-0190 at 1895 parameters and 99.080000%; the most recent failed result is attempt-0075/micro-0001 (error, no score). This is a parameterization-preserving compression: union current position groups represented by coordinates 351 and 236, whose learned values are 0.0319148600 and 0.0320703350 (absolute difference 1.555e-04), using a multiplicity-weighted mean. Hypothesis: this preserves qualification and yields 1,894 parameters. It is more informative than the nearest untested alternative (difference 1.557e-04) because it is the minimum-distortion eligible union; exact pairs already rejected under the unchanged grouping are excluded. Acceptance and rollback remain solely governed by the official runner.	0	0
attempt-0078	nearest-position-unions-infra-repair	micro-0192	7af42d909ad2ca6eebf90e3d5648fa0b39619469	7524804469746b2431302a492545ac2c016c6293	2026-08-17T00:28:37.775977+00:00	parameter tying	99.080000%	1893	keep	Union closest position groups 263 and 298	Family: parameter tying. Current retained frontier is 1,894 parameters at 99.070000%, a +0.070000 percentage-point margin over 99%. There have been 20 prior macro-attempts in this family and 212 prior micro-trials. The most recent accepted result is attempt-0078/micro-0191 at 1894 parameters and 99.070000%; the most recent failed result is attempt-0075/micro-0001 (error, no score). This is a parameterization-preserving compression: union current position groups represented by coordinates 263 and 298, whose learned values are 0.0116412975 and 0.0117970435 (absolute difference 1.557e-04), using a multiplicity-weighted mean. Hypothesis: this preserves qualification and yields 1,893 parameters. It is more informative than the nearest untested alternative (difference 1.562e-04) because it is the minimum-distortion eligible union; exact pairs already rejected under the unchanged grouping are excluded. Acceptance and rollback remain solely governed by the official runner.	0	0
attempt-0078	nearest-position-unions-infra-repair	micro-0193	72c9e54836ced121cefe148bd40bb1a4604465a9	7af42d909ad2ca6eebf90e3d5648fa0b39619469	2026-08-17T00:29:44.601568+00:00	parameter tying	99.060000%	1892	keep	Union closest position groups 47 and 507	Family: parameter tying. Current retained frontier is 1,893 parameters at 99.080000%, a +0.080000 percentage-point margin over 99%. There have been 20 prior macro-attempts in this family and 213 prior micro-trials. The most recent accepted result is attempt-0078/micro-0192 at 1893 parameters and 99.080000%; the most recent failed result is attempt-0075/micro-0001 (error, no score). This is a parameterization-preserving compression: union current position groups represented by coordinates 47 and 507, whose learned values are -0.0243488010 and -0.0241926331 (absolute difference 1.562e-04), using a multiplicity-weighted mean. Hypothesis: this preserves qualification and yields 1,892 parameters. It is more informative than the nearest untested alternative (difference 1.577e-04) because it is the minimum-distortion eligible union; exact pairs already rejected under the unchanged grouping are excluded. Acceptance and rollback remain solely governed by the official runner.	0	0
attempt-0078	nearest-position-unions-infra-repair	micro-0194	672ee429b84f26233f00645921d6f943cb5cbb5e	72c9e54836ced121cefe148bd40bb1a4604465a9	2026-08-17T00:30:45.868575+00:00	parameter tying	99.060000%	1891	keep	Union closest position groups 238 and 457	Family: parameter tying. Current retained frontier is 1,892 parameters at 99.060000%, a +0.060000 percentage-point margin over 99%. There have been 20 prior macro-attempts in this family and 214 prior micro-trials. The most recent accepted result is attempt-0078/micro-0193 at 1892 parameters and 99.060000%; the most recent failed result is attempt-0075/micro-0001 (error, no score). This is a parameterization-preserving compression: union current position groups represented by coordinates 238 and 457, whose learned values are -0.0127551891 and -0.0125974715 (absolute difference 1.577e-04), using a multiplicity-weighted mean. Hypothesis: this preserves qualification and yields 1,891 parameters. It is more informative than the nearest untested alternative (difference 1.588e-04) because it is the minimum-distortion eligible union; exact pairs already rejected under the unchanged grouping are excluded. Acceptance and rollback remain solely governed by the official runner.	0	0
attempt-0078	nearest-position-unions-infra-repair	micro-0195	0e889f9b209ec5aef3f58fb30543516edd05b698	672ee429b84f26233f00645921d6f943cb5cbb5e	2026-08-17T00:31:47.700705+00:00	parameter tying	99.050000%	1890	keep	Union closest position groups 13 and 307	Family: parameter tying. Current retained frontier is 1,891 parameters at 99.060000%, a +0.060000 percentage-point margin over 99%. There have been 20 prior macro-attempts in this family and 215 prior micro-trials. The most recent accepted result is attempt-0078/micro-0194 at 1891 parameters and 99.060000%; the most recent failed result is attempt-0075/micro-0001 (error, no score). This is a parameterization-preserving compression: union current position groups represented by coordinates 13 and 307, whose learned values are 0.0174975600 and 0.0176563114 (absolute difference 1.588e-04), using a multiplicity-weighted mean. Hypothesis: this preserves qualification and yields 1,890 parameters. It is more informative than the nearest untested alternative (difference 1.590e-04) because it is the minimum-distortion eligible union; exact pairs already rejected under the unchanged grouping are excluded. Acceptance and rollback remain solely governed by the official runner.	0	0
attempt-0078	nearest-position-unions-infra-repair	micro-0196	e18828e4ffb24adfc8cb1be4dc5c41d23e5aafe2	0e889f9b209ec5aef3f58fb30543516edd05b698	2026-08-17T00:33:49.012628+00:00	parameter tying	99.050000%	1889	keep	Union closest position groups 425 and 104	Family: parameter tying. Current retained frontier is 1,890 parameters at 99.050000%, a +0.050000 percentage-point margin over 99%. There have been 20 prior macro-attempts in this family and 216 prior micro-trials. The most recent accepted result is attempt-0078/micro-0195 at 1890 parameters and 99.050000%; the most recent failed result is attempt-0075/micro-0001 (error, no score). This is a parameterization-preserving compression: union current position groups represented by coordinates 425 and 104, whose learned values are -0.0039302101 and -0.0037712075 (absolute difference 1.590e-04), using a multiplicity-weighted mean. Hypothesis: this preserves qualification and yields 1,889 parameters. It is more informative than the nearest untested alternative (difference 1.617e-04) because it is the minimum-distortion eligible union; exact pairs already rejected under the unchanged grouping are excluded. Acceptance and rollback remain solely governed by the official runner.	0	0
attempt-0078	nearest-position-unions-infra-repair	micro-0197	2ed7bafacef244877c6ded3235ef08f9663d898c	e18828e4ffb24adfc8cb1be4dc5c41d23e5aafe2	2026-08-17T00:34:51.126751+00:00	parameter tying	99.060000%	1888	keep	Union closest position groups 139 and 11	Family: parameter tying. Current retained frontier is 1,889 parameters at 99.050000%, a +0.050000 percentage-point margin over 99%. There have been 20 prior macro-attempts in this family and 217 prior micro-trials. The most recent accepted result is attempt-0078/micro-0196 at 1889 parameters and 99.050000%; the most recent failed result is attempt-0075/micro-0001 (error, no score). This is a parameterization-preserving compression: union current position groups represented by coordinates 139 and 11, whose learned values are 0.0169051625 and 0.0170669034 (absolute difference 1.617e-04), using a multiplicity-weighted mean. Hypothesis: this preserves qualification and yields 1,888 parameters. It is more informative than the nearest untested alternative (difference 1.625e-04) because it is the minimum-distortion eligible union; exact pairs already rejected under the unchanged grouping are excluded. Acceptance and rollback remain solely governed by the official runner.	0	0
attempt-0078	nearest-position-unions-infra-repair	micro-0198	0a559f47e872917399aa469ab59f5f05c702fccd	2ed7bafacef244877c6ded3235ef08f9663d898c	2026-08-17T00:35:53.288082+00:00	parameter tying	99.050000%	1887	keep	Union closest position groups 201 and 431	Family: parameter tying. Current retained frontier is 1,888 parameters at 99.060000%, a +0.060000 percentage-point margin over 99%. There have been 20 prior macro-attempts in this family and 218 prior micro-trials. The most recent accepted result is attempt-0078/micro-0197 at 1888 parameters and 99.060000%; the most recent failed result is attempt-0075/micro-0001 (error, no score). This is a parameterization-preserving compression: union current position groups represented by coordinates 201 and 431, whose learned values are -0.0074716248 and -0.0073090820 (absolute difference 1.625e-04), using a multiplicity-weighted mean. Hypothesis: this preserves qualification and yields 1,887 parameters. It is more informative than the nearest untested alternative (difference 1.629e-04) because it is the minimum-distortion eligible union; exact pairs already rejected under the unchanged grouping are excluded. Acceptance and rollback remain solely governed by the official runner.	0	0
attempt-0078	nearest-position-unions-infra-repair	micro-0199	ac4a6f5555c910ba61ac9c7ef63c9447b62615ae	0a559f47e872917399aa469ab59f5f05c702fccd	2026-08-17T00:36:55.759766+00:00	parameter tying	99.050000%	1886	keep	Union closest position groups 295 and 262	Family: parameter tying. Current retained frontier is 1,887 parameters at 99.050000%, a +0.050000 percentage-point margin over 99%. There have been 20 prior macro-attempts in this family and 219 prior micro-trials. The most recent accepted result is attempt-0078/micro-0198 at 1887 parameters and 99.050000%; the most recent failed result is attempt-0075/micro-0001 (error, no score). This is a parameterization-preserving compression: union current position groups represented by coordinates 295 and 262, whose learned values are 0.0098800901 and 0.0100430045 (absolute difference 1.629e-04), using a multiplicity-weighted mean. Hypothesis: this preserves qualification and yields 1,886 parameters. It is more informative than the nearest untested alternative (difference 1.631e-04) because it is the minimum-distortion eligible union; exact pairs already rejected under the unchanged grouping are excluded. Acceptance and rollback remain solely governed by the official runner.	0	0
attempt-0078	nearest-position-unions-infra-repair	micro-0200	1d5e8c3ef2fcb81dbd60e291b88bf4b7a89eab34	ac4a6f5555c910ba61ac9c7ef63c9447b62615ae	2026-08-17T00:37:56.992559+00:00	parameter tying	99.050000%	1885	keep	Union closest position groups 189 and 258	Family: parameter tying. Current retained frontier is 1,886 parameters at 99.050000%, a +0.050000 percentage-point margin over 99%. There have been 20 prior macro-attempts in this family and 220 prior micro-trials. The most recent accepted result is attempt-0078/micro-0199 at 1886 parameters and 99.050000%; the most recent failed result is attempt-0075/micro-0001 (error, no score). This is a parameterization-preserving compression: union current position groups represented by coordinates 189 and 258, whose learned values are -0.0063263378 and -0.0061632120 (absolute difference 1.631e-04), using a multiplicity-weighted mean. Hypothesis: this preserves qualification and yields 1,885 parameters. It is more informative than the nearest untested alternative (difference 1.654e-04) because it is the minimum-distortion eligible union; exact pairs already rejected under the unchanged grouping are excluded. Acceptance and rollback remain solely governed by the official runner.	0	0
attempt-0078	nearest-position-unions-infra-repair	micro-0201	650cd61a6b558b41de67d0f0a95503350f1853f5	1d5e8c3ef2fcb81dbd60e291b88bf4b7a89eab34	2026-08-17T00:39:00.621935+00:00	parameter tying	99.050000%	1884	keep	Union closest position groups 470 and 486	Family: parameter tying. Current retained frontier is 1,885 parameters at 99.050000%, a +0.050000 percentage-point margin over 99%. There have been 20 prior macro-attempts in this family and 221 prior micro-trials. The most recent accepted result is attempt-0078/micro-0200 at 1885 parameters and 99.050000%; the most recent failed result is attempt-0075/micro-0001 (error, no score). This is a parameterization-preserving compression: union current position groups represented by coordinates 470 and 486, whose learned values are -0.0194189195 and -0.0192535166 (absolute difference 1.654e-04), using a multiplicity-weighted mean. Hypothesis: this preserves qualification and yields 1,884 parameters. It is more informative than the nearest untested alternative (difference 1.685e-04) because it is the minimum-distortion eligible union; exact pairs already rejected under the unchanged grouping are excluded. Acceptance and rollback remain solely governed by the official runner.	0	0
attempt-0078	nearest-position-unions-infra-repair	micro-0202	14217f13644caa5260e4fe1942fb72474e1e2968	650cd61a6b558b41de67d0f0a95503350f1853f5	2026-08-17T00:40:03.456569+00:00	parameter tying	99.050000%	1883	keep	Union closest position groups 489 and 158	Family: parameter tying. Current retained frontier is 1,884 parameters at 99.050000%, a +0.050000 percentage-point margin over 99%. There have been 20 prior macro-attempts in this family and 222 prior micro-trials. The most recent accepted result is attempt-0078/micro-0201 at 1884 parameters and 99.050000%; the most recent failed result is attempt-0075/micro-0001 (error, no score). This is a parameterization-preserving compression: union current position groups represented by coordinates 489 and 158, whose learned values are -0.0328453444 and -0.0326768272 (absolute difference 1.685e-04), using a multiplicity-weighted mean. Hypothesis: this preserves qualification and yields 1,883 parameters. It is more informative than the nearest untested alternative (difference 1.696e-04) because it is the minimum-distortion eligible union; exact pairs already rejected under the unchanged grouping are excluded. Acceptance and rollback remain solely governed by the official runner.	0	0
attempt-0078	nearest-position-unions-infra-repair	micro-0203	a0c0a2592c8fa2a9968b9cc505b60c71232e3fe4	14217f13644caa5260e4fe1942fb72474e1e2968	2026-08-17T00:41:03.798777+00:00	parameter tying	99.050000%	1882	keep	Union closest position groups 225 and 241	Family: parameter tying. Current retained frontier is 1,883 parameters at 99.050000%, a +0.050000 percentage-point margin over 99%. There have been 20 prior macro-attempts in this family and 223 prior micro-trials. The most recent accepted result is attempt-0078/micro-0202 at 1883 parameters and 99.050000%; the most recent failed result is attempt-0075/micro-0001 (error, no score). This is a parameterization-preserving compression: union current position groups represented by coordinates 225 and 241, whose learned values are 0.0190442391 and 0.0192138087 (absolute difference 1.696e-04), using a multiplicity-weighted mean. Hypothesis: this preserves qualification and yields 1,882 parameters. It is more informative than the nearest untested alternative (difference 1.768e-04) because it is the minimum-distortion eligible union; exact pairs already rejected under the unchanged grouping are excluded. Acceptance and rollback remain solely governed by the official runner.	0	0
attempt-0078	nearest-position-unions-infra-repair	micro-0204	306daf1ced28b3db82b37af1ba8e3617967e1b22	a0c0a2592c8fa2a9968b9cc505b60c71232e3fe4	2026-08-17T00:42:05.748891+00:00	parameter tying	99.040000%	1881	keep	Union closest position groups 160 and 233	Family: parameter tying. Current retained frontier is 1,882 parameters at 99.050000%, a +0.050000 percentage-point margin over 99%. There have been 20 prior macro-attempts in this family and 224 prior micro-trials. The most recent accepted result is attempt-0078/micro-0203 at 1882 parameters and 99.050000%; the most recent failed result is attempt-0075/micro-0001 (error, no score). This is a parameterization-preserving compression: union current position groups represented by coordinates 160 and 233, whose learned values are 0.0012618811 and 0.0014387117 (absolute difference 1.768e-04), using a multiplicity-weighted mean. Hypothesis: this preserves qualification and yields 1,881 parameters. It is more informative than the nearest untested alternative (difference 1.787e-04) because it is the minimum-distortion eligible union; exact pairs already rejected under the unchanged grouping are excluded. Acceptance and rollback remain solely governed by the official runner.	0	0
attempt-0078	nearest-position-unions-infra-repair	micro-0205	feb1eb53c42e338dd6350a8f5c18b2a88f0e05c4	306daf1ced28b3db82b37af1ba8e3617967e1b22	2026-08-17T00:43:07.426445+00:00	parameter tying	99.040000%	1880	keep	Union closest position groups 445 and 387	Family: parameter tying. Current retained frontier is 1,881 parameters at 99.040000%, a +0.040000 percentage-point margin over 99%. There have been 20 prior macro-attempts in this family and 225 prior micro-trials. The most recent accepted result is attempt-0078/micro-0204 at 1881 parameters and 99.040000%; the most recent failed result is attempt-0075/micro-0001 (error, no score). This is a parameterization-preserving compression: union current position groups represented by coordinates 445 and 387, whose learned values are 0.0314621367 and 0.0316408128 (absolute difference 1.787e-04), using a multiplicity-weighted mean. Hypothesis: this preserves qualification and yields 1,880 parameters. It is more informative than the nearest untested alternative (difference 1.787e-04) because it is the minimum-distortion eligible union; exact pairs already rejected under the unchanged grouping are excluded. Acceptance and rollback remain solely governed by the official runner.	0	0
attempt-0078	nearest-position-unions-infra-repair	micro-0206	61a129b237ab80b9d2ae731eb53a830dc2f20451	feb1eb53c42e338dd6350a8f5c18b2a88f0e05c4	2026-08-17T00:44:09.196654+00:00	parameter tying	99.050000%	1879	keep	Union closest position groups 7 and 492	Family: parameter tying. Current retained frontier is 1,880 parameters at 99.040000%, a +0.040000 percentage-point margin over 99%. There have been 20 prior macro-attempts in this family and 226 prior micro-trials. The most recent accepted result is attempt-0078/micro-0205 at 1880 parameters and 99.040000%; the most recent failed result is attempt-0075/micro-0001 (error, no score). This is a parameterization-preserving compression: union current position groups represented by coordinates 7 and 492, whose learned values are 0.0035117320 and 0.0036904621 (absolute difference 1.787e-04), using a multiplicity-weighted mean. Hypothesis: this preserves qualification and yields 1,879 parameters. It is more informative than the nearest untested alternative (difference 1.790e-04) because it is the minimum-distortion eligible union; exact pairs already rejected under the unchanged grouping are excluded. Acceptance and rollback remain solely governed by the official runner.	0	0
attempt-0078	nearest-position-unions-infra-repair	micro-0207	a0fd34128a58d3ea5773e966518b33ea7b4dcb66	61a129b237ab80b9d2ae731eb53a830dc2f20451	2026-08-17T00:45:10.635821+00:00	parameter tying	99.050000%	1878	keep	Union closest position groups 54 and 78	Family: parameter tying. Current retained frontier is 1,879 parameters at 99.050000%, a +0.050000 percentage-point margin over 99%. There have been 20 prior macro-attempts in this family and 227 prior micro-trials. The most recent accepted result is attempt-0078/micro-0206 at 1879 parameters and 99.050000%; the most recent failed result is attempt-0075/micro-0001 (error, no score). This is a parameterization-preserving compression: union current position groups represented by coordinates 54 and 78, whose learned values are 0.0159998909 and 0.0161789376 (absolute difference 1.790e-04), using a multiplicity-weighted mean. Hypothesis: this preserves qualification and yields 1,878 parameters. It is more informative than the nearest untested alternative (difference 1.837e-04) because it is the minimum-distortion eligible union; exact pairs already rejected under the unchanged grouping are excluded. Acceptance and rollback remain solely governed by the official runner.	0	0
attempt-0078	nearest-position-unions-infra-repair	micro-0208	65ea2b216d08656a21b040b21d16627876f9ed09	a0fd34128a58d3ea5773e966518b33ea7b4dcb66	2026-08-17T00:46:11.315545+00:00	parameter tying	99.050000%	1877	keep	Union closest position groups 87 and 71	Family: parameter tying. Current retained frontier is 1,878 parameters at 99.050000%, a +0.050000 percentage-point margin over 99%. There have been 20 prior macro-attempts in this family and 228 prior micro-trials. The most recent accepted result is attempt-0078/micro-0207 at 1878 parameters and 99.050000%; the most recent failed result is attempt-0075/micro-0001 (error, no score). This is a parameterization-preserving compression: union current position groups represented by coordinates 87 and 71, whose learned values are -0.0239964202 and -0.0238127038 (absolute difference 1.837e-04), using a multiplicity-weighted mean. Hypothesis: this preserves qualification and yields 1,877 parameters. It is more informative than the nearest untested alternative (difference 1.839e-04) because it is the minimum-distortion eligible union; exact pairs already rejected under the unchanged grouping are excluded. Acceptance and rollback remain solely governed by the official runner.	0	0
attempt-0078	nearest-position-unions-infra-repair	micro-0209	b844d6e92767c52dce8b200ef9f41091bbda8b2c	65ea2b216d08656a21b040b21d16627876f9ed09	2026-08-17T00:47:12.336855+00:00	parameter tying	99.050000%	1876	keep	Union closest position groups 74 and 223	Family: parameter tying. Current retained frontier is 1,877 parameters at 99.050000%, a +0.050000 percentage-point margin over 99%. There have been 20 prior macro-attempts in this family and 229 prior micro-trials. The most recent accepted result is attempt-0078/micro-0208 at 1877 parameters and 99.050000%; the most recent failed result is attempt-0075/micro-0001 (error, no score). This is a parameterization-preserving compression: union current position groups represented by coordinates 74 and 223, whose learned values are -0.0050474554 and -0.0048635639 (absolute difference 1.839e-04), using a multiplicity-weighted mean. Hypothesis: this preserves qualification and yields 1,876 parameters. It is more informative than the nearest untested alternative (difference 1.841e-04) because it is the minimum-distortion eligible union; exact pairs already rejected under the unchanged grouping are excluded. Acceptance and rollback remain solely governed by the official runner.	0	0
attempt-0078	nearest-position-unions-infra-repair	micro-0210	d7983ce14a6987e6a5983d9d23d55e137383a416	b844d6e92767c52dce8b200ef9f41091bbda8b2c	2026-08-17T00:48:12.962967+00:00	parameter tying	99.030000%	1875	keep	Union closest position groups 61 and 9	Family: parameter tying. Current retained frontier is 1,876 parameters at 99.050000%, a +0.050000 percentage-point margin over 99%. There have been 20 prior macro-attempts in this family and 230 prior micro-trials. The most recent accepted result is attempt-0078/micro-0209 at 1876 parameters and 99.050000%; the most recent failed result is attempt-0075/micro-0001 (error, no score). This is a parameterization-preserving compression: union current position groups represented by coordinates 61 and 9, whose learned values are 0.0038779394 and 0.0040620421 (absolute difference 1.841e-04), using a multiplicity-weighted mean. Hypothesis: this preserves qualification and yields 1,875 parameters. It is more informative than the nearest untested alternative (difference 1.865e-04) because it is the minimum-distortion eligible union; exact pairs already rejected under the unchanged grouping are excluded. Acceptance and rollback remain solely governed by the official runner.	0	0
attempt-0078	nearest-position-unions-infra-repair	micro-0211	d9d2450ee457800aa22d3c7327b3e2332a2227fc	d7983ce14a6987e6a5983d9d23d55e137383a416	2026-08-17T00:49:13.708049+00:00	parameter tying	99.030000%	1874	keep	Union closest position groups 446 and 8	Family: parameter tying. Current retained frontier is 1,875 parameters at 99.030000%, a +0.030000 percentage-point margin over 99%. There have been 20 prior macro-attempts in this family and 231 prior micro-trials. The most recent accepted result is attempt-0078/micro-0210 at 1875 parameters and 99.030000%; the most recent failed result is attempt-0075/micro-0001 (error, no score). This is a parameterization-preserving compression: union current position groups represented by coordinates 446 and 8, whose learned values are -0.0150183793 and -0.0148318876 (absolute difference 1.865e-04), using a multiplicity-weighted mean. Hypothesis: this preserves qualification and yields 1,874 parameters. It is more informative than the nearest untested alternative (difference 1.887e-04) because it is the minimum-distortion eligible union; exact pairs already rejected under the unchanged grouping are excluded. Acceptance and rollback remain solely governed by the official runner.	0	0
attempt-0078	nearest-position-unions-infra-repair	micro-0212	85b6ace5910644aa23f2578d30397527c14cfaa9	d9d2450ee457800aa22d3c7327b3e2332a2227fc	2026-08-17T00:50:14.995792+00:00	parameter tying	99.030000%	1873	keep	Union closest position groups 147 and 206	Family: parameter tying. Current retained frontier is 1,874 parameters at 99.030000%, a +0.030000 percentage-point margin over 99%. There have been 20 prior macro-attempts in this family and 232 prior micro-trials. The most recent accepted result is attempt-0078/micro-0211 at 1874 parameters and 99.030000%; the most recent failed result is attempt-0075/micro-0001 (error, no score). This is a parameterization-preserving compression: union current position groups represented by coordinates 147 and 206, whose learned values are -0.0253824405 and -0.0251937676 (absolute difference 1.887e-04), using a multiplicity-weighted mean. Hypothesis: this preserves qualification and yields 1,873 parameters. It is more informative than the nearest untested alternative (difference 1.900e-04) because it is the minimum-distortion eligible union; exact pairs already rejected under the unchanged grouping are excluded. Acceptance and rollback remain solely governed by the official runner.	0	0
attempt-0078	nearest-position-unions-infra-repair	micro-0213	a64cf504bfd2418dfb607142feb4ab4aab5813f1	85b6ace5910644aa23f2578d30397527c14cfaa9	2026-08-17T00:51:17.064725+00:00	parameter tying	99.030000%	1872	keep	Union closest position groups 5 and 15	Family: parameter tying. Current retained frontier is 1,873 parameters at 99.030000%, a +0.030000 percentage-point margin over 99%. There have been 20 prior macro-attempts in this family and 233 prior micro-trials. The most recent accepted result is attempt-0078/micro-0212 at 1873 parameters and 99.030000%; the most recent failed result is attempt-0075/micro-0001 (error, no score). This is a parameterization-preserving compression: union current position groups represented by coordinates 5 and 15, whose learned values are -0.0338471234 and -0.0336571336 (absolute difference 1.900e-04), using a multiplicity-weighted mean. Hypothesis: this preserves qualification and yields 1,872 parameters. It is more informative than the nearest untested alternative (difference 1.903e-04) because it is the minimum-distortion eligible union; exact pairs already rejected under the unchanged grouping are excluded. Acceptance and rollback remain solely governed by the official runner.	0	0
attempt-0078	nearest-position-unions-infra-repair	micro-0214	c2bd58bbb33d454ec2b0c8674f1381e1b602bfc3	a64cf504bfd2418dfb607142feb4ab4aab5813f1	2026-08-17T00:52:19.199951+00:00	parameter tying	99.030000%	1871	keep	Union closest position groups 151 and 162	Family: parameter tying. Current retained frontier is 1,872 parameters at 99.030000%, a +0.030000 percentage-point margin over 99%. There have been 20 prior macro-attempts in this family and 234 prior micro-trials. The most recent accepted result is attempt-0078/micro-0213 at 1872 parameters and 99.030000%; the most recent failed result is attempt-0075/micro-0001 (error, no score). This is a parameterization-preserving compression: union current position groups represented by coordinates 151 and 162, whose learned values are -0.0078378739 and -0.0076475656 (absolute difference 1.903e-04), using a multiplicity-weighted mean. Hypothesis: this preserves qualification and yields 1,871 parameters. It is more informative than the nearest untested alternative (difference 1.915e-04) because it is the minimum-distortion eligible union; exact pairs already rejected under the unchanged grouping are excluded. Acceptance and rollback remain solely governed by the official runner.	0	0
attempt-0078	nearest-position-unions-infra-repair	micro-0215	28041fc798f6a67eaf5a37aafb581f7297f6ece8	c2bd58bbb33d454ec2b0c8674f1381e1b602bfc3	2026-08-17T00:53:21.443091+00:00	parameter tying	99.030000%	1870	keep	Union closest position groups 38 and 62	Family: parameter tying. Current retained frontier is 1,871 parameters at 99.030000%, a +0.030000 percentage-point margin over 99%. There have been 20 prior macro-attempts in this family and 235 prior micro-trials. The most recent accepted result is attempt-0078/micro-0214 at 1871 parameters and 99.030000%; the most recent failed result is attempt-0075/micro-0001 (error, no score). This is a parameterization-preserving compression: union current position groups represented by coordinates 38 and 62, whose learned values are 0.0151349241 and 0.0153263900 (absolute difference 1.915e-04), using a multiplicity-weighted mean. Hypothesis: this preserves qualification and yields 1,870 parameters. It is more informative than the nearest untested alternative (difference 1.928e-04) because it is the minimum-distortion eligible union; exact pairs already rejected under the unchanged grouping are excluded. Acceptance and rollback remain solely governed by the official runner.	0	0
attempt-0078	nearest-position-unions-infra-repair	micro-0216	4980fe188b07dc4812778aad871f443f535208da	28041fc798f6a67eaf5a37aafb581f7297f6ece8	2026-08-17T00:54:23.606571+00:00	parameter tying	99.030000%	1869	keep	Union closest position groups 466 and 57	Family: parameter tying. Current retained frontier is 1,870 parameters at 99.030000%, a +0.030000 percentage-point margin over 99%. There have been 20 prior macro-attempts in this family and 236 prior micro-trials. The most recent accepted result is attempt-0078/micro-0215 at 1870 parameters and 99.030000%; the most recent failed result is attempt-0075/micro-0001 (error, no score). This is a parameterization-preserving compression: union current position groups represented by coordinates 466 and 57, whose learned values are -0.0208274741 and -0.0206346605 (absolute difference 1.928e-04), using a multiplicity-weighted mean. Hypothesis: this preserves qualification and yields 1,869 parameters. It is more informative than the nearest untested alternative (difference 1.951e-04) because it is the minimum-distortion eligible union; exact pairs already rejected under the unchanged grouping are excluded. Acceptance and rollback remain solely governed by the official runner.	0	0
attempt-0078	nearest-position-unions-infra-repair	micro-0217	6afecc4a1ab90d2f734ddb19ca4fbbdb0821a869	4980fe188b07dc4812778aad871f443f535208da	2026-08-17T00:55:26.645442+00:00	parameter tying	99.030000%	1868	keep	Union closest position groups 234 and 413	Family: parameter tying. Current retained frontier is 1,869 parameters at 99.030000%, a +0.030000 percentage-point margin over 99%. There have been 20 prior macro-attempts in this family and 237 prior micro-trials. The most recent accepted result is attempt-0078/micro-0216 at 1869 parameters and 99.030000%; the most recent failed result is attempt-0075/micro-0001 (error, no score). This is a parameterization-preserving compression: union current position groups represented by coordinates 234 and 413, whose learned values are 0.0239803586 and 0.0241754241 (absolute difference 1.951e-04), using a multiplicity-weighted mean. Hypothesis: this preserves qualification and yields 1,868 parameters. It is more informative than the nearest untested alternative (difference 2.038e-04) because it is the minimum-distortion eligible union; exact pairs already rejected under the unchanged grouping are excluded. Acceptance and rollback remain solely governed by the official runner.	0	0
attempt-0078	nearest-position-unions-infra-repair	micro-0218	64f168e637016b05e9597ff82dae18308bc1760b	6afecc4a1ab90d2f734ddb19ca4fbbdb0821a869	2026-08-17T00:56:29.897962+00:00	parameter tying	99.010000%	1867	keep	Union closest position groups 1 and 217	Family: parameter tying. Current retained frontier is 1,868 parameters at 99.030000%, a +0.030000 percentage-point margin over 99%. There have been 20 prior macro-attempts in this family and 238 prior micro-trials. The most recent accepted result is attempt-0078/micro-0217 at 1868 parameters and 99.030000%; the most recent failed result is attempt-0075/micro-0001 (error, no score). This is a parameterization-preserving compression: union current position groups represented by coordinates 1 and 217, whose learned values are 0.0021533589 and 0.0023571891 (absolute difference 2.038e-04), using a multiplicity-weighted mean. Hypothesis: this preserves qualification and yields 1,867 parameters. It is more informative than the nearest untested alternative (difference 2.042e-04) because it is the minimum-distortion eligible union; exact pairs already rejected under the unchanged grouping are excluded. Acceptance and rollback remain solely governed by the official runner.	0	0
attempt-0078	nearest-position-unions-infra-repair	micro-0219	593d6b708f9a88c8d932d46d4e709ed0ac31a61b	64f168e637016b05e9597ff82dae18308bc1760b	2026-08-17T00:57:32.225150+00:00	parameter tying	99.010000%	1866	keep	Union closest position groups 25 and 370	Family: parameter tying. Current retained frontier is 1,867 parameters at 99.010000%, a +0.010000 percentage-point margin over 99%. There have been 20 prior macro-attempts in this family and 239 prior micro-trials. The most recent accepted result is attempt-0078/micro-0218 at 1867 parameters and 99.010000%; the most recent failed result is attempt-0075/micro-0001 (error, no score). This is a parameterization-preserving compression: union current position groups represented by coordinates 25 and 370, whose learned values are -0.0134095075 and -0.0132052824 (absolute difference 2.042e-04), using a multiplicity-weighted mean. Hypothesis: this preserves qualification and yields 1,866 parameters. It is more informative than the nearest untested alternative (difference 2.052e-04) because it is the minimum-distortion eligible union; exact pairs already rejected under the unchanged grouping are excluded. Acceptance and rollback remain solely governed by the official runner.	0	0
attempt-0078	nearest-position-unions-infra-repair	micro-0220	bd39d0998b6606a5207825cade0c93a7cdb30f7a	593d6b708f9a88c8d932d46d4e709ed0ac31a61b	2026-08-17T00:58:35.265932+00:00	parameter tying	99.010000%	1865	keep	Union closest position groups 296 and 185	Family: parameter tying. Current retained frontier is 1,866 parameters at 99.010000%, a +0.010000 percentage-point margin over 99%. There have been 20 prior macro-attempts in this family and 240 prior micro-trials. The most recent accepted result is attempt-0078/micro-0219 at 1866 parameters and 99.010000%; the most recent failed result is attempt-0075/micro-0001 (error, no score). This is a parameterization-preserving compression: union current position groups represented by coordinates 296 and 185, whose learned values are -0.0070916368 and -0.0068864026 (absolute difference 2.052e-04), using a multiplicity-weighted mean. Hypothesis: this preserves qualification and yields 1,865 parameters. It is more informative than the nearest untested alternative (difference 2.052e-04) because it is the minimum-distortion eligible union; exact pairs already rejected under the unchanged grouping are excluded. Acceptance and rollback remain solely governed by the official runner.	0	0
attempt-0078	nearest-position-unions-infra-repair	micro-0221	f2f06c177a113ff5476767669687d574990524aa	bd39d0998b6606a5207825cade0c93a7cdb30f7a	2026-08-17T00:59:37.803755+00:00	parameter tying	99.010000%	1864	keep	Union closest position groups 73 and 167	Family: parameter tying. Current retained frontier is 1,865 parameters at 99.010000%, a +0.010000 percentage-point margin over 99%. There have been 20 prior macro-attempts in this family and 241 prior micro-trials. The most recent accepted result is attempt-0078/micro-0220 at 1865 parameters and 99.010000%; the most recent failed result is attempt-0075/micro-0001 (error, no score). This is a parameterization-preserving compression: union current position groups represented by coordinates 73 and 167, whose learned values are -0.0165747441 and -0.0163694974 (absolute difference 2.052e-04), using a multiplicity-weighted mean. Hypothesis: this preserves qualification and yields 1,864 parameters. It is more informative than the nearest untested alternative (difference 2.084e-04) because it is the minimum-distortion eligible union; exact pairs already rejected under the unchanged grouping are excluded. Acceptance and rollback remain solely governed by the official runner.	0	0
attempt-0078	nearest-position-unions-infra-repair	micro-0222	71bd6002dec8a59ff23e532a45615a8e4e0ad21b	f2f06c177a113ff5476767669687d574990524aa	2026-08-17T01:00:39.764155+00:00	parameter tying	99.010000%	1863	keep	Union closest position groups 104 and 310	Family: parameter tying. Current retained frontier is 1,864 parameters at 99.010000%, a +0.010000 percentage-point margin over 99%. There have been 20 prior macro-attempts in this family and 242 prior micro-trials. The most recent accepted result is attempt-0078/micro-0221 at 1864 parameters and 99.010000%; the most recent failed result is attempt-0075/micro-0001 (error, no score). This is a parameterization-preserving compression: union current position groups represented by coordinates 104 and 310, whose learned values are -0.0037939230 and -0.0035854974 (absolute difference 2.084e-04), using a multiplicity-weighted mean. Hypothesis: this preserves qualification and yields 1,863 parameters. It is more informative than the nearest untested alternative (difference 2.093e-04) because it is the minimum-distortion eligible union; exact pairs already rejected under the unchanged grouping are excluded. Acceptance and rollback remain solely governed by the official runner.	0	0
attempt-0078	nearest-position-unions-infra-repair	micro-0223	0b2400ad9cf13200c82422404921d09d87f2b35c	71bd6002dec8a59ff23e532a45615a8e4e0ad21b	2026-08-17T01:01:42.631665+00:00	parameter tying	99.010000%	1862	keep	Union closest position groups 265 and 353	Family: parameter tying. Current retained frontier is 1,863 parameters at 99.010000%, a +0.010000 percentage-point margin over 99%. There have been 20 prior macro-attempts in this family and 243 prior micro-trials. The most recent accepted result is attempt-0078/micro-0222 at 1863 parameters and 99.010000%; the most recent failed result is attempt-0075/micro-0001 (error, no score). This is a parameterization-preserving compression: union current position groups represented by coordinates 265 and 353, whose learned values are 0.0063365130 and 0.0065458431 (absolute difference 2.093e-04), using a multiplicity-weighted mean. Hypothesis: this preserves qualification and yields 1,862 parameters. It is more informative than the nearest untested alternative (difference 2.170e-04) because it is the minimum-distortion eligible union; exact pairs already rejected under the unchanged grouping are excluded. Acceptance and rollback remain solely governed by the official runner.	0	0
attempt-0078	nearest-position-unions-infra-repair	micro-0224	dbe632069e76a34479cb9c87823bef0f89de1626	0b2400ad9cf13200c82422404921d09d87f2b35c	2026-08-17T01:02:45.487473+00:00	parameter tying	99.020000%	1861	keep	Union closest position groups 123 and 323	Family: parameter tying. Current retained frontier is 1,862 parameters at 99.010000%, a +0.010000 percentage-point margin over 99%. There have been 20 prior macro-attempts in this family and 244 prior micro-trials. The most recent accepted result is attempt-0078/micro-0223 at 1862 parameters and 99.010000%; the most recent failed result is attempt-0075/micro-0001 (error, no score). This is a parameterization-preserving compression: union current position groups represented by coordinates 123 and 323, whose learned values are 0.0137853287 and 0.0140023716 (absolute difference 2.170e-04), using a multiplicity-weighted mean. Hypothesis: this preserves qualification and yields 1,861 parameters. It is more informative than the nearest untested alternative (difference 2.176e-04) because it is the minimum-distortion eligible union; exact pairs already rejected under the unchanged grouping are excluded. Acceptance and rollback remain solely governed by the official runner.	0	0
attempt-0078	nearest-position-unions-infra-repair	micro-0225	38db714d53e3c2f47197a28de0588a67b78a59e3	dbe632069e76a34479cb9c87823bef0f89de1626	2026-08-17T01:03:51.388519+00:00	parameter tying	99.020000%	1860	keep	Union closest position groups 499 and 16	Family: parameter tying. Current retained frontier is 1,861 parameters at 99.020000%, a +0.020000 percentage-point margin over 99%. There have been 20 prior macro-attempts in this family and 245 prior micro-trials. The most recent accepted result is attempt-0078/micro-0224 at 1861 parameters and 99.020000%; the most recent failed result is attempt-0075/micro-0001 (error, no score). This is a parameterization-preserving compression: union current position groups represented by coordinates 499 and 16, whose learned values are 0.0328715034 and 0.0330891125 (absolute difference 2.176e-04), using a multiplicity-weighted mean. Hypothesis: this preserves qualification and yields 1,860 parameters. It is more informative than the nearest untested alternative (difference 2.186e-04) because it is the minimum-distortion eligible union; exact pairs already rejected under the unchanged grouping are excluded. Acceptance and rollback remain solely governed by the official runner.	0	0
attempt-0078	nearest-position-unions-infra-repair	micro-0226	a593872365646e6b80b7b048dd7166b2ebecd786	38db714d53e3c2f47197a28de0588a67b78a59e3	2026-08-17T01:05:10.153237+00:00	parameter tying	99.010000%	1859	keep	Union closest position groups 493 and 115	Family: parameter tying. Current retained frontier is 1,860 parameters at 99.020000%, a +0.020000 percentage-point margin over 99%. There have been 20 prior macro-attempts in this family and 246 prior micro-trials. The most recent accepted result is attempt-0078/micro-0225 at 1860 parameters and 99.020000%; the most recent failed result is attempt-0075/micro-0001 (error, no score). This is a parameterization-preserving compression: union current position groups represented by coordinates 493 and 115, whose learned values are -0.0280478820 and -0.0278293248 (absolute difference 2.186e-04), using a multiplicity-weighted mean. Hypothesis: this preserves qualification and yields 1,859 parameters. It is more informative than the nearest untested alternative (difference 2.187e-04) because it is the minimum-distortion eligible union; exact pairs already rejected under the unchanged grouping are excluded. Acceptance and rollback remain solely governed by the official runner.	0	0
attempt-0078	nearest-position-unions-infra-repair	micro-0227	f355157c04ea64a49b8000309dc969b611083b84	a593872365646e6b80b7b048dd7166b2ebecd786	2026-08-17T01:06:12.375683+00:00	parameter tying	99.010000%	1858	keep	Union closest position groups 49 and 270	Family: parameter tying. Current retained frontier is 1,859 parameters at 99.010000%, a +0.010000 percentage-point margin over 99%. There have been 20 prior macro-attempts in this family and 247 prior micro-trials. The most recent accepted result is attempt-0078/micro-0226 at 1859 parameters and 99.010000%; the most recent failed result is attempt-0075/micro-0001 (error, no score). This is a parameterization-preserving compression: union current position groups represented by coordinates 49 and 270, whose learned values are -0.0000095294 and 0.0002091415 (absolute difference 2.187e-04), using a multiplicity-weighted mean. Hypothesis: this preserves qualification and yields 1,858 parameters. It is more informative than the nearest untested alternative (difference 2.193e-04) because it is the minimum-distortion eligible union; exact pairs already rejected under the unchanged grouping are excluded. Acceptance and rollback remain solely governed by the official runner.	0	0
attempt-0078	nearest-position-unions-infra-repair	micro-0228	f448cfd2c09e781abdd2458164dd71f375320786	f355157c04ea64a49b8000309dc969b611083b84	2026-08-17T01:07:14.926216+00:00	parameter tying	99.030000%	1857	keep	Union closest position groups 109 and 7	Family: parameter tying. Current retained frontier is 1,858 parameters at 99.010000%, a +0.010000 percentage-point margin over 99%. There have been 20 prior macro-attempts in this family and 248 prior micro-trials. The most recent accepted result is attempt-0078/micro-0227 at 1858 parameters and 99.010000%; the most recent failed result is attempt-0075/micro-0001 (error, no score). This is a parameterization-preserving compression: union current position groups represented by coordinates 109 and 7, whose learned values are 0.0033222144 and 0.0035415206 (absolute difference 2.193e-04), using a multiplicity-weighted mean. Hypothesis: this preserves qualification and yields 1,857 parameters. It is more informative than the nearest untested alternative (difference 2.278e-04) because it is the minimum-distortion eligible union; exact pairs already rejected under the unchanged grouping are excluded. Acceptance and rollback remain solely governed by the official runner.	0	0
attempt-0078	nearest-position-unions-infra-repair	micro-0229	e91adb2ec954f9d622bebe42cd0056ca3f21571d	f448cfd2c09e781abdd2458164dd71f375320786	2026-08-17T01:08:21.920992+00:00	parameter tying	99.030000%	1856	keep	Union closest position groups 18 and 132	Family: parameter tying. Current retained frontier is 1,857 parameters at 99.030000%, a +0.030000 percentage-point margin over 99%. There have been 20 prior macro-attempts in this family and 249 prior micro-trials. The most recent accepted result is attempt-0078/micro-0228 at 1857 parameters and 99.030000%; the most recent failed result is attempt-0075/micro-0001 (error, no score). This is a parameterization-preserving compression: union current position groups represented by coordinates 18 and 132, whose learned values are 0.0185706783 and 0.0187984817 (absolute difference 2.278e-04), using a multiplicity-weighted mean. Hypothesis: this preserves qualification and yields 1,856 parameters. It is more informative than the nearest untested alternative (difference 2.296e-04) because it is the minimum-distortion eligible union; exact pairs already rejected under the unchanged grouping are excluded. Acceptance and rollback remain solely governed by the official runner.	0	0
attempt-0078	nearest-position-unions-infra-repair	micro-0230	80459e03084109ebc29f1963d5f8adaafe8460f3	e91adb2ec954f9d622bebe42cd0056ca3f21571d	2026-08-17T01:09:39.198554+00:00	parameter tying	99.020000%	1855	keep	Union closest position groups 21 and 484	Family: parameter tying. Current retained frontier is 1,856 parameters at 99.030000%, a +0.030000 percentage-point margin over 99%. There have been 20 prior macro-attempts in this family and 250 prior micro-trials. The most recent accepted result is attempt-0078/micro-0229 at 1856 parameters and 99.030000%; the most recent failed result is attempt-0075/micro-0001 (error, no score). This is a parameterization-preserving compression: union current position groups represented by coordinates 21 and 484, whose learned values are -0.0111777904 and -0.0109481597 (absolute difference 2.296e-04), using a multiplicity-weighted mean. Hypothesis: this preserves qualification and yields 1,855 parameters. It is more informative than the nearest untested alternative (difference 2.319e-04) because it is the minimum-distortion eligible union; exact pairs already rejected under the unchanged grouping are excluded. Acceptance and rollback remain solely governed by the official runner.	0	0
attempt-0078	nearest-position-unions-infra-repair	micro-0231	fbdf33af1e3fa3c7b6bb47aa7a0405ff4095b7c0	80459e03084109ebc29f1963d5f8adaafe8460f3	2026-08-17T01:10:40.784156+00:00	parameter tying	99.020000%	1854	keep	Union closest position groups 503 and 371	Family: parameter tying. Current retained frontier is 1,855 parameters at 99.020000%, a +0.020000 percentage-point margin over 99%. There have been 20 prior macro-attempts in this family and 251 prior micro-trials. The most recent accepted result is attempt-0078/micro-0230 at 1855 parameters and 99.020000%; the most recent failed result is attempt-0075/micro-0001 (error, no score). This is a parameterization-preserving compression: union current position groups represented by coordinates 503 and 371, whose learned values are 0.0346781388 and 0.0349099934 (absolute difference 2.319e-04), using a multiplicity-weighted mean. Hypothesis: this preserves qualification and yields 1,854 parameters. It is more informative than the nearest untested alternative (difference 2.398e-04) because it is the minimum-distortion eligible union; exact pairs already rejected under the unchanged grouping are excluded. Acceptance and rollback remain solely governed by the official runner.	0	0
attempt-0078	nearest-position-unions-infra-repair	micro-0232	ccbf8a1d26b12c4ba67b8a48aa2416039cd1c2a3	fbdf33af1e3fa3c7b6bb47aa7a0405ff4095b7c0	2026-08-17T01:11:43.165815+00:00	parameter tying	99.070000%	1853	keep	Union closest position groups 67 and 66	Family: parameter tying. Current retained frontier is 1,854 parameters at 99.020000%, a +0.020000 percentage-point margin over 99%. There have been 20 prior macro-attempts in this family and 252 prior micro-trials. The most recent accepted result is attempt-0078/micro-0231 at 1854 parameters and 99.020000%; the most recent failed result is attempt-0075/micro-0001 (error, no score). This is a parameterization-preserving compression: union current position groups represented by coordinates 67 and 66, whose learned values are -0.0120407548 and -0.0118009811 (absolute difference 2.398e-04), using a multiplicity-weighted mean. Hypothesis: this preserves qualification and yields 1,853 parameters. It is more informative than the nearest untested alternative (difference 2.428e-04) because it is the minimum-distortion eligible union; exact pairs already rejected under the unchanged grouping are excluded. Acceptance and rollback remain solely governed by the official runner.	0	0
attempt-0078	nearest-position-unions-infra-repair	micro-0233	4592a9bc2833a272c78794a093c60dac7de693d1	ccbf8a1d26b12c4ba67b8a48aa2416039cd1c2a3	2026-08-17T01:12:45.087384+00:00	parameter tying	99.080000%	1852	keep	Union closest position groups 158 and 31	Family: parameter tying. Current retained frontier is 1,853 parameters at 99.070000%, a +0.070000 percentage-point margin over 99%. There have been 20 prior macro-attempts in this family and 253 prior micro-trials. The most recent accepted result is attempt-0078/micro-0232 at 1853 parameters and 99.070000%; the most recent failed result is attempt-0075/micro-0001 (error, no score). This is a parameterization-preserving compression: union current position groups represented by coordinates 158 and 31, whose learned values are -0.0327329971 and -0.0324902013 (absolute difference 2.428e-04), using a multiplicity-weighted mean. Hypothesis: this preserves qualification and yields 1,852 parameters. It is more informative than the nearest untested alternative (difference 2.440e-04) because it is the minimum-distortion eligible union; exact pairs already rejected under the unchanged grouping are excluded. Acceptance and rollback remain solely governed by the official runner.	0	0
attempt-0078	nearest-position-unions-infra-repair	micro-0234	3a19e978bcd0c57ffb208407844c4a9b36efe9f4	4592a9bc2833a272c78794a093c60dac7de693d1	2026-08-17T01:13:47.281104+00:00	parameter tying	99.090000%	1851	keep	Union closest position groups 42 and 103	Family: parameter tying. Current retained frontier is 1,852 parameters at 99.080000%, a +0.080000 percentage-point margin over 99%. There have been 20 prior macro-attempts in this family and 254 prior micro-trials. The most recent accepted result is attempt-0078/micro-0233 at 1852 parameters and 99.080000%; the most recent failed result is attempt-0075/micro-0001 (error, no score). This is a parameterization-preserving compression: union current position groups represented by coordinates 42 and 103, whose learned values are -0.0309752114 and -0.0307311900 (absolute difference 2.440e-04), using a multiplicity-weighted mean. Hypothesis: this preserves qualification and yields 1,851 parameters. It is more informative than the nearest untested alternative (difference 2.461e-04) because it is the minimum-distortion eligible union; exact pairs already rejected under the unchanged grouping are excluded. Acceptance and rollback remain solely governed by the official runner.	0	0
attempt-0078	nearest-position-unions-infra-repair	micro-0235	78f785a908e12cfda47d3d0cc3ed7ca485ccd845	3a19e978bcd0c57ffb208407844c4a9b36efe9f4	2026-08-17T01:14:49.617491+00:00	parameter tying	99.080000%	1850	keep	Union closest position groups 56 and 414	Family: parameter tying. Current retained frontier is 1,851 parameters at 99.090000%, a +0.090000 percentage-point margin over 99%. There have been 20 prior macro-attempts in this family and 255 prior micro-trials. The most recent accepted result is attempt-0078/micro-0234 at 1851 parameters and 99.090000%; the most recent failed result is attempt-0075/micro-0001 (error, no score). This is a parameterization-preserving compression: union current position groups represented by coordinates 56 and 414, whose learned values are -0.0199553538 and -0.0197092090 (absolute difference 2.461e-04), using a multiplicity-weighted mean. Hypothesis: this preserves qualification and yields 1,850 parameters. It is more informative than the nearest untested alternative (difference 2.471e-04) because it is the minimum-distortion eligible union; exact pairs already rejected under the unchanged grouping are excluded. Acceptance and rollback remain solely governed by the official runner.	0	0
attempt-0078	nearest-position-unions-infra-repair	micro-0236	a8643db5ee3ef3756a8f92284f7823a4331bcde1	78f785a908e12cfda47d3d0cc3ed7ca485ccd845	2026-08-17T01:15:52.884185+00:00	parameter tying	99.070000%	1849	keep	Union closest position groups 26 and 84	Family: parameter tying. Current retained frontier is 1,850 parameters at 99.080000%, a +0.080000 percentage-point margin over 99%. There have been 20 prior macro-attempts in this family and 256 prior micro-trials. The most recent accepted result is attempt-0078/micro-0235 at 1850 parameters and 99.080000%; the most recent failed result is attempt-0075/micro-0001 (error, no score). This is a parameterization-preserving compression: union current position groups represented by coordinates 26 and 84, whose learned values are -0.0474665985 and -0.0472195335 (absolute difference 2.471e-04), using a multiplicity-weighted mean. Hypothesis: this preserves qualification and yields 1,849 parameters. It is more informative than the nearest untested alternative (difference 2.502e-04) because it is the minimum-distortion eligible union; exact pairs already rejected under the unchanged grouping are excluded. Acceptance and rollback remain solely governed by the official runner.	0	0
attempt-0078	nearest-position-unions-infra-repair	micro-0237	ded5d6a0c250a795ae56fbe21782aa6d1091f72b	a8643db5ee3ef3756a8f92284f7823a4331bcde1	2026-08-17T01:17:06.657176+00:00	parameter tying	99.070000%	1848	keep	Union closest position groups 404 and 252	Family: parameter tying. Current retained frontier is 1,849 parameters at 99.070000%, a +0.070000 percentage-point margin over 99%. There have been 20 prior macro-attempts in this family and 257 prior micro-trials. The most recent accepted result is attempt-0078/micro-0236 at 1849 parameters and 99.070000%; the most recent failed result is attempt-0075/micro-0001 (error, no score). This is a parameterization-preserving compression: union current position groups represented by coordinates 404 and 252, whose learned values are 0.0532870069 and 0.0535372086 (absolute difference 2.502e-04), using a multiplicity-weighted mean. Hypothesis: this preserves qualification and yields 1,848 parameters. It is more informative than the nearest untested alternative (difference 2.507e-04) because it is the minimum-distortion eligible union; exact pairs already rejected under the unchanged grouping are excluded. Acceptance and rollback remain solely governed by the official runner.	0	0
attempt-0078	nearest-position-unions-infra-repair	micro-0238	ccbea74aad938f0f2c21111a3c7bf8429e79fb70	ded5d6a0c250a795ae56fbe21782aa6d1091f72b	2026-08-17T01:18:17.278382+00:00	parameter tying	99.070000%	1847	keep	Union closest position groups 368 and 45	Family: parameter tying. Current retained frontier is 1,848 parameters at 99.070000%, a +0.070000 percentage-point margin over 99%. There have been 20 prior macro-attempts in this family and 258 prior micro-trials. The most recent accepted result is attempt-0078/micro-0237 at 1848 parameters and 99.070000%; the most recent failed result is attempt-0075/micro-0001 (error, no score). This is a parameterization-preserving compression: union current position groups represented by coordinates 368 and 45, whose learned values are -0.0398563594 and -0.0396056771 (absolute difference 2.507e-04), using a multiplicity-weighted mean. Hypothesis: this preserves qualification and yields 1,847 parameters. It is more informative than the nearest untested alternative (difference 2.548e-04) because it is the minimum-distortion eligible union; exact pairs already rejected under the unchanged grouping are excluded. Acceptance and rollback remain solely governed by the official runner.	0	0
attempt-0078	nearest-position-unions-infra-repair	micro-0239	3522bfe7e21d78693fa8e73ce86adad01a26db11	ccbea74aad938f0f2c21111a3c7bf8429e79fb70	2026-08-17T01:19:19.251540+00:00	parameter tying	99.080000%	1846	keep	Union closest position groups 119 and 339	Family: parameter tying. Current retained frontier is 1,847 parameters at 99.070000%, a +0.070000 percentage-point margin over 99%. There have been 20 prior macro-attempts in this family and 259 prior micro-trials. The most recent accepted result is attempt-0078/micro-0238 at 1847 parameters and 99.070000%; the most recent failed result is attempt-0075/micro-0001 (error, no score). This is a parameterization-preserving compression: union current position groups represented by coordinates 119 and 339, whose learned values are -0.0271804929 and -0.0269256849 (absolute difference 2.548e-04), using a multiplicity-weighted mean. Hypothesis: this preserves qualification and yields 1,846 parameters. It is more informative than the nearest untested alternative (difference 2.584e-04) because it is the minimum-distortion eligible union; exact pairs already rejected under the unchanged grouping are excluded. Acceptance and rollback remain solely governed by the official runner.	0	0
attempt-0078	nearest-position-unions-infra-repair	micro-0240	a048c90fed924a317f17f26bb7ab4e93fa692a3e	3522bfe7e21d78693fa8e73ce86adad01a26db11	2026-08-17T01:20:21.532017+00:00	parameter tying	99.080000%	1845	keep	Union closest position groups 130 and 98	Family: parameter tying. Current retained frontier is 1,846 parameters at 99.080000%, a +0.080000 percentage-point margin over 99%. There have been 20 prior macro-attempts in this family and 260 prior micro-trials. The most recent accepted result is attempt-0078/micro-0239 at 1846 parameters and 99.080000%; the most recent failed result is attempt-0075/micro-0001 (error, no score). This is a parameterization-preserving compression: union current position groups represented by coordinates 130 and 98, whose learned values are -0.0179568864 and -0.0176985264 (absolute difference 2.584e-04), using a multiplicity-weighted mean. Hypothesis: this preserves qualification and yields 1,845 parameters. It is more informative than the nearest untested alternative (difference 2.615e-04) because it is the minimum-distortion eligible union; exact pairs already rejected under the unchanged grouping are excluded. Acceptance and rollback remain solely governed by the official runner.	0	0
attempt-0078	nearest-position-unions-infra-repair	micro-0241	fa6e36c47aa646814abc68e7332dcfec2cd5b47d	a048c90fed924a317f17f26bb7ab4e93fa692a3e	2026-08-17T01:21:24.425361+00:00	parameter tying	99.070000%	1844	keep	Union closest position groups 92 and 358	Family: parameter tying. Current retained frontier is 1,845 parameters at 99.080000%, a +0.080000 percentage-point margin over 99%. There have been 20 prior macro-attempts in this family and 261 prior micro-trials. The most recent accepted result is attempt-0078/micro-0240 at 1845 parameters and 99.080000%; the most recent failed result is attempt-0075/micro-0001 (error, no score). This is a parameterization-preserving compression: union current position groups represented by coordinates 92 and 358, whose learned values are -0.0383496284 and -0.0380880944 (absolute difference 2.615e-04), using a multiplicity-weighted mean. Hypothesis: this preserves qualification and yields 1,844 parameters. It is more informative than the nearest untested alternative (difference 2.639e-04) because it is the minimum-distortion eligible union; exact pairs already rejected under the unchanged grouping are excluded. Acceptance and rollback remain solely governed by the official runner.	0	0
attempt-0078	nearest-position-unions-infra-repair	micro-0242	dd5857598160b8a300bbb2fe96bbebb5bea5d87d	fa6e36c47aa646814abc68e7332dcfec2cd5b47d	2026-08-17T01:22:26.487342+00:00	parameter tying	99.110000%	1843	keep	Union closest position groups 22 and 218	Family: parameter tying. Current retained frontier is 1,844 parameters at 99.070000%, a +0.070000 percentage-point margin over 99%. There have been 20 prior macro-attempts in this family and 262 prior micro-trials. The most recent accepted result is attempt-0078/micro-0241 at 1844 parameters and 99.070000%; the most recent failed result is attempt-0075/micro-0001 (error, no score). This is a parameterization-preserving compression: union current position groups represented by coordinates 22 and 218, whose learned values are 0.0212809164 and 0.0215447824 (absolute difference 2.639e-04), using a multiplicity-weighted mean. Hypothesis: this preserves qualification and yields 1,843 parameters. It is more informative than the nearest untested alternative (difference 2.642e-04) because it is the minimum-distortion eligible union; exact pairs already rejected under the unchanged grouping are excluded. Acceptance and rollback remain solely governed by the official runner.	0	0
attempt-0078	nearest-position-unions-infra-repair	micro-0243	4fd0f145c24262f5b352d84d670d3ec54bf929eb	dd5857598160b8a300bbb2fe96bbebb5bea5d87d	2026-08-17T01:23:28.485191+00:00	parameter tying	99.130000%	1842	keep	Union closest position groups 72 and 328	Family: parameter tying. Current retained frontier is 1,843 parameters at 99.110000%, a +0.110000 percentage-point margin over 99%. There have been 20 prior macro-attempts in this family and 263 prior micro-trials. The most recent accepted result is attempt-0078/micro-0242 at 1843 parameters and 99.110000%; the most recent failed result is attempt-0075/micro-0001 (error, no score). This is a parameterization-preserving compression: union current position groups represented by coordinates 72 and 328, whose learned values are -0.0102545694 and -0.0099903233 (absolute difference 2.642e-04), using a multiplicity-weighted mean. Hypothesis: this preserves qualification and yields 1,842 parameters. It is more informative than the nearest untested alternative (difference 2.645e-04) because it is the minimum-distortion eligible union; exact pairs already rejected under the unchanged grouping are excluded. Acceptance and rollback remain solely governed by the official runner.	0	0
attempt-0078	nearest-position-unions-infra-repair	micro-0244	aebd5642503c85dc23e08741089b6ea7bd4439f8	4fd0f145c24262f5b352d84d670d3ec54bf929eb	2026-08-17T01:24:31.051330+00:00	parameter tying	99.110000%	1841	keep	Union closest position groups 334 and 318	Family: parameter tying. Current retained frontier is 1,842 parameters at 99.130000%, a +0.130000 percentage-point margin over 99%. There have been 20 prior macro-attempts in this family and 264 prior micro-trials. The most recent accepted result is attempt-0078/micro-0243 at 1842 parameters and 99.130000%; the most recent failed result is attempt-0075/micro-0001 (error, no score). This is a parameterization-preserving compression: union current position groups represented by coordinates 334 and 318, whose learned values are 0.0252019484 and 0.0254664905 (absolute difference 2.645e-04), using a multiplicity-weighted mean. Hypothesis: this preserves qualification and yields 1,841 parameters. It is more informative than the nearest untested alternative (difference 2.688e-04) because it is the minimum-distortion eligible union; exact pairs already rejected under the unchanged grouping are excluded. Acceptance and rollback remain solely governed by the official runner.	0	0
attempt-0078	nearest-position-unions-infra-repair	micro-0245	b758cd5c8071c2e995a1d257bda7425f8e2c8ec6	aebd5642503c85dc23e08741089b6ea7bd4439f8	2026-08-17T01:25:33.044023+00:00	parameter tying	99.140000%	1840	keep	Union closest position groups 179 and 238	Family: parameter tying. Current retained frontier is 1,841 parameters at 99.110000%, a +0.110000 percentage-point margin over 99%. There have been 20 prior macro-attempts in this family and 265 prior micro-trials. The most recent accepted result is attempt-0078/micro-0244 at 1841 parameters and 99.110000%; the most recent failed result is attempt-0075/micro-0001 (error, no score). This is a parameterization-preserving compression: union current position groups represented by coordinates 179 and 238, whose learned values are -0.0129713835 and -0.0127026169 (absolute difference 2.688e-04), using a multiplicity-weighted mean. Hypothesis: this preserves qualification and yields 1,840 parameters. It is more informative than the nearest untested alternative (difference 2.689e-04) because it is the minimum-distortion eligible union; exact pairs already rejected under the unchanged grouping are excluded. Acceptance and rollback remain solely governed by the official runner.	0	0
attempt-0078	nearest-position-unions-infra-repair	micro-0246	7b4c6eb7927a0d8b6969f1d21eb76bd406b57160	b758cd5c8071c2e995a1d257bda7425f8e2c8ec6	2026-08-17T01:26:35.529726+00:00	parameter tying	99.180000%	1839	keep	Union closest position groups 96 and 198	Family: parameter tying. Current retained frontier is 1,840 parameters at 99.140000%, a +0.140000 percentage-point margin over 99%. There have been 20 prior macro-attempts in this family and 266 prior micro-trials. The most recent accepted result is attempt-0078/micro-0245 at 1840 parameters and 99.140000%; the most recent failed result is attempt-0075/micro-0001 (error, no score). This is a parameterization-preserving compression: union current position groups represented by coordinates 96 and 198, whose learned values are 0.0102921501 and 0.0105610117 (absolute difference 2.689e-04), using a multiplicity-weighted mean. Hypothesis: this preserves qualification and yields 1,839 parameters. It is more informative than the nearest untested alternative (difference 2.698e-04) because it is the minimum-distortion eligible union; exact pairs already rejected under the unchanged grouping are excluded. Acceptance and rollback remain solely governed by the official runner.	0	0
attempt-0078	nearest-position-unions-infra-repair	micro-0247	5556cfb2fabdcebe063d7c976a340e949be9c5ed	7b4c6eb7927a0d8b6969f1d21eb76bd406b57160	2026-08-17T01:27:38.597865+00:00	parameter tying	99.180000%	1838	keep	Union closest position groups 65 and 48	Family: parameter tying. Current retained frontier is 1,839 parameters at 99.180000%, a +0.180000 percentage-point margin over 99%. There have been 20 prior macro-attempts in this family and 267 prior micro-trials. The most recent accepted result is attempt-0078/micro-0246 at 1839 parameters and 99.180000%; the most recent failed result is attempt-0075/micro-0001 (error, no score). This is a parameterization-preserving compression: union current position groups represented by coordinates 65 and 48, whose learned values are 0.0027445606 and 0.0030143633 (absolute difference 2.698e-04), using a multiplicity-weighted mean. Hypothesis: this preserves qualification and yields 1,838 parameters. It is more informative than the nearest untested alternative (difference 2.723e-04) because it is the minimum-distortion eligible union; exact pairs already rejected under the unchanged grouping are excluded. Acceptance and rollback remain solely governed by the official runner.	0	0
attempt-0078	nearest-position-unions-infra-repair	micro-0248	fbe053a14b043238fcff13a988eb846691ef1d5c	5556cfb2fabdcebe063d7c976a340e949be9c5ed	2026-08-17T01:28:40.315603+00:00	parameter tying	99.170000%	1837	keep	Union closest position groups 249 and 6	Family: parameter tying. Current retained frontier is 1,838 parameters at 99.180000%, a +0.180000 percentage-point margin over 99%. There have been 20 prior macro-attempts in this family and 268 prior micro-trials. The most recent accepted result is attempt-0078/micro-0247 at 1838 parameters and 99.180000%; the most recent failed result is attempt-0075/micro-0001 (error, no score). This is a parameterization-preserving compression: union current position groups represented by coordinates 249 and 6, whose learned values are 0.0078154579 and 0.0080877319 (absolute difference 2.723e-04), using a multiplicity-weighted mean. Hypothesis: this preserves qualification and yields 1,837 parameters. It is more informative than the nearest untested alternative (difference 2.726e-04) because it is the minimum-distortion eligible union; exact pairs already rejected under the unchanged grouping are excluded. Acceptance and rollback remain solely governed by the official runner.	0	0
attempt-0078	nearest-position-unions-infra-repair	micro-0249	7d748262ca55f36ec3d03fe12e4dded87327f4e0	fbe053a14b043238fcff13a988eb846691ef1d5c	2026-08-17T01:29:41.954552+00:00	parameter tying	99.170000%	1836	keep	Union closest position groups 63 and 210	Family: parameter tying. Current retained frontier is 1,837 parameters at 99.170000%, a +0.170000 percentage-point margin over 99%. There have been 20 prior macro-attempts in this family and 269 prior micro-trials. The most recent accepted result is attempt-0078/micro-0248 at 1837 parameters and 99.170000%; the most recent failed result is attempt-0075/micro-0001 (error, no score). This is a parameterization-preserving compression: union current position groups represented by coordinates 63 and 210, whose learned values are -0.0016406956 and -0.0013681256 (absolute difference 2.726e-04), using a multiplicity-weighted mean. Hypothesis: this preserves qualification and yields 1,836 parameters. It is more informative than the nearest untested alternative (difference 2.726e-04) because it is the minimum-distortion eligible union; exact pairs already rejected under the unchanged grouping are excluded. Acceptance and rollback remain solely governed by the official runner.	0	0
attempt-0078	nearest-position-unions-infra-repair	micro-0250	e833763af93bbc4b65804d462245923924a20804	7d748262ca55f36ec3d03fe12e4dded87327f4e0	2026-08-17T01:30:44.540222+00:00	parameter tying	99.180000%	1835	keep	Union closest position groups 37 and 151	Family: parameter tying. Current retained frontier is 1,836 parameters at 99.170000%, a +0.170000 percentage-point margin over 99%. There have been 20 prior macro-attempts in this family and 270 prior micro-trials. The most recent accepted result is attempt-0078/micro-0249 at 1836 parameters and 99.170000%; the most recent failed result is attempt-0075/micro-0001 (error, no score). This is a parameterization-preserving compression: union current position groups represented by coordinates 37 and 151, whose learned values are -0.0080628954 and -0.0077902973 (absolute difference 2.726e-04), using a multiplicity-weighted mean. Hypothesis: this preserves qualification and yields 1,835 parameters. It is more informative than the nearest untested alternative (difference 2.740e-04) because it is the minimum-distortion eligible union; exact pairs already rejected under the unchanged grouping are excluded. Acceptance and rollback remain solely governed by the official runner.	0	0
attempt-0078	nearest-position-unions-infra-repair	micro-0251	e27eea5fe6bcb949a6fd7adea48f5d7a91cf8384	e833763af93bbc4b65804d462245923924a20804	2026-08-17T01:31:46.608659+00:00	parameter tying	99.170000%	1834	keep	Union closest position groups 221 and 122	Family: parameter tying. Current retained frontier is 1,835 parameters at 99.180000%, a +0.180000 percentage-point margin over 99%. There have been 20 prior macro-attempts in this family and 271 prior micro-trials. The most recent accepted result is attempt-0078/micro-0250 at 1835 parameters and 99.180000%; the most recent failed result is attempt-0075/micro-0001 (error, no score). This is a parameterization-preserving compression: union current position groups represented by coordinates 221 and 122, whose learned values are -0.0090625370 and -0.0087885810 (absolute difference 2.740e-04), using a multiplicity-weighted mean. Hypothesis: this preserves qualification and yields 1,834 parameters. It is more informative than the nearest untested alternative (difference 2.744e-04) because it is the minimum-distortion eligible union; exact pairs already rejected under the unchanged grouping are excluded. Acceptance and rollback remain solely governed by the official runner.	0	0
attempt-0078	nearest-position-unions-infra-repair	micro-0252	4a2c5fcebc0ca44cab08afebfbc15e1516c06b67	e27eea5fe6bcb949a6fd7adea48f5d7a91cf8384	2026-08-17T01:32:55.981501+00:00	parameter tying	99.170000%	1833	keep	Union closest position groups 390 and 153	Family: parameter tying. Current retained frontier is 1,834 parameters at 99.170000%, a +0.170000 percentage-point margin over 99%. There have been 20 prior macro-attempts in this family and 272 prior micro-trials. The most recent accepted result is attempt-0078/micro-0251 at 1834 parameters and 99.170000%; the most recent failed result is attempt-0075/micro-0001 (error, no score). This is a parameterization-preserving compression: union current position groups represented by coordinates 390 and 153, whose learned values are -0.0170621835 and -0.0167877674 (absolute difference 2.744e-04), using a multiplicity-weighted mean. Hypothesis: this preserves qualification and yields 1,833 parameters. It is more informative than the nearest untested alternative (difference 2.766e-04) because it is the minimum-distortion eligible union; exact pairs already rejected under the unchanged grouping are excluded. Acceptance and rollback remain solely governed by the official runner.	0	0
attempt-0078	nearest-position-unions-infra-repair	micro-0253	28ecce2e4a7fc2a15181157e9bc32061a9d6a855	4a2c5fcebc0ca44cab08afebfbc15e1516c06b67	2026-08-17T01:34:07.318544+00:00	parameter tying	99.160000%	1832	keep	Union closest position groups 10 and 102	Family: parameter tying. Current retained frontier is 1,833 parameters at 99.170000%, a +0.170000 percentage-point margin over 99%. There have been 20 prior macro-attempts in this family and 273 prior micro-trials. The most recent accepted result is attempt-0078/micro-0252 at 1833 parameters and 99.170000%; the most recent failed result is attempt-0075/micro-0001 (error, no score). This is a parameterization-preserving compression: union current position groups represented by coordinates 10 and 102, whose learned values are 0.0053448481 and 0.0056214668 (absolute difference 2.766e-04), using a multiplicity-weighted mean. Hypothesis: this preserves qualification and yields 1,832 parameters. It is more informative than the nearest untested alternative (difference 2.784e-04) because it is the minimum-distortion eligible union; exact pairs already rejected under the unchanged grouping are excluded. Acceptance and rollback remain solely governed by the official runner.	0	0
attempt-0078	nearest-position-unions-infra-repair	micro-0254	76053f17a9810c8388ad3a9344d64287fb2e5562	28ecce2e4a7fc2a15181157e9bc32061a9d6a855	2026-08-17T01:35:21.706400+00:00	parameter tying	99.140000%	1831	keep	Union closest position groups 3 and 40	Family: parameter tying. Current retained frontier is 1,832 parameters at 99.160000%, a +0.160000 percentage-point margin over 99%. There have been 20 prior macro-attempts in this family and 274 prior micro-trials. The most recent accepted result is attempt-0078/micro-0253 at 1832 parameters and 99.160000%; the most recent failed result is attempt-0075/micro-0001 (error, no score). This is a parameterization-preserving compression: union current position groups represented by coordinates 3 and 40, whose learned values are -0.0145016257 and -0.0142232580 (absolute difference 2.784e-04), using a multiplicity-weighted mean. Hypothesis: this preserves qualification and yields 1,831 parameters. It is more informative than the nearest untested alternative (difference 2.841e-04) because it is the minimum-distortion eligible union; exact pairs already rejected under the unchanged grouping are excluded. Acceptance and rollback remain solely governed by the official runner.	0	0
attempt-0078	nearest-position-unions-infra-repair	micro-0255	5bdb0d3fbe285e4a1d63c42b6409278f986f3c54	76053f17a9810c8388ad3a9344d64287fb2e5562	2026-08-17T01:36:36.458295+00:00	parameter tying	99.140000%	1830	keep	Union closest position groups 214 and 209	Family: parameter tying. Current retained frontier is 1,831 parameters at 99.140000%, a +0.140000 percentage-point margin over 99%. There have been 20 prior macro-attempts in this family and 275 prior micro-trials. The most recent accepted result is attempt-0078/micro-0254 at 1831 parameters and 99.140000%; the most recent failed result is attempt-0075/micro-0001 (error, no score). This is a parameterization-preserving compression: union current position groups represented by coordinates 214 and 209, whose learned values are 0.0142494151 and 0.0145335505 (absolute difference 2.841e-04), using a multiplicity-weighted mean. Hypothesis: this preserves qualification and yields 1,830 parameters. It is more informative than the nearest untested alternative (difference 2.849e-04) because it is the minimum-distortion eligible union; exact pairs already rejected under the unchanged grouping are excluded. Acceptance and rollback remain solely governed by the official runner.	0	0
attempt-0078	nearest-position-unions-infra-repair	micro-0256	7d4af8830557ed1512c2ff66729b07237f0993da	5bdb0d3fbe285e4a1d63c42b6409278f986f3c54	2026-08-17T01:37:51.084611+00:00	parameter tying	99.130000%	1829	keep	Union closest position groups 17 and 337	Family: parameter tying. Current retained frontier is 1,830 parameters at 99.140000%, a +0.140000 percentage-point margin over 99%. There have been 20 prior macro-attempts in this family and 276 prior micro-trials. The most recent accepted result is attempt-0078/micro-0255 at 1830 parameters and 99.140000%; the most recent failed result is attempt-0075/micro-0001 (error, no score). This is a parameterization-preserving compression: union current position groups represented by coordinates 17 and 337, whose learned values are 0.0333643630 and 0.0336493030 (absolute difference 2.849e-04), using a multiplicity-weighted mean. Hypothesis: this preserves qualification and yields 1,829 parameters. It is more informative than the nearest untested alternative (difference 2.881e-04) because it is the minimum-distortion eligible union; exact pairs already rejected under the unchanged grouping are excluded. Acceptance and rollback remain solely governed by the official runner.	0	0
attempt-0078	nearest-position-unions-infra-repair	micro-0257	37e6dc7d1b463a1be3bfa899c7e6f0231569166b	7d4af8830557ed1512c2ff66729b07237f0993da	2026-08-17T01:39:07.223568+00:00	parameter tying	99.140000%	1828	keep	Union closest position groups 448 and 52	Family: parameter tying. Current retained frontier is 1,829 parameters at 99.130000%, a +0.130000 percentage-point margin over 99%. There have been 20 prior macro-attempts in this family and 277 prior micro-trials. The most recent accepted result is attempt-0078/micro-0256 at 1829 parameters and 99.130000%; the most recent failed result is attempt-0075/micro-0001 (error, no score). This is a parameterization-preserving compression: union current position groups represented by coordinates 448 and 52, whose learned values are -0.0459120721 and -0.0456239879 (absolute difference 2.881e-04), using a multiplicity-weighted mean. Hypothesis: this preserves qualification and yields 1,828 parameters. It is more informative than the nearest untested alternative (difference 2.905e-04) because it is the minimum-distortion eligible union; exact pairs already rejected under the unchanged grouping are excluded. Acceptance and rollback remain solely governed by the official runner.	0	0
attempt-0078	nearest-position-unions-infra-repair	micro-0258	15d7c837a7002e5a79f727218a5894ffacca062c	37e6dc7d1b463a1be3bfa899c7e6f0231569166b	2026-08-17T01:40:20.970447+00:00	parameter tying	99.140000%	1827	keep	Union closest position groups 89 and 8	Family: parameter tying. Current retained frontier is 1,828 parameters at 99.140000%, a +0.140000 percentage-point margin over 99%. There have been 20 prior macro-attempts in this family and 278 prior micro-trials. The most recent accepted result is attempt-0078/micro-0257 at 1828 parameters and 99.140000%; the most recent failed result is attempt-0075/micro-0001 (error, no score). This is a parameterization-preserving compression: union current position groups represented by coordinates 89 and 8, whose learned values are -0.0152156111 and -0.0149251334 (absolute difference 2.905e-04), using a multiplicity-weighted mean. Hypothesis: this preserves qualification and yields 1,827 parameters. It is more informative than the nearest untested alternative (difference 2.932e-04) because it is the minimum-distortion eligible union; exact pairs already rejected under the unchanged grouping are excluded. Acceptance and rollback remain solely governed by the official runner.	0	0
attempt-0078	nearest-position-unions-infra-repair	micro-0259	6a496af4dc57ebb3e4a3f4a2dfa4f2db80c25906	15d7c837a7002e5a79f727218a5894ffacca062c	2026-08-17T01:41:22.969105+00:00	parameter tying	99.140000%	1826	keep	Union closest position groups 472 and 412	Family: parameter tying. Current retained frontier is 1,827 parameters at 99.140000%, a +0.140000 percentage-point margin over 99%. There have been 20 prior macro-attempts in this family and 279 prior micro-trials. The most recent accepted result is attempt-0078/micro-0258 at 1827 parameters and 99.140000%; the most recent failed result is attempt-0075/micro-0001 (error, no score). This is a parameterization-preserving compression: union current position groups represented by coordinates 472 and 412, whose learned values are -0.0322351679 and -0.0319419838 (absolute difference 2.932e-04), using a multiplicity-weighted mean. Hypothesis: this preserves qualification and yields 1,826 parameters. It is more informative than the nearest untested alternative (difference 2.961e-04) because it is the minimum-distortion eligible union; exact pairs already rejected under the unchanged grouping are excluded. Acceptance and rollback remain solely governed by the official runner.	0	0
attempt-0078	nearest-position-unions-infra-repair	micro-0260	84a7eecb9f2ea657969eed7c33ef2d8b242c6309	6a496af4dc57ebb3e4a3f4a2dfa4f2db80c25906	2026-08-17T01:42:26.480617+00:00	parameter tying	99.140000%	1825	keep	Union closest position groups 41 and 77	Family: parameter tying. Current retained frontier is 1,826 parameters at 99.140000%, a +0.140000 percentage-point margin over 99%. There have been 20 prior macro-attempts in this family and 280 prior micro-trials. The most recent accepted result is attempt-0078/micro-0259 at 1826 parameters and 99.140000%; the most recent failed result is attempt-0075/micro-0001 (error, no score). This is a parameterization-preserving compression: union current position groups represented by coordinates 41 and 77, whose learned values are 0.0005117839 and 0.0008078447 (absolute difference 2.961e-04), using a multiplicity-weighted mean. Hypothesis: this preserves qualification and yields 1,825 parameters. It is more informative than the nearest untested alternative (difference 3.018e-04) because it is the minimum-distortion eligible union; exact pairs already rejected under the unchanged grouping are excluded. Acceptance and rollback remain solely governed by the official runner.	0	0
attempt-0078	nearest-position-unions-infra-repair	micro-0261	2ddf12e7b499ac3ae973d5e9a174ec420fa56768	84a7eecb9f2ea657969eed7c33ef2d8b242c6309	2026-08-17T01:43:47.217916+00:00	parameter tying	99.140000%	1824	keep	Union closest position groups 427 and 135	Family: parameter tying. Current retained frontier is 1,825 parameters at 99.140000%, a +0.140000 percentage-point margin over 99%. There have been 20 prior macro-attempts in this family and 281 prior micro-trials. The most recent accepted result is attempt-0078/micro-0260 at 1825 parameters and 99.140000%; the most recent failed result is attempt-0075/micro-0001 (error, no score). This is a parameterization-preserving compression: union current position groups represented by coordinates 427 and 135, whose learned values are -0.0354401916 and -0.0351384021 (absolute difference 3.018e-04), using a multiplicity-weighted mean. Hypothesis: this preserves qualification and yields 1,824 parameters. It is more informative than the nearest untested alternative (difference 3.036e-04) because it is the minimum-distortion eligible union; exact pairs already rejected under the unchanged grouping are excluded. Acceptance and rollback remain solely governed by the official runner.	0	0
attempt-0078	nearest-position-unions-infra-repair	micro-0262	315393308251debb2dbbb2bf6fc592a7b9834f39	2ddf12e7b499ac3ae973d5e9a174ec420fa56768	2026-08-17T01:45:10.152260+00:00	parameter tying	99.150000%	1823	keep	Union closest position groups 225 and 479	Family: parameter tying. Current retained frontier is 1,824 parameters at 99.140000%, a +0.140000 percentage-point margin over 99%. There have been 20 prior macro-attempts in this family and 282 prior micro-trials. The most recent accepted result is attempt-0078/micro-0261 at 1824 parameters and 99.140000%; the most recent failed result is attempt-0075/micro-0001 (error, no score). This is a parameterization-preserving compression: union current position groups represented by coordinates 225 and 479, whose learned values are 0.0191290230 and 0.0194326434 (absolute difference 3.036e-04), using a multiplicity-weighted mean. Hypothesis: this preserves qualification and yields 1,823 parameters. It is more informative than the nearest untested alternative (difference 3.090e-04) because it is the minimum-distortion eligible union; exact pairs already rejected under the unchanged grouping are excluded. Acceptance and rollback remain solely governed by the official runner.	0	0
attempt-0078	nearest-position-unions-infra-repair	micro-0263	f8bd5a86518331a5320e5d83596fd51911ea00e0	315393308251debb2dbbb2bf6fc592a7b9834f39	2026-08-17T01:49:33.420759+00:00	parameter tying	99.160000%	1822	keep	Union closest position groups 170 and 136	Family: parameter tying. Current retained frontier is 1,823 parameters at 99.150000%, a +0.150000 percentage-point margin over 99%. There have been 20 prior macro-attempts in this family and 283 prior micro-trials. The most recent accepted result is attempt-0078/micro-0262 at 1823 parameters and 99.150000%; the most recent failed result is attempt-0075/micro-0001 (error, no score). This is a parameterization-preserving compression: union current position groups represented by coordinates 170 and 136, whose learned values are 0.0089607472 and 0.0092697125 (absolute difference 3.090e-04), using a multiplicity-weighted mean. Hypothesis: this preserves qualification and yields 1,822 parameters. It is more informative than the nearest untested alternative (difference 3.139e-04) because it is the minimum-distortion eligible union; exact pairs already rejected under the unchanged grouping are excluded. Acceptance and rollback remain solely governed by the official runner.	0	0
attempt-0078	nearest-position-unions-infra-repair	micro-0264	9ea7bdefc5a005e88e322e9b17bf272de86cc309	f8bd5a86518331a5320e5d83596fd51911ea00e0	2026-08-17T01:50:41.277210+00:00	parameter tying	99.140000%	1821	keep	Union closest position groups 74 and 90	Family: parameter tying. Current retained frontier is 1,822 parameters at 99.160000%, a +0.160000 percentage-point margin over 99%. There have been 20 prior macro-attempts in this family and 284 prior micro-trials. The most recent accepted result is attempt-0078/micro-0263 at 1822 parameters and 99.160000%; the most recent failed result is attempt-0075/micro-0001 (error, no score). This is a parameterization-preserving compression: union current position groups represented by coordinates 74 and 90, whose learned values are -0.0049095368 and -0.0045956578 (absolute difference 3.139e-04), using a multiplicity-weighted mean. Hypothesis: this preserves qualification and yields 1,821 parameters. It is more informative than the nearest untested alternative (difference 3.145e-04) because it is the minimum-distortion eligible union; exact pairs already rejected under the unchanged grouping are excluded. Acceptance and rollback remain solely governed by the official runner.	0	0
attempt-0078	nearest-position-unions-infra-repair	micro-0265	a222ba4624d67fb3cf75a71afcaded047948f4c3	9ea7bdefc5a005e88e322e9b17bf272de86cc309	2026-08-17T01:51:55.094219+00:00	parameter tying	99.140000%	1820	keep	Union closest position groups 443 and 338	Family: parameter tying. Current retained frontier is 1,821 parameters at 99.140000%, a +0.140000 percentage-point margin over 99%. There have been 20 prior macro-attempts in this family and 285 prior micro-trials. The most recent accepted result is attempt-0078/micro-0264 at 1821 parameters and 99.140000%; the most recent failed result is attempt-0075/micro-0001 (error, no score). This is a parameterization-preserving compression: union current position groups represented by coordinates 443 and 338, whose learned values are -0.0057055685 and -0.0053910939 (absolute difference 3.145e-04), using a multiplicity-weighted mean. Hypothesis: this preserves qualification and yields 1,820 parameters. It is more informative than the nearest untested alternative (difference 3.147e-04) because it is the minimum-distortion eligible union; exact pairs already rejected under the unchanged grouping are excluded. Acceptance and rollback remain solely governed by the official runner.	0	0
attempt-0078	nearest-position-unions-infra-repair	micro-0266	325bd3493862b498037e337286c9817868fff61e	a222ba4624d67fb3cf75a71afcaded047948f4c3	2026-08-17T01:53:13.623974+00:00	parameter tying	99.140000%	1819	keep	Union closest position groups 85 and 101	Family: parameter tying. Current retained frontier is 1,820 parameters at 99.140000%, a +0.140000 percentage-point margin over 99%. There have been 20 prior macro-attempts in this family and 286 prior micro-trials. The most recent accepted result is attempt-0078/micro-0265 at 1820 parameters and 99.140000%; the most recent failed result is attempt-0075/micro-0001 (error, no score). This is a parameterization-preserving compression: union current position groups represented by coordinates 85 and 101, whose learned values are 0.0800988376 and 0.0804135054 (absolute difference 3.147e-04), using a multiplicity-weighted mean. Hypothesis: this preserves qualification and yields 1,819 parameters. It is more informative than the nearest untested alternative (difference 3.162e-04) because it is the minimum-distortion eligible union; exact pairs already rejected under the unchanged grouping are excluded. Acceptance and rollback remain solely governed by the official runner.	0	0
attempt-0078	nearest-position-unions-infra-repair	micro-0267	339fd30c76dec6d7aa00b8f91f7e4846dc754778	325bd3493862b498037e337286c9817868fff61e	2026-08-17T01:54:28.923628+00:00	parameter tying	99.140000%	1818	keep	Union closest position groups 355 and 168	Family: parameter tying. Current retained frontier is 1,819 parameters at 99.140000%, a +0.140000 percentage-point margin over 99%. There have been 20 prior macro-attempts in this family and 287 prior micro-trials. The most recent accepted result is attempt-0078/micro-0266 at 1819 parameters and 99.140000%; the most recent failed result is attempt-0075/micro-0001 (error, no score). This is a parameterization-preserving compression: union current position groups represented by coordinates 355 and 168, whose learned values are 0.0293630566 and 0.0296792388 (absolute difference 3.162e-04), using a multiplicity-weighted mean. Hypothesis: this preserves qualification and yields 1,818 parameters. It is more informative than the nearest untested alternative (difference 3.220e-04) because it is the minimum-distortion eligible union; exact pairs already rejected under the unchanged grouping are excluded. Acceptance and rollback remain solely governed by the official runner.	0	0
attempt-0078	nearest-position-unions-infra-repair	micro-0268	c0e0c10a6408b5452df3288670030a4773aa5418	339fd30c76dec6d7aa00b8f91f7e4846dc754778	2026-08-17T01:55:40.144804+00:00	parameter tying	99.140000%	1817	keep	Union closest position groups 57 and 114	Family: parameter tying. Current retained frontier is 1,818 parameters at 99.140000%, a +0.140000 percentage-point margin over 99%. There have been 20 prior macro-attempts in this family and 288 prior micro-trials. The most recent accepted result is attempt-0078/micro-0267 at 1818 parameters and 99.140000%; the most recent failed result is attempt-0075/micro-0001 (error, no score). This is a parameterization-preserving compression: union current position groups represented by coordinates 57 and 114, whose learned values are -0.0206732228 and -0.0203496125 (absolute difference 3.236e-04), using a multiplicity-weighted mean. Hypothesis: this preserves qualification and yields 1,817 parameters. It is more informative than the nearest untested alternative (difference 3.266e-04) because it is the minimum-distortion eligible union; exact pairs already rejected under the unchanged grouping are excluded. Acceptance and rollback remain solely governed by the official runner.	0	0
attempt-0078	nearest-position-unions-infra-repair	micro-0269	8c82e418621d92f85a6f327211c81cb794bb1320	c0e0c10a6408b5452df3288670030a4773aa5418	2026-08-17T01:56:45.278879+00:00	parameter tying	99.140000%	1816	keep	Union closest position groups 364 and 120	Family: parameter tying. Current retained frontier is 1,817 parameters at 99.140000%, a +0.140000 percentage-point margin over 99%. There have been 20 prior macro-attempts in this family and 289 prior micro-trials. The most recent accepted result is attempt-0078/micro-0268 at 1817 parameters and 99.140000%; the most recent failed result is attempt-0075/micro-0001 (error, no score). This is a parameterization-preserving compression: union current position groups represented by coordinates 364 and 120, whose learned values are -0.0023550019 and -0.0020284054 (absolute difference 3.266e-04), using a multiplicity-weighted mean. Hypothesis: this preserves qualification and yields 1,816 parameters. It is more informative than the nearest untested alternative (difference 3.306e-04) because it is the minimum-distortion eligible union; exact pairs already rejected under the unchanged grouping are excluded. Acceptance and rollback remain solely governed by the official runner.	0	0
attempt-0078	nearest-position-unions-infra-repair	micro-0270	f1c8803f9e58c38efca3e2204d817fdade3c5ac2	8c82e418621d92f85a6f327211c81cb794bb1320	2026-08-17T01:57:55.167274+00:00	parameter tying	99.150000%	1815	keep	Union closest position groups 71 and 311	Family: parameter tying. Current retained frontier is 1,816 parameters at 99.140000%, a +0.140000 percentage-point margin over 99%. There have been 20 prior macro-attempts in this family and 290 prior micro-trials. The most recent accepted result is attempt-0078/micro-0269 at 1816 parameters and 99.140000%; the most recent failed result is attempt-0075/micro-0001 (error, no score). This is a parameterization-preserving compression: union current position groups represented by coordinates 71 and 311, whose learned values are -0.0239045620 and -0.0235739518 (absolute difference 3.306e-04), using a multiplicity-weighted mean. Hypothesis: this preserves qualification and yields 1,815 parameters. It is more informative than the nearest untested alternative (difference 3.335e-04) because it is the minimum-distortion eligible union; exact pairs already rejected under the unchanged grouping are excluded. Acceptance and rollback remain solely governed by the official runner.	0	0
attempt-0078	nearest-position-unions-infra-repair	micro-0271	1640425740952987b4b44680fd0fb59115df49bc	f1c8803f9e58c38efca3e2204d817fdade3c5ac2	2026-08-17T01:59:06.108269+00:00	parameter tying	99.150000%	1814	keep	Union closest position groups 76 and 230	Family: parameter tying. Current retained frontier is 1,815 parameters at 99.150000%, a +0.150000 percentage-point margin over 99%. There have been 20 prior macro-attempts in this family and 291 prior micro-trials. The most recent accepted result is attempt-0078/micro-0270 at 1815 parameters and 99.150000%; the most recent failed result is attempt-0075/micro-0001 (error, no score). This is a parameterization-preserving compression: union current position groups represented by coordinates 76 and 230, whose learned values are 0.0110299708 and 0.0113634951 (absolute difference 3.335e-04), using a multiplicity-weighted mean. Hypothesis: this preserves qualification and yields 1,814 parameters. It is more informative than the nearest untested alternative (difference 3.355e-04) because it is the minimum-distortion eligible union; exact pairs already rejected under the unchanged grouping are excluded. Acceptance and rollback remain solely governed by the official runner.	0	0
attempt-0078	nearest-position-unions-infra-repair	micro-0272	ad5fd8bbaeb17f5fe978be0f50ed9d9e059cc94d	1640425740952987b4b44680fd0fb59115df49bc	2026-08-17T02:00:15.358292+00:00	parameter tying	99.150000%	1813	keep	Union closest position groups 159 and 104	Family: parameter tying. Current retained frontier is 1,814 parameters at 99.150000%, a +0.150000 percentage-point margin over 99%. There have been 20 prior macro-attempts in this family and 292 prior micro-trials. The most recent accepted result is attempt-0078/micro-0271 at 1814 parameters and 99.150000%; the most recent failed result is attempt-0075/micro-0001 (error, no score). This is a parameterization-preserving compression: union current position groups represented by coordinates 159 and 104, whose learned values are -0.0041033588 and -0.0037678701 (absolute difference 3.355e-04), using a multiplicity-weighted mean. Hypothesis: this preserves qualification and yields 1,813 parameters. It is more informative than the nearest untested alternative (difference 3.392e-04) because it is the minimum-distortion eligible union; exact pairs already rejected under the unchanged grouping are excluded. Acceptance and rollback remain solely governed by the official runner.	0	0
attempt-0078	nearest-position-unions-infra-repair	micro-0273	b33d80faba19d3a9553683a299ab397f69d9861e	ad5fd8bbaeb17f5fe978be0f50ed9d9e059cc94d	2026-08-17T02:01:25.527901+00:00	parameter tying	99.120000%	1812	keep	Union closest position groups 80 and 262	Family: parameter tying. Current retained frontier is 1,813 parameters at 99.150000%, a +0.150000 percentage-point margin over 99%. There have been 20 prior macro-attempts in this family and 293 prior micro-trials. The most recent accepted result is attempt-0078/micro-0272 at 1813 parameters and 99.150000%; the most recent failed result is attempt-0075/micro-0001 (error, no score). This is a parameterization-preserving compression: union current position groups represented by coordinates 80 and 262, whose learned values are 0.0096060485 and 0.0099452557 (absolute difference 3.392e-04), using a multiplicity-weighted mean. Hypothesis: this preserves qualification and yields 1,812 parameters. It is more informative than the nearest untested alternative (difference 3.402e-04) because it is the minimum-distortion eligible union; exact pairs already rejected under the unchanged grouping are excluded. Acceptance and rollback remain solely governed by the official runner.	0	0
attempt-0078	nearest-position-unions-infra-repair	micro-0274	30c16bc99f59382a9d338b8f0545c1badfaab304	b33d80faba19d3a9553683a299ab397f69d9861e	2026-08-17T02:02:47.598368+00:00	parameter tying	99.130000%	1811	keep	Union closest position groups 121 and 317	Family: parameter tying. Current retained frontier is 1,812 parameters at 99.120000%, a +0.120000 percentage-point margin over 99%. There have been 20 prior macro-attempts in this family and 294 prior micro-trials. The most recent accepted result is attempt-0078/micro-0273 at 1812 parameters and 99.120000%; the most recent failed result is attempt-0075/micro-0001 (error, no score). This is a parameterization-preserving compression: union current position groups represented by coordinates 121 and 317, whose learned values are -0.0214235056 and -0.0210832879 (absolute difference 3.402e-04), using a multiplicity-weighted mean. Hypothesis: this preserves qualification and yields 1,811 parameters. It is more informative than the nearest untested alternative (difference 3.456e-04) because it is the minimum-distortion eligible union; exact pairs already rejected under the unchanged grouping are excluded. Acceptance and rollback remain solely governed by the official runner.	0	0
attempt-0078	nearest-position-unions-infra-repair	micro-0275	211bfcfad0cb4de7ddc64b9c6dbd42b6736ca23e	30c16bc99f59382a9d338b8f0545c1badfaab304	2026-08-17T02:03:52.290191+00:00	parameter tying	99.130000%	1810	keep	Union closest position groups 140 and 53	Family: parameter tying. Current retained frontier is 1,811 parameters at 99.130000%, a +0.130000 percentage-point margin over 99%. There have been 20 prior macro-attempts in this family and 295 prior micro-trials. The most recent accepted result is attempt-0078/micro-0274 at 1811 parameters and 99.130000%; the most recent failed result is attempt-0075/micro-0001 (error, no score). This is a parameterization-preserving compression: union current position groups represented by coordinates 140 and 53, whose learned values are -0.0658296272 and -0.0654840469 (absolute difference 3.456e-04), using a multiplicity-weighted mean. Hypothesis: this preserves qualification and yields 1,810 parameters. It is more informative than the nearest untested alternative (difference 3.509e-04) because it is the minimum-distortion eligible union; exact pairs already rejected under the unchanged grouping are excluded. Acceptance and rollback remain solely governed by the official runner.	0	0
attempt-0078	nearest-position-unions-infra-repair	micro-0276	22f79668bb50cd582d74e603cc3d4971b3a6688f	211bfcfad0cb4de7ddc64b9c6dbd42b6736ca23e	2026-08-17T02:05:12.346265+00:00	parameter tying	99.130000%	1809	keep	Union closest position groups 156 and 437	Family: parameter tying. Current retained frontier is 1,810 parameters at 99.130000%, a +0.130000 percentage-point margin over 99%. There have been 20 prior macro-attempts in this family and 296 prior micro-trials. The most recent accepted result is attempt-0078/micro-0275 at 1810 parameters and 99.130000%; the most recent failed result is attempt-0075/micro-0001 (error, no score). This is a parameterization-preserving compression: union current position groups represented by coordinates 156 and 437, whose learned values are -0.0508579202 and -0.0505069867 (absolute difference 3.509e-04), using a multiplicity-weighted mean. Hypothesis: this preserves qualification and yields 1,809 parameters. It is more informative than the nearest untested alternative (difference 3.546e-04) because it is the minimum-distortion eligible union; exact pairs already rejected under the unchanged grouping are excluded. Acceptance and rollback remain solely governed by the official runner.	0	0
attempt-0078	nearest-position-unions-infra-repair	micro-0277	f29b9e183d92218fcf45d727488170cf1c617311	22f79668bb50cd582d74e603cc3d4971b3a6688f	2026-08-17T02:06:25.314676+00:00	parameter tying	99.130000%	1808	keep	Union closest position groups 360 and 0	Family: parameter tying. Current retained frontier is 1,809 parameters at 99.130000%, a +0.130000 percentage-point margin over 99%. There have been 20 prior macro-attempts in this family and 297 prior micro-trials. The most recent accepted result is attempt-0078/micro-0276 at 1809 parameters and 99.130000%; the most recent failed result is attempt-0075/micro-0001 (error, no score). This is a parameterization-preserving compression: union current position groups represented by coordinates 360 and 0, whose learned values are -0.0226636827 and -0.0223090947 (absolute difference 3.546e-04), using a multiplicity-weighted mean. Hypothesis: this preserves qualification and yields 1,808 parameters. It is more informative than the nearest untested alternative (difference 3.573e-04) because it is the minimum-distortion eligible union; exact pairs already rejected under the unchanged grouping are excluded. Acceptance and rollback remain solely governed by the official runner.	0	0
attempt-0078	nearest-position-unions-infra-repair	micro-0278	ecc558ae9c08cd2a3395cf13969907c997d47e33	f29b9e183d92218fcf45d727488170cf1c617311	2026-08-17T02:07:33.682793+00:00	parameter tying	99.140000%	1807	keep	Union closest position groups 505 and 119	Family: parameter tying. Current retained frontier is 1,808 parameters at 99.130000%, a +0.130000 percentage-point margin over 99%. There have been 20 prior macro-attempts in this family and 298 prior micro-trials. The most recent accepted result is attempt-0078/micro-0277 at 1808 parameters and 99.130000%; the most recent failed result is attempt-0075/micro-0001 (error, no score). This is a parameterization-preserving compression: union current position groups represented by coordinates 505 and 119, whose learned values are -0.0274741389 and -0.0271167904 (absolute difference 3.573e-04), using a multiplicity-weighted mean. Hypothesis: this preserves qualification and yields 1,807 parameters. It is more informative than the nearest untested alternative (difference 3.618e-04) because it is the minimum-distortion eligible union; exact pairs already rejected under the unchanged grouping are excluded. Acceptance and rollback remain solely governed by the official runner.	0	0
attempt-0078	nearest-position-unions-infra-repair	micro-0279	1fe51bc82974da88bcb77be5d71ace29aef9b82a	ecc558ae9c08cd2a3395cf13969907c997d47e33	2026-08-17T02:08:53.869516+00:00	parameter tying	99.140000%	1806	keep	Union closest position groups 19 and 460	Family: parameter tying. Current retained frontier is 1,807 parameters at 99.140000%, a +0.140000 percentage-point margin over 99%. There have been 20 prior macro-attempts in this family and 299 prior micro-trials. The most recent accepted result is attempt-0078/micro-0278 at 1807 parameters and 99.140000%; the most recent failed result is attempt-0075/micro-0001 (error, no score). This is a parameterization-preserving compression: union current position groups represented by coordinates 19 and 460, whose learned values are 0.0483582132 and 0.0487199835 (absolute difference 3.618e-04), using a multiplicity-weighted mean. Hypothesis: this preserves qualification and yields 1,806 parameters. It is more informative than the nearest untested alternative (difference 3.671e-04) because it is the minimum-distortion eligible union; exact pairs already rejected under the unchanged grouping are excluded. Acceptance and rollback remain solely governed by the official runner.	0	0
attempt-0078	nearest-position-unions-infra-repair	micro-0280	7bddd48239946f2e73f8c8f2bc7d0141ff8162e7	1fe51bc82974da88bcb77be5d71ace29aef9b82a	2026-08-17T02:10:04.592925+00:00	parameter tying	99.150000%	1805	keep	Union closest position groups 201 and 185	Family: parameter tying. Current retained frontier is 1,806 parameters at 99.140000%, a +0.140000 percentage-point margin over 99%. There have been 20 prior macro-attempts in this family and 300 prior micro-trials. The most recent accepted result is attempt-0078/micro-0279 at 1806 parameters and 99.140000%; the most recent failed result is attempt-0075/micro-0001 (error, no score). This is a parameterization-preserving compression: union current position groups represented by coordinates 201 and 185, whose learned values are -0.0073903534 and -0.0070232251 (absolute difference 3.671e-04), using a multiplicity-weighted mean. Hypothesis: this preserves qualification and yields 1,805 parameters. It is more informative than the nearest untested alternative (difference 3.672e-04) because it is the minimum-distortion eligible union; exact pairs already rejected under the unchanged grouping are excluded. Acceptance and rollback remain solely governed by the official runner.	0	0
attempt-0078	nearest-position-unions-infra-repair	micro-0281	76519606f08d3bc2516cc456ae46c44c5c525c9f	7bddd48239946f2e73f8c8f2bc7d0141ff8162e7	2026-08-17T02:11:12.780350+00:00	parameter tying	99.110000%	1804	keep	Union closest position groups 281 and 123	Family: parameter tying. Current retained frontier is 1,805 parameters at 99.150000%, a +0.150000 percentage-point margin over 99%. There have been 20 prior macro-attempts in this family and 301 prior micro-trials. The most recent accepted result is attempt-0078/micro-0280 at 1805 parameters and 99.150000%; the most recent failed result is attempt-0075/micro-0001 (error, no score). This is a parameterization-preserving compression: union current position groups represented by coordinates 281 and 123, whose learned values are 0.0135628441 and 0.0139300236 (absolute difference 3.672e-04), using a multiplicity-weighted mean. Hypothesis: this preserves qualification and yields 1,804 parameters. It is more informative than the nearest untested alternative (difference 3.697e-04) because it is the minimum-distortion eligible union; exact pairs already rejected under the unchanged grouping are excluded. Acceptance and rollback remain solely governed by the official runner.	0	0
attempt-0078	nearest-position-unions-infra-repair	micro-0282	36ba1066808a4283aba587478aeb1fd95cbb3e35	76519606f08d3bc2516cc456ae46c44c5c525c9f	2026-08-17T02:12:19.606162+00:00	parameter tying	99.110000%	1803	keep	Union closest position groups 265 and 93	Family: parameter tying. Current retained frontier is 1,804 parameters at 99.110000%, a +0.110000 percentage-point margin over 99%. There have been 20 prior macro-attempts in this family and 302 prior micro-trials. The most recent accepted result is attempt-0078/micro-0281 at 1804 parameters and 99.110000%; the most recent failed result is attempt-0075/micro-0001 (error, no score). This is a parameterization-preserving compression: union current position groups represented by coordinates 265 and 93, whose learned values are 0.0064621111 and 0.0068318392 (absolute difference 3.697e-04), using a multiplicity-weighted mean. Hypothesis: this preserves qualification and yields 1,803 parameters. It is more informative than the nearest untested alternative (difference 3.732e-04) because it is the minimum-distortion eligible union; exact pairs already rejected under the unchanged grouping are excluded. Acceptance and rollback remain solely governed by the official runner.	0	0
attempt-0078	nearest-position-unions-infra-repair	micro-0283	b98056618b7616cc3cd33fcb3552963cfadae2e1	36ba1066808a4283aba587478aeb1fd95cbb3e35	2026-08-17T02:13:26.194198+00:00	parameter tying	99.090000%	1802	keep	Union closest position groups 309 and 172	Family: parameter tying. Current retained frontier is 1,803 parameters at 99.110000%, a +0.110000 percentage-point margin over 99%. There have been 20 prior macro-attempts in this family and 303 prior micro-trials. The most recent accepted result is attempt-0078/micro-0282 at 1803 parameters and 99.110000%; the most recent failed result is attempt-0075/micro-0001 (error, no score). This is a parameterization-preserving compression: union current position groups represented by coordinates 309 and 172, whose learned values are -0.0548025481 and -0.0544293150 (absolute difference 3.732e-04), using a multiplicity-weighted mean. Hypothesis: this preserves qualification and yields 1,802 parameters. It is more informative than the nearest untested alternative (difference 3.764e-04) because it is the minimum-distortion eligible union; exact pairs already rejected under the unchanged grouping are excluded. Acceptance and rollback remain solely governed by the official runner.	0	0
attempt-0078	nearest-position-unions-infra-repair	micro-0284	b6e26438e137b6c89c5a5fc4a767c1955d3958ff	b98056618b7616cc3cd33fcb3552963cfadae2e1	2026-08-17T02:14:43.591429+00:00	parameter tying	99.090000%	1801	keep	Union closest position groups 147 and 24	Family: parameter tying. Current retained frontier is 1,802 parameters at 99.090000%, a +0.090000 percentage-point margin over 99%. There have been 20 prior macro-attempts in this family and 304 prior micro-trials. The most recent accepted result is attempt-0078/micro-0283 at 1802 parameters and 99.090000%; the most recent failed result is attempt-0075/micro-0001 (error, no score). This is a parameterization-preserving compression: union current position groups represented by coordinates 147 and 24, whose learned values are -0.0252881050 and -0.0249117035 (absolute difference 3.764e-04), using a multiplicity-weighted mean. Hypothesis: this preserves qualification and yields 1,801 parameters. It is more informative than the nearest untested alternative (difference 3.787e-04) because it is the minimum-distortion eligible union; exact pairs already rejected under the unchanged grouping are excluded. Acceptance and rollback remain solely governed by the official runner.	0	0
attempt-0078	nearest-position-unions-infra-repair	micro-0285	1abd88ebd2c5e3e4d02b70d151789c0261a51606	b6e26438e137b6c89c5a5fc4a767c1955d3958ff	2026-08-17T02:16:13.683386+00:00	parameter tying	99.050000%	1800	keep	Union closest position groups 9 and 64	Family: parameter tying. Current retained frontier is 1,801 parameters at 99.090000%, a +0.090000 percentage-point margin over 99%. There have been 20 prior macro-attempts in this family and 305 prior micro-trials. The most recent accepted result is attempt-0078/micro-0284 at 1801 parameters and 99.090000%; the most recent failed result is attempt-0075/micro-0001 (error, no score). This is a parameterization-preserving compression: union current position groups represented by coordinates 9 and 64, whose learned values are 0.0039699902 and 0.0043486552 (absolute difference 3.787e-04), using a multiplicity-weighted mean. Hypothesis: this preserves qualification and yields 1,800 parameters. It is more informative than the nearest untested alternative (difference 3.825e-04) because it is the minimum-distortion eligible union; exact pairs already rejected under the unchanged grouping are excluded. Acceptance and rollback remain solely governed by the official runner.	0	0
attempt-0078	nearest-position-unions-infra-repair	micro-0286	993baed7fbb2a8666b0a7cee7afd57f653418ef2	1abd88ebd2c5e3e4d02b70d151789c0261a51606	2026-08-17T02:17:20.576375+00:00	parameter tying	99.030000%	1799	keep	Union closest position groups 51 and 21	Family: parameter tying. Current retained frontier is 1,800 parameters at 99.050000%, a +0.050000 percentage-point margin over 99%. There have been 20 prior macro-attempts in this family and 306 prior micro-trials. The most recent accepted result is attempt-0078/micro-0285 at 1800 parameters and 99.050000%; the most recent failed result is attempt-0075/micro-0001 (error, no score). This is a parameterization-preserving compression: union current position groups represented by coordinates 51 and 21, whose learned values are -0.0114837876 and -0.0111012468 (absolute difference 3.825e-04), using a multiplicity-weighted mean. Hypothesis: this preserves qualification and yields 1,799 parameters. It is more informative than the nearest untested alternative (difference 3.969e-04) because it is the minimum-distortion eligible union; exact pairs already rejected under the unchanged grouping are excluded. Acceptance and rollback remain solely governed by the official runner.	0	0
attempt-0078	nearest-position-unions-infra-repair	micro-0287	09f23c26a798ab78881a3206314ac0b1dcb682c4	993baed7fbb2a8666b0a7cee7afd57f653418ef2	2026-08-17T02:18:26.877881+00:00	parameter tying	99.030000%	1798	keep	Union closest position groups 50 and 25	Family: parameter tying. Current retained frontier is 1,799 parameters at 99.030000%, a +0.030000 percentage-point margin over 99%. There have been 20 prior macro-attempts in this family and 307 prior micro-trials. The most recent accepted result is attempt-0078/micro-0286 at 1799 parameters and 99.030000%; the most recent failed result is attempt-0075/micro-0001 (error, no score). This is a parameterization-preserving compression: union current position groups represented by coordinates 50 and 25, whose learned values are -0.0137723722 and -0.0133754695 (absolute difference 3.969e-04), using a multiplicity-weighted mean. Hypothesis: this preserves qualification and yields 1,798 parameters. It is more informative than the nearest untested alternative (difference 3.978e-04) because it is the minimum-distortion eligible union; exact pairs already rejected under the unchanged grouping are excluded. Acceptance and rollback remain solely governed by the official runner.	0	0
attempt-0078	nearest-position-unions-infra-repair	micro-0288	6320a1ea3f6cacb917179a520c2b53fd0342b848	09f23c26a798ab78881a3206314ac0b1dcb682c4	2026-08-17T02:19:33.374694+00:00	parameter tying	99.030000%	1797	keep	Union closest position groups 242 and 189	Family: parameter tying. Current retained frontier is 1,798 parameters at 99.030000%, a +0.030000 percentage-point margin over 99%. There have been 20 prior macro-attempts in this family and 308 prior micro-trials. The most recent accepted result is attempt-0078/micro-0287 at 1798 parameters and 99.030000%; the most recent failed result is attempt-0075/micro-0001 (error, no score). This is a parameterization-preserving compression: union current position groups represented by coordinates 242 and 189, whose learned values are -0.0066425842 and -0.0062447749 (absolute difference 3.978e-04), using a multiplicity-weighted mean. Hypothesis: this preserves qualification and yields 1,797 parameters. It is more informative than the nearest untested alternative (difference 4.010e-04) because it is the minimum-distortion eligible union; exact pairs already rejected under the unchanged grouping are excluded. Acceptance and rollback remain solely governed by the official runner.	0	0
attempt-0078	nearest-position-unions-infra-repair	micro-0289	e70a345b5def29af5c2e3b5480a8099adaa29edb	6320a1ea3f6cacb917179a520c2b53fd0342b848	2026-08-17T02:20:38.777771+00:00	parameter tying	99.030000%	1796	keep	Union closest position groups 168 and 4	Family: parameter tying. Current retained frontier is 1,797 parameters at 99.030000%, a +0.030000 percentage-point margin over 99%. There have been 20 prior macro-attempts in this family and 309 prior micro-trials. The most recent accepted result is attempt-0078/micro-0288 at 1797 parameters and 99.030000%; the most recent failed result is attempt-0075/micro-0001 (error, no score). This is a parameterization-preserving compression: union current position groups represented by coordinates 168 and 4, whose learned values are 0.0296001937 and 0.0300012417 (absolute difference 4.010e-04), using a multiplicity-weighted mean. Hypothesis: this preserves qualification and yields 1,796 parameters. It is more informative than the nearest untested alternative (difference 4.055e-04) because it is the minimum-distortion eligible union; exact pairs already rejected under the unchanged grouping are excluded. Acceptance and rollback remain solely governed by the official runner.	0	0
attempt-0078	nearest-position-unions-infra-repair	micro-0290	77396bd74271307dfe15cb489f485aca49bded06	e70a345b5def29af5c2e3b5480a8099adaa29edb	2026-08-17T02:21:44.972061+00:00	parameter tying	99.050000%	1795	keep	Union closest position groups 32 and 329	Family: parameter tying. Current retained frontier is 1,796 parameters at 99.030000%, a +0.030000 percentage-point margin over 99%. There have been 20 prior macro-attempts in this family and 310 prior micro-trials. The most recent accepted result is attempt-0078/micro-0289 at 1796 parameters and 99.030000%; the most recent failed result is attempt-0075/micro-0001 (error, no score). This is a parameterization-preserving compression: union current position groups represented by coordinates 32 and 329, whose learned values are 0.0285955034 and 0.0290010367 (absolute difference 4.055e-04), using a multiplicity-weighted mean. Hypothesis: this preserves qualification and yields 1,795 parameters. It is more informative than the nearest untested alternative (difference 4.071e-04) because it is the minimum-distortion eligible union; exact pairs already rejected under the unchanged grouping are excluded. Acceptance and rollback remain solely governed by the official runner.	0	0
attempt-0078	nearest-position-unions-infra-repair	micro-0291	f12865ebb8af02f59270dc26738d0dea8c9a2ac9	77396bd74271307dfe15cb489f485aca49bded06	2026-08-17T02:22:51.913746+00:00	parameter tying	99.050000%	1794	keep	Union closest position groups 153 and 73	Family: parameter tying. Current retained frontier is 1,795 parameters at 99.050000%, a +0.050000 percentage-point margin over 99%. There have been 20 prior macro-attempts in this family and 311 prior micro-trials. The most recent accepted result is attempt-0078/micro-0290 at 1795 parameters and 99.050000%; the most recent failed result is attempt-0075/micro-0001 (error, no score). This is a parameterization-preserving compression: union current position groups represented by coordinates 153 and 73, whose learned values are -0.0168792401 and -0.0164721198 (absolute difference 4.071e-04), using a multiplicity-weighted mean. Hypothesis: this preserves qualification and yields 1,794 parameters. It is more informative than the nearest untested alternative (difference 4.179e-04) because it is the minimum-distortion eligible union; exact pairs already rejected under the unchanged grouping are excluded. Acceptance and rollback remain solely governed by the official runner.	0	0
attempt-0078	nearest-position-unions-infra-repair	micro-0292	e82d67b9e8675a7626c9ce5d730cdfc17cbac39d	f12865ebb8af02f59270dc26738d0dea8c9a2ac9	2026-08-17T02:23:56.957006+00:00	parameter tying	99.010000%	1793	keep	Union closest position groups 313 and 33	Family: parameter tying. Current retained frontier is 1,794 parameters at 99.050000%, a +0.050000 percentage-point margin over 99%. There have been 20 prior macro-attempts in this family and 312 prior micro-trials. The most recent accepted result is attempt-0078/micro-0291 at 1794 parameters and 99.050000%; the most recent failed result is attempt-0075/micro-0001 (error, no score). This is a parameterization-preserving compression: union current position groups represented by coordinates 313 and 33, whose learned values are 0.0305483472 and 0.0309662838 (absolute difference 4.179e-04), using a multiplicity-weighted mean. Hypothesis: this preserves qualification and yields 1,793 parameters. It is more informative than the nearest untested alternative (difference 4.202e-04) because it is the minimum-distortion eligible union; exact pairs already rejected under the unchanged grouping are excluded. Acceptance and rollback remain solely governed by the official runner.	0	0
attempt-0078	nearest-position-unions-infra-repair	micro-0293	83b84947f5e2b6365f4e8bc277463b18b08f7682	e82d67b9e8675a7626c9ce5d730cdfc17cbac39d	2026-08-17T02:25:02.595879+00:00	parameter tying	98.970000%	1792	discard	Union closest position groups 244 and 1	Family: parameter tying. Current retained frontier is 1,793 parameters at 99.010000%, a +0.010000 percentage-point margin over 99%. There have been 20 prior macro-attempts in this family and 313 prior micro-trials. The most recent accepted result is attempt-0078/micro-0292 at 1793 parameters and 99.010000%; the most recent failed result is attempt-0075/micro-0001 (error, no score). This is a parameterization-preserving compression: union current position groups represented by coordinates 244 and 1, whose learned values are 0.0018496712 and 0.0022698331 (absolute difference 4.202e-04), using a multiplicity-weighted mean. Hypothesis: this preserves qualification and yields 1,792 parameters. It is more informative than the nearest untested alternative (difference 4.228e-04) because it is the minimum-distortion eligible union; exact pairs already rejected under the unchanged grouping are excluded. Acceptance and rollback remain solely governed by the official runner.	0	0
attempt-0079	next-position-unions-after-sensitive-pair	micro-0001	f8d47dbe4635ca8994f04e43f70f9f67b96b2de0	e82d67b9e8675a7626c9ce5d730cdfc17cbac39d	2026-08-17T02:28:40.324809+00:00	parameter tying	99.010000%	1792	keep	Union closest position groups 55 and 98	Family: parameter tying. Current retained frontier is 1,793 parameters at 99.050000%, a +0.050000 percentage-point margin over 99%. There have been 21 prior macro-attempts in this family and 314 prior micro-trials. The most recent accepted result is attempt-0078/micro-0292 at 1793 parameters and 99.010000%; the most recent failed result is attempt-0078/micro-0293 (discard, 98.970000%). This is a parameterization-preserving compression: union current position groups represented by coordinates 55 and 98, whose learned values are -0.0182504971 and -0.0178277064 (absolute difference 4.228e-04), using a multiplicity-weighted mean. Hypothesis: this preserves qualification and yields 1,792 parameters. It is more informative than the nearest untested alternative (difference 4.267e-04) because it is the minimum-distortion eligible union; exact pairs already rejected under the unchanged grouping are excluded. Acceptance and rollback remain solely governed by the official runner.	0	0
attempt-0079	next-position-unions-after-sensitive-pair	micro-0002	a041f63b9c301e072b092d01ff31751e6d6f1d54	f8d47dbe4635ca8994f04e43f70f9f67b96b2de0	2026-08-17T02:29:47.355112+00:00	parameter tying	99.010000%	1791	keep	Union closest position groups 92 and 267	Family: parameter tying. Current retained frontier is 1,792 parameters at 99.010000%, a +0.010000 percentage-point margin over 99%. There have been 21 prior macro-attempts in this family and 315 prior micro-trials. The most recent accepted result is attempt-0079/micro-0001 at 1792 parameters and 99.010000%; the most recent failed result is attempt-0078/micro-0293 (discard, 98.970000%). This is a parameterization-preserving compression: union current position groups represented by coordinates 92 and 267, whose learned values are -0.0382188633 and -0.0377921239 (absolute difference 4.267e-04), using a multiplicity-weighted mean. Hypothesis: this preserves qualification and yields 1,791 parameters. It is more informative than the nearest untested alternative (difference 4.298e-04) because it is the minimum-distortion eligible union; exact pairs already rejected under the unchanged grouping are excluded. Acceptance and rollback remain solely governed by the official runner.	0	0
attempt-0079	next-position-unions-after-sensitive-pair	micro-0003	c374176586ba028fe4c0ab6ae22803e9387569d7	a041f63b9c301e072b092d01ff31751e6d6f1d54	2026-08-17T02:30:54.488363+00:00	parameter tying	98.910000%	1790	discard	Union closest position groups 263 and 315	Family: parameter tying. Current retained frontier is 1,791 parameters at 99.010000%, a +0.010000 percentage-point margin over 99%. There have been 21 prior macro-attempts in this family and 316 prior micro-trials. The most recent accepted result is attempt-0079/micro-0002 at 1791 parameters and 99.010000%; the most recent failed result is attempt-0078/micro-0293 (discard, 98.970000%). This is a parameterization-preserving compression: union current position groups represented by coordinates 263 and 315, whose learned values are 0.0117525449 and 0.0121822953 (absolute difference 4.298e-04), using a multiplicity-weighted mean. Hypothesis: this preserves qualification and yields 1,790 parameters. It is more informative than the nearest untested alternative (difference 4.306e-04) because it is the minimum-distortion eligible union; exact pairs already rejected under the unchanged grouping are excluded. Acceptance and rollback remain solely governed by the official runner.	0	0
attempt-0080	nearest-token-matrix-unions	micro-0001	732b17f6e96b16a5d189c42a3dcb4e619ab13044	a041f63b9c301e072b092d01ff31751e6d6f1d54	2026-08-17T02:34:20.128894+00:00	parameter tying	99.010000%	1790	keep	Union closest token-matrix scalar groups 131 and 97	Family: parameter tying. Current retained frontier is 1,791 parameters at 99.010000%, a +0.010000 percentage-point margin over 99%. There have been 22 prior macro-attempts in this family and 317 prior micro-trials. The most recent accepted result is attempt-0079/micro-0002 at 1791 parameters and 99.010000%; the most recent failed result is attempt-0079/micro-0003 (discard, 98.910000%). This is a parameterization-preserving compression of the tied input/output token matrix: union groups represented by flattened coordinates 131 and 97, whose values are 0.0196765549 and 0.0196795892 (difference 3.034e-06), using a multiplicity-weighted mean and one integer reconstruction map. Hypothesis: token scalars have a different sensitivity structure from the positional table and this minimum-distortion union preserves qualification while yielding 1,790 parameters. It is more informative than the next eligible token union (difference 1.715e-05) because it is the least perturbing test at this new tensor site. Acceptance and rollback remain solely governed by the official runner.	0	0
attempt-0080	nearest-token-matrix-unions	micro-0002	b09711760af312cea61e5ed9ee878fe964d1763d	732b17f6e96b16a5d189c42a3dcb4e619ab13044	2026-08-17T02:34:21.603369+00:00	parameter tying			error	Union closest token-matrix scalar groups 166 and 148	Family: parameter tying. Current retained frontier is 1,790 parameters at 99.010000%, a +0.010000 percentage-point margin over 99%. There have been 22 prior macro-attempts in this family and 318 prior micro-trials. The most recent accepted result is attempt-0080/micro-0001 at 1790 parameters and 99.010000%; the most recent failed result is attempt-0079/micro-0003 (discard, 98.910000%). This is a parameterization-preserving compression of the tied input/output token matrix: union groups represented by flattened coordinates 166 and 148, whose values are 0.0027616459 and 0.0027792749 (difference 1.763e-05), using a multiplicity-weighted mean and one integer reconstruction map. Hypothesis: token scalars have a different sensitivity structure from the positional table and this minimum-distortion union preserves qualification while yielding 1,789 parameters. It is more informative than the next eligible token union (difference 1.866e-05) because it is the least perturbing test at this new tensor site. Acceptance and rollback remain solely governed by the official runner.	1	
attempt-0081	nearest-token-matrix-unions-repair	micro-0001	ab4aa1e2b227186f14831997b5e26a251671c3d1	732b17f6e96b16a5d189c42a3dcb4e619ab13044	2026-08-17T02:37:03.804080+00:00	parameter tying	99.010000%	1789	keep	Union closest token-matrix scalar groups 166 and 148	Family: parameter tying. Current retained frontier is 1,790 parameters at 99.010000%, a +0.010000 percentage-point margin over 99%. There have been 23 prior macro-attempts in this family and 319 prior micro-trials. The most recent accepted result is attempt-0080/micro-0001 at 1790 parameters and 99.010000%; the most recent failed result is attempt-0080/micro-0002 (error, no score). This is a parameterization-preserving compression of the tied input/output token matrix: union groups represented by flattened coordinates 166 and 148, whose values are 0.0027616459 and 0.0027792749 (difference 1.763e-05), using a multiplicity-weighted mean and one integer reconstruction map. Hypothesis: token scalars have a different sensitivity structure from the positional table and this minimum-distortion union preserves qualification while yielding 1,789 parameters. It is more informative than the next eligible token union (difference 1.866e-05) because it is the least perturbing test at this new tensor site. Acceptance and rollback remain solely governed by the official runner.	0	0
attempt-0081	nearest-token-matrix-unions-repair	micro-0002	febab814bb7f4785e414cf88e6a65b276068ae30	ab4aa1e2b227186f14831997b5e26a251671c3d1	2026-08-17T02:38:11.688301+00:00	parameter tying	99.010000%	1788	keep	Union closest token-matrix scalar groups 97 and 11	Family: parameter tying. Current retained frontier is 1,789 parameters at 99.010000%, a +0.010000 percentage-point margin over 99%. There have been 23 prior macro-attempts in this family and 320 prior micro-trials. The most recent accepted result is attempt-0081/micro-0001 at 1789 parameters and 99.010000%; the most recent failed result is attempt-0080/micro-0002 (error, no score). This is a parameterization-preserving compression of the tied input/output token matrix: union groups represented by flattened coordinates 97 and 11, whose values are 0.0196780711 and 0.0196967348 (difference 1.866e-05), using a multiplicity-weighted mean and one integer reconstruction map. Hypothesis: token scalars have a different sensitivity structure from the positional table and this minimum-distortion union preserves qualification while yielding 1,788 parameters. It is more informative than the next eligible token union (difference 2.233e-05) because it is the least perturbing test at this new tensor site. Acceptance and rollback remain solely governed by the official runner.	0	0
attempt-0081	nearest-token-matrix-unions-repair	micro-0003	67327f7ee1e69d1ddc92f6569abfe793de85a0ae	febab814bb7f4785e414cf88e6a65b276068ae30	2026-08-17T02:39:19.320100+00:00	parameter tying	99.010000%	1787	keep	Union closest token-matrix scalar groups 107 and 124	Family: parameter tying. Current retained frontier is 1,788 parameters at 99.010000%, a +0.010000 percentage-point margin over 99%. There have been 23 prior macro-attempts in this family and 321 prior micro-trials. The most recent accepted result is attempt-0081/micro-0002 at 1788 parameters and 99.010000%; the most recent failed result is attempt-0080/micro-0002 (error, no score). This is a parameterization-preserving compression of the tied input/output token matrix: union groups represented by flattened coordinates 107 and 124, whose values are -0.0123043256 and -0.0122819925 (difference 2.233e-05), using a multiplicity-weighted mean and one integer reconstruction map. Hypothesis: token scalars have a different sensitivity structure from the positional table and this minimum-distortion union preserves qualification while yielding 1,787 parameters. It is more informative than the next eligible token union (difference 3.146e-05) because it is the least perturbing test at this new tensor site. Acceptance and rollback remain solely governed by the official runner.	0	0
attempt-0081	nearest-token-matrix-unions-repair	micro-0004	87cde7c99c9a814f937ffa6e557943a0eae01a65	67327f7ee1e69d1ddc92f6569abfe793de85a0ae	2026-08-17T02:40:27.598952+00:00	parameter tying	99.010000%	1786	keep	Union closest token-matrix scalar groups 120 and 0	Family: parameter tying. Current retained frontier is 1,787 parameters at 99.010000%, a +0.010000 percentage-point margin over 99%. There have been 23 prior macro-attempts in this family and 322 prior micro-trials. The most recent accepted result is attempt-0081/micro-0003 at 1787 parameters and 99.010000%; the most recent failed result is attempt-0080/micro-0002 (error, no score). This is a parameterization-preserving compression of the tied input/output token matrix: union groups represented by flattened coordinates 120 and 0, whose values are 0.0958332643 and 0.0958647206 (difference 3.146e-05), using a multiplicity-weighted mean and one integer reconstruction map. Hypothesis: token scalars have a different sensitivity structure from the positional table and this minimum-distortion union preserves qualification while yielding 1,786 parameters. It is more informative than the next eligible token union (difference 6.605e-05) because it is the least perturbing test at this new tensor site. Acceptance and rollback remain solely governed by the official runner.	0	0
attempt-0081	nearest-token-matrix-unions-repair	micro-0005	f5c6b45da5a418250ef22e556de7e37be1e40378	87cde7c99c9a814f937ffa6e557943a0eae01a65	2026-08-17T02:41:36.247807+00:00	parameter tying	99.000000%	1785	keep	Union closest token-matrix scalar groups 79 and 168	Family: parameter tying. Current retained frontier is 1,786 parameters at 99.010000%, a +0.010000 percentage-point margin over 99%. There have been 23 prior macro-attempts in this family and 323 prior micro-trials. The most recent accepted result is attempt-0081/micro-0004 at 1786 parameters and 99.010000%; the most recent failed result is attempt-0080/micro-0002 (error, no score). This is a parameterization-preserving compression of the tied input/output token matrix: union groups represented by flattened coordinates 79 and 168, whose values are 0.0033420927 and 0.0034081384 (difference 6.605e-05), using a multiplicity-weighted mean and one integer reconstruction map. Hypothesis: token scalars have a different sensitivity structure from the positional table and this minimum-distortion union preserves qualification while yielding 1,785 parameters. It is more informative than the next eligible token union (difference 8.166e-05) because it is the least perturbing test at this new tensor site. Acceptance and rollback remain solely governed by the official runner.	0	0
attempt-0081	nearest-token-matrix-unions-repair	micro-0006	76b797df9fd2d9b42b82d99720958d50ba25fc7e	f5c6b45da5a418250ef22e556de7e37be1e40378	2026-08-17T02:42:44.540820+00:00	parameter tying	99.000000%	1784	keep	Union closest token-matrix scalar groups 163 and 179	Family: parameter tying. Current retained frontier is 1,785 parameters at 99.000000%, a +0.000000 percentage-point margin over 99%. There have been 23 prior macro-attempts in this family and 324 prior micro-trials. The most recent accepted result is attempt-0081/micro-0005 at 1785 parameters and 99.000000%; the most recent failed result is attempt-0080/micro-0002 (error, no score). This is a parameterization-preserving compression of the tied input/output token matrix: union groups represented by flattened coordinates 163 and 179, whose values are -0.0008038765 and -0.0007222201 (difference 8.166e-05), using a multiplicity-weighted mean and one integer reconstruction map. Hypothesis: token scalars have a different sensitivity structure from the positional table and this minimum-distortion union preserves qualification while yielding 1,784 parameters. It is more informative than the next eligible token union (difference 9.112e-05) because it is the least perturbing test at this new tensor site. Acceptance and rollback remain solely governed by the official runner.	0	0
attempt-0081	nearest-token-matrix-unions-repair	micro-0007	68619ec6b450be1f9d555af40d16c8036322c43b	76b797df9fd2d9b42b82d99720958d50ba25fc7e	2026-08-17T02:43:52.850180+00:00	parameter tying	98.970000%	1783	discard	Union closest token-matrix scalar groups 92 and 55	Family: parameter tying. Current retained frontier is 1,784 parameters at 99.000000%, a +0.000000 percentage-point margin over 99%. There have been 23 prior macro-attempts in this family and 325 prior micro-trials. The most recent accepted result is attempt-0081/micro-0006 at 1784 parameters and 99.000000%; the most recent failed result is attempt-0080/micro-0002 (error, no score). This is a parameterization-preserving compression of the tied input/output token matrix: union groups represented by flattened coordinates 92 and 55, whose values are -0.0424984731 and -0.0424073525 (difference 9.112e-05), using a multiplicity-weighted mean and one integer reconstruction map. Hypothesis: token scalars have a different sensitivity structure from the positional table and this minimum-distortion union preserves qualification while yielding 1,783 parameters. It is more informative than the next eligible token union (difference 1.143e-04) because it is the least perturbing test at this new tensor site. Acceptance and rollback remain solely governed by the official runner.	0	0
attempt-0082	nearest-shared-qkv-unions	micro-0001	dbf6149a0d665ce509e94d2b852e09665b759c4f	76b797df9fd2d9b42b82d99720958d50ba25fc7e	2026-08-17T02:47:31.411561+00:00	parameter tying	99.000000%	1783	keep	Union closest shared-QKV scalar groups 649 and 600	Family: parameter tying. Current retained frontier is 1,784 parameters at 99.000000%, a +0.000000 percentage-point margin over 99%. There have been 24 prior macro-attempts in this family and 326 prior micro-trials. The most recent accepted result is attempt-0081/micro-0006 at 1784 parameters and 99.000000%; the most recent failed result is attempt-0081/micro-0007 (discard, 98.970000%). This is a parameterization-preserving compression of the depth-shared QKV transform: union flattened coordinates 649 and 600, whose learned values are 0.0105196452 and 0.0105203865 (difference 7.413e-07), with a multiplicity-weighted mean and integer reconstruction map. Hypothesis: the much larger attention tensor contains near-duplicate scalars below the token failure scale, so this union preserves qualification and yields 1,783 parameters. It is more informative than the next QKV union (difference 1.395e-06) because it is the minimum-distortion test at this new site. Acceptance and rollback remain solely governed by the official runner.	0	0
attempt-0082	nearest-shared-qkv-unions	micro-0002	44700b67a3ecd19242a6c92ff0bb5eb9c87b4702	dbf6149a0d665ce509e94d2b852e09665b759c4f	2026-08-17T02:48:44.881908+00:00	parameter tying	99.000000%	1782	keep	Union closest shared-QKV scalar groups 608 and 693	Family: parameter tying. Current retained frontier is 1,783 parameters at 99.000000%, a +0.000000 percentage-point margin over 99%. There have been 24 prior macro-attempts in this family and 327 prior micro-trials. The most recent accepted result is attempt-0082/micro-0001 at 1783 parameters and 99.000000%; the most recent failed result is attempt-0081/micro-0007 (discard, 98.970000%). This is a parameterization-preserving compression of the depth-shared QKV transform: union flattened coordinates 608 and 693, whose learned values are 0.0139430370 and 0.0139444321 (difference 1.395e-06), with a multiplicity-weighted mean and integer reconstruction map. Hypothesis: the much larger attention tensor contains near-duplicate scalars below the token failure scale, so this union preserves qualification and yields 1,782 parameters. It is more informative than the next QKV union (difference 1.403e-06) because it is the minimum-distortion test at this new site. Acceptance and rollback remain solely governed by the official runner.	0	0
attempt-0082	nearest-shared-qkv-unions	micro-0003	49a8d96cb86bcccea96f75442d1cd969cf55a886	44700b67a3ecd19242a6c92ff0bb5eb9c87b4702	2026-08-17T02:49:54.655611+00:00	parameter tying	99.000000%	1781	keep	Union closest shared-QKV scalar groups 523 and 393	Family: parameter tying. Current retained frontier is 1,782 parameters at 99.000000%, a +0.000000 percentage-point margin over 99%. There have been 24 prior macro-attempts in this family and 328 prior micro-trials. The most recent accepted result is attempt-0082/micro-0002 at 1782 parameters and 99.000000%; the most recent failed result is attempt-0081/micro-0007 (discard, 98.970000%). This is a parameterization-preserving compression of the depth-shared QKV transform: union flattened coordinates 523 and 393, whose learned values are 0.0126734395 and 0.0126748420 (difference 1.403e-06), with a multiplicity-weighted mean and integer reconstruction map. Hypothesis: the much larger attention tensor contains near-duplicate scalars below the token failure scale, so this union preserves qualification and yields 1,781 parameters. It is more informative than the next QKV union (difference 1.488e-06) because it is the minimum-distortion test at this new site. Acceptance and rollback remain solely governed by the official runner.	0	0
attempt-0082	nearest-shared-qkv-unions	micro-0004	3fba36a52202c3976a648159d02e4c08a5abd4f8	49a8d96cb86bcccea96f75442d1cd969cf55a886	2026-08-17T02:51:04.661860+00:00	parameter tying	99.000000%	1780	keep	Union closest shared-QKV scalar groups 587 and 530	Family: parameter tying. Current retained frontier is 1,781 parameters at 99.000000%, a +0.000000 percentage-point margin over 99%. There have been 24 prior macro-attempts in this family and 329 prior micro-trials. The most recent accepted result is attempt-0082/micro-0003 at 1781 parameters and 99.000000%; the most recent failed result is attempt-0081/micro-0007 (discard, 98.970000%). This is a parameterization-preserving compression of the depth-shared QKV transform: union flattened coordinates 587 and 530, whose learned values are 0.0181534551 and 0.0181549434 (difference 1.488e-06), with a multiplicity-weighted mean and integer reconstruction map. Hypothesis: the much larger attention tensor contains near-duplicate scalars below the token failure scale, so this union preserves qualification and yields 1,780 parameters. It is more informative than the next QKV union (difference 1.755e-06) because it is the minimum-distortion test at this new site. Acceptance and rollback remain solely governed by the official runner.	0	0
attempt-0082	nearest-shared-qkv-unions	micro-0005	d0a43230d4b40c6f1612220903a4ca8fa08e98ac	3fba36a52202c3976a648159d02e4c08a5abd4f8	2026-08-17T02:52:13.727669+00:00	parameter tying	99.000000%	1779	keep	Union closest shared-QKV scalar groups 273 and 258	Family: parameter tying. Current retained frontier is 1,780 parameters at 99.000000%, a +0.000000 percentage-point margin over 99%. There have been 24 prior macro-attempts in this family and 330 prior micro-trials. The most recent accepted result is attempt-0082/micro-0004 at 1780 parameters and 99.000000%; the most recent failed result is attempt-0081/micro-0007 (discard, 98.970000%). This is a parameterization-preserving compression of the depth-shared QKV transform: union flattened coordinates 273 and 258, whose learned values are 0.0319541283 and 0.0319558829 (difference 1.755e-06), with a multiplicity-weighted mean and integer reconstruction map. Hypothesis: the much larger attention tensor contains near-duplicate scalars below the token failure scale, so this union preserves qualification and yields 1,779 parameters. It is more informative than the next QKV union (difference 2.393e-06) because it is the minimum-distortion test at this new site. Acceptance and rollback remain solely governed by the official runner.	0	0
attempt-0082	nearest-shared-qkv-unions	micro-0006	d793ce5ae24ee9f901f13af1cea9840ed6ecd450	d0a43230d4b40c6f1612220903a4ca8fa08e98ac	2026-08-17T02:53:23.493106+00:00	parameter tying	99.000000%	1778	keep	Union closest shared-QKV scalar groups 608 and 690	Family: parameter tying. Current retained frontier is 1,779 parameters at 99.000000%, a +0.000000 percentage-point margin over 99%. There have been 24 prior macro-attempts in this family and 331 prior micro-trials. The most recent accepted result is attempt-0082/micro-0005 at 1779 parameters and 99.000000%; the most recent failed result is attempt-0081/micro-0007 (discard, 98.970000%). This is a parameterization-preserving compression of the depth-shared QKV transform: union flattened coordinates 608 and 690, whose learned values are 0.0139437346 and 0.0139461271 (difference 2.393e-06), with a multiplicity-weighted mean and integer reconstruction map. Hypothesis: the much larger attention tensor contains near-duplicate scalars below the token failure scale, so this union preserves qualification and yields 1,778 parameters. It is more informative than the next QKV union (difference 2.403e-06) because it is the minimum-distortion test at this new site. Acceptance and rollback remain solely governed by the official runner.	0	0
attempt-0082	nearest-shared-qkv-unions	micro-0007	072dbfdc20623eddf82c0247e48f6fb6c26c411f	d793ce5ae24ee9f901f13af1cea9840ed6ecd450	2026-08-17T02:54:33.577697+00:00	parameter tying	99.000000%	1777	keep	Union closest shared-QKV scalar groups 381 and 105	Family: parameter tying. Current retained frontier is 1,778 parameters at 99.000000%, a +0.000000 percentage-point margin over 99%. There have been 24 prior macro-attempts in this family and 332 prior micro-trials. The most recent accepted result is attempt-0082/micro-0006 at 1778 parameters and 99.000000%; the most recent failed result is attempt-0081/micro-0007 (discard, 98.970000%). This is a parameterization-preserving compression of the depth-shared QKV transform: union flattened coordinates 381 and 105, whose learned values are -0.0079082046 and -0.0079058018 (difference 2.403e-06), with a multiplicity-weighted mean and integer reconstruction map. Hypothesis: the much larger attention tensor contains near-duplicate scalars below the token failure scale, so this union preserves qualification and yields 1,777 parameters. It is more informative than the next QKV union (difference 3.007e-06) because it is the minimum-distortion test at this new site. Acceptance and rollback remain solely governed by the official runner.	0	0
attempt-0082	nearest-shared-qkv-unions	micro-0008	1ef8e98a86f4ced1820ca32e7c10037a08b72a9f	072dbfdc20623eddf82c0247e48f6fb6c26c411f	2026-08-17T02:55:46.010024+00:00	parameter tying	99.000000%	1776	keep	Union closest shared-QKV scalar groups 594 and 601	Family: parameter tying. Current retained frontier is 1,777 parameters at 99.000000%, a +0.000000 percentage-point margin over 99%. There have been 24 prior macro-attempts in this family and 333 prior micro-trials. The most recent accepted result is attempt-0082/micro-0007 at 1777 parameters and 99.000000%; the most recent failed result is attempt-0081/micro-0007 (discard, 98.970000%). This is a parameterization-preserving compression of the depth-shared QKV transform: union flattened coordinates 594 and 601, whose learned values are -0.0068016830 and -0.0067986762 (difference 3.007e-06), with a multiplicity-weighted mean and integer reconstruction map. Hypothesis: the much larger attention tensor contains near-duplicate scalars below the token failure scale, so this union preserves qualification and yields 1,776 parameters. It is more informative than the next QKV union (difference 4.909e-06) because it is the minimum-distortion test at this new site. Acceptance and rollback remain solely governed by the official runner.	0	0
attempt-0082	nearest-shared-qkv-unions	micro-0009	c3d4b59d9768865abd220d74a264bdf843950737	1ef8e98a86f4ced1820ca32e7c10037a08b72a9f	2026-08-17T02:57:04.539756+00:00	parameter tying	99.000000%	1775	keep	Union closest shared-QKV scalar groups 644 and 749	Family: parameter tying. Current retained frontier is 1,776 parameters at 99.000000%, a +0.000000 percentage-point margin over 99%. There have been 24 prior macro-attempts in this family and 334 prior micro-trials. The most recent accepted result is attempt-0082/micro-0008 at 1776 parameters and 99.000000%; the most recent failed result is attempt-0081/micro-0007 (discard, 98.970000%). This is a parameterization-preserving compression of the depth-shared QKV transform: union flattened coordinates 644 and 749, whose learned values are -0.0058162315 and -0.0058113225 (difference 4.909e-06), with a multiplicity-weighted mean and integer reconstruction map. Hypothesis: the much larger attention tensor contains near-duplicate scalars below the token failure scale, so this union preserves qualification and yields 1,775 parameters. It is more informative than the next QKV union (difference 5.178e-06) because it is the minimum-distortion test at this new site. Acceptance and rollback remain solely governed by the official runner.	0	0
attempt-0082	nearest-shared-qkv-unions	micro-0010	78dfb669e072376274ef05d5201c47e4fc0aa2b5	c3d4b59d9768865abd220d74a264bdf843950737	2026-08-17T02:58:36.474968+00:00	parameter tying	99.000000%	1774	keep	Union closest shared-QKV scalar groups 345 and 335	Family: parameter tying. Current retained frontier is 1,775 parameters at 99.000000%, a +0.000000 percentage-point margin over 99%. There have been 24 prior macro-attempts in this family and 335 prior micro-trials. The most recent accepted result is attempt-0082/micro-0009 at 1775 parameters and 99.000000%; the most recent failed result is attempt-0081/micro-0007 (discard, 98.970000%). This is a parameterization-preserving compression of the depth-shared QKV transform: union flattened coordinates 345 and 335, whose learned values are 0.0423460305 and 0.0423512086 (difference 5.178e-06), with a multiplicity-weighted mean and integer reconstruction map. Hypothesis: the much larger attention tensor contains near-duplicate scalars below the token failure scale, so this union preserves qualification and yields 1,774 parameters. It is more informative than the next QKV union (difference 7.628e-06) because it is the minimum-distortion test at this new site. Acceptance and rollback remain solely governed by the official runner.	0	0
attempt-0082	nearest-shared-qkv-unions	micro-0011	12f16e7dceb4bf48fe0134403b164d4518a23277	78dfb669e072376274ef05d5201c47e4fc0aa2b5	2026-08-17T02:59:41.862819+00:00	parameter tying	99.000000%	1773	keep	Union closest shared-QKV scalar groups 767 and 287	Family: parameter tying. Current retained frontier is 1,774 parameters at 99.000000%, a +0.000000 percentage-point margin over 99%. There have been 24 prior macro-attempts in this family and 336 prior micro-trials. The most recent accepted result is attempt-0082/micro-0010 at 1774 parameters and 99.000000%; the most recent failed result is attempt-0081/micro-0007 (discard, 98.970000%). This is a parameterization-preserving compression of the depth-shared QKV transform: union flattened coordinates 767 and 287, whose learned values are -0.0304883663 and -0.0304807387 (difference 7.628e-06), with a multiplicity-weighted mean and integer reconstruction map. Hypothesis: the much larger attention tensor contains near-duplicate scalars below the token failure scale, so this union preserves qualification and yields 1,773 parameters. It is more informative than the next QKV union (difference 9.611e-06) because it is the minimum-distortion test at this new site. Acceptance and rollback remain solely governed by the official runner.	0	0
attempt-0082	nearest-shared-qkv-unions	micro-0012	c0314c1fe9c9bb4d418f989eb0c418dff7bfea2e	12f16e7dceb4bf48fe0134403b164d4518a23277	2026-08-17T03:00:51.488759+00:00	parameter tying	99.000000%	1772	keep	Union closest shared-QKV scalar groups 695 and 606	Family: parameter tying. Current retained frontier is 1,773 parameters at 99.000000%, a +0.000000 percentage-point margin over 99%. There have been 24 prior macro-attempts in this family and 337 prior micro-trials. The most recent accepted result is attempt-0082/micro-0011 at 1773 parameters and 99.000000%; the most recent failed result is attempt-0081/micro-0007 (discard, 98.970000%). This is a parameterization-preserving compression of the depth-shared QKV transform: union flattened coordinates 695 and 606, whose learned values are -0.0359113328 and -0.0359017216 (difference 9.611e-06), with a multiplicity-weighted mean and integer reconstruction map. Hypothesis: the much larger attention tensor contains near-duplicate scalars below the token failure scale, so this union preserves qualification and yields 1,772 parameters. It is more informative than the next QKV union (difference 1.041e-05) because it is the minimum-distortion test at this new site. Acceptance and rollback remain solely governed by the official runner.	0	0
attempt-0082	nearest-shared-qkv-unions	micro-0013	91ce2d240847099d9182707f7063ead7587f917d	c0314c1fe9c9bb4d418f989eb0c418dff7bfea2e	2026-08-17T03:02:01.335723+00:00	parameter tying	99.000000%	1771	keep	Union closest shared-QKV scalar groups 394 and 78	Family: parameter tying. Current retained frontier is 1,772 parameters at 99.000000%, a +0.000000 percentage-point margin over 99%. There have been 24 prior macro-attempts in this family and 338 prior micro-trials. The most recent accepted result is attempt-0082/micro-0012 at 1772 parameters and 99.000000%; the most recent failed result is attempt-0081/micro-0007 (discard, 98.970000%). This is a parameterization-preserving compression of the depth-shared QKV transform: union flattened coordinates 394 and 78, whose learned values are 0.0162054524 and 0.0162158627 (difference 1.041e-05), with a multiplicity-weighted mean and integer reconstruction map. Hypothesis: the much larger attention tensor contains near-duplicate scalars below the token failure scale, so this union preserves qualification and yields 1,771 parameters. It is more informative than the next QKV union (difference 1.140e-05) because it is the minimum-distortion test at this new site. Acceptance and rollback remain solely governed by the official runner.	0	0
attempt-0082	nearest-shared-qkv-unions	micro-0014	187bcbc20ee1207f10976a452fbdabe2cc1aa423	91ce2d240847099d9182707f7063ead7587f917d	2026-08-17T03:03:11.174343+00:00	parameter tying	99.010000%	1770	keep	Union closest shared-QKV scalar groups 593 and 105	Family: parameter tying. Current retained frontier is 1,771 parameters at 99.000000%, a +0.000000 percentage-point margin over 99%. There have been 24 prior macro-attempts in this family and 339 prior micro-trials. The most recent accepted result is attempt-0082/micro-0013 at 1771 parameters and 99.000000%; the most recent failed result is attempt-0081/micro-0007 (discard, 98.970000%). This is a parameterization-preserving compression of the depth-shared QKV transform: union flattened coordinates 593 and 105, whose learned values are -0.0079184044 and -0.0079070032 (difference 1.140e-05), with a multiplicity-weighted mean and integer reconstruction map. Hypothesis: the much larger attention tensor contains near-duplicate scalars below the token failure scale, so this union preserves qualification and yields 1,770 parameters. It is more informative than the next QKV union (difference 1.275e-05) because it is the minimum-distortion test at this new site. Acceptance and rollback remain solely governed by the official runner.	0	0
attempt-0082	nearest-shared-qkv-unions	micro-0015	c2946817ee7ad5468e2ef463832932a7bade5b56	187bcbc20ee1207f10976a452fbdabe2cc1aa423	2026-08-17T03:04:21.181035+00:00	parameter tying	99.010000%	1769	keep	Union closest shared-QKV scalar groups 538 and 742	Family: parameter tying. Current retained frontier is 1,770 parameters at 99.010000%, a +0.010000 percentage-point margin over 99%. There have been 24 prior macro-attempts in this family and 340 prior micro-trials. The most recent accepted result is attempt-0082/micro-0014 at 1770 parameters and 99.010000%; the most recent failed result is attempt-0081/micro-0007 (discard, 98.970000%). This is a parameterization-preserving compression of the depth-shared QKV transform: union flattened coordinates 538 and 742, whose learned values are -0.0061364933 and -0.0061237421 (difference 1.275e-05), with a multiplicity-weighted mean and integer reconstruction map. Hypothesis: the much larger attention tensor contains near-duplicate scalars below the token failure scale, so this union preserves qualification and yields 1,769 parameters. It is more informative than the next QKV union (difference 1.466e-05) because it is the minimum-distortion test at this new site. Acceptance and rollback remain solely governed by the official runner.	0	0
attempt-0082	nearest-shared-qkv-unions	micro-0016	1ccb4995b846e3c57a0e7624f0091d1665971c20	c2946817ee7ad5468e2ef463832932a7bade5b56	2026-08-17T03:05:31.602088+00:00	parameter tying	99.000000%	1768	keep	Union closest shared-QKV scalar groups 626 and 598	Family: parameter tying. Current retained frontier is 1,769 parameters at 99.010000%, a +0.010000 percentage-point margin over 99%. There have been 24 prior macro-attempts in this family and 341 prior micro-trials. The most recent accepted result is attempt-0082/micro-0015 at 1769 parameters and 99.010000%; the most recent failed result is attempt-0081/micro-0007 (discard, 98.970000%). This is a parameterization-preserving compression of the depth-shared QKV transform: union flattened coordinates 626 and 598, whose learned values are -0.0170360636 and -0.0170213990 (difference 1.466e-05), with a multiplicity-weighted mean and integer reconstruction map. Hypothesis: the much larger attention tensor contains near-duplicate scalars below the token failure scale, so this union preserves qualification and yields 1,768 parameters. It is more informative than the next QKV union (difference 1.629e-05) because it is the minimum-distortion test at this new site. Acceptance and rollback remain solely governed by the official runner.	0	0
attempt-0082	nearest-shared-qkv-unions	micro-0017	c37276db9f8a7d16bd86b6768345fa8be640ce86	1ccb4995b846e3c57a0e7624f0091d1665971c20	2026-08-17T03:06:43.276537+00:00	parameter tying	99.010000%	1767	keep	Union closest shared-QKV scalar groups 608 and 760	Family: parameter tying. Current retained frontier is 1,768 parameters at 99.000000%, a +0.000000 percentage-point margin over 99%. There have been 24 prior macro-attempts in this family and 342 prior micro-trials. The most recent accepted result is attempt-0082/micro-0016 at 1768 parameters and 99.000000%; the most recent failed result is attempt-0081/micro-0007 (discard, 98.970000%). This is a parameterization-preserving compression of the depth-shared QKV transform: union flattened coordinates 608 and 760, whose learned values are 0.0139445327 and 0.0139608234 (difference 1.629e-05), with a multiplicity-weighted mean and integer reconstruction map. Hypothesis: the much larger attention tensor contains near-duplicate scalars below the token failure scale, so this union preserves qualification and yields 1,767 parameters. It is more informative than the next QKV union (difference 1.711e-05) because it is the minimum-distortion test at this new site. Acceptance and rollback remain solely governed by the official runner.	0	0
attempt-0082	nearest-shared-qkv-unions	micro-0018	dac2970efde0c9ddc9cb78e7738afaed4aed15bd	c37276db9f8a7d16bd86b6768345fa8be640ce86	2026-08-17T03:07:53.303057+00:00	parameter tying	99.010000%	1766	keep	Union closest shared-QKV scalar groups 644 and 738	Family: parameter tying. Current retained frontier is 1,767 parameters at 99.010000%, a +0.010000 percentage-point margin over 99%. There have been 24 prior macro-attempts in this family and 343 prior micro-trials. The most recent accepted result is attempt-0082/micro-0017 at 1767 parameters and 99.010000%; the most recent failed result is attempt-0081/micro-0007 (discard, 98.970000%). This is a parameterization-preserving compression of the depth-shared QKV transform: union flattened coordinates 644 and 738, whose learned values are -0.0058137770 and -0.0057966672 (difference 1.711e-05), with a multiplicity-weighted mean and integer reconstruction map. Hypothesis: the much larger attention tensor contains near-duplicate scalars below the token failure scale, so this union preserves qualification and yields 1,766 parameters. It is more informative than the next QKV union (difference 1.863e-05) because it is the minimum-distortion test at this new site. Acceptance and rollback remain solely governed by the official runner.	0	0
attempt-0082	nearest-shared-qkv-unions	micro-0019	4df68c116c172d7c1bd7a6a9fce09958a54708c0	dac2970efde0c9ddc9cb78e7738afaed4aed15bd	2026-08-17T03:09:12.748637+00:00	parameter tying	99.010000%	1765	keep	Union closest shared-QKV scalar groups 764 and 727	Family: parameter tying. Current retained frontier is 1,766 parameters at 99.010000%, a +0.010000 percentage-point margin over 99%. There have been 24 prior macro-attempts in this family and 344 prior micro-trials. The most recent accepted result is attempt-0082/micro-0018 at 1766 parameters and 99.010000%; the most recent failed result is attempt-0081/micro-0007 (discard, 98.970000%). This is a parameterization-preserving compression of the depth-shared QKV transform: union flattened coordinates 764 and 727, whose learned values are 0.0101666637 and 0.0101852948 (difference 1.863e-05), with a multiplicity-weighted mean and integer reconstruction map. Hypothesis: the much larger attention tensor contains near-duplicate scalars below the token failure scale, so this union preserves qualification and yields 1,765 parameters. It is more informative than the next QKV union (difference 1.892e-05) because it is the minimum-distortion test at this new site. Acceptance and rollback remain solely governed by the official runner.	0	0
attempt-0082	nearest-shared-qkv-unions	micro-0020	0adaf7fa3562f141d80ab9757d484949c2cd4d53	4df68c116c172d7c1bd7a6a9fce09958a54708c0	2026-08-17T03:10:22.687894+00:00	parameter tying	99.010000%	1764	keep	Union closest shared-QKV scalar groups 654 and 711	Family: parameter tying. Current retained frontier is 1,765 parameters at 99.010000%, a +0.010000 percentage-point margin over 99%. There have been 24 prior macro-attempts in this family and 345 prior micro-trials. The most recent accepted result is attempt-0082/micro-0019 at 1765 parameters and 99.010000%; the most recent failed result is attempt-0081/micro-0007 (discard, 98.970000%). This is a parameterization-preserving compression of the depth-shared QKV transform: union flattened coordinates 654 and 711, whose learned values are -0.0378152244 and -0.0377962999 (difference 1.892e-05), with a multiplicity-weighted mean and integer reconstruction map. Hypothesis: the much larger attention tensor contains near-duplicate scalars below the token failure scale, so this union preserves qualification and yields 1,764 parameters. It is more informative than the next QKV union (difference 1.911e-05) because it is the minimum-distortion test at this new site. Acceptance and rollback remain solely governed by the official runner.	0	0
attempt-0083	next-shared-qkv-union-band	micro-0001	d4009559b5a9abf75573470f9e46fec82fc9039f	0adaf7fa3562f141d80ab9757d484949c2cd4d53	2026-08-17T03:12:49.020408+00:00	parameter tying	99.000000%	1763	keep	Union closest shared-QKV scalar groups 597 and 724	Family: parameter tying. Current retained frontier is 1,764 parameters at 99.010000%, a +0.010000 percentage-point margin over 99%. There have been 25 prior macro-attempts in this family and 346 prior micro-trials. The most recent accepted result is attempt-0082/micro-0020 at 1764 parameters and 99.010000%; the most recent failed result is attempt-0081/micro-0007 (discard, 98.970000%). This is a parameterization-preserving compression of the depth-shared QKV transform: union flattened coordinates 597 and 724, whose learned values are -0.0015679266 and -0.0015488117 (difference 1.911e-05), with a multiplicity-weighted mean and integer reconstruction map. Hypothesis: the much larger attention tensor contains near-duplicate scalars below the token failure scale, so this union preserves qualification and yields 1,763 parameters. It is more informative than the next QKV union (difference 1.918e-05) because it is the minimum-distortion test at this new site. Acceptance and rollback remain solely governed by the official runner.	0	0
attempt-0083	next-shared-qkv-union-band	micro-0002	3bce6eff784a71b1160a9317971b68fb988a2c39	d4009559b5a9abf75573470f9e46fec82fc9039f	2026-08-17T03:13:59.502707+00:00	parameter tying	99.000000%	1762	keep	Union closest shared-QKV scalar groups 741 and 680	Family: parameter tying. Current retained frontier is 1,763 parameters at 99.000000%, a +0.000000 percentage-point margin over 99%. There have been 25 prior macro-attempts in this family and 347 prior micro-trials. The most recent accepted result is attempt-0083/micro-0001 at 1763 parameters and 99.000000%; the most recent failed result is attempt-0081/micro-0007 (discard, 98.970000%). This is a parameterization-preserving compression of the depth-shared QKV transform: union flattened coordinates 741 and 680, whose learned values are 0.0033138623 and 0.0033330433 (difference 1.918e-05), with a multiplicity-weighted mean and integer reconstruction map. Hypothesis: the much larger attention tensor contains near-duplicate scalars below the token failure scale, so this union preserves qualification and yields 1,762 parameters. It is more informative than the next QKV union (difference 1.948e-05) because it is the minimum-distortion test at this new site. Acceptance and rollback remain solely governed by the official runner.	0	0
attempt-0083	next-shared-qkv-union-band	micro-0003	b380417874ebf4cacf106e2f9d72e0c19d16d32b	3bce6eff784a71b1160a9317971b68fb988a2c39	2026-08-17T03:15:10.556883+00:00	parameter tying	99.000000%	1761	keep	Union closest shared-QKV scalar groups 676 and 725	Family: parameter tying. Current retained frontier is 1,762 parameters at 99.000000%, a +0.000000 percentage-point margin over 99%. There have been 25 prior macro-attempts in this family and 348 prior micro-trials. The most recent accepted result is attempt-0083/micro-0002 at 1762 parameters and 99.000000%; the most recent failed result is attempt-0081/micro-0007 (discard, 98.970000%). This is a parameterization-preserving compression of the depth-shared QKV transform: union flattened coordinates 676 and 725, whose learned values are 0.0077592437 and 0.0077787205 (difference 1.948e-05), with a multiplicity-weighted mean and integer reconstruction map. Hypothesis: the much larger attention tensor contains near-duplicate scalars below the token failure scale, so this union preserves qualification and yields 1,761 parameters. It is more informative than the next QKV union (difference 2.006e-05) because it is the minimum-distortion test at this new site. Acceptance and rollback remain solely governed by the official runner.	0	0
attempt-0083	next-shared-qkv-union-band	micro-0004	1ed077f82f366402916a985790306f92dd99d6a5	b380417874ebf4cacf106e2f9d72e0c19d16d32b	2026-08-17T03:16:20.615471+00:00	parameter tying	99.000000%	1760	keep	Union closest shared-QKV scalar groups 635 and 545	Family: parameter tying. Current retained frontier is 1,761 parameters at 99.000000%, a +0.000000 percentage-point margin over 99%. There have been 25 prior macro-attempts in this family and 349 prior micro-trials. The most recent accepted result is attempt-0083/micro-0003 at 1761 parameters and 99.000000%; the most recent failed result is attempt-0081/micro-0007 (discard, 98.970000%). This is a parameterization-preserving compression of the depth-shared QKV transform: union flattened coordinates 635 and 545, whose learned values are 0.0056562019 and 0.0056762570 (difference 2.006e-05), with a multiplicity-weighted mean and integer reconstruction map. Hypothesis: the much larger attention tensor contains near-duplicate scalars below the token failure scale, so this union preserves qualification and yields 1,760 parameters. It is more informative than the next QKV union (difference 2.047e-05) because it is the minimum-distortion test at this new site. Acceptance and rollback remain solely governed by the official runner.	0	0
attempt-0083	next-shared-qkv-union-band	micro-0005	158c0903f7635f2355a40fffd9e49b232665d4bf	1ed077f82f366402916a985790306f92dd99d6a5	2026-08-17T03:17:28.323337+00:00	parameter tying	99.000000%	1759	keep	Union closest shared-QKV scalar groups 441 and 46	Family: parameter tying. Current retained frontier is 1,760 parameters at 99.000000%, a +0.000000 percentage-point margin over 99%. There have been 25 prior macro-attempts in this family and 350 prior micro-trials. The most recent accepted result is attempt-0083/micro-0004 at 1760 parameters and 99.000000%; the most recent failed result is attempt-0081/micro-0007 (discard, 98.970000%). This is a parameterization-preserving compression of the depth-shared QKV transform: union flattened coordinates 441 and 46, whose learned values are 0.0789964423 and 0.0790234357 (difference 2.699e-05), with a multiplicity-weighted mean and integer reconstruction map. Hypothesis: the much larger attention tensor contains near-duplicate scalars below the token failure scale, so this union preserves qualification and yields 1,759 parameters. It is more informative than the next QKV union (difference 2.781e-05) because it is the minimum-distortion test at this new site. Acceptance and rollback remain solely governed by the official runner.	0	0
attempt-0083	next-shared-qkv-union-band	micro-0006	d8b58665ec3f4b33060723efa08a3cbc0be195c7	158c0903f7635f2355a40fffd9e49b232665d4bf	2026-08-17T03:18:38.188271+00:00	parameter tying	99.010000%	1758	keep	Union closest shared-QKV scalar groups 588 and 731	Family: parameter tying. Current retained frontier is 1,759 parameters at 99.000000%, a +0.000000 percentage-point margin over 99%. There have been 25 prior macro-attempts in this family and 351 prior micro-trials. The most recent accepted result is attempt-0083/micro-0005 at 1759 parameters and 99.000000%; the most recent failed result is attempt-0081/micro-0007 (discard, 98.970000%). This is a parameterization-preserving compression of the depth-shared QKV transform: union flattened coordinates 588 and 731, whose learned values are 0.0059907991 and 0.0060186079 (difference 2.781e-05), with a multiplicity-weighted mean and integer reconstruction map. Hypothesis: the much larger attention tensor contains near-duplicate scalars below the token failure scale, so this union preserves qualification and yields 1,758 parameters. It is more informative than the next QKV union (difference 3.050e-05) because it is the minimum-distortion test at this new site. Acceptance and rollback remain solely governed by the official runner.	0	0
attempt-0083	next-shared-qkv-union-band	micro-0007	42074994272d396e429a17d9ec2bc287883e055b	d8b58665ec3f4b33060723efa08a3cbc0be195c7	2026-08-17T03:19:56.788970+00:00	parameter tying	99.010000%	1757	keep	Union closest shared-QKV scalar groups 481 and 545	Family: parameter tying. Current retained frontier is 1,758 parameters at 99.010000%, a +0.010000 percentage-point margin over 99%. There have been 25 prior macro-attempts in this family and 352 prior micro-trials. The most recent accepted result is attempt-0083/micro-0006 at 1758 parameters and 99.010000%; the most recent failed result is attempt-0081/micro-0007 (discard, 98.970000%). This is a parameterization-preserving compression of the depth-shared QKV transform: union flattened coordinates 481 and 545, whose learned values are 0.0056357342 and 0.0056662294 (difference 3.050e-05), with a multiplicity-weighted mean and integer reconstruction map. Hypothesis: the much larger attention tensor contains near-duplicate scalars below the token failure scale, so this union preserves qualification and yields 1,757 parameters. It is more informative than the next QKV union (difference 3.117e-05) because it is the minimum-distortion test at this new site. Acceptance and rollback remain solely governed by the official runner.	0	0
attempt-0083	next-shared-qkv-union-band	micro-0008	fa7da2c4b32e710f9d82c73ffa2ec96587d537e2	42074994272d396e429a17d9ec2bc287883e055b	2026-08-17T03:21:10.525019+00:00	parameter tying	99.000000%	1756	keep	Union closest shared-QKV scalar groups 745 and 574	Family: parameter tying. Current retained frontier is 1,757 parameters at 99.010000%, a +0.010000 percentage-point margin over 99%. There have been 25 prior macro-attempts in this family and 353 prior micro-trials. The most recent accepted result is attempt-0083/micro-0007 at 1757 parameters and 99.010000%; the most recent failed result is attempt-0081/micro-0007 (discard, 98.970000%). This is a parameterization-preserving compression of the depth-shared QKV transform: union flattened coordinates 745 and 574, whose learned values are 0.0061637256 and 0.0061948928 (difference 3.117e-05), with a multiplicity-weighted mean and integer reconstruction map. Hypothesis: the much larger attention tensor contains near-duplicate scalars below the token failure scale, so this union preserves qualification and yields 1,756 parameters. It is more informative than the next QKV union (difference 3.146e-05) because it is the minimum-distortion test at this new site. Acceptance and rollback remain solely governed by the official runner.	0	0
attempt-0083	next-shared-qkv-union-band	micro-0009	b7c5e032a34c31658ebc4e2cff94a4aa4f526194	fa7da2c4b32e710f9d82c73ffa2ec96587d537e2	2026-08-17T03:22:18.289151+00:00	parameter tying	99.010000%	1755	keep	Union closest shared-QKV scalar groups 705 and 643	Family: parameter tying. Current retained frontier is 1,756 parameters at 99.000000%, a +0.000000 percentage-point margin over 99%. There have been 25 prior macro-attempts in this family and 354 prior micro-trials. The most recent accepted result is attempt-0083/micro-0008 at 1756 parameters and 99.000000%; the most recent failed result is attempt-0081/micro-0007 (discard, 98.970000%). This is a parameterization-preserving compression of the depth-shared QKV transform: union flattened coordinates 705 and 643, whose learned values are 0.0169566497 and 0.0169881079 (difference 3.146e-05), with a multiplicity-weighted mean and integer reconstruction map. Hypothesis: the much larger attention tensor contains near-duplicate scalars below the token failure scale, so this union preserves qualification and yields 1,755 parameters. It is more informative than the next QKV union (difference 3.297e-05) because it is the minimum-distortion test at this new site. Acceptance and rollback remain solely governed by the official runner.	0	0
attempt-0083	next-shared-qkv-union-band	micro-0010	d212ca9f06af35da2ed38e3c7bbd71915b64e16b	b7c5e032a34c31658ebc4e2cff94a4aa4f526194	2026-08-17T03:23:25.840365+00:00	parameter tying	99.010000%	1754	keep	Union closest shared-QKV scalar groups 164 and 201	Family: parameter tying. Current retained frontier is 1,755 parameters at 99.010000%, a +0.010000 percentage-point margin over 99%. There have been 25 prior macro-attempts in this family and 355 prior micro-trials. The most recent accepted result is attempt-0083/micro-0009 at 1755 parameters and 99.010000%; the most recent failed result is attempt-0081/micro-0007 (discard, 98.970000%). This is a parameterization-preserving compression of the depth-shared QKV transform: union flattened coordinates 164 and 201, whose learned values are 0.1002422199 and 0.1002751887 (difference 3.297e-05), with a multiplicity-weighted mean and integer reconstruction map. Hypothesis: the much larger attention tensor contains near-duplicate scalars below the token failure scale, so this union preserves qualification and yields 1,754 parameters. It is more informative than the next QKV union (difference 3.342e-05) because it is the minimum-distortion test at this new site. Acceptance and rollback remain solely governed by the official runner.	0	0
attempt-0083	next-shared-qkv-union-band	micro-0011	ec9e81e8656af9e3612c4f77d0b331ea32de4ac2	d212ca9f06af35da2ed38e3c7bbd71915b64e16b	2026-08-17T03:24:33.956951+00:00	parameter tying	99.010000%	1753	keep	Union closest shared-QKV scalar groups 259 and 488	Family: parameter tying. Current retained frontier is 1,754 parameters at 99.010000%, a +0.010000 percentage-point margin over 99%. There have been 25 prior macro-attempts in this family and 356 prior micro-trials. The most recent accepted result is attempt-0083/micro-0010 at 1754 parameters and 99.010000%; the most recent failed result is attempt-0081/micro-0007 (discard, 98.970000%). This is a parameterization-preserving compression of the depth-shared QKV transform: union flattened coordinates 259 and 488, whose learned values are -0.0164538883 and -0.0164204687 (difference 3.342e-05), with a multiplicity-weighted mean and integer reconstruction map. Hypothesis: the much larger attention tensor contains near-duplicate scalars below the token failure scale, so this union preserves qualification and yields 1,753 parameters. It is more informative than the next QKV union (difference 3.376e-05) because it is the minimum-distortion test at this new site. Acceptance and rollback remain solely governed by the official runner.	0	0
attempt-0083	next-shared-qkv-union-band	micro-0012	e3c84e69f78d0c39c99dfa368d1e893a4c3bfe65	ec9e81e8656af9e3612c4f77d0b331ea32de4ac2	2026-08-17T03:25:43.643930+00:00	parameter tying	99.010000%	1752	keep	Union closest shared-QKV scalar groups 657 and 538	Family: parameter tying. Current retained frontier is 1,753 parameters at 99.010000%, a +0.010000 percentage-point margin over 99%. There have been 25 prior macro-attempts in this family and 357 prior micro-trials. The most recent accepted result is attempt-0083/micro-0011 at 1753 parameters and 99.010000%; the most recent failed result is attempt-0081/micro-0007 (discard, 98.970000%). This is a parameterization-preserving compression of the depth-shared QKV transform: union flattened coordinates 657 and 538, whose learned values are -0.0061638812 and -0.0061301179 (difference 3.376e-05), with a multiplicity-weighted mean and integer reconstruction map. Hypothesis: the much larger attention tensor contains near-duplicate scalars below the token failure scale, so this union preserves qualification and yields 1,752 parameters. It is more informative than the next QKV union (difference 3.465e-05) because it is the minimum-distortion test at this new site. Acceptance and rollback remain solely governed by the official runner.	0	0
attempt-0083	next-shared-qkv-union-band	micro-0013	e30d0407563e0b47d6bf9b071bf55506338c8360	e3c84e69f78d0c39c99dfa368d1e893a4c3bfe65	2026-08-17T03:27:06.010462+00:00	parameter tying	99.010000%	1751	keep	Union closest shared-QKV scalar groups 567 and 744	Family: parameter tying. Current retained frontier is 1,752 parameters at 99.010000%, a +0.010000 percentage-point margin over 99%. There have been 25 prior macro-attempts in this family and 358 prior micro-trials. The most recent accepted result is attempt-0083/micro-0012 at 1752 parameters and 99.010000%; the most recent failed result is attempt-0081/micro-0007 (discard, 98.970000%). This is a parameterization-preserving compression of the depth-shared QKV transform: union flattened coordinates 567 and 744, whose learned values are 0.0261609796 and 0.0261956286 (difference 3.465e-05), with a multiplicity-weighted mean and integer reconstruction map. Hypothesis: the much larger attention tensor contains near-duplicate scalars below the token failure scale, so this union preserves qualification and yields 1,751 parameters. It is more informative than the next QKV union (difference 3.565e-05) because it is the minimum-distortion test at this new site. Acceptance and rollback remain solely governed by the official runner.	0	0
attempt-0083	next-shared-qkv-union-band	micro-0014	8b27c4e2b41214af33126f5ff266a83d5a03691d	e30d0407563e0b47d6bf9b071bf55506338c8360	2026-08-17T03:28:13.324201+00:00	parameter tying	99.010000%	1750	keep	Union closest shared-QKV scalar groups 622 and 746	Family: parameter tying. Current retained frontier is 1,751 parameters at 99.010000%, a +0.010000 percentage-point margin over 99%. There have been 25 prior macro-attempts in this family and 359 prior micro-trials. The most recent accepted result is attempt-0083/micro-0013 at 1751 parameters and 99.010000%; the most recent failed result is attempt-0081/micro-0007 (discard, 98.970000%). This is a parameterization-preserving compression of the depth-shared QKV transform: union flattened coordinates 622 and 746, whose learned values are 0.0043183765 and 0.0043540229 (difference 3.565e-05), with a multiplicity-weighted mean and integer reconstruction map. Hypothesis: the much larger attention tensor contains near-duplicate scalars below the token failure scale, so this union preserves qualification and yields 1,750 parameters. It is more informative than the next QKV union (difference 3.681e-05) because it is the minimum-distortion test at this new site. Acceptance and rollback remain solely governed by the official runner.	0	0
attempt-0083	next-shared-qkv-union-band	micro-0015	c0e4366fca6dd9d52daafc7e099b65434cec4602	8b27c4e2b41214af33126f5ff266a83d5a03691d	2026-08-17T03:29:21.999523+00:00	parameter tying	99.000000%	1749	keep	Union closest shared-QKV scalar groups 627 and 603	Family: parameter tying. Current retained frontier is 1,750 parameters at 99.010000%, a +0.010000 percentage-point margin over 99%. There have been 25 prior macro-attempts in this family and 360 prior micro-trials. The most recent accepted result is attempt-0083/micro-0014 at 1750 parameters and 99.010000%; the most recent failed result is attempt-0081/micro-0007 (discard, 98.970000%). This is a parameterization-preserving compression of the depth-shared QKV transform: union flattened coordinates 627 and 603, whose learned values are -0.0005102578 and -0.0004732470 (difference 3.701e-05), with a multiplicity-weighted mean and integer reconstruction map. Hypothesis: the much larger attention tensor contains near-duplicate scalars below the token failure scale, so this union preserves qualification and yields 1,749 parameters. It is more informative than the next QKV union (difference 3.796e-05) because it is the minimum-distortion test at this new site. Acceptance and rollback remain solely governed by the official runner.	0	0
attempt-0083	next-shared-qkv-union-band	micro-0016	8607c92356dba74f1e41edf55582e272ab44114c	c0e4366fca6dd9d52daafc7e099b65434cec4602	2026-08-17T03:30:36.301548+00:00	parameter tying	99.000000%	1748	keep	Union closest shared-QKV scalar groups 590 and 169	Family: parameter tying. Current retained frontier is 1,749 parameters at 99.000000%, a +0.000000 percentage-point margin over 99%. There have been 25 prior macro-attempts in this family and 361 prior micro-trials. The most recent accepted result is attempt-0083/micro-0015 at 1749 parameters and 99.000000%; the most recent failed result is attempt-0081/micro-0007 (discard, 98.970000%). This is a parameterization-preserving compression of the depth-shared QKV transform: union flattened coordinates 590 and 169, whose learned values are -0.0574221350 and -0.0573841706 (difference 3.796e-05), with a multiplicity-weighted mean and integer reconstruction map. Hypothesis: the much larger attention tensor contains near-duplicate scalars below the token failure scale, so this union preserves qualification and yields 1,748 parameters. It is more informative than the next QKV union (difference 3.890e-05) because it is the minimum-distortion test at this new site. Acceptance and rollback remain solely governed by the official runner.	0	0
attempt-0083	next-shared-qkv-union-band	micro-0017	991b7a840a8241552460046834316fa0dc0b3577	8607c92356dba74f1e41edf55582e272ab44114c	2026-08-17T03:31:56.713509+00:00	parameter tying	99.000000%	1747	keep	Union closest shared-QKV scalar groups 383 and 576	Family: parameter tying. Current retained frontier is 1,748 parameters at 99.000000%, a +0.000000 percentage-point margin over 99%. There have been 25 prior macro-attempts in this family and 362 prior micro-trials. The most recent accepted result is attempt-0083/micro-0016 at 1748 parameters and 99.000000%; the most recent failed result is attempt-0081/micro-0007 (discard, 98.970000%). This is a parameterization-preserving compression of the depth-shared QKV transform: union flattened coordinates 383 and 576, whose learned values are -0.0240265559 and -0.0239876583 (difference 3.890e-05), with a multiplicity-weighted mean and integer reconstruction map. Hypothesis: the much larger attention tensor contains near-duplicate scalars below the token failure scale, so this union preserves qualification and yields 1,747 parameters. It is more informative than the next QKV union (difference 3.918e-05) because it is the minimum-distortion test at this new site. Acceptance and rollback remain solely governed by the official runner.	0	0
attempt-0083	next-shared-qkv-union-band	micro-0018	8fd285fe055330f795bf1df2e8b507c3e5c68db9	991b7a840a8241552460046834316fa0dc0b3577	2026-08-17T03:33:04.835451+00:00	parameter tying	99.000000%	1746	keep	Union closest shared-QKV scalar groups 762 and 397	Family: parameter tying. Current retained frontier is 1,747 parameters at 99.000000%, a +0.000000 percentage-point margin over 99%. There have been 25 prior macro-attempts in this family and 363 prior micro-trials. The most recent accepted result is attempt-0083/micro-0017 at 1747 parameters and 99.000000%; the most recent failed result is attempt-0081/micro-0007 (discard, 98.970000%). This is a parameterization-preserving compression of the depth-shared QKV transform: union flattened coordinates 762 and 397, whose learned values are 0.0234324429 and 0.0234716218 (difference 3.918e-05), with a multiplicity-weighted mean and integer reconstruction map. Hypothesis: the much larger attention tensor contains near-duplicate scalars below the token failure scale, so this union preserves qualification and yields 1,746 parameters. It is more informative than the next QKV union (difference 4.082e-05) because it is the minimum-distortion test at this new site. Acceptance and rollback remain solely governed by the official runner.	0	0
attempt-0083	next-shared-qkv-union-band	micro-0019	31f11e9be71342562dceb21da3787f9835607c93	8fd285fe055330f795bf1df2e8b507c3e5c68db9	2026-08-17T03:34:17.899354+00:00	parameter tying	99.010000%	1745	keep	Union closest shared-QKV scalar groups 613 and 728	Family: parameter tying. Current retained frontier is 1,746 parameters at 99.000000%, a +0.000000 percentage-point margin over 99%. There have been 25 prior macro-attempts in this family and 364 prior micro-trials. The most recent accepted result is attempt-0083/micro-0018 at 1746 parameters and 99.000000%; the most recent failed result is attempt-0081/micro-0007 (discard, 98.970000%). This is a parameterization-preserving compression of the depth-shared QKV transform: union flattened coordinates 613 and 728, whose learned values are -0.0009917330 and -0.0009509124 (difference 4.082e-05), with a multiplicity-weighted mean and integer reconstruction map. Hypothesis: the much larger attention tensor contains near-duplicate scalars below the token failure scale, so this union preserves qualification and yields 1,745 parameters. It is more informative than the next QKV union (difference 4.096e-05) because it is the minimum-distortion test at this new site. Acceptance and rollback remain solely governed by the official runner.	0	0
attempt-0083	next-shared-qkv-union-band	micro-0020	8bc754bff8bd13f93e1726431a4973a0d16cf297	31f11e9be71342562dceb21da3787f9835607c93	2026-08-17T03:35:30.365732+00:00	parameter tying	99.010000%	1744	keep	Union closest shared-QKV scalar groups 727 and 683	Family: parameter tying. Current retained frontier is 1,745 parameters at 99.010000%, a +0.010000 percentage-point margin over 99%. There have been 25 prior macro-attempts in this family and 365 prior micro-trials. The most recent accepted result is attempt-0083/micro-0019 at 1745 parameters and 99.010000%; the most recent failed result is attempt-0081/micro-0007 (discard, 98.970000%). This is a parameterization-preserving compression of the depth-shared QKV transform: union flattened coordinates 727 and 683, whose learned values are 0.0101759788 and 0.0102169365 (difference 4.096e-05), with a multiplicity-weighted mean and integer reconstruction map. Hypothesis: the much larger attention tensor contains near-duplicate scalars below the token failure scale, so this union preserves qualification and yields 1,744 parameters. It is more informative than the next QKV union (difference 4.293e-05) because it is the minimum-distortion test at this new site. Acceptance and rollback remain solely governed by the official runner.	0	0
attempt-0084	nearest-shared-ff-input-unions	micro-0001	8079e0bc345c19772b6a46a702f52bec0fe91006	8bc754bff8bd13f93e1726431a4973a0d16cf297	2026-08-17T03:38:19.731013+00:00	parameter tying	99.010000%	1743	keep	Union closest shared FF-input scalar groups 160 and 185	Family: parameter tying. Current retained frontier is 1,744 parameters at 99.010000%, a +0.010000 percentage-point margin over 99%. There have been 26 prior macro-attempts in this family and 366 prior micro-trials. The most recent accepted result is attempt-0083/micro-0020 at 1744 parameters and 99.010000%; the most recent failed result is attempt-0081/micro-0007 (discard, 98.970000%). This is a parameterization-preserving compression of the depth-shared feed-forward input map: union flattened coordinates 160 and 185, values -0.1290749907 and -0.1290711761 (difference 3.815e-06), using a weighted mean and integer reconstruction. Hypothesis: nonlinear feature construction contains near-duplicate scalars independent of QKV redundancy, preserving qualification at 1,743 parameters. It is more informative than the next FF-input union (difference 1.338e-05) because it is the minimum-distortion isolated test at this new mechanism site. Official acceptance and rollback are unchanged.	0	0
attempt-0084	nearest-shared-ff-input-unions	micro-0002	432310cbf98a53954dddfc5466a38cec62cf7e48	8079e0bc345c19772b6a46a702f52bec0fe91006	2026-08-17T03:39:27.714677+00:00	parameter tying	99.010000%	1742	keep	Union closest shared FF-input scalar groups 170 and 101	Family: parameter tying. Current retained frontier is 1,743 parameters at 99.010000%, a +0.010000 percentage-point margin over 99%. There have been 26 prior macro-attempts in this family and 367 prior micro-trials. The most recent accepted result is attempt-0084/micro-0001 at 1743 parameters and 99.010000%; the most recent failed result is attempt-0081/micro-0007 (discard, 98.970000%). This is a parameterization-preserving compression of the depth-shared feed-forward input map: union flattened coordinates 170 and 101, values 0.0102203330 and 0.0102337152 (difference 1.338e-05), using a weighted mean and integer reconstruction. Hypothesis: nonlinear feature construction contains near-duplicate scalars independent of QKV redundancy, preserving qualification at 1,742 parameters. It is more informative than the next FF-input union (difference 2.955e-05) because it is the minimum-distortion isolated test at this new mechanism site. Official acceptance and rollback are unchanged.	0	0
attempt-0084	nearest-shared-ff-input-unions	micro-0003	0619f38caaabd6294c5b9981d7237004112dfef0	432310cbf98a53954dddfc5466a38cec62cf7e48	2026-08-17T03:40:35.830072+00:00	parameter tying	99.010000%	1741	keep	Union closest shared FF-input scalar groups 43 and 197	Family: parameter tying. Current retained frontier is 1,742 parameters at 99.010000%, a +0.010000 percentage-point margin over 99%. There have been 26 prior macro-attempts in this family and 368 prior micro-trials. The most recent accepted result is attempt-0084/micro-0002 at 1742 parameters and 99.010000%; the most recent failed result is attempt-0081/micro-0007 (discard, 98.970000%). This is a parameterization-preserving compression of the depth-shared feed-forward input map: union flattened coordinates 43 and 197, values 0.1286740452 and 0.1287035942 (difference 2.955e-05), using a weighted mean and integer reconstruction. Hypothesis: nonlinear feature construction contains near-duplicate scalars independent of QKV redundancy, preserving qualification at 1,741 parameters. It is more informative than the next FF-input union (difference 3.268e-05) because it is the minimum-distortion isolated test at this new mechanism site. Official acceptance and rollback are unchanged.	0	0
attempt-0084	nearest-shared-ff-input-unions	micro-0004	fee0342c95bc9a5e648c0a0b653e41751044e311	0619f38caaabd6294c5b9981d7237004112dfef0	2026-08-17T03:41:53.745565+00:00	parameter tying	99.010000%	1740	keep	Union closest shared FF-input scalar groups 83 and 59	Family: parameter tying. Current retained frontier is 1,741 parameters at 99.010000%, a +0.010000 percentage-point margin over 99%. There have been 26 prior macro-attempts in this family and 369 prior micro-trials. The most recent accepted result is attempt-0084/micro-0003 at 1741 parameters and 99.010000%; the most recent failed result is attempt-0081/micro-0007 (discard, 98.970000%). This is a parameterization-preserving compression of the depth-shared feed-forward input map: union flattened coordinates 83 and 59, values -0.2417872697 and -0.2417545915 (difference 3.268e-05), using a weighted mean and integer reconstruction. Hypothesis: nonlinear feature construction contains near-duplicate scalars independent of QKV redundancy, preserving qualification at 1,740 parameters. It is more informative than the next FF-input union (difference 3.604e-05) because it is the minimum-distortion isolated test at this new mechanism site. Official acceptance and rollback are unchanged.	0	0
attempt-0084	nearest-shared-ff-input-unions	micro-0005	37e98b306a57b2cd33c958e55d931da273a45ff1	fee0342c95bc9a5e648c0a0b653e41751044e311	2026-08-17T03:43:07.368237+00:00	parameter tying	99.010000%	1739	keep	Union closest shared FF-input scalar groups 79 and 80	Family: parameter tying. Current retained frontier is 1,740 parameters at 99.010000%, a +0.010000 percentage-point margin over 99%. There have been 26 prior macro-attempts in this family and 370 prior micro-trials. The most recent accepted result is attempt-0084/micro-0004 at 1740 parameters and 99.010000%; the most recent failed result is attempt-0081/micro-0007 (discard, 98.970000%). This is a parameterization-preserving compression of the depth-shared feed-forward input map: union flattened coordinates 79 and 80, values -0.0480845459 and -0.0480485037 (difference 3.604e-05), using a weighted mean and integer reconstruction. Hypothesis: nonlinear feature construction contains near-duplicate scalars independent of QKV redundancy, preserving qualification at 1,739 parameters. It is more informative than the next FF-input union (difference 5.056e-05) because it is the minimum-distortion isolated test at this new mechanism site. Official acceptance and rollback are unchanged.	0	0
attempt-0084	nearest-shared-ff-input-unions	micro-0006	f9211e961347a0cb37006cd217dfdab60920450b	37e98b306a57b2cd33c958e55d931da273a45ff1	2026-08-17T03:44:16.233778+00:00	parameter tying	99.010000%	1738	keep	Union closest shared FF-input scalar groups 25 and 107	Family: parameter tying. Current retained frontier is 1,739 parameters at 99.010000%, a +0.010000 percentage-point margin over 99%. There have been 26 prior macro-attempts in this family and 371 prior micro-trials. The most recent accepted result is attempt-0084/micro-0005 at 1739 parameters and 99.010000%; the most recent failed result is attempt-0081/micro-0007 (discard, 98.970000%). This is a parameterization-preserving compression of the depth-shared feed-forward input map: union flattened coordinates 25 and 107, values 0.0713531151 and 0.0714036748 (difference 5.056e-05), using a weighted mean and integer reconstruction. Hypothesis: nonlinear feature construction contains near-duplicate scalars independent of QKV redundancy, preserving qualification at 1,738 parameters. It is more informative than the next FF-input union (difference 6.380e-05) because it is the minimum-distortion isolated test at this new mechanism site. Official acceptance and rollback are unchanged.	0	0
attempt-0084	nearest-shared-ff-input-unions	micro-0007	017e06a8377695694961876aa263fbe0e843dd99	f9211e961347a0cb37006cd217dfdab60920450b	2026-08-17T03:45:25.913256+00:00	parameter tying	99.010000%	1737	keep	Union closest shared FF-input scalar groups 76 and 163	Family: parameter tying. Current retained frontier is 1,738 parameters at 99.010000%, a +0.010000 percentage-point margin over 99%. There have been 26 prior macro-attempts in this family and 372 prior micro-trials. The most recent accepted result is attempt-0084/micro-0006 at 1738 parameters and 99.010000%; the most recent failed result is attempt-0081/micro-0007 (discard, 98.970000%). This is a parameterization-preserving compression of the depth-shared feed-forward input map: union flattened coordinates 76 and 163, values 0.0639156252 and 0.0639794245 (difference 6.380e-05), using a weighted mean and integer reconstruction. Hypothesis: nonlinear feature construction contains near-duplicate scalars independent of QKV redundancy, preserving qualification at 1,737 parameters. It is more informative than the next FF-input union (difference 7.805e-05) because it is the minimum-distortion isolated test at this new mechanism site. Official acceptance and rollback are unchanged.	0	0
attempt-0084	nearest-shared-ff-input-unions	micro-0008	ff68886d5684ee35554aa2f8b98ac9d2ce5d79ce	017e06a8377695694961876aa263fbe0e843dd99	2026-08-17T03:46:46.927981+00:00	parameter tying	99.010000%	1736	keep	Union closest shared FF-input scalar groups 207 and 30	Family: parameter tying. Current retained frontier is 1,737 parameters at 99.010000%, a +0.010000 percentage-point margin over 99%. There have been 26 prior macro-attempts in this family and 373 prior micro-trials. The most recent accepted result is attempt-0084/micro-0007 at 1737 parameters and 99.010000%; the most recent failed result is attempt-0081/micro-0007 (discard, 98.970000%). This is a parameterization-preserving compression of the depth-shared feed-forward input map: union flattened coordinates 207 and 30, values -0.0972653702 and -0.0971873179 (difference 7.805e-05), using a weighted mean and integer reconstruction. Hypothesis: nonlinear feature construction contains near-duplicate scalars independent of QKV redundancy, preserving qualification at 1,736 parameters. It is more informative than the next FF-input union (difference 1.174e-04) because it is the minimum-distortion isolated test at this new mechanism site. Official acceptance and rollback are unchanged.	0	0
attempt-0084	nearest-shared-ff-input-unions	micro-0009	7d88316b567ab7525082d8838ca9fc3a7f2ff643	ff68886d5684ee35554aa2f8b98ac9d2ce5d79ce	2026-08-17T03:48:04.434226+00:00	parameter tying	99.010000%	1735	keep	Union closest shared FF-input scalar groups 247 and 245	Family: parameter tying. Current retained frontier is 1,736 parameters at 99.010000%, a +0.010000 percentage-point margin over 99%. There have been 26 prior macro-attempts in this family and 374 prior micro-trials. The most recent accepted result is attempt-0084/micro-0008 at 1736 parameters and 99.010000%; the most recent failed result is attempt-0081/micro-0007 (discard, 98.970000%). This is a parameterization-preserving compression of the depth-shared feed-forward input map: union flattened coordinates 247 and 245, values 0.1725317240 and 0.1726491153 (difference 1.174e-04), using a weighted mean and integer reconstruction. Hypothesis: nonlinear feature construction contains near-duplicate scalars independent of QKV redundancy, preserving qualification at 1,735 parameters. It is more informative than the next FF-input union (difference 1.182e-04) because it is the minimum-distortion isolated test at this new mechanism site. Official acceptance and rollback are unchanged.	0	0
attempt-0084	nearest-shared-ff-input-unions	micro-0010	a8ea15439d8de88a40dfd82b9bd7183744761579	7d88316b567ab7525082d8838ca9fc3a7f2ff643	2026-08-17T03:49:17.398252+00:00	parameter tying	99.010000%	1734	keep	Union closest shared FF-input scalar groups 65 and 162	Family: parameter tying. Current retained frontier is 1,735 parameters at 99.010000%, a +0.010000 percentage-point margin over 99%. There have been 26 prior macro-attempts in this family and 375 prior micro-trials. The most recent accepted result is attempt-0084/micro-0009 at 1735 parameters and 99.010000%; the most recent failed result is attempt-0081/micro-0007 (discard, 98.970000%). This is a parameterization-preserving compression of the depth-shared feed-forward input map: union flattened coordinates 65 and 162, values -0.1751201153 and -0.1750019044 (difference 1.182e-04), using a weighted mean and integer reconstruction. Hypothesis: nonlinear feature construction contains near-duplicate scalars independent of QKV redundancy, preserving qualification at 1,734 parameters. It is more informative than the next FF-input union (difference 1.362e-04) because it is the minimum-distortion isolated test at this new mechanism site. Official acceptance and rollback are unchanged.	0	0
attempt-0084	nearest-shared-ff-input-unions	micro-0011	89b96790b1b72571aed6f98e4f880fe51be7b7d5	a8ea15439d8de88a40dfd82b9bd7183744761579	2026-08-17T03:50:29.077516+00:00	parameter tying	99.010000%	1733	keep	Union closest shared FF-input scalar groups 179 and 253	Family: parameter tying. Current retained frontier is 1,734 parameters at 99.010000%, a +0.010000 percentage-point margin over 99%. There have been 26 prior macro-attempts in this family and 376 prior micro-trials. The most recent accepted result is attempt-0084/micro-0010 at 1734 parameters and 99.010000%; the most recent failed result is attempt-0081/micro-0007 (discard, 98.970000%). This is a parameterization-preserving compression of the depth-shared feed-forward input map: union flattened coordinates 179 and 253, values -0.1336810291 and -0.1335448027 (difference 1.362e-04), using a weighted mean and integer reconstruction. Hypothesis: nonlinear feature construction contains near-duplicate scalars independent of QKV redundancy, preserving qualification at 1,733 parameters. It is more informative than the next FF-input union (difference 1.388e-04) because it is the minimum-distortion isolated test at this new mechanism site. Official acceptance and rollback are unchanged.	0	0
attempt-0084	nearest-shared-ff-input-unions	micro-0012	a6ff9a6905bff8c8fefd60a4a1c571896a318eeb	89b96790b1b72571aed6f98e4f880fe51be7b7d5	2026-08-17T03:51:40.772670+00:00	parameter tying	99.010000%	1732	keep	Union closest shared FF-input scalar groups 42 and 156	Family: parameter tying. Current retained frontier is 1,733 parameters at 99.010000%, a +0.010000 percentage-point margin over 99%. There have been 26 prior macro-attempts in this family and 377 prior micro-trials. The most recent accepted result is attempt-0084/micro-0011 at 1733 parameters and 99.010000%; the most recent failed result is attempt-0081/micro-0007 (discard, 98.970000%). This is a parameterization-preserving compression of the depth-shared feed-forward input map: union flattened coordinates 42 and 156, values -0.0990883633 and -0.0989495665 (difference 1.388e-04), using a weighted mean and integer reconstruction. Hypothesis: nonlinear feature construction contains near-duplicate scalars independent of QKV redundancy, preserving qualification at 1,732 parameters. It is more informative than the next FF-input union (difference 1.537e-04) because it is the minimum-distortion isolated test at this new mechanism site. Official acceptance and rollback are unchanged.	0	0
attempt-0084	nearest-shared-ff-input-unions	micro-0013	dc251313b3f5353b2696dc47558ef7de2cb7e0f2	a6ff9a6905bff8c8fefd60a4a1c571896a318eeb	2026-08-17T03:52:53.335938+00:00	parameter tying	99.020000%	1731	keep	Union closest shared FF-input scalar groups 252 and 184	Family: parameter tying. Current retained frontier is 1,732 parameters at 99.010000%, a +0.010000 percentage-point margin over 99%. There have been 26 prior macro-attempts in this family and 378 prior micro-trials. The most recent accepted result is attempt-0084/micro-0012 at 1732 parameters and 99.010000%; the most recent failed result is attempt-0081/micro-0007 (discard, 98.970000%). This is a parameterization-preserving compression of the depth-shared feed-forward input map: union flattened coordinates 252 and 184, values 0.1331697553 and 0.1333234459 (difference 1.537e-04), using a weighted mean and integer reconstruction. Hypothesis: nonlinear feature construction contains near-duplicate scalars independent of QKV redundancy, preserving qualification at 1,731 parameters. It is more informative than the next FF-input union (difference 1.541e-04) because it is the minimum-distortion isolated test at this new mechanism site. Official acceptance and rollback are unchanged.	0	0
attempt-0084	nearest-shared-ff-input-unions	micro-0014	e3b30c857abad04a61e01e9b0049255e43206ff1	dc251313b3f5353b2696dc47558ef7de2cb7e0f2	2026-08-17T03:54:11.899852+00:00	parameter tying	99.010000%	1730	keep	Union closest shared FF-input scalar groups 146 and 172	Family: parameter tying. Current retained frontier is 1,731 parameters at 99.020000%, a +0.020000 percentage-point margin over 99%. There have been 26 prior macro-attempts in this family and 379 prior micro-trials. The most recent accepted result is attempt-0084/micro-0013 at 1731 parameters and 99.020000%; the most recent failed result is attempt-0081/micro-0007 (discard, 98.970000%). This is a parameterization-preserving compression of the depth-shared feed-forward input map: union flattened coordinates 146 and 172, values 0.2025094181 and 0.2026635557 (difference 1.541e-04), using a weighted mean and integer reconstruction. Hypothesis: nonlinear feature construction contains near-duplicate scalars independent of QKV redundancy, preserving qualification at 1,730 parameters. It is more informative than the next FF-input union (difference 1.575e-04) because it is the minimum-distortion isolated test at this new mechanism site. Official acceptance and rollback are unchanged.	0	0
attempt-0084	nearest-shared-ff-input-unions	micro-0015	f4fdcb2d5cd46f156e70a17d84555aaeee7f515e	e3b30c857abad04a61e01e9b0049255e43206ff1	2026-08-17T03:55:28.458822+00:00	parameter tying	99.010000%	1729	keep	Union closest shared FF-input scalar groups 55 and 63	Family: parameter tying. Current retained frontier is 1,730 parameters at 99.010000%, a +0.010000 percentage-point margin over 99%. There have been 26 prior macro-attempts in this family and 380 prior micro-trials. The most recent accepted result is attempt-0084/micro-0014 at 1730 parameters and 99.010000%; the most recent failed result is attempt-0081/micro-0007 (discard, 98.970000%). This is a parameterization-preserving compression of the depth-shared feed-forward input map: union flattened coordinates 55 and 63, values 0.2853092849 and 0.2854667902 (difference 1.575e-04), using a weighted mean and integer reconstruction. Hypothesis: nonlinear feature construction contains near-duplicate scalars independent of QKV redundancy, preserving qualification at 1,729 parameters. It is more informative than the next FF-input union (difference 1.626e-04) because it is the minimum-distortion isolated test at this new mechanism site. Official acceptance and rollback are unchanged.	0	0
attempt-0084	nearest-shared-ff-input-unions	micro-0016	7f781c0cca083de0354a30364d8aadc9def98733	f4fdcb2d5cd46f156e70a17d84555aaeee7f515e	2026-08-17T03:56:41.601436+00:00	parameter tying	99.010000%	1728	keep	Union closest shared FF-input scalar groups 196 and 134	Family: parameter tying. Current retained frontier is 1,729 parameters at 99.010000%, a +0.010000 percentage-point margin over 99%. There have been 26 prior macro-attempts in this family and 381 prior micro-trials. The most recent accepted result is attempt-0084/micro-0015 at 1729 parameters and 99.010000%; the most recent failed result is attempt-0081/micro-0007 (discard, 98.970000%). This is a parameterization-preserving compression of the depth-shared feed-forward input map: union flattened coordinates 196 and 134, values 0.0289742015 and 0.0291367956 (difference 1.626e-04), using a weighted mean and integer reconstruction. Hypothesis: nonlinear feature construction contains near-duplicate scalars independent of QKV redundancy, preserving qualification at 1,728 parameters. It is more informative than the next FF-input union (difference 1.668e-04) because it is the minimum-distortion isolated test at this new mechanism site. Official acceptance and rollback are unchanged.	0	0
attempt-0084	nearest-shared-ff-input-unions	micro-0017	01a2a709cd4e00b5572cbb5a9554d28b0436374d	7f781c0cca083de0354a30364d8aadc9def98733	2026-08-17T03:57:56.679733+00:00	parameter tying	99.010000%	1727	keep	Union closest shared FF-input scalar groups 225 and 2	Family: parameter tying. Current retained frontier is 1,728 parameters at 99.010000%, a +0.010000 percentage-point margin over 99%. There have been 26 prior macro-attempts in this family and 382 prior micro-trials. The most recent accepted result is attempt-0084/micro-0016 at 1728 parameters and 99.010000%; the most recent failed result is attempt-0081/micro-0007 (discard, 98.970000%). This is a parameterization-preserving compression of the depth-shared feed-forward input map: union flattened coordinates 225 and 2, values 0.1963046491 and 0.1964714825 (difference 1.668e-04), using a weighted mean and integer reconstruction. Hypothesis: nonlinear feature construction contains near-duplicate scalars independent of QKV redundancy, preserving qualification at 1,727 parameters. It is more informative than the next FF-input union (difference 1.721e-04) because it is the minimum-distortion isolated test at this new mechanism site. Official acceptance and rollback are unchanged.	0	0
attempt-0084	nearest-shared-ff-input-unions	micro-0018	c17f3a713e58ee546f6650486b8a5c78401a7e5d	01a2a709cd4e00b5572cbb5a9554d28b0436374d	2026-08-17T03:59:11.653457+00:00	parameter tying	99.010000%	1726	keep	Union closest shared FF-input scalar groups 220 and 18	Family: parameter tying. Current retained frontier is 1,727 parameters at 99.010000%, a +0.010000 percentage-point margin over 99%. There have been 26 prior macro-attempts in this family and 383 prior micro-trials. The most recent accepted result is attempt-0084/micro-0017 at 1727 parameters and 99.010000%; the most recent failed result is attempt-0081/micro-0007 (discard, 98.970000%). This is a parameterization-preserving compression of the depth-shared feed-forward input map: union flattened coordinates 220 and 18, values 0.2642554641 and 0.2644275725 (difference 1.721e-04), using a weighted mean and integer reconstruction. Hypothesis: nonlinear feature construction contains near-duplicate scalars independent of QKV redundancy, preserving qualification at 1,726 parameters. It is more informative than the next FF-input union (difference 1.871e-04) because it is the minimum-distortion isolated test at this new mechanism site. Official acceptance and rollback are unchanged.	0	0
attempt-0084	nearest-shared-ff-input-unions	micro-0019	8104c9715b545460e441d70188d1ce2620a1776d	c17f3a713e58ee546f6650486b8a5c78401a7e5d	2026-08-17T04:00:24.260533+00:00	parameter tying	99.010000%	1725	keep	Union closest shared FF-input scalar groups 140 and 139	Family: parameter tying. Current retained frontier is 1,726 parameters at 99.010000%, a +0.010000 percentage-point margin over 99%. There have been 26 prior macro-attempts in this family and 384 prior micro-trials. The most recent accepted result is attempt-0084/micro-0018 at 1726 parameters and 99.010000%; the most recent failed result is attempt-0081/micro-0007 (discard, 98.970000%). This is a parameterization-preserving compression of the depth-shared feed-forward input map: union flattened coordinates 140 and 139, values 0.0396046415 and 0.0397917628 (difference 1.871e-04), using a weighted mean and integer reconstruction. Hypothesis: nonlinear feature construction contains near-duplicate scalars independent of QKV redundancy, preserving qualification at 1,725 parameters. It is more informative than the next FF-input union (difference 1.888e-04) because it is the minimum-distortion isolated test at this new mechanism site. Official acceptance and rollback are unchanged.	0	0
attempt-0084	nearest-shared-ff-input-unions	micro-0020	f2048e7224960779b1ee1f3f5cccc623f1392f07	8104c9715b545460e441d70188d1ce2620a1776d	2026-08-17T04:01:36.443246+00:00	parameter tying	99.020000%	1724	keep	Union closest shared FF-input scalar groups 210 and 119	Family: parameter tying. Current retained frontier is 1,725 parameters at 99.010000%, a +0.010000 percentage-point margin over 99%. There have been 26 prior macro-attempts in this family and 385 prior micro-trials. The most recent accepted result is attempt-0084/micro-0019 at 1725 parameters and 99.010000%; the most recent failed result is attempt-0081/micro-0007 (discard, 98.970000%). This is a parameterization-preserving compression of the depth-shared feed-forward input map: union flattened coordinates 210 and 119, values 0.0342347696 and 0.0344235338 (difference 1.888e-04), using a weighted mean and integer reconstruction. Hypothesis: nonlinear feature construction contains near-duplicate scalars independent of QKV redundancy, preserving qualification at 1,724 parameters. It is more informative than the next FF-input union (difference 1.898e-04) because it is the minimum-distortion isolated test at this new mechanism site. Official acceptance and rollback are unchanged.	0	0
attempt-0085	nearest-shared-ff-output-unions	micro-0001	832ad01d28df4fb58ad69391a2c0c959a13a7996	f2048e7224960779b1ee1f3f5cccc623f1392f07	2026-08-17T04:04:26.748754+00:00	parameter tying	99.020000%	1723	keep	Union closest shared FF-output scalar groups 199 and 228	Family: parameter tying. Current retained frontier is 1,724 parameters at 99.020000%, a +0.020000 percentage-point margin over 99%. There have been 27 prior macro-attempts in this family and 386 prior micro-trials. The most recent accepted result is attempt-0084/micro-0020 at 1724 parameters and 99.020000%; the most recent failed result is attempt-0081/micro-0007 (discard, 98.970000%). This is a parameterization-preserving compression of the depth-shared feed-forward output map: union flattened coordinates 199 and 228, values -0.0197353885 and -0.0197352841 (difference 1.043e-07), using a weighted mean and integer reconstruction. Hypothesis: residual-stream reconstruction contains near-duplicate scalars distinct from FF-input redundancy, preserving qualification at 1,723 parameters. It is more informative than the next FF-output union (difference 3.807e-06) because it is the minimum-distortion isolated test of the complementary FF map. Official acceptance and rollback are unchanged.	0	0
attempt-0085	nearest-shared-ff-output-unions	micro-0002	799dd97b8fc12e4a183c46cb90c9674dbc1f1d7a	832ad01d28df4fb58ad69391a2c0c959a13a7996	2026-08-17T04:05:50.915280+00:00	parameter tying	99.010000%	1722	keep	Union closest shared FF-output scalar groups 103 and 249	Family: parameter tying. Current retained frontier is 1,723 parameters at 99.020000%, a +0.020000 percentage-point margin over 99%. There have been 27 prior macro-attempts in this family and 387 prior micro-trials. The most recent accepted result is attempt-0085/micro-0001 at 1723 parameters and 99.020000%; the most recent failed result is attempt-0081/micro-0007 (discard, 98.970000%). This is a parameterization-preserving compression of the depth-shared feed-forward output map: union flattened coordinates 103 and 249, values 0.0410498828 and 0.0410536900 (difference 3.807e-06), using a weighted mean and integer reconstruction. Hypothesis: residual-stream reconstruction contains near-duplicate scalars distinct from FF-input redundancy, preserving qualification at 1,722 parameters. It is more informative than the next FF-output union (difference 5.979e-06) because it is the minimum-distortion isolated test of the complementary FF map. Official acceptance and rollback are unchanged.	0	0
attempt-0085	nearest-shared-ff-output-unions	micro-0003	b7052dc159bc5bfa6fd32b0da5dcedd825f61775	799dd97b8fc12e4a183c46cb90c9674dbc1f1d7a	2026-08-17T04:07:09.092979+00:00	parameter tying	99.010000%	1721	keep	Union closest shared FF-output scalar groups 5 and 251	Family: parameter tying. Current retained frontier is 1,722 parameters at 99.010000%, a +0.010000 percentage-point margin over 99%. There have been 27 prior macro-attempts in this family and 388 prior micro-trials. The most recent accepted result is attempt-0085/micro-0002 at 1722 parameters and 99.010000%; the most recent failed result is attempt-0081/micro-0007 (discard, 98.970000%). This is a parameterization-preserving compression of the depth-shared feed-forward output map: union flattened coordinates 5 and 251, values -0.0478998274 and -0.0478938483 (difference 5.979e-06), using a weighted mean and integer reconstruction. Hypothesis: residual-stream reconstruction contains near-duplicate scalars distinct from FF-input redundancy, preserving qualification at 1,721 parameters. It is more informative than the next FF-output union (difference 7.624e-06) because it is the minimum-distortion isolated test of the complementary FF map. Official acceptance and rollback are unchanged.	0	0
attempt-0085	nearest-shared-ff-output-unions	micro-0004	7b821e2f6b51456d08261a0a0ece50bff7c53d10	b7052dc159bc5bfa6fd32b0da5dcedd825f61775	2026-08-17T04:08:26.285314+00:00	parameter tying	99.010000%	1720	keep	Union closest shared FF-output scalar groups 202 and 83	Family: parameter tying. Current retained frontier is 1,721 parameters at 99.010000%, a +0.010000 percentage-point margin over 99%. There have been 27 prior macro-attempts in this family and 389 prior micro-trials. The most recent accepted result is attempt-0085/micro-0003 at 1721 parameters and 99.010000%; the most recent failed result is attempt-0081/micro-0007 (discard, 98.970000%). This is a parameterization-preserving compression of the depth-shared feed-forward output map: union flattened coordinates 202 and 83, values -0.0252074134 and -0.0251997896 (difference 7.624e-06), using a weighted mean and integer reconstruction. Hypothesis: residual-stream reconstruction contains near-duplicate scalars distinct from FF-input redundancy, preserving qualification at 1,720 parameters. It is more informative than the next FF-output union (difference 8.213e-06) because it is the minimum-distortion isolated test of the complementary FF map. Official acceptance and rollback are unchanged.	0	0
attempt-0085	nearest-shared-ff-output-unions	micro-0005	c4f20b83968a43fbe7473aed169cd6fc0405c303	7b821e2f6b51456d08261a0a0ece50bff7c53d10	2026-08-17T04:09:40.540816+00:00	parameter tying	99.010000%	1719	keep	Union closest shared FF-output scalar groups 95 and 186	Family: parameter tying. Current retained frontier is 1,720 parameters at 99.010000%, a +0.010000 percentage-point margin over 99%. There have been 27 prior macro-attempts in this family and 390 prior micro-trials. The most recent accepted result is attempt-0085/micro-0004 at 1720 parameters and 99.010000%; the most recent failed result is attempt-0081/micro-0007 (discard, 98.970000%). This is a parameterization-preserving compression of the depth-shared feed-forward output map: union flattened coordinates 95 and 186, values -0.0073430655 and -0.0073348526 (difference 8.213e-06), using a weighted mean and integer reconstruction. Hypothesis: residual-stream reconstruction contains near-duplicate scalars distinct from FF-input redundancy, preserving qualification at 1,719 parameters. It is more informative than the next FF-output union (difference 1.008e-05) because it is the minimum-distortion isolated test of the complementary FF map. Official acceptance and rollback are unchanged.	0	0
attempt-0085	nearest-shared-ff-output-unions	micro-0006	e3473bdfd4d92068cbd1a116155030a0e2d01b54	c4f20b83968a43fbe7473aed169cd6fc0405c303	2026-08-17T04:11:00.631150+00:00	parameter tying	99.010000%	1718	keep	Union closest shared FF-output scalar groups 173 and 74	Family: parameter tying. Current retained frontier is 1,719 parameters at 99.010000%, a +0.010000 percentage-point margin over 99%. There have been 27 prior macro-attempts in this family and 391 prior micro-trials. The most recent accepted result is attempt-0085/micro-0005 at 1719 parameters and 99.010000%; the most recent failed result is attempt-0081/micro-0007 (discard, 98.970000%). This is a parameterization-preserving compression of the depth-shared feed-forward output map: union flattened coordinates 173 and 74, values -0.0099952463 and -0.0099851647 (difference 1.008e-05), using a weighted mean and integer reconstruction. Hypothesis: residual-stream reconstruction contains near-duplicate scalars distinct from FF-input redundancy, preserving qualification at 1,718 parameters. It is more informative than the next FF-output union (difference 1.588e-05) because it is the minimum-distortion isolated test of the complementary FF map. Official acceptance and rollback are unchanged.	0	0
attempt-0085	nearest-shared-ff-output-unions	micro-0007	80a4b5c100bce06596a0d58d231e700cc61cd63c	e3473bdfd4d92068cbd1a116155030a0e2d01b54	2026-08-17T04:12:19.365581+00:00	parameter tying	99.010000%	1717	keep	Union closest shared FF-output scalar groups 31 and 15	Family: parameter tying. Current retained frontier is 1,718 parameters at 99.010000%, a +0.010000 percentage-point margin over 99%. There have been 27 prior macro-attempts in this family and 392 prior micro-trials. The most recent accepted result is attempt-0085/micro-0006 at 1718 parameters and 99.010000%; the most recent failed result is attempt-0081/micro-0007 (discard, 98.970000%). This is a parameterization-preserving compression of the depth-shared feed-forward output map: union flattened coordinates 31 and 15, values -0.0231396053 and -0.0231237300 (difference 1.588e-05), using a weighted mean and integer reconstruction. Hypothesis: residual-stream reconstruction contains near-duplicate scalars distinct from FF-input redundancy, preserving qualification at 1,717 parameters. It is more informative than the next FF-output union (difference 1.649e-05) because it is the minimum-distortion isolated test of the complementary FF map. Official acceptance and rollback are unchanged.	0	0
attempt-0085	nearest-shared-ff-output-unions	micro-0008	bc72ac30a154e6b3e88f6f80386b1b3ace9a9858	80a4b5c100bce06596a0d58d231e700cc61cd63c	2026-08-17T04:13:35.237278+00:00	parameter tying	99.010000%	1716	keep	Union closest shared FF-output scalar groups 193 and 56	Family: parameter tying. Current retained frontier is 1,717 parameters at 99.010000%, a +0.010000 percentage-point margin over 99%. There have been 27 prior macro-attempts in this family and 393 prior micro-trials. The most recent accepted result is attempt-0085/micro-0007 at 1717 parameters and 99.010000%; the most recent failed result is attempt-0081/micro-0007 (discard, 98.970000%). This is a parameterization-preserving compression of the depth-shared feed-forward output map: union flattened coordinates 193 and 56, values -0.0082539106 and -0.0082374234 (difference 1.649e-05), using a weighted mean and integer reconstruction. Hypothesis: residual-stream reconstruction contains near-duplicate scalars distinct from FF-input redundancy, preserving qualification at 1,716 parameters. It is more informative than the next FF-output union (difference 2.470e-05) because it is the minimum-distortion isolated test of the complementary FF map. Official acceptance and rollback are unchanged.	0	0
attempt-0085	nearest-shared-ff-output-unions	micro-0009	3f00aa697c5d48617c019077c388daa68f927438	bc72ac30a154e6b3e88f6f80386b1b3ace9a9858	2026-08-17T04:14:44.121935+00:00	parameter tying	99.010000%	1715	keep	Union closest shared FF-output scalar groups 66 and 72	Family: parameter tying. Current retained frontier is 1,716 parameters at 99.010000%, a +0.010000 percentage-point margin over 99%. There have been 27 prior macro-attempts in this family and 394 prior micro-trials. The most recent accepted result is attempt-0085/micro-0008 at 1716 parameters and 99.010000%; the most recent failed result is attempt-0081/micro-0007 (discard, 98.970000%). This is a parameterization-preserving compression of the depth-shared feed-forward output map: union flattened coordinates 66 and 72, values -0.0175382923 and -0.0175135955 (difference 2.470e-05), using a weighted mean and integer reconstruction. Hypothesis: residual-stream reconstruction contains near-duplicate scalars distinct from FF-input redundancy, preserving qualification at 1,715 parameters. It is more informative than the next FF-output union (difference 2.620e-05) because it is the minimum-distortion isolated test of the complementary FF map. Official acceptance and rollback are unchanged.	0	0
attempt-0085	nearest-shared-ff-output-unions	micro-0010	aca5b7e7293d2da74f89addd26d54717b0357f31	3f00aa697c5d48617c019077c388daa68f927438	2026-08-17T04:15:54.571697+00:00	parameter tying	99.020000%	1714	keep	Union closest shared FF-output scalar groups 13 and 81	Family: parameter tying. Current retained frontier is 1,715 parameters at 99.010000%, a +0.010000 percentage-point margin over 99%. There have been 27 prior macro-attempts in this family and 395 prior micro-trials. The most recent accepted result is attempt-0085/micro-0009 at 1715 parameters and 99.010000%; the most recent failed result is attempt-0081/micro-0007 (discard, 98.970000%). This is a parameterization-preserving compression of the depth-shared feed-forward output map: union flattened coordinates 13 and 81, values -0.0195355304 and -0.0195093341 (difference 2.620e-05), using a weighted mean and integer reconstruction. Hypothesis: residual-stream reconstruction contains near-duplicate scalars distinct from FF-input redundancy, preserving qualification at 1,714 parameters. It is more informative than the next FF-output union (difference 2.776e-05) because it is the minimum-distortion isolated test of the complementary FF map. Official acceptance and rollback are unchanged.	0	0
attempt-0085	nearest-shared-ff-output-unions	micro-0011	04642bc33a43291315044a7f9c4a7043dc17620a	aca5b7e7293d2da74f89addd26d54717b0357f31	2026-08-17T04:17:09.018678+00:00	parameter tying	99.020000%	1713	keep	Union closest shared FF-output scalar groups 111 and 229	Family: parameter tying. Current retained frontier is 1,714 parameters at 99.020000%, a +0.020000 percentage-point margin over 99%. There have been 27 prior macro-attempts in this family and 396 prior micro-trials. The most recent accepted result is attempt-0085/micro-0010 at 1714 parameters and 99.020000%; the most recent failed result is attempt-0081/micro-0007 (discard, 98.970000%). This is a parameterization-preserving compression of the depth-shared feed-forward output map: union flattened coordinates 111 and 229, values -0.0503592528 and -0.0503314957 (difference 2.776e-05), using a weighted mean and integer reconstruction. Hypothesis: residual-stream reconstruction contains near-duplicate scalars distinct from FF-input redundancy, preserving qualification at 1,713 parameters. It is more informative than the next FF-output union (difference 3.893e-05) because it is the minimum-distortion isolated test of the complementary FF map. Official acceptance and rollback are unchanged.	0	0
attempt-0085	nearest-shared-ff-output-unions	micro-0012	4adf7ab6dc39eba4b0df5efd3c1e9f0e99c9b629	04642bc33a43291315044a7f9c4a7043dc17620a	2026-08-17T04:18:45.179460+00:00	parameter tying	99.020000%	1712	keep	Union closest shared FF-output scalar groups 207 and 184	Family: parameter tying. Current retained frontier is 1,713 parameters at 99.020000%, a +0.020000 percentage-point margin over 99%. There have been 27 prior macro-attempts in this family and 397 prior micro-trials. The most recent accepted result is attempt-0085/micro-0011 at 1713 parameters and 99.020000%; the most recent failed result is attempt-0081/micro-0007 (discard, 98.970000%). This is a parameterization-preserving compression of the depth-shared feed-forward output map: union flattened coordinates 207 and 184, values -0.0307737924 and -0.0307348650 (difference 3.893e-05), using a weighted mean and integer reconstruction. Hypothesis: residual-stream reconstruction contains near-duplicate scalars distinct from FF-input redundancy, preserving qualification at 1,712 parameters. It is more informative than the next FF-output union (difference 4.079e-05) because it is the minimum-distortion isolated test of the complementary FF map. Official acceptance and rollback are unchanged.	0	0
attempt-0085	nearest-shared-ff-output-unions	micro-0013	d3681c99f5cf420c6206a8b740360d79186277b0	4adf7ab6dc39eba4b0df5efd3c1e9f0e99c9b629	2026-08-17T04:19:52.562623+00:00	parameter tying	99.030000%	1711	keep	Union closest shared FF-output scalar groups 210 and 204	Family: parameter tying. Current retained frontier is 1,712 parameters at 99.020000%, a +0.020000 percentage-point margin over 99%. There have been 27 prior macro-attempts in this family and 398 prior micro-trials. The most recent accepted result is attempt-0085/micro-0012 at 1712 parameters and 99.020000%; the most recent failed result is attempt-0081/micro-0007 (discard, 98.970000%). This is a parameterization-preserving compression of the depth-shared feed-forward output map: union flattened coordinates 210 and 204, values 0.0001060503 and 0.0001468362 (difference 4.079e-05), using a weighted mean and integer reconstruction. Hypothesis: residual-stream reconstruction contains near-duplicate scalars distinct from FF-input redundancy, preserving qualification at 1,711 parameters. It is more informative than the next FF-output union (difference 4.682e-05) because it is the minimum-distortion isolated test of the complementary FF map. Official acceptance and rollback are unchanged.	0	0
attempt-0085	nearest-shared-ff-output-unions	micro-0014	1f4cdfbd5c63a96056ffc871a99393ac0e055632	d3681c99f5cf420c6206a8b740360d79186277b0	2026-08-17T04:21:04.607202+00:00	parameter tying	99.030000%	1710	keep	Union closest shared FF-output scalar groups 145 and 83	Family: parameter tying. Current retained frontier is 1,711 parameters at 99.030000%, a +0.030000 percentage-point margin over 99%. There have been 27 prior macro-attempts in this family and 399 prior micro-trials. The most recent accepted result is attempt-0085/micro-0013 at 1711 parameters and 99.030000%; the most recent failed result is attempt-0081/micro-0007 (discard, 98.970000%). This is a parameterization-preserving compression of the depth-shared feed-forward output map: union flattened coordinates 145 and 83, values -0.0252504200 and -0.0252036005 (difference 4.682e-05), using a weighted mean and integer reconstruction. Hypothesis: residual-stream reconstruction contains near-duplicate scalars distinct from FF-input redundancy, preserving qualification at 1,710 parameters. It is more informative than the next FF-output union (difference 4.716e-05) because it is the minimum-distortion isolated test of the complementary FF map. Official acceptance and rollback are unchanged.	0	0
attempt-0085	nearest-shared-ff-output-unions	micro-0015	ed7d2b8ad2ea3cc69b3777ccfc34f79d95100ffd	1f4cdfbd5c63a96056ffc871a99393ac0e055632	2026-08-17T04:22:22.987978+00:00	parameter tying	99.020000%	1709	keep	Union closest shared FF-output scalar groups 63 and 181	Family: parameter tying. Current retained frontier is 1,710 parameters at 99.030000%, a +0.030000 percentage-point margin over 99%. There have been 27 prior macro-attempts in this family and 400 prior micro-trials. The most recent accepted result is attempt-0085/micro-0014 at 1710 parameters and 99.030000%; the most recent failed result is attempt-0081/micro-0007 (discard, 98.970000%). This is a parameterization-preserving compression of the depth-shared feed-forward output map: union flattened coordinates 63 and 181, values -0.0254053138 and -0.0253581516 (difference 4.716e-05), using a weighted mean and integer reconstruction. Hypothesis: residual-stream reconstruction contains near-duplicate scalars distinct from FF-input redundancy, preserving qualification at 1,709 parameters. It is more informative than the next FF-output union (difference 5.810e-05) because it is the minimum-distortion isolated test of the complementary FF map. Official acceptance and rollback are unchanged.	0	0
attempt-0085	nearest-shared-ff-output-unions	micro-0016	b976e03e28ef83f82d67e3768682557613fd072f	ed7d2b8ad2ea3cc69b3777ccfc34f79d95100ffd	2026-08-17T04:23:40.926323+00:00	parameter tying	99.020000%	1708	keep	Union closest shared FF-output scalar groups 55 and 61	Family: parameter tying. Current retained frontier is 1,709 parameters at 99.020000%, a +0.020000 percentage-point margin over 99%. There have been 27 prior macro-attempts in this family and 401 prior micro-trials. The most recent accepted result is attempt-0085/micro-0015 at 1709 parameters and 99.020000%; the most recent failed result is attempt-0081/micro-0007 (discard, 98.970000%). This is a parameterization-preserving compression of the depth-shared feed-forward output map: union flattened coordinates 55 and 61, values 0.0049204291 and 0.0049785334 (difference 5.810e-05), using a weighted mean and integer reconstruction. Hypothesis: residual-stream reconstruction contains near-duplicate scalars distinct from FF-input redundancy, preserving qualification at 1,708 parameters. It is more informative than the next FF-output union (difference 6.338e-05) because it is the minimum-distortion isolated test of the complementary FF map. Official acceptance and rollback are unchanged.	0	0
attempt-0085	nearest-shared-ff-output-unions	micro-0017	64aa2d669588e5217500411b4aa820920c661f36	b976e03e28ef83f82d67e3768682557613fd072f	2026-08-17T04:24:56.548765+00:00	parameter tying	99.030000%	1707	keep	Union closest shared FF-output scalar groups 74 and 112	Family: parameter tying. Current retained frontier is 1,708 parameters at 99.020000%, a +0.020000 percentage-point margin over 99%. There have been 27 prior macro-attempts in this family and 402 prior micro-trials. The most recent accepted result is attempt-0085/micro-0016 at 1708 parameters and 99.020000%; the most recent failed result is attempt-0081/micro-0007 (discard, 98.970000%). This is a parameterization-preserving compression of the depth-shared feed-forward output map: union flattened coordinates 74 and 112, values -0.0099902060 and -0.0099268220 (difference 6.338e-05), using a weighted mean and integer reconstruction. Hypothesis: residual-stream reconstruction contains near-duplicate scalars distinct from FF-input redundancy, preserving qualification at 1,707 parameters. It is more informative than the next FF-output union (difference 7.509e-05) because it is the minimum-distortion isolated test of the complementary FF map. Official acceptance and rollback are unchanged.	0	0
attempt-0085	nearest-shared-ff-output-unions	micro-0018	9bcc4bc2b10505d4e16e0a822684ddcc29efe1b3	64aa2d669588e5217500411b4aa820920c661f36	2026-08-17T04:26:11.255067+00:00	parameter tying	99.030000%	1706	keep	Union closest shared FF-output scalar groups 211 and 197	Family: parameter tying. Current retained frontier is 1,707 parameters at 99.030000%, a +0.030000 percentage-point margin over 99%. There have been 27 prior macro-attempts in this family and 403 prior micro-trials. The most recent accepted result is attempt-0085/micro-0017 at 1707 parameters and 99.030000%; the most recent failed result is attempt-0081/micro-0007 (discard, 98.970000%). This is a parameterization-preserving compression of the depth-shared feed-forward output map: union flattened coordinates 211 and 197, values 0.0251524076 and 0.0252274945 (difference 7.509e-05), using a weighted mean and integer reconstruction. Hypothesis: residual-stream reconstruction contains near-duplicate scalars distinct from FF-input redundancy, preserving qualification at 1,706 parameters. It is more informative than the next FF-output union (difference 9.218e-05) because it is the minimum-distortion isolated test of the complementary FF map. Official acceptance and rollback are unchanged.	0	0
attempt-0085	nearest-shared-ff-output-unions	micro-0019	947fbcb92f9e80aac713060b8bfb18c34e216b4e	9bcc4bc2b10505d4e16e0a822684ddcc29efe1b3	2026-08-17T04:27:28.291534+00:00	parameter tying	99.030000%	1705	keep	Union closest shared FF-output scalar groups 246 and 15	Family: parameter tying. Current retained frontier is 1,706 parameters at 99.030000%, a +0.030000 percentage-point margin over 99%. There have been 27 prior macro-attempts in this family and 404 prior micro-trials. The most recent accepted result is attempt-0085/micro-0018 at 1706 parameters and 99.030000%; the most recent failed result is attempt-0081/micro-0007 (discard, 98.970000%). This is a parameterization-preserving compression of the depth-shared feed-forward output map: union flattened coordinates 246 and 15, values -0.0232238527 and -0.0231316686 (difference 9.218e-05), using a weighted mean and integer reconstruction. Hypothesis: residual-stream reconstruction contains near-duplicate scalars distinct from FF-input redundancy, preserving qualification at 1,705 parameters. It is more informative than the next FF-output union (difference 1.006e-04) because it is the minimum-distortion isolated test of the complementary FF map. Official acceptance and rollback are unchanged.	0	0
attempt-0085	nearest-shared-ff-output-unions	micro-0020	2753ce4cf4b2ae0a180c09885939688102954562	947fbcb92f9e80aac713060b8bfb18c34e216b4e	2026-08-17T04:28:45.518176+00:00	parameter tying	99.010000%	1704	keep	Union closest shared FF-output scalar groups 185 and 93	Family: parameter tying. Current retained frontier is 1,705 parameters at 99.030000%, a +0.030000 percentage-point margin over 99%. There have been 27 prior macro-attempts in this family and 405 prior micro-trials. The most recent accepted result is attempt-0085/micro-0019 at 1705 parameters and 99.030000%; the most recent failed result is attempt-0081/micro-0007 (discard, 98.970000%). This is a parameterization-preserving compression of the depth-shared feed-forward output map: union flattened coordinates 185 and 93, values -0.0124866515 and -0.0123860482 (difference 1.006e-04), using a weighted mean and integer reconstruction. Hypothesis: residual-stream reconstruction contains near-duplicate scalars distinct from FF-input redundancy, preserving qualification at 1,704 parameters. It is more informative than the next FF-output union (difference 1.015e-04) because it is the minimum-distortion isolated test of the complementary FF map. Official acceptance and rollback are unchanged.	0	0
attempt-0086	next-shared-ff-input-union-band	micro-0001	6000f4d1dce863b699388bb933d3c146e8becfef	2753ce4cf4b2ae0a180c09885939688102954562	2026-08-17T04:30:54.973342+00:00	parameter tying	3.820000%	1703	discard	Union closest shared FF-input scalar groups 233 and 91	Family: parameter tying. Current retained frontier is 1,704 parameters at 99.010000%, a +0.010000 percentage-point margin over 99%. There have been 28 prior macro-attempts in this family and 406 prior micro-trials. The most recent accepted result is attempt-0085/micro-0020 at 1704 parameters and 99.010000%; the most recent failed result is attempt-0081/micro-0007 (discard, 98.970000%). This is a parameterization-preserving compression of the depth-shared feed-forward input map: union flattened coordinates 233 and 91, values 0.0280277841 and 0.0282175746 (difference 1.898e-04), using a weighted mean and integer reconstruction. Hypothesis: nonlinear feature construction contains near-duplicate scalars independent of QKV redundancy, preserving qualification at 1,703 parameters. It is more informative than the next FF-input union (difference 1.986e-04) because it is the minimum-distortion isolated test at this new mechanism site. Official acceptance and rollback are unchanged.	0	0
attempt-0087	next-shared-ff-output-union-band	micro-0001	684fd5c2ca674d6d04e9d861293756001d5dccfa	2753ce4cf4b2ae0a180c09885939688102954562	2026-08-17T04:33:00.791209+00:00	parameter tying	99.020000%	1703	keep	Union closest shared FF-output scalar groups 216 and 17	Family: parameter tying. Current retained frontier is 1,704 parameters at 99.010000%, a +0.010000 percentage-point margin over 99%. There have been 29 prior macro-attempts in this family and 407 prior micro-trials. The most recent accepted result is attempt-0085/micro-0020 at 1704 parameters and 99.010000%; the most recent failed result is attempt-0086/micro-0001 (discard, 3.820000%). This is a parameterization-preserving compression of the depth-shared feed-forward output map: union flattened coordinates 216 and 17, values 0.0384634472 and 0.0385649800 (difference 1.015e-04), using a weighted mean and integer reconstruction. Hypothesis: residual-stream reconstruction contains near-duplicate scalars distinct from FF-input redundancy, preserving qualification at 1,703 parameters. It is more informative than the next FF-output union (difference 1.105e-04) because it is the minimum-distortion isolated test of the complementary FF map. Official acceptance and rollback are unchanged.	0	0
attempt-0087	next-shared-ff-output-union-band	micro-0002	978642039afdf0de6b02cc6db0b7334a490839ad	684fd5c2ca674d6d04e9d861293756001d5dccfa	2026-08-17T04:34:08.279555+00:00	parameter tying	99.010000%	1702	keep	Union closest shared FF-output scalar groups 151 and 240	Family: parameter tying. Current retained frontier is 1,703 parameters at 99.020000%, a +0.020000 percentage-point margin over 99%. There have been 29 prior macro-attempts in this family and 408 prior micro-trials. The most recent accepted result is attempt-0087/micro-0001 at 1703 parameters and 99.020000%; the most recent failed result is attempt-0086/micro-0001 (discard, 3.820000%). This is a parameterization-preserving compression of the depth-shared feed-forward output map: union flattened coordinates 151 and 240, values 0.0027043121 and 0.0028148380 (difference 1.105e-04), using a weighted mean and integer reconstruction. Hypothesis: residual-stream reconstruction contains near-duplicate scalars distinct from FF-input redundancy, preserving qualification at 1,702 parameters. It is more informative than the next FF-output union (difference 1.121e-04) because it is the minimum-distortion isolated test of the complementary FF map. Official acceptance and rollback are unchanged.	0	0
attempt-0087	next-shared-ff-output-union-band	micro-0003	6740213b17a07aec6a51f6c36ccaad254c19d5ac	978642039afdf0de6b02cc6db0b7334a490839ad	2026-08-17T04:35:15.438106+00:00	parameter tying	99.020000%	1701	keep	Union closest shared FF-output scalar groups 49 and 20	Family: parameter tying. Current retained frontier is 1,702 parameters at 99.010000%, a +0.010000 percentage-point margin over 99%. There have been 29 prior macro-attempts in this family and 409 prior micro-trials. The most recent accepted result is attempt-0087/micro-0002 at 1702 parameters and 99.010000%; the most recent failed result is attempt-0086/micro-0001 (discard, 3.820000%). This is a parameterization-preserving compression of the depth-shared feed-forward output map: union flattened coordinates 49 and 20, values 0.0388002284 and 0.0389123075 (difference 1.121e-04), using a weighted mean and integer reconstruction. Hypothesis: residual-stream reconstruction contains near-duplicate scalars distinct from FF-input redundancy, preserving qualification at 1,701 parameters. It is more informative than the next FF-output union (difference 1.158e-04) because it is the minimum-distortion isolated test of the complementary FF map. Official acceptance and rollback are unchanged.	0	0
attempt-0087	next-shared-ff-output-union-band	micro-0004	a65223739c9a3ac4af44deaf6c9c5d989b20291d	6740213b17a07aec6a51f6c36ccaad254c19d5ac	2026-08-17T04:36:22.458496+00:00	parameter tying	99.030000%	1700	keep	Union closest shared FF-output scalar groups 90 and 67	Family: parameter tying. Current retained frontier is 1,701 parameters at 99.020000%, a +0.020000 percentage-point margin over 99%. There have been 29 prior macro-attempts in this family and 410 prior micro-trials. The most recent accepted result is attempt-0087/micro-0003 at 1701 parameters and 99.020000%; the most recent failed result is attempt-0086/micro-0001 (discard, 3.820000%). This is a parameterization-preserving compression of the depth-shared feed-forward output map: union flattened coordinates 90 and 67, values 0.0039254921 and 0.0040412587 (difference 1.158e-04), using a weighted mean and integer reconstruction. Hypothesis: residual-stream reconstruction contains near-duplicate scalars distinct from FF-input redundancy, preserving qualification at 1,700 parameters. It is more informative than the next FF-output union (difference 1.169e-04) because it is the minimum-distortion isolated test of the complementary FF map. Official acceptance and rollback are unchanged.	0	0
attempt-0087	next-shared-ff-output-union-band	micro-0005	dfe9e7de6b3c906f98a4e405fd3dc182438bd544	a65223739c9a3ac4af44deaf6c9c5d989b20291d	2026-08-17T04:37:29.636229+00:00	parameter tying	99.030000%	1699	keep	Union closest shared FF-output scalar groups 95 and 52	Family: parameter tying. Current retained frontier is 1,700 parameters at 99.030000%, a +0.030000 percentage-point margin over 99%. There have been 29 prior macro-attempts in this family and 411 prior micro-trials. The most recent accepted result is attempt-0087/micro-0004 at 1700 parameters and 99.030000%; the most recent failed result is attempt-0086/micro-0001 (discard, 3.820000%). This is a parameterization-preserving compression of the depth-shared feed-forward output map: union flattened coordinates 95 and 52, values -0.0073389588 and -0.0072220834 (difference 1.169e-04), using a weighted mean and integer reconstruction. Hypothesis: residual-stream reconstruction contains near-duplicate scalars distinct from FF-input redundancy, preserving qualification at 1,699 parameters. It is more informative than the next FF-output union (difference 1.223e-04) because it is the minimum-distortion isolated test of the complementary FF map. Official acceptance and rollback are unchanged.	0	0
attempt-0087	next-shared-ff-output-union-band	micro-0006	87525330ad14b996b90d90d2f4bdaab30bc099cb	dfe9e7de6b3c906f98a4e405fd3dc182438bd544	2026-08-17T04:38:37.619565+00:00	parameter tying	99.020000%	1698	keep	Union closest shared FF-output scalar groups 204 and 58	Family: parameter tying. Current retained frontier is 1,699 parameters at 99.030000%, a +0.030000 percentage-point margin over 99%. There have been 29 prior macro-attempts in this family and 412 prior micro-trials. The most recent accepted result is attempt-0087/micro-0005 at 1699 parameters and 99.030000%; the most recent failed result is attempt-0086/micro-0001 (discard, 3.820000%). This is a parameterization-preserving compression of the depth-shared feed-forward output map: union flattened coordinates 204 and 58, values 0.0001264432 and 0.0002487245 (difference 1.223e-04), using a weighted mean and integer reconstruction. Hypothesis: residual-stream reconstruction contains near-duplicate scalars distinct from FF-input redundancy, preserving qualification at 1,698 parameters. It is more informative than the next FF-output union (difference 1.243e-04) because it is the minimum-distortion isolated test of the complementary FF map. Official acceptance and rollback are unchanged.	0	0
attempt-0087	next-shared-ff-output-union-band	micro-0007	73fb80603eec0f35e9e4452b80e34e1349fa6113	87525330ad14b996b90d90d2f4bdaab30bc099cb	2026-08-17T04:39:45.271809+00:00	parameter tying	99.000000%	1697	keep	Union closest shared FF-output scalar groups 238 and 175	Family: parameter tying. Current retained frontier is 1,698 parameters at 99.020000%, a +0.020000 percentage-point margin over 99%. There have been 29 prior macro-attempts in this family and 413 prior micro-trials. The most recent accepted result is attempt-0087/micro-0006 at 1698 parameters and 99.020000%; the most recent failed result is attempt-0086/micro-0001 (discard, 3.820000%). This is a parameterization-preserving compression of the depth-shared feed-forward output map: union flattened coordinates 238 and 175, values 0.1062588394 and 0.1063831747 (difference 1.243e-04), using a weighted mean and integer reconstruction. Hypothesis: residual-stream reconstruction contains near-duplicate scalars distinct from FF-input redundancy, preserving qualification at 1,697 parameters. It is more informative than the next FF-output union (difference 1.260e-04) because it is the minimum-distortion isolated test of the complementary FF map. Official acceptance and rollback are unchanged.	0	0
attempt-0087	next-shared-ff-output-union-band	micro-0008	59535d858f8a12c1029cdbfb057b16e88d843c03	73fb80603eec0f35e9e4452b80e34e1349fa6113	2026-08-17T04:40:59.498472+00:00	parameter tying	99.010000%	1696	keep	Union closest shared FF-output scalar groups 0 and 219	Family: parameter tying. Current retained frontier is 1,697 parameters at 99.000000%, a +0.000000 percentage-point margin over 99%. There have been 29 prior macro-attempts in this family and 414 prior micro-trials. The most recent accepted result is attempt-0087/micro-0007 at 1697 parameters and 99.000000%; the most recent failed result is attempt-0086/micro-0001 (discard, 3.820000%). This is a parameterization-preserving compression of the depth-shared feed-forward output map: union flattened coordinates 0 and 219, values 0.0558532812 and 0.0559793264 (difference 1.260e-04), using a weighted mean and integer reconstruction. Hypothesis: residual-stream reconstruction contains near-duplicate scalars distinct from FF-input redundancy, preserving qualification at 1,696 parameters. It is more informative than the next FF-output union (difference 1.263e-04) because it is the minimum-distortion isolated test of the complementary FF map. Official acceptance and rollback are unchanged.	0	0
attempt-0087	next-shared-ff-output-union-band	micro-0009	28e517b2dcd2a7d2fa7f9b474399079bf38b15b2	59535d858f8a12c1029cdbfb057b16e88d843c03	2026-08-17T04:42:18.125686+00:00	parameter tying	99.030000%	1695	keep	Union closest shared FF-output scalar groups 108 and 165	Family: parameter tying. Current retained frontier is 1,696 parameters at 99.010000%, a +0.010000 percentage-point margin over 99%. There have been 29 prior macro-attempts in this family and 415 prior micro-trials. The most recent accepted result is attempt-0087/micro-0008 at 1696 parameters and 99.010000%; the most recent failed result is attempt-0086/micro-0001 (discard, 3.820000%). This is a parameterization-preserving compression of the depth-shared feed-forward output map: union flattened coordinates 108 and 165, values -0.0892156363 and -0.0890892968 (difference 1.263e-04), using a weighted mean and integer reconstruction. Hypothesis: residual-stream reconstruction contains near-duplicate scalars distinct from FF-input redundancy, preserving qualification at 1,695 parameters. It is more informative than the next FF-output union (difference 1.397e-04) because it is the minimum-distortion isolated test of the complementary FF map. Official acceptance and rollback are unchanged.	0	0
attempt-0087	next-shared-ff-output-union-band	micro-0010	aa642c84efc9c52b7b6322781e2d649b8a9c242d	28e517b2dcd2a7d2fa7f9b474399079bf38b15b2	2026-08-17T04:43:28.472501+00:00	parameter tying	98.990000%	1694	discard	Union closest shared FF-output scalar groups 143 and 100	Family: parameter tying. Current retained frontier is 1,695 parameters at 99.030000%, a +0.030000 percentage-point margin over 99%. There have been 29 prior macro-attempts in this family and 416 prior micro-trials. The most recent accepted result is attempt-0087/micro-0009 at 1695 parameters and 99.030000%; the most recent failed result is attempt-0086/micro-0001 (discard, 3.820000%). This is a parameterization-preserving compression of the depth-shared feed-forward output map: union flattened coordinates 143 and 100, values -0.0714483783 and -0.0713087097 (difference 1.397e-04), using a weighted mean and integer reconstruction. Hypothesis: residual-stream reconstruction contains near-duplicate scalars distinct from FF-input redundancy, preserving qualification at 1,694 parameters. It is more informative than the next FF-output union (difference 1.454e-04) because it is the minimum-distortion isolated test of the complementary FF map. Official acceptance and rollback are unchanged.	0	0
attempt-0088	third-shared-qkv-union-band	micro-0001	e780cbc9d925e9aa6a88d0b64617356c3f73a67f	28e517b2dcd2a7d2fa7f9b474399079bf38b15b2	2026-08-17T04:44:14.599086+00:00	parameter tying			error	Union closest shared-QKV scalar groups 633 and 422	Family: parameter tying. Current retained frontier is 1,695 parameters at 99.030000%, a +0.030000 percentage-point margin over 99%. There have been 30 prior macro-attempts in this family and 417 prior micro-trials. The most recent accepted result is attempt-0087/micro-0009 at 1695 parameters and 99.030000%; the most recent failed result is attempt-0087/micro-0010 (discard, 98.990000%). This is a parameterization-preserving compression of the depth-shared QKV transform: union flattened coordinates 633 and 422, whose learned values are 0.0216701645 and 0.0217130948 (difference 4.293e-05), with a multiplicity-weighted mean and integer reconstruction map. Hypothesis: the much larger attention tensor contains near-duplicate scalars below the token failure scale, so this union preserves qualification and yields 1,694 parameters. It is more informative than the next QKV union (difference 4.321e-05) because it is the minimum-distortion test at this new site. Acceptance and rollback remain solely governed by the official runner.	1	
attempt-0089	third-shared-qkv-union-band-repair	micro-0001	c56510c83a3fb5aff3176a205b286a46eab1893b	28e517b2dcd2a7d2fa7f9b474399079bf38b15b2	2026-08-17T04:46:21.133092+00:00	parameter tying	99.030000%	1694	keep	Union closest shared-QKV scalar groups 633 and 422	Family: parameter tying. Current retained frontier is 1,695 parameters at 99.030000%, a +0.030000 percentage-point margin over 99%. There have been 31 prior macro-attempts in this family and 418 prior micro-trials. The most recent accepted result is attempt-0087/micro-0009 at 1695 parameters and 99.030000%; the most recent failed result is attempt-0088/micro-0001 (error, no score). This is a parameterization-preserving compression of the depth-shared QKV transform: union flattened coordinates 633 and 422, whose learned values are 0.0216701645 and 0.0217130948 (difference 4.293e-05), with a multiplicity-weighted mean and integer reconstruction map. Hypothesis: the much larger attention tensor contains near-duplicate scalars below the token failure scale, so this union preserves qualification and yields 1,694 parameters. It is more informative than the next QKV union (difference 4.321e-05) because it is the minimum-distortion test at this new site. Acceptance and rollback remain solely governed by the official runner.	0	0
attempt-0089	third-shared-qkv-union-band-repair	micro-0002	53e7a9315663aac4609a8d402a657ccaf0c438d3	c56510c83a3fb5aff3176a205b286a46eab1893b	2026-08-17T04:47:33.149746+00:00	parameter tying	99.030000%	1693	keep	Union closest shared-QKV scalar groups 557 and 499	Family: parameter tying. Current retained frontier is 1,694 parameters at 99.030000%, a +0.030000 percentage-point margin over 99%. There have been 31 prior macro-attempts in this family and 419 prior micro-trials. The most recent accepted result is attempt-0089/micro-0001 at 1694 parameters and 99.030000%; the most recent failed result is attempt-0088/micro-0001 (error, no score). This is a parameterization-preserving compression of the depth-shared QKV transform: union flattened coordinates 557 and 499, whose learned values are 0.0330698788 and 0.0331130922 (difference 4.321e-05), with a multiplicity-weighted mean and integer reconstruction map. Hypothesis: the much larger attention tensor contains near-duplicate scalars below the token failure scale, so this union preserves qualification and yields 1,693 parameters. It is more informative than the next QKV union (difference 4.325e-05) because it is the minimum-distortion test at this new site. Acceptance and rollback remain solely governed by the official runner.	0	0
attempt-0089	third-shared-qkv-union-band-repair	micro-0003	c040ad60c7bfa4e6eac84cabd86107c98aea08d6	53e7a9315663aac4609a8d402a657ccaf0c438d3	2026-08-17T04:48:48.647488+00:00	parameter tying	99.030000%	1692	keep	Union closest shared-QKV scalar groups 454 and 527	Family: parameter tying. Current retained frontier is 1,693 parameters at 99.030000%, a +0.030000 percentage-point margin over 99%. There have been 31 prior macro-attempts in this family and 420 prior micro-trials. The most recent accepted result is attempt-0089/micro-0002 at 1693 parameters and 99.030000%; the most recent failed result is attempt-0088/micro-0001 (error, no score). This is a parameterization-preserving compression of the depth-shared QKV transform: union flattened coordinates 454 and 527, whose learned values are -0.0239274409 and -0.0238841884 (difference 4.325e-05), with a multiplicity-weighted mean and integer reconstruction map. Hypothesis: the much larger attention tensor contains near-duplicate scalars below the token failure scale, so this union preserves qualification and yields 1,692 parameters. It is more informative than the next QKV union (difference 4.343e-05) because it is the minimum-distortion test at this new site. Acceptance and rollback remain solely governed by the official runner.	0	0
attempt-0089	third-shared-qkv-union-band-repair	micro-0004	0763455d55a83320d1bbe6539dd743e137209662	c040ad60c7bfa4e6eac84cabd86107c98aea08d6	2026-08-17T04:49:57.653692+00:00	parameter tying	99.010000%	1691	keep	Union closest shared-QKV scalar groups 565 and 628	Family: parameter tying. Current retained frontier is 1,692 parameters at 99.030000%, a +0.030000 percentage-point margin over 99%. There have been 31 prior macro-attempts in this family and 421 prior micro-trials. The most recent accepted result is attempt-0089/micro-0003 at 1692 parameters and 99.030000%; the most recent failed result is attempt-0088/micro-0001 (error, no score). This is a parameterization-preserving compression of the depth-shared QKV transform: union flattened coordinates 565 and 628, whose learned values are 0.0007320711 and 0.0007755018 (difference 4.343e-05), with a multiplicity-weighted mean and integer reconstruction map. Hypothesis: the much larger attention tensor contains near-duplicate scalars below the token failure scale, so this union preserves qualification and yields 1,691 parameters. It is more informative than the next QKV union (difference 4.391e-05) because it is the minimum-distortion test at this new site. Acceptance and rollback remain solely governed by the official runner.	0	0
attempt-0089	third-shared-qkv-union-band-repair	micro-0005	3640bc505e454c32035de0858e69a54375da2390	0763455d55a83320d1bbe6539dd743e137209662	2026-08-17T04:51:08.852173+00:00	parameter tying	99.010000%	1690	keep	Union closest shared-QKV scalar groups 600 and 629	Family: parameter tying. Current retained frontier is 1,691 parameters at 99.010000%, a +0.010000 percentage-point margin over 99%. There have been 31 prior macro-attempts in this family and 422 prior micro-trials. The most recent accepted result is attempt-0089/micro-0004 at 1691 parameters and 99.010000%; the most recent failed result is attempt-0088/micro-0001 (error, no score). This is a parameterization-preserving compression of the depth-shared QKV transform: union flattened coordinates 600 and 629, whose learned values are 0.0105200158 and 0.0105639268 (difference 4.391e-05), with a multiplicity-weighted mean and integer reconstruction map. Hypothesis: the much larger attention tensor contains near-duplicate scalars below the token failure scale, so this union preserves qualification and yields 1,690 parameters. It is more informative than the next QKV union (difference 4.649e-05) because it is the minimum-distortion test at this new site. Acceptance and rollback remain solely governed by the official runner.	0	0
attempt-0089	third-shared-qkv-union-band-repair	micro-0006	dafb784c744b174eedf18e810ab43ab3c0ec1d29	3640bc505e454c32035de0858e69a54375da2390	2026-08-17T04:52:29.711590+00:00	parameter tying	99.010000%	1689	keep	Union closest shared-QKV scalar groups 423 and 518	Family: parameter tying. Current retained frontier is 1,690 parameters at 99.010000%, a +0.010000 percentage-point margin over 99%. There have been 31 prior macro-attempts in this family and 423 prior micro-trials. The most recent accepted result is attempt-0089/micro-0005 at 1690 parameters and 99.010000%; the most recent failed result is attempt-0088/micro-0001 (error, no score). This is a parameterization-preserving compression of the depth-shared QKV transform: union flattened coordinates 423 and 518, whose learned values are -0.1939285100 and -0.1938820183 (difference 4.649e-05), with a multiplicity-weighted mean and integer reconstruction map. Hypothesis: the much larger attention tensor contains near-duplicate scalars below the token failure scale, so this union preserves qualification and yields 1,689 parameters. It is more informative than the next QKV union (difference 4.866e-05) because it is the minimum-distortion test at this new site. Acceptance and rollback remain solely governed by the official runner.	0	0
attempt-0089	third-shared-qkv-union-band-repair	micro-0007	02a12ccbfcb4ace4d2509fb32cd72f3168043063	dafb784c744b174eedf18e810ab43ab3c0ec1d29	2026-08-17T04:53:39.412345+00:00	parameter tying	99.010000%	1688	keep	Union closest shared-QKV scalar groups 653 and 561	Family: parameter tying. Current retained frontier is 1,689 parameters at 99.010000%, a +0.010000 percentage-point margin over 99%. There have been 31 prior macro-attempts in this family and 424 prior micro-trials. The most recent accepted result is attempt-0089/micro-0006 at 1689 parameters and 99.010000%; the most recent failed result is attempt-0088/micro-0001 (error, no score). This is a parameterization-preserving compression of the depth-shared QKV transform: union flattened coordinates 653 and 561, whose learned values are -0.0340255238 and -0.0339768641 (difference 4.866e-05), with a multiplicity-weighted mean and integer reconstruction map. Hypothesis: the much larger attention tensor contains near-duplicate scalars below the token failure scale, so this union preserves qualification and yields 1,688 parameters. It is more informative than the next QKV union (difference 4.879e-05) because it is the minimum-distortion test at this new site. Acceptance and rollback remain solely governed by the official runner.	0	0
attempt-0089	third-shared-qkv-union-band-repair	micro-0008	971e8c08a289d9676a74c0fa343658ad82b76e2b	02a12ccbfcb4ace4d2509fb32cd72f3168043063	2026-08-17T04:54:49.093187+00:00	parameter tying	99.010000%	1687	keep	Union closest shared-QKV scalar groups 131 and 121	Family: parameter tying. Current retained frontier is 1,688 parameters at 99.010000%, a +0.010000 percentage-point margin over 99%. There have been 31 prior macro-attempts in this family and 425 prior micro-trials. The most recent accepted result is attempt-0089/micro-0007 at 1688 parameters and 99.010000%; the most recent failed result is attempt-0088/micro-0001 (error, no score). This is a parameterization-preserving compression of the depth-shared QKV transform: union flattened coordinates 131 and 121, whose learned values are 0.2176036537 and 0.2176524401 (difference 4.879e-05), with a multiplicity-weighted mean and integer reconstruction map. Hypothesis: the much larger attention tensor contains near-duplicate scalars below the token failure scale, so this union preserves qualification and yields 1,687 parameters. It is more informative than the next QKV union (difference 4.929e-05) because it is the minimum-distortion test at this new site. Acceptance and rollback remain solely governed by the official runner.	0	0
attempt-0089	third-shared-qkv-union-band-repair	micro-0009	00d5652e5f4be6e17247f9849b32f44d957e8ecb	971e8c08a289d9676a74c0fa343658ad82b76e2b	2026-08-17T04:55:58.878285+00:00	parameter tying	98.990000%	1686	discard	Union closest shared-QKV scalar groups 516 and 694	Family: parameter tying. Current retained frontier is 1,687 parameters at 99.010000%, a +0.010000 percentage-point margin over 99%. There have been 31 prior macro-attempts in this family and 426 prior micro-trials. The most recent accepted result is attempt-0089/micro-0008 at 1687 parameters and 99.010000%; the most recent failed result is attempt-0088/micro-0001 (error, no score). This is a parameterization-preserving compression of the depth-shared QKV transform: union flattened coordinates 516 and 694, whose learned values are 0.0270248726 and 0.0270741675 (difference 4.929e-05), with a multiplicity-weighted mean and integer reconstruction map. Hypothesis: the much larger attention tensor contains near-duplicate scalars below the token failure scale, so this union preserves qualification and yields 1,686 parameters. It is more informative than the next QKV union (difference 4.983e-05) because it is the minimum-distortion test at this new site. Acceptance and rollback remain solely governed by the official runner.	0	0
attempt-0090	token-unions-after-sensitive-pair	micro-0001	df03f90b91ddab7b0be15ff4e08154de6b06c4bb	971e8c08a289d9676a74c0fa343658ad82b76e2b	2026-08-17T04:58:04.227775+00:00	parameter tying	0.770000%	1686	discard	Union closest token-matrix scalar groups 93 and 160	Family: parameter tying. Current retained frontier is 1,687 parameters at 99.010000%, a +0.010000 percentage-point margin over 99%. There have been 32 prior macro-attempts in this family and 427 prior micro-trials. The most recent accepted result is attempt-0089/micro-0008 at 1687 parameters and 99.010000%; the most recent failed result is attempt-0089/micro-0009 (discard, 98.990000%). This is a parameterization-preserving compression of the tied input/output token matrix: union groups represented by flattened coordinates 93 and 160, whose values are -0.0609154664 and -0.0608011931 (difference 1.143e-04), using a multiplicity-weighted mean and one integer reconstruction map. Hypothesis: token scalars have a different sensitivity structure from the positional table and this minimum-distortion union preserves qualification while yielding 1,686 parameters. It is more informative than the next eligible token union (difference 1.159e-04) because it is the least perturbing test at this new tensor site. Acceptance and rollback remain solely governed by the official runner.	0	0
attempt-0091	qkv-unions-after-sensitive-pair	micro-0001	dcb982756648394fef98bdcf433181b4e7385b32	971e8c08a289d9676a74c0fa343658ad82b76e2b	2026-08-17T05:00:00.721306+00:00	parameter tying	99.000000%	1686	keep	Union closest shared-QKV scalar groups 714 and 716	Family: parameter tying. Current retained frontier is 1,687 parameters at 99.010000%, a +0.010000 percentage-point margin over 99%. There have been 33 prior macro-attempts in this family and 428 prior micro-trials. The most recent accepted result is attempt-0089/micro-0008 at 1687 parameters and 99.010000%; the most recent failed result is attempt-0090/micro-0001 (discard, 0.770000%). This is a parameterization-preserving compression of the depth-shared QKV transform: union flattened coordinates 714 and 716, whose learned values are -0.0457496382 and -0.0456998125 (difference 4.983e-05), with a multiplicity-weighted mean and integer reconstruction map. Hypothesis: the much larger attention tensor contains near-duplicate scalars below the token failure scale, so this union preserves qualification and yields 1,686 parameters. It is more informative than the next QKV union (difference 5.049e-05) because it is the minimum-distortion test at this new site. Acceptance and rollback remain solely governed by the official runner.	0	0
attempt-0091	qkv-unions-after-sensitive-pair	micro-0002	de8fe5861b6d0ffff9fc1045a01986f5479bf8b8	dcb982756648394fef98bdcf433181b4e7385b32	2026-08-17T05:01:08.508081+00:00	parameter tying	98.990000%	1685	discard	Union closest shared-QKV scalar groups 555 and 517	Family: parameter tying. Current retained frontier is 1,686 parameters at 99.000000%, a +0.000000 percentage-point margin over 99%. There have been 33 prior macro-attempts in this family and 429 prior micro-trials. The most recent accepted result is attempt-0091/micro-0001 at 1686 parameters and 99.000000%; the most recent failed result is attempt-0090/micro-0001 (discard, 0.770000%). This is a parameterization-preserving compression of the depth-shared QKV transform: union flattened coordinates 555 and 517, whose learned values are 0.0067168260 and 0.0067673163 (difference 5.049e-05), with a multiplicity-weighted mean and integer reconstruction map. Hypothesis: the much larger attention tensor contains near-duplicate scalars below the token failure scale, so this union preserves qualification and yields 1,685 parameters. It is more informative than the next QKV union (difference 5.227e-05) because it is the minimum-distortion test at this new site. Acceptance and rollback remain solely governed by the official runner.	0	0
attempt-0092	position-unions-after-two-sensitive-pairs	micro-0001	cc9e664cff1e52ff153ba662741341d04f37e38b	dcb982756648394fef98bdcf433181b4e7385b32	2026-08-17T05:03:14.641841+00:00	parameter tying	99.000000%	1685	keep	Union closest position groups 453 and 26	Family: parameter tying. Current retained frontier is 1,686 parameters at 99.050000%, a +0.050000 percentage-point margin over 99%. There have been 34 prior macro-attempts in this family and 430 prior micro-trials. The most recent accepted result is attempt-0091/micro-0001 at 1686 parameters and 99.000000%; the most recent failed result is attempt-0091/micro-0002 (discard, 98.990000%). This is a parameterization-preserving compression: union current position groups represented by coordinates 453 and 26, whose learned values are -0.0477325320 and -0.0473018885 (absolute difference 4.306e-04), using a multiplicity-weighted mean. Hypothesis: this preserves qualification and yields 1,685 parameters. It is more informative than the nearest untested alternative (difference 4.418e-04) because it is the minimum-distortion eligible union; exact pairs already rejected under the unchanged grouping are excluded. Acceptance and rollback remain solely governed by the official runner.	0	0
attempt-0092	position-unions-after-two-sensitive-pairs	micro-0002	1518062d0831ea28a288a4258fc061b0da4813cb	cc9e664cff1e52ff153ba662741341d04f37e38b	2026-08-17T05:04:26.416931+00:00	parameter tying	99.010000%	1684	keep	Union closest position groups 22 and 34	Family: parameter tying. Current retained frontier is 1,685 parameters at 99.000000%, a +0.000000 percentage-point margin over 99%. There have been 34 prior macro-attempts in this family and 431 prior micro-trials. The most recent accepted result is attempt-0092/micro-0001 at 1685 parameters and 99.000000%; the most recent failed result is attempt-0091/micro-0002 (discard, 98.990000%). This is a parameterization-preserving compression: union current position groups represented by coordinates 22 and 34, whose learned values are 0.0214128494 and 0.0218546167 (absolute difference 4.418e-04), using a multiplicity-weighted mean. Hypothesis: this preserves qualification and yields 1,684 parameters. It is more informative than the nearest untested alternative (difference 4.418e-04) because it is the minimum-distortion eligible union; exact pairs already rejected under the unchanged grouping are excluded. Acceptance and rollback remain solely governed by the official runner.	0	0
attempt-0092	position-unions-after-two-sensitive-pairs	micro-0003	e554eb1a7df61aea77cf31474dc370b1dfd7652c	1518062d0831ea28a288a4258fc061b0da4813cb	2026-08-17T05:05:37.979653+00:00	parameter tying	99.000000%	1683	keep	Union closest position groups 116 and 11	Family: parameter tying. Current retained frontier is 1,684 parameters at 99.010000%, a +0.010000 percentage-point margin over 99%. There have been 34 prior macro-attempts in this family and 432 prior micro-trials. The most recent accepted result is attempt-0092/micro-0002 at 1684 parameters and 99.010000%; the most recent failed result is attempt-0091/micro-0002 (discard, 98.990000%). This is a parameterization-preserving compression: union current position groups represented by coordinates 116 and 11, whose learned values are 0.0165172368 and 0.0169590767 (absolute difference 4.418e-04), using a multiplicity-weighted mean. Hypothesis: this preserves qualification and yields 1,683 parameters. It is more informative than the nearest untested alternative (difference 4.442e-04) because it is the minimum-distortion eligible union; exact pairs already rejected under the unchanged grouping are excluded. Acceptance and rollback remain solely governed by the official runner.	0	0
attempt-0092	position-unions-after-two-sensitive-pairs	micro-0004	bc195fd7ecd65eff4eea3cbdcee3841827e11a54	e554eb1a7df61aea77cf31474dc370b1dfd7652c	2026-08-17T05:06:50.128617+00:00	parameter tying	98.980000%	1682	discard	Union closest position groups 182 and 70	Family: parameter tying. Current retained frontier is 1,683 parameters at 99.000000%, a +0.000000 percentage-point margin over 99%. There have been 34 prior macro-attempts in this family and 433 prior micro-trials. The most recent accepted result is attempt-0092/micro-0003 at 1683 parameters and 99.000000%; the most recent failed result is attempt-0091/micro-0002 (discard, 98.990000%). This is a parameterization-preserving compression: union current position groups represented by coordinates 182 and 70, whose learned values are 0.0127164116 and 0.0131606534 (absolute difference 4.442e-04), using a multiplicity-weighted mean. Hypothesis: this preserves qualification and yields 1,682 parameters. It is more informative than the nearest untested alternative (difference 4.612e-04) because it is the minimum-distortion eligible union; exact pairs already rejected under the unchanged grouping are excluded. Acceptance and rollback remain solely governed by the official runner.	0	0
attempt-0093	nearest-final-norm-scale-unions	micro-0001	cc12938e27be31bd9bf4f505672061b51397db7a	e554eb1a7df61aea77cf31474dc370b1dfd7652c	2026-08-17T05:09:52.138700+00:00	parameter tying	99.000000%	1682	keep	Union closest final LayerNorm scale groups 3 and 10	Family: parameter tying. Current retained frontier is 1,683 parameters at 99.000000%, a +0.000000 percentage-point margin over 99%. There have been 35 prior macro-attempts in this family and 434 prior micro-trials. The most recent accepted result is attempt-0092/micro-0003 at 1683 parameters and 99.000000%; the most recent failed result is attempt-0092/micro-0004 (discard, 98.980000%). This is a parameterization-preserving compression of the final normalization scales: union coordinates 3 and 10, values 8.5296850204 and 8.5336341858 (difference 3.949e-03), using a weighted mean and integer reconstruction. Hypothesis: the final affine rescaling contains a near-duplicate coordinate pair independent of matrix and positional boundaries, preserving qualification at 1,682 parameters. It is more informative than the next scale union (difference 7.017e-03) because it is the minimum-distortion test in the complete 16-scale search space. Official acceptance and rollback are unchanged.	0	0
attempt-0093	nearest-final-norm-scale-unions	micro-0002	ff44923d2707dfbc991df4b33ffd9d647388e155	cc12938e27be31bd9bf4f505672061b51397db7a	2026-08-17T05:11:07.318880+00:00	parameter tying	99.000000%	1681	keep	Union closest final LayerNorm scale groups 6 and 9	Family: parameter tying. Current retained frontier is 1,682 parameters at 99.000000%, a +0.000000 percentage-point margin over 99%. There have been 35 prior macro-attempts in this family and 435 prior micro-trials. The most recent accepted result is attempt-0093/micro-0001 at 1682 parameters and 99.000000%; the most recent failed result is attempt-0092/micro-0004 (discard, 98.980000%). This is a parameterization-preserving compression of the final normalization scales: union coordinates 6 and 9, values 8.5532531738 and 8.5602703094 (difference 7.017e-03), using a weighted mean and integer reconstruction. Hypothesis: the final affine rescaling contains a near-duplicate coordinate pair independent of matrix and positional boundaries, preserving qualification at 1,681 parameters. It is more informative than the next scale union (difference 1.307e-02) because it is the minimum-distortion test in the complete 16-scale search space. Official acceptance and rollback are unchanged.	0	0
attempt-0093	nearest-final-norm-scale-unions	micro-0003	7cd6c208ff45b109e4297104af5be6f0c3386a3d	ff44923d2707dfbc991df4b33ffd9d647388e155	2026-08-17T05:12:29.740874+00:00	parameter tying	99.000000%	1680	keep	Union closest final LayerNorm scale groups 0 and 14	Family: parameter tying. Current retained frontier is 1,681 parameters at 99.000000%, a +0.000000 percentage-point margin over 99%. There have been 35 prior macro-attempts in this family and 436 prior micro-trials. The most recent accepted result is attempt-0093/micro-0002 at 1681 parameters and 99.000000%; the most recent failed result is attempt-0092/micro-0004 (discard, 98.980000%). This is a parameterization-preserving compression of the final normalization scales: union coordinates 0 and 14, values 8.2977304459 and 8.3108015060 (difference 1.307e-02), using a weighted mean and integer reconstruction. Hypothesis: the final affine rescaling contains a near-duplicate coordinate pair independent of matrix and positional boundaries, preserving qualification at 1,680 parameters. It is more informative than the next scale union (difference 1.407e-02) because it is the minimum-distortion test in the complete 16-scale search space. Official acceptance and rollback are unchanged.	0	0
attempt-0093	nearest-final-norm-scale-unions	micro-0004	4449f92178a497fe0617e575f89fa6558fdd2b96	7cd6c208ff45b109e4297104af5be6f0c3386a3d	2026-08-17T05:13:38.355076+00:00	parameter tying	99.000000%	1679	keep	Union closest final LayerNorm scale groups 7 and 1	Family: parameter tying. Current retained frontier is 1,680 parameters at 99.000000%, a +0.000000 percentage-point margin over 99%. There have been 35 prior macro-attempts in this family and 437 prior micro-trials. The most recent accepted result is attempt-0093/micro-0003 at 1680 parameters and 99.000000%; the most recent failed result is attempt-0092/micro-0004 (discard, 98.980000%). This is a parameterization-preserving compression of the final normalization scales: union coordinates 7 and 1, values 8.3590192795 and 8.3730907440 (difference 1.407e-02), using a weighted mean and integer reconstruction. Hypothesis: the final affine rescaling contains a near-duplicate coordinate pair independent of matrix and positional boundaries, preserving qualification at 1,679 parameters. It is more informative than the next scale union (difference 2.510e-02) because it is the minimum-distortion test in the complete 16-scale search space. Official acceptance and rollback are unchanged.	0	0
attempt-0093	nearest-final-norm-scale-unions	micro-0005	5448660a0280e640fcb34ada92f9627d16a80504	4449f92178a497fe0617e575f89fa6558fdd2b96	2026-08-17T05:14:47.902889+00:00	parameter tying	99.010000%	1678	keep	Union closest final LayerNorm scale groups 3 and 6	Family: parameter tying. Current retained frontier is 1,679 parameters at 99.000000%, a +0.000000 percentage-point margin over 99%. There have been 35 prior macro-attempts in this family and 438 prior micro-trials. The most recent accepted result is attempt-0093/micro-0004 at 1679 parameters and 99.000000%; the most recent failed result is attempt-0092/micro-0004 (discard, 98.980000%). This is a parameterization-preserving compression of the final normalization scales: union coordinates 3 and 6, values 8.5316600800 and 8.5567617416 (difference 2.510e-02), using a weighted mean and integer reconstruction. Hypothesis: the final affine rescaling contains a near-duplicate coordinate pair independent of matrix and positional boundaries, preserving qualification at 1,678 parameters. It is more informative than the next scale union (difference 5.033e-02) because it is the minimum-distortion test in the complete 16-scale search space. Official acceptance and rollback are unchanged.	0	0
attempt-0093	nearest-final-norm-scale-unions	micro-0006	e7646520b4ae1d9b8b7cba567b21e1d471814e28	5448660a0280e640fcb34ada92f9627d16a80504	2026-08-17T05:15:57.617389+00:00	parameter tying	99.000000%	1677	keep	Union closest final LayerNorm scale groups 0 and 1	Family: parameter tying. Current retained frontier is 1,678 parameters at 99.010000%, a +0.010000 percentage-point margin over 99%. There have been 35 prior macro-attempts in this family and 439 prior micro-trials. The most recent accepted result is attempt-0093/micro-0005 at 1678 parameters and 99.010000%; the most recent failed result is attempt-0092/micro-0004 (discard, 98.980000%). This is a parameterization-preserving compression of the final normalization scales: union coordinates 0 and 1, values 8.3042659760 and 8.3660545349 (difference 6.179e-02), using a weighted mean and integer reconstruction. Hypothesis: the final affine rescaling contains a near-duplicate coordinate pair independent of matrix and positional boundaries, preserving qualification at 1,677 parameters. It is more informative than the next scale union (difference 6.289e-02) because it is the minimum-distortion test in the complete 16-scale search space. Official acceptance and rollback are unchanged.	0	0
attempt-0093	nearest-final-norm-scale-unions	micro-0007	919b51ccfb0214053066fe4527493a66477877e3	e7646520b4ae1d9b8b7cba567b21e1d471814e28	2026-08-17T05:17:08.202689+00:00	parameter tying	99.010000%	1676	keep	Union closest final LayerNorm scale groups 3 and 2	Family: parameter tying. Current retained frontier is 1,677 parameters at 99.000000%, a +0.000000 percentage-point margin over 99%. There have been 35 prior macro-attempts in this family and 440 prior micro-trials. The most recent accepted result is attempt-0093/micro-0006 at 1677 parameters and 99.000000%; the most recent failed result is attempt-0092/micro-0004 (discard, 98.980000%). This is a parameterization-preserving compression of the final normalization scales: union coordinates 3 and 2, values 8.5442104340 and 8.6070966721 (difference 6.289e-02), using a weighted mean and integer reconstruction. Hypothesis: the final affine rescaling contains a near-duplicate coordinate pair independent of matrix and positional boundaries, preserving qualification at 1,676 parameters. It is more informative than the next scale union (difference 1.031e-01) because it is the minimum-distortion test in the complete 16-scale search space. Official acceptance and rollback are unchanged.	0	0
attempt-0093	nearest-final-norm-scale-unions	micro-0008	981a11dd274c525a973cd69044c45146fc9ee98c	919b51ccfb0214053066fe4527493a66477877e3	2026-08-17T05:18:18.275957+00:00	parameter tying	99.000000%	1675	keep	Union closest final LayerNorm scale groups 0 and 8	Family: parameter tying. Current retained frontier is 1,676 parameters at 99.010000%, a +0.010000 percentage-point margin over 99%. There have been 35 prior macro-attempts in this family and 441 prior micro-trials. The most recent accepted result is attempt-0093/micro-0007 at 1676 parameters and 99.010000%; the most recent failed result is attempt-0092/micro-0004 (discard, 98.980000%). This is a parameterization-preserving compression of the final normalization scales: union coordinates 0 and 8, values 8.3351602554 and 8.4383068085 (difference 1.031e-01), using a weighted mean and integer reconstruction. Hypothesis: the final affine rescaling contains a near-duplicate coordinate pair independent of matrix and positional boundaries, preserving qualification at 1,675 parameters. It is more informative than the next scale union (difference 1.110e-01) because it is the minimum-distortion test in the complete 16-scale search space. Official acceptance and rollback are unchanged.	0	0
attempt-0093	nearest-final-norm-scale-unions	micro-0009	18a35879736439a6b66630cfa1c0127ae4ae019f	981a11dd274c525a973cd69044c45146fc9ee98c	2026-08-17T05:19:25.852195+00:00	parameter tying	99.000000%	1674	keep	Union closest final LayerNorm scale groups 5 and 12	Family: parameter tying. Current retained frontier is 1,675 parameters at 99.000000%, a +0.000000 percentage-point margin over 99%. There have been 35 prior macro-attempts in this family and 442 prior micro-trials. The most recent accepted result is attempt-0093/micro-0008 at 1675 parameters and 99.000000%; the most recent failed result is attempt-0092/micro-0004 (discard, 98.980000%). This is a parameterization-preserving compression of the final normalization scales: union coordinates 5 and 12, values 7.1882600784 and 7.2992835045 (difference 1.110e-01), using a weighted mean and integer reconstruction. Hypothesis: the final affine rescaling contains a near-duplicate coordinate pair independent of matrix and positional boundaries, preserving qualification at 1,674 parameters. It is more informative than the next scale union (difference 2.010e-01) because it is the minimum-distortion test in the complete 16-scale search space. Official acceptance and rollback are unchanged.	0	0
attempt-0093	nearest-final-norm-scale-unions	micro-0010	bfb99598659a58aa148eae63b9e24e70a3013d86	18a35879736439a6b66630cfa1c0127ae4ae019f	2026-08-17T05:20:34.395606+00:00	parameter tying	98.960000%	1673	discard	Union closest final LayerNorm scale groups 0 and 2	Family: parameter tying. Current retained frontier is 1,674 parameters at 99.000000%, a +0.000000 percentage-point margin over 99%. There have been 35 prior macro-attempts in this family and 443 prior micro-trials. The most recent accepted result is attempt-0093/micro-0009 at 1674 parameters and 99.000000%; the most recent failed result is attempt-0092/micro-0004 (discard, 98.980000%). This is a parameterization-preserving compression of the final normalization scales: union coordinates 0 and 2, values 8.3557891846 and 8.5567874908 (difference 2.010e-01), using a weighted mean and integer reconstruction. Hypothesis: the final affine rescaling contains a near-duplicate coordinate pair independent of matrix and positional boundaries, preserving qualification at 1,673 parameters. It is more informative than the next scale union (difference 2.151e-01) because it is the minimum-distortion test in the complete 16-scale search space. Official acceptance and rollback are unchanged.	0	0
attempt-0094	nearest-block0-preff-scale-unions	micro-0001	df651e1438408b7b9cdfcedbc3b41f2c232aa812	18a35879736439a6b66630cfa1c0127ae4ae019f	2026-08-17T05:23:38.062359+00:00	parameter tying	99.040000%	1673	keep	Union closest block-0 pre-FF norm scales 6 and 7	Family: parameter tying. Current retained frontier is 1,674 parameters at 99.000000%, a +0.000000 percentage-point margin over 99%. There have been 36 prior macro-attempts in this family and 444 prior micro-trials. The most recent accepted result is attempt-0093/micro-0009 at 1674 parameters and 99.000000%; the most recent failed result is attempt-0093/micro-0010 (discard, 98.960000%). This is a parameterization-preserving compression of block 0's pre-feed-forward normalization scales: union coordinates 6 and 7, values 0.5387524962 and 0.5422858000 (difference 3.533e-03), using a weighted mean and integer reconstruction. Hypothesis: upstream nonlinear normalization has local scale redundancy distinct from final normalization, preserving qualification at 1,673 parameters. It is more informative than the next scale union (difference 7.483e-03) because it is the minimum-distortion isolated scale test; biases remain independent. Official acceptance and rollback are unchanged.	0	0
attempt-0094	nearest-block0-preff-scale-unions	micro-0002	9563676bf91aaea2af968f8115b3fb05333046d9	df651e1438408b7b9cdfcedbc3b41f2c232aa812	2026-08-17T05:24:49.199741+00:00	parameter tying	97.900000%	1672	discard	Union closest block-0 pre-FF norm scales 2 and 8	Family: parameter tying. Current retained frontier is 1,673 parameters at 99.040000%, a +0.040000 percentage-point margin over 99%. There have been 36 prior macro-attempts in this family and 445 prior micro-trials. The most recent accepted result is attempt-0094/micro-0001 at 1673 parameters and 99.040000%; the most recent failed result is attempt-0093/micro-0010 (discard, 98.960000%). This is a parameterization-preserving compression of block 0's pre-feed-forward normalization scales: union coordinates 2 and 8, values 0.4266473353 and 0.4341307580 (difference 7.483e-03), using a weighted mean and integer reconstruction. Hypothesis: upstream nonlinear normalization has local scale redundancy distinct from final normalization, preserving qualification at 1,672 parameters. It is more informative than the next scale union (difference 1.299e-02) because it is the minimum-distortion isolated scale test; biases remain independent. Official acceptance and rollback are unchanged.	0	0
attempt-0095	nearest-block0-preff-bias-unions	micro-0001	a1dfac6cb503f577ebebcb35e93ea9788786fa40	df651e1438408b7b9cdfcedbc3b41f2c232aa812	2026-08-17T05:27:20.056144+00:00	parameter tying	99.010000%	1672	keep	Union closest block-0 pre-FF norm biases 9 and 6	Family: parameter tying. Current retained frontier is 1,673 parameters at 99.040000%, a +0.040000 percentage-point margin over 99%. There have been 37 prior macro-attempts in this family and 446 prior micro-trials. The most recent accepted result is attempt-0094/micro-0001 at 1673 parameters and 99.040000%; the most recent failed result is attempt-0094/micro-0002 (discard, 97.900000%). This is a parameterization-preserving compression of block 0's pre-feed-forward normalization biases: union coordinates 9 and 6, values -0.0592557937 and -0.0588278063 (difference 4.280e-04), using a weighted mean and integer reconstruction. Hypothesis: additive centering has local redundancy distinct from the measured scale boundary, preserving qualification at 1,672 parameters. It is more informative than the next bias union (difference 4.007e-03) because it is the minimum-distortion isolated bias test; scales remain fixed. Official acceptance and rollback are unchanged.	0	0
attempt-0095	nearest-block0-preff-bias-unions	micro-0002	27675907cf675be35181b2fbe0cc17407c319fd0	a1dfac6cb503f577ebebcb35e93ea9788786fa40	2026-08-17T05:28:32.294997+00:00	parameter tying	98.780000%	1671	discard	Union closest block-0 pre-FF norm biases 5 and 8	Family: parameter tying. Current retained frontier is 1,672 parameters at 99.010000%, a +0.010000 percentage-point margin over 99%. There have been 37 prior macro-attempts in this family and 447 prior micro-trials. The most recent accepted result is attempt-0095/micro-0001 at 1672 parameters and 99.010000%; the most recent failed result is attempt-0094/micro-0002 (discard, 97.900000%). This is a parameterization-preserving compression of block 0's pre-feed-forward normalization biases: union coordinates 5 and 8, values 0.0430329964 and 0.0470397957 (difference 4.007e-03), using a weighted mean and integer reconstruction. Hypothesis: additive centering has local redundancy distinct from the measured scale boundary, preserving qualification at 1,671 parameters. It is more informative than the next bias union (difference 4.956e-03) because it is the minimum-distortion isolated bias test; scales remain fixed. Official acceptance and rollback are unchanged.	0	0
attempt-0096	nearest-block0-preattn-scale-unions	micro-0001	522dc824fbb6c62f5a196a442fd377600fe0ef75	a1dfac6cb503f577ebebcb35e93ea9788786fa40	2026-08-17T05:31:58.695941+00:00	parameter tying	98.900000%	1671	discard	Union closest block-0 pre-attention norm scales 6 and 14	Family: parameter tying. Current retained frontier is 1,672 parameters at 99.010000%, a +0.010000 percentage-point margin over 99%. There have been 38 prior macro-attempts and 448 prior micro-trials in this family. The most recent accepted result is attempt-0095/micro-0001 at 1672 parameters and 99.010000%; the most recent failed result is attempt-0095/micro-0002 (discard, 98.780000%). This is a parameterization-preserving compression of block 0's pre-attention normalization scales: union coordinates 6 and 14, values 0.2085438818 and 0.2194991410 (difference 1.096e-02), using a weighted mean and integer reconstruction. Hypothesis: attention-input scaling has local redundancy distinct from pre-FF normalization, preserving qualification at 1,671 parameters. It is more informative than the next scale union (difference 1.267e-02) because it is the minimum-distortion isolated test; the two fixed-zero biases remain fixed. Official acceptance and rollback are unchanged.	0	0
attempt-0115	nearest-block0-preattn-bias-pruning	micro-0001	0ff37c2a812d65894529d1dafabb6cebd3f252f1	a1dfac6cb503f577ebebcb35e93ea9788786fa40	2026-08-17T06:22:41.228580+00:00	scalar pruning			error	Fix block0-ln1-bias coordinate 3 to zero	Family: scalar pruning. Current retained frontier is 1,672 parameters at 99.010000%, a +0.010000 percentage-point margin over 99%. There were 23 prior macro-attempts in this family before this automation and 0 prior micro-trials in this policy. The most recent accepted result is attempt-0059 at 2118 parameters and 99.050000%; the most recent failed result is attempt-0061 (discard, 54.190000%). This is a localized parameterization-preserving prune at blocks.0.ln1: fix bias coordinate 3 from -0.0104501201 to its neutral value 0.0 (distance 1.045e-02), yielding 1,671 parameters. It is more informative than the next eligible coordinate (distance 1.481e-02) because it is the least checkpoint perturbation at this isolated normalization site. The helper orders remaining coordinates by current distance to neutral; the official runner alone accepts or rolls back, and the first discard or error closes the path.	1	
attempt-0116	repair-block0-preattn-bias-pruning	micro-0001	7684e2f1956695d8c2c8f24dec741597bb270e43	a1dfac6cb503f577ebebcb35e93ea9788786fa40	2026-08-17T06:25:23.925038+00:00	scalar pruning	97.300000%	1671	discard	Fix block0-ln1-bias coordinate 3 to zero	Family: scalar pruning. Current retained frontier is 1,672 parameters at 99.010000%, a +0.010000 percentage-point margin over 99%. There were 23 prior macro-attempts in this family before this automation and 0 prior micro-trials in this policy. The most recent accepted result is attempt-0059 at 2118 parameters and 99.050000%; the most recent failed result is attempt-0115 (discard, no score). This is a localized parameterization-preserving prune at blocks.0.ln1: fix bias coordinate 3 from -0.0104501201 to its neutral value 0.0 (distance 1.045e-02), yielding 1,671 parameters. It is more informative than the next eligible coordinate (distance 1.481e-02) because it is the least checkpoint perturbation at this isolated normalization site. The helper orders remaining coordinates by current distance to neutral; the official runner alone accepts or rolls back, and the first discard or error closes the path.	0	0
attempt-0117	nearest-block1-preattn-bias-pruning	micro-0001	c9fe56d84cdc7518898c986962ce78c4ea943b0b	a1dfac6cb503f577ebebcb35e93ea9788786fa40	2026-08-17T06:27:50.300448+00:00	scalar pruning	98.580000%	1671	discard	Fix block1-ln1-bias coordinate 13 to zero	Family: scalar pruning. Current retained frontier is 1,672 parameters at 99.010000%, a +0.010000 percentage-point margin over 99%. There were 23 prior macro-attempts in this family before this automation and 0 prior micro-trials in this policy. The most recent accepted result is attempt-0059 at 2118 parameters and 99.050000%; the most recent failed result is attempt-0116 (discard, no score). This is a localized parameterization-preserving prune at blocks.1.ln1: fix bias coordinate 13 from 0.0110794324 to its neutral value 0.0 (distance 1.108e-02), yielding 1,671 parameters. It is more informative than the next eligible coordinate (distance 2.006e-02) because it is the least checkpoint perturbation at this isolated normalization site. The helper orders remaining coordinates by current distance to neutral; the official runner alone accepts or rolls back, and the first discard or error closes the path.	0	0
attempt-0118	nearest-block1-preff-bias-pruning	micro-0001	e977659f26fde11241aa63c87a5ddcc47747d9eb	a1dfac6cb503f577ebebcb35e93ea9788786fa40	2026-08-17T06:29:48.467565+00:00	scalar pruning	95.220000%	1671	discard	Fix block1-ln2-bias coordinate 6 to zero	Family: scalar pruning. Current retained frontier is 1,672 parameters at 99.010000%, a +0.010000 percentage-point margin over 99%. There were 23 prior macro-attempts in this family before this automation and 0 prior micro-trials in this policy. The most recent accepted result is attempt-0059 at 2118 parameters and 99.050000%; the most recent failed result is attempt-0117 (discard, no score). This is a localized parameterization-preserving prune at blocks.1.ln2: fix bias coordinate 6 from -0.0638468191 to its neutral value 0.0 (distance 6.385e-02), yielding 1,671 parameters. It is more informative than the next eligible coordinate (distance 6.391e-02) because it is the least checkpoint perturbation at this isolated normalization site. The helper orders remaining coordinates by current distance to neutral; the official runner alone accepts or rolls back, and the first discard or error closes the path.	0	0
attempt-0119	nearest-block1-preattn-scale-pruning	micro-0001	23b1f22581bed9725ee02f867bee49960ab874ac	a1dfac6cb503f577ebebcb35e93ea9788786fa40	2026-08-17T06:32:04.472111+00:00	scalar pruning	96.550000%	1671	discard	Fix block1-ln1-scale coordinate 4 to one	Family: scalar pruning. Current retained frontier is 1,672 parameters at 99.010000%, a +0.010000 percentage-point margin over 99%. There were 23 prior macro-attempts in this family before this automation and 0 prior micro-trials in this policy. The most recent accepted result is attempt-0059 at 2118 parameters and 99.050000%; the most recent failed result is attempt-0118 (discard, no score). This is a localized parameterization-preserving prune at blocks.1.ln1: fix scale coordinate 4 from 0.9525162578 to its neutral value 1.0 (distance 4.748e-02), yielding 1,671 parameters. It is more informative than the next eligible coordinate (distance 2.200e-01) because it is the least checkpoint perturbation at this isolated normalization site. The helper orders remaining coordinates by current distance to neutral; the official runner alone accepts or rolls back, and the first discard or error closes the path.	0	0
attempt-0120	nearest-block0-preattn-scale-neutral	micro-0001	604bf47253eb65afe6af60f795ca66d8cc6f7d05	a1dfac6cb503f577ebebcb35e93ea9788786fa40	2026-08-17T06:33:57.261498+00:00	scalar pruning	91.960000%	1671	discard	Fix block0-ln1-scale coordinate 4 to one	Family: scalar pruning. Current retained frontier is 1,672 parameters at 99.010000%, a +0.010000 percentage-point margin over 99%. There were 23 prior macro-attempts in this family before this automation and 0 prior micro-trials in this policy. The most recent accepted result is attempt-0059 at 2118 parameters and 99.050000%; the most recent failed result is attempt-0119 (discard, no score). This is a localized parameterization-preserving prune at blocks.0.ln1: fix scale coordinate 4 from 1.1432663202 to its neutral value 1.0 (distance 1.433e-01), yielding 1,671 parameters. It is more informative than the next eligible coordinate (distance 3.393e-01) because it is the least checkpoint perturbation at this isolated normalization site. The helper orders remaining coordinates by current distance to neutral; the official runner alone accepts or rolls back, and the first discard or error closes the path.	0	0
attempt-0121	next-block1-preff-scale-neutral	micro-0001	e10fd0d2f45fd1dbffe2f8c8a050c5a0d1d442fa	a1dfac6cb503f577ebebcb35e93ea9788786fa40	2026-08-17T06:35:52.460540+00:00	scalar pruning	53.380000%	1671	discard	Fix block1-ln2-scale coordinate 5 to one	Family: scalar pruning. Current retained frontier is 1,672 parameters at 99.010000%, a +0.010000 percentage-point margin over 99%. There were 23 prior macro-attempts in this family before this automation and 0 prior micro-trials in this policy. The most recent accepted result is attempt-0059 at 2118 parameters and 99.050000%; the most recent failed result is attempt-0120 (discard, no score). This is a localized parameterization-preserving prune at blocks.1.ln2: fix scale coordinate 5 from 0.7474362254 to its neutral value 1.0 (distance 2.526e-01), yielding 1,671 parameters. It is more informative than the next eligible coordinate (distance 2.752e-01) because it is the least checkpoint perturbation at this isolated normalization site. The helper orders remaining coordinates by current distance to neutral; the official runner alone accepts or rolls back, and the first discard or error closes the path.	0	0
attempt-0132	remaining-operand-position-row-ties	micro-0001	10a63449c7ebdc8c1ce7b4e77a860b8268a7552b	a1dfac6cb503f577ebebcb35e93ea9788786fa40	2026-08-17T07:01:41.641453+00:00	position representation	98.440000%	1659	discard	Tie operand-position rows 19 and 20 coordinate-wise	Family: position representation. Current retained frontier is 1,672 parameters at 99.010000%, a +0.010000 percentage-point margin over 99%. There have been 9 prior macro-attempts and 0 prior micro-trials in this policy. The most recent accepted result is attempt-0030 at 2,128 parameters/99.14%; the most recent failed result is attempt-0131, whose position-1/2 row tie scored 15.91% at 1,656 parameters. Tie operand-position rows 19 and 20 coordinate-wise; their checkpoint L2 distance is 0.007489, versus 0.012288 for the next eligible column. This is the least-distortion remaining test and is more informative than the next row pair for that reason. The official runner alone accepts or rolls back; the first discard or error closes this column-invariance path.	0	0
attempt-0139	gelu-blend-with-output-union	micro-0001	06d88307073db782499be4f6c2ff2d17294940e2	a1dfac6cb503f577ebebcb35e93ea9788786fa40	2026-08-17T07:17:45.761860+00:00	feed-forward width	99.000000%	1671	keep	Blend exact and tanh GELU at alpha 0.5 with one output union	Family: feed-forward width. Current retained frontier is 1,672 parameters at 99.010000%, a +0.010000 percentage-point margin over 99%. There have been 20 prior macro-attempts and 0 prior micro-trials in this interpolation policy. The most recent accepted result is attempt-0022 at 3,040 parameters/99.85%; the most recent failed result is attempt-0138, where alpha=1 tanh-GELU plus output union 82/85 scored 98.99% at 1,671 parameters. Use activation exact_GELU + 0.5*(tanh_GELU-exact_GELU) with the identical union, retaining width 16. This is more informative than the next smaller blend because it is the largest remaining perturbation inside the measured alpha=0 incumbent/alpha=1 failure bracket. Official acceptance and rollback are unchanged; a failure makes the next smaller alpha eligible.	0	0
attempt-0140	ff-output-unions-under-blended-gelu	micro-0001	a091240170fc8a3f811477db1f020483c50b9c9d	06d88307073db782499be4f6c2ff2d17294940e2	2026-08-17T07:20:27.398301+00:00	parameter tying	98.970000%	1670	discard	Union closest shared FF-output scalar groups 143 and 100	Family: parameter tying. Current retained frontier is 1,671 parameters at 99.000000%, a +0.000000 percentage-point margin over 99%. There have been 45 prior macro-attempts in this family and 449 prior micro-trials. The most recent accepted result is attempt-0139/micro-0001 at 1,671 parameters and 99.00%; the most recent failed result is attempt-0087/micro-0010 (pair 143/100 discarded at 98.96% under exact GELU). This is a parameterization-preserving compression of the depth-shared feed-forward output map: union flattened coordinates 143 and 100, values -0.0714483783 and -0.0713087097 (difference 1.397e-04), using a weighted mean and integer reconstruction. Hypothesis: residual-stream reconstruction contains near-duplicate scalars distinct from FF-input redundancy, preserving qualification at 1,670 parameters. It is more informative than the next FF-output union (difference 1.613e-04) because it is the minimum-distortion isolated test of the complementary FF map. Official acceptance and rollback are unchanged.	0	0
attempt-0141	qkv-unions-under-blended-gelu	micro-0001	3b401de2f056990aa632f1789a5317d6a25e5248	06d88307073db782499be4f6c2ff2d17294940e2	2026-08-17T07:22:50.051430+00:00	parameter tying	98.990000%	1670	discard	Union closest shared-QKV scalar groups 555 and 517	Family: parameter tying. Current retained frontier is 1,671 parameters at 99.000000%, a +0.000000 percentage-point margin over 99%. There have been 46 prior macro-attempts in this family and 450 prior micro-trials. The most recent accepted result is attempt-0139/micro-0001 at 1,671 parameters and 99.00%; the most recent failed result is attempt-0091/micro-0002 (pair 555/517 discarded at 98.99% under exact GELU). This is a parameterization-preserving compression of the depth-shared QKV transform: union flattened coordinates 555 and 517, whose learned values are 0.0067168260 and 0.0067673163 (difference 5.049e-05), with a multiplicity-weighted mean and integer reconstruction map. Hypothesis: the much larger attention tensor contains near-duplicate scalars below the token failure scale, so this union preserves qualification and yields 1,670 parameters. It is more informative than the next QKV union (difference 5.227e-05) because it is the minimum-distortion test at this new site. Acceptance and rollback remain solely governed by the official runner.	0	0
attempt-0142	qkv-union-gelu-compensation	micro-0001	4149f54bd806c8c7ecc08482762771630b71abe4	06d88307073db782499be4f6c2ff2d17294940e2	2026-08-17T07:25:13.169576+00:00	feed-forward width	98.990000%	1670	discard	Use GELU blend alpha 0.25 with QKV union 555/517	Family: feed-forward width. Current retained frontier is 1,671 parameters at 99.000000%, exactly threshold. There have been 21 prior macro-attempts and 0 prior micro-trials in this compensation policy. The most recent accepted result is attempt-0139/micro-0001 at 1,671/99.00%; the most recent failed result is attempt-0141/micro-0001, QKV pair 555/517 at 1,670/98.99% with alpha=0.5. Use the identical QKV union with blended-GELU alpha=0.25. This is more informative than the next scheduled alpha because it is the next widest untested point around the alpha=0 and alpha=0.5 failures. Official acceptance/rollback is unchanged; acceptance exhausts equal-count eligibility.	0	0
attempt-0142	qkv-union-gelu-compensation	micro-0002	eee16f0dfe3deed2152cf049be92e9a5cc88df19	06d88307073db782499be4f6c2ff2d17294940e2	2026-08-17T07:26:31.110647+00:00	feed-forward width	98.990000%	1670	discard	Use GELU blend alpha 0.75 with QKV union 555/517	Family: feed-forward width. Current retained frontier is 1,671 parameters at 99.000000%, exactly threshold. There have been 21 prior macro-attempts and 1 prior micro-trials in this compensation policy. The most recent accepted result is attempt-0139/micro-0001 at 1,671/99.00%; the most recent failed result is attempt-0141/micro-0001, QKV pair 555/517 at 1,670/98.99% with alpha=0.5. Use the identical QKV union with blended-GELU alpha=0.75. This is more informative than the next scheduled alpha because it is the next widest untested point around the alpha=0 and alpha=0.5 failures. Official acceptance/rollback is unchanged; acceptance exhausts equal-count eligibility.	0	0
attempt-0142	qkv-union-gelu-compensation	micro-0003	5e4084d32fd5f47b607a0237001be2c83d1cc3bc	06d88307073db782499be4f6c2ff2d17294940e2	2026-08-17T07:27:55.370380+00:00	feed-forward width	98.990000%	1670	discard	Use GELU blend alpha 0.125 with QKV union 555/517	Family: feed-forward width. Current retained frontier is 1,671 parameters at 99.000000%, exactly threshold. There have been 21 prior macro-attempts and 2 prior micro-trials in this compensation policy. The most recent accepted result is attempt-0139/micro-0001 at 1,671/99.00%; the most recent failed result is attempt-0141/micro-0001, QKV pair 555/517 at 1,670/98.99% with alpha=0.5. Use the identical QKV union with blended-GELU alpha=0.125. This is more informative than the next scheduled alpha because it is the next widest untested point around the alpha=0 and alpha=0.5 failures. Official acceptance/rollback is unchanged; acceptance exhausts equal-count eligibility.	0	0
attempt-0142	qkv-union-gelu-compensation	micro-0004	0e484b014f9f64f17c3e8e6c83e3ea38f75daa85	06d88307073db782499be4f6c2ff2d17294940e2	2026-08-17T07:29:06.830718+00:00	feed-forward width	98.990000%	1670	discard	Use GELU blend alpha 0.875 with QKV union 555/517	Family: feed-forward width. Current retained frontier is 1,671 parameters at 99.000000%, exactly threshold. There have been 21 prior macro-attempts and 3 prior micro-trials in this compensation policy. The most recent accepted result is attempt-0139/micro-0001 at 1,671/99.00%; the most recent failed result is attempt-0141/micro-0001, QKV pair 555/517 at 1,670/98.99% with alpha=0.5. Use the identical QKV union with blended-GELU alpha=0.875. This is more informative than the next scheduled alpha because it is the next widest untested point around the alpha=0 and alpha=0.5 failures. Official acceptance/rollback is unchanged; acceptance exhausts equal-count eligibility.	0	0
attempt-0143	qkv-union-temperature-compensation	micro-0001	2d5686777ba3be3cd47f9041b2d561231983359d	06d88307073db782499be4f6c2ff2d17294940e2	2026-08-17T07:31:37.450981+00:00	attention organization	98.890000%	1670	discard	Scale attention logits by 0.99 with QKV union 555/517	Family: attention organization. Current retained frontier is 1,671 parameters at 99.000000%, exactly threshold. There have been 17 prior macro-attempts and 0 prior micro-trials in this policy. The most recent accepted result is attempt-0020 at 3,168/99.94%; the most recent failed result is attempt-0142, where four GELU blends with QKV union 555/517 all scored 98.99% at 1,670. Use the identical union and multiply QK logits by 0.99 relative to retained temperature. This is more informative than the next scheduled multiplier because the ordering alternates the smallest untested deviations around one. Official acceptance/rollback remains unchanged; acceptance exhausts equal-count eligibility.	0	0
attempt-0143	qkv-union-temperature-compensation	micro-0002	5eb6f5782a6c1c8479afa160ec16cf74dda506a3	06d88307073db782499be4f6c2ff2d17294940e2	2026-08-17T07:32:50.016812+00:00	attention organization	99.040000%	1670	keep	Scale attention logits by 1.01 with QKV union 555/517	Family: attention organization. Current retained frontier is 1,671 parameters at 99.000000%, exactly threshold. There have been 17 prior macro-attempts and 1 prior micro-trials in this policy. The most recent accepted result is attempt-0020 at 3,168/99.94%; the most recent failed result is attempt-0142, where four GELU blends with QKV union 555/517 all scored 98.99% at 1,670. Use the identical union and multiply QK logits by 1.01 relative to retained temperature. This is more informative than the next scheduled multiplier because the ordering alternates the smallest untested deviations around one. Official acceptance/rollback remains unchanged; acceptance exhausts equal-count eligibility.	0	0
attempt-0144	next-qkv-unions-at-temperature-101	micro-0001	8602ebbd33ea368521fc746a4378c019fcd0f70c	5eb6f5782a6c1c8479afa160ec16cf74dda506a3	2026-08-17T07:34:53.073013+00:00	parameter tying	99.040000%	1669	keep	Union closest shared-QKV scalar groups 315 and 106	Family: parameter tying. Current retained frontier is 1,670 parameters at 99.040000%, a +0.040000 percentage-point margin over 99%. There have been 47 prior macro-attempts in this family and 451 prior micro-trials. The most recent accepted result is attempt-0143/micro-0002 at 1,670 parameters and 99.04%; the most recent failed result is attempt-0143/micro-0001 (temperature 0.99 discarded at 98.89%). This is a parameterization-preserving compression of the depth-shared QKV transform: union flattened coordinates 315 and 106, whose learned values are 0.3326149583 and 0.3326672316 (difference 5.227e-05), with a multiplicity-weighted mean and integer reconstruction map. Hypothesis: the much larger attention tensor contains near-duplicate scalars below the token failure scale, so this union preserves qualification and yields 1,669 parameters. It is more informative than the next QKV union (difference 5.247e-05) because it is the minimum-distortion test at this new site. Acceptance and rollback remain solely governed by the official runner.	0	0
attempt-0144	next-qkv-unions-at-temperature-101	micro-0002	f65974860a47f288c75b77e1eb2e79c77ab4db07	8602ebbd33ea368521fc746a4378c019fcd0f70c	2026-08-17T07:36:07.561931+00:00	parameter tying	99.050000%	1668	keep	Union closest shared-QKV scalar groups 135 and 643	Family: parameter tying. Current retained frontier is 1,669 parameters at 99.040000%, a +0.040000 percentage-point margin over 99%. There have been 47 prior macro-attempts in this family and 452 prior micro-trials. The most recent accepted result is attempt-0143/micro-0002 at 1,670 parameters and 99.04%; the most recent failed result is attempt-0143/micro-0001 (temperature 0.99 discarded at 98.89%). This is a parameterization-preserving compression of the depth-shared QKV transform: union flattened coordinates 135 and 643, whose learned values are 0.0169199090 and 0.0169723779 (difference 5.247e-05), with a multiplicity-weighted mean and integer reconstruction map. Hypothesis: the much larger attention tensor contains near-duplicate scalars below the token failure scale, so this union preserves qualification and yields 1,668 parameters. It is more informative than the next QKV union (difference 5.420e-05) because it is the minimum-distortion test at this new site. Acceptance and rollback remain solely governed by the official runner.	0	0
attempt-0144	next-qkv-unions-at-temperature-101	micro-0003	a9ffd4936d5815198812631e0c4224db596d3b95	f65974860a47f288c75b77e1eb2e79c77ab4db07	2026-08-17T07:37:29.932700+00:00	parameter tying	99.050000%	1667	keep	Union closest shared-QKV scalar groups 638 and 696	Family: parameter tying. Current retained frontier is 1,668 parameters at 99.050000%, a +0.050000 percentage-point margin over 99%. There have been 47 prior macro-attempts in this family and 453 prior micro-trials. The most recent accepted result is attempt-0143/micro-0002 at 1,670 parameters and 99.04%; the most recent failed result is attempt-0143/micro-0001 (temperature 0.99 discarded at 98.89%). This is a parameterization-preserving compression of the depth-shared QKV transform: union flattened coordinates 638 and 696, whose learned values are 0.0135017596 and 0.0135559570 (difference 5.420e-05), with a multiplicity-weighted mean and integer reconstruction map. Hypothesis: the much larger attention tensor contains near-duplicate scalars below the token failure scale, so this union preserves qualification and yields 1,667 parameters. It is more informative than the next QKV union (difference 5.464e-05) because it is the minimum-distortion test at this new site. Acceptance and rollback remain solely governed by the official runner.	0	0
attempt-0144	next-qkv-unions-at-temperature-101	micro-0004	a496605f5e3f635a5c9e45fa00462d60fa6d8bb7	a9ffd4936d5815198812631e0c4224db596d3b95	2026-08-17T07:38:55.839509+00:00	parameter tying	99.040000%	1666	keep	Union closest shared-QKV scalar groups 710 and 622	Family: parameter tying. Current retained frontier is 1,667 parameters at 99.050000%, a +0.050000 percentage-point margin over 99%. There have been 47 prior macro-attempts in this family and 454 prior micro-trials. The most recent accepted result is attempt-0143/micro-0002 at 1,670 parameters and 99.04%; the most recent failed result is attempt-0143/micro-0001 (temperature 0.99 discarded at 98.89%). This is a parameterization-preserving compression of the depth-shared QKV transform: union flattened coordinates 710 and 622, whose learned values are 0.0042815623 and 0.0043361997 (difference 5.464e-05), with a multiplicity-weighted mean and integer reconstruction map. Hypothesis: the much larger attention tensor contains near-duplicate scalars below the token failure scale, so this union preserves qualification and yields 1,666 parameters. It is more informative than the next QKV union (difference 5.659e-05) because it is the minimum-distortion test at this new site. Acceptance and rollback remain solely governed by the official runner.	0	0
attempt-0144	next-qkv-unions-at-temperature-101	micro-0005	371053e68c56efff4dc6f543f222136f16289374	a496605f5e3f635a5c9e45fa00462d60fa6d8bb7	2026-08-17T07:40:08.901713+00:00	parameter tying	99.020000%	1665	keep	Union closest shared-QKV scalar groups 547 and 691	Family: parameter tying. Current retained frontier is 1,666 parameters at 99.040000%, a +0.040000 percentage-point margin over 99%. There have been 47 prior macro-attempts in this family and 455 prior micro-trials. The most recent accepted result is attempt-0143/micro-0002 at 1,670 parameters and 99.04%; the most recent failed result is attempt-0143/micro-0001 (temperature 0.99 discarded at 98.89%). This is a parameterization-preserving compression of the depth-shared QKV transform: union flattened coordinates 547 and 691, whose learned values are 0.0448196195 and 0.0448762104 (difference 5.659e-05), with a multiplicity-weighted mean and integer reconstruction map. Hypothesis: the much larger attention tensor contains near-duplicate scalars below the token failure scale, so this union preserves qualification and yields 1,665 parameters. It is more informative than the next QKV union (difference 5.665e-05) because it is the minimum-distortion test at this new site. Acceptance and rollback remain solely governed by the official runner.	0	0
attempt-0144	next-qkv-unions-at-temperature-101	micro-0006	17d2f541dd752e7b571271b8df5cada948a74fc7	371053e68c56efff4dc6f543f222136f16289374	2026-08-17T07:41:19.131642+00:00	parameter tying	99.030000%	1664	keep	Union closest shared-QKV scalar groups 679 and 494	Family: parameter tying. Current retained frontier is 1,665 parameters at 99.020000%, a +0.020000 percentage-point margin over 99%. There have been 47 prior macro-attempts in this family and 456 prior micro-trials. The most recent accepted result is attempt-0143/micro-0002 at 1,670 parameters and 99.04%; the most recent failed result is attempt-0143/micro-0001 (temperature 0.99 discarded at 98.89%). This is a parameterization-preserving compression of the depth-shared QKV transform: union flattened coordinates 679 and 494, whose learned values are 0.0050093280 and 0.0050659757 (difference 5.665e-05), with a multiplicity-weighted mean and integer reconstruction map. Hypothesis: the much larger attention tensor contains near-duplicate scalars below the token failure scale, so this union preserves qualification and yields 1,664 parameters. It is more informative than the next QKV union (difference 5.721e-05) because it is the minimum-distortion test at this new site. Acceptance and rollback remain solely governed by the official runner.	0	0
attempt-0144	next-qkv-unions-at-temperature-101	micro-0007	882b1e74d8db39ae8cfa4bfab900c72203c0b8e3	17d2f541dd752e7b571271b8df5cada948a74fc7	2026-08-17T07:42:29.936003+00:00	parameter tying	99.050000%	1663	keep	Union closest shared-QKV scalar groups 765 and 639	Family: parameter tying. Current retained frontier is 1,664 parameters at 99.030000%, a +0.030000 percentage-point margin over 99%. There have been 47 prior macro-attempts in this family and 457 prior micro-trials. The most recent accepted result is attempt-0143/micro-0002 at 1,670 parameters and 99.04%; the most recent failed result is attempt-0143/micro-0001 (temperature 0.99 discarded at 98.89%). This is a parameterization-preserving compression of the depth-shared QKV transform: union flattened coordinates 765 and 639, whose learned values are -0.0999161750 and -0.0998589694 (difference 5.721e-05), with a multiplicity-weighted mean and integer reconstruction map. Hypothesis: the much larger attention tensor contains near-duplicate scalars below the token failure scale, so this union preserves qualification and yields 1,663 parameters. It is more informative than the next QKV union (difference 5.757e-05) because it is the minimum-distortion test at this new site. Acceptance and rollback remain solely governed by the official runner.	0	0
attempt-0144	next-qkv-unions-at-temperature-101	micro-0008	9a230948d30be754343a2f65e0bb8de211b7ee57	882b1e74d8db39ae8cfa4bfab900c72203c0b8e3	2026-08-17T07:43:40.293286+00:00	parameter tying	99.020000%	1662	keep	Union closest shared-QKV scalar groups 393 and 755	Family: parameter tying. Current retained frontier is 1,663 parameters at 99.050000%, a +0.050000 percentage-point margin over 99%. There have been 47 prior macro-attempts in this family and 458 prior micro-trials. The most recent accepted result is attempt-0143/micro-0002 at 1,670 parameters and 99.04%; the most recent failed result is attempt-0143/micro-0001 (temperature 0.99 discarded at 98.89%). This is a parameterization-preserving compression of the depth-shared QKV transform: union flattened coordinates 393 and 755, whose learned values are 0.0126741407 and 0.0127317067 (difference 5.757e-05), with a multiplicity-weighted mean and integer reconstruction map. Hypothesis: the much larger attention tensor contains near-duplicate scalars below the token failure scale, so this union preserves qualification and yields 1,662 parameters. It is more informative than the next QKV union (difference 5.865e-05) because it is the minimum-distortion test at this new site. Acceptance and rollback remain solely governed by the official runner.	0	0
attempt-0144	next-qkv-unions-at-temperature-101	micro-0009	5c8624b81fcad3cacc2a6116cbd18c574ad63429	9a230948d30be754343a2f65e0bb8de211b7ee57	2026-08-17T07:44:51.200465+00:00	parameter tying	99.020000%	1661	keep	Union closest shared-QKV scalar groups 535 and 321	Family: parameter tying. Current retained frontier is 1,662 parameters at 99.020000%, a +0.020000 percentage-point margin over 99%. There have been 47 prior macro-attempts in this family and 459 prior micro-trials. The most recent accepted result is attempt-0143/micro-0002 at 1,670 parameters and 99.04%; the most recent failed result is attempt-0143/micro-0001 (temperature 0.99 discarded at 98.89%). This is a parameterization-preserving compression of the depth-shared QKV transform: union flattened coordinates 535 and 321, whose learned values are 0.0606920719 and 0.0607507192 (difference 5.865e-05), with a multiplicity-weighted mean and integer reconstruction map. Hypothesis: the much larger attention tensor contains near-duplicate scalars below the token failure scale, so this union preserves qualification and yields 1,661 parameters. It is more informative than the next QKV union (difference 5.936e-05) because it is the minimum-distortion test at this new site. Acceptance and rollback remain solely governed by the official runner.	0	0
attempt-0144	next-qkv-unions-at-temperature-101	micro-0010	7dc317688349691421eac6d0f8c4d3094a3df74a	5c8624b81fcad3cacc2a6116cbd18c574ad63429	2026-08-17T07:46:03.155773+00:00	parameter tying	99.020000%	1660	keep	Union closest shared-QKV scalar groups 359 and 65	Family: parameter tying. Current retained frontier is 1,661 parameters at 99.020000%, a +0.020000 percentage-point margin over 99%. There have been 47 prior macro-attempts in this family and 460 prior micro-trials. The most recent accepted result is attempt-0143/micro-0002 at 1,670 parameters and 99.04%; the most recent failed result is attempt-0143/micro-0001 (temperature 0.99 discarded at 98.89%). This is a parameterization-preserving compression of the depth-shared QKV transform: union flattened coordinates 359 and 65, whose learned values are 0.0622520894 and 0.0623114444 (difference 5.936e-05), with a multiplicity-weighted mean and integer reconstruction map. Hypothesis: the much larger attention tensor contains near-duplicate scalars below the token failure scale, so this union preserves qualification and yields 1,660 parameters. It is more informative than the next QKV union (difference 5.959e-05) because it is the minimum-distortion test at this new site. Acceptance and rollback remain solely governed by the official runner.	0	0
attempt-0144	next-qkv-unions-at-temperature-101	micro-0011	371e4b2f37a7aa63b2068de3ea0ce4bdabc7904d	7dc317688349691421eac6d0f8c4d3094a3df74a	2026-08-17T07:47:22.602642+00:00	parameter tying	99.020000%	1659	keep	Union closest shared-QKV scalar groups 209 and 330	Family: parameter tying. Current retained frontier is 1,660 parameters at 99.020000%, a +0.020000 percentage-point margin over 99%. There have been 47 prior macro-attempts in this family and 461 prior micro-trials. The most recent accepted result is attempt-0143/micro-0002 at 1,670 parameters and 99.04%; the most recent failed result is attempt-0143/micro-0001 (temperature 0.99 discarded at 98.89%). This is a parameterization-preserving compression of the depth-shared QKV transform: union flattened coordinates 209 and 330, whose learned values are -0.1747345626 and -0.1746749729 (difference 5.959e-05), with a multiplicity-weighted mean and integer reconstruction map. Hypothesis: the much larger attention tensor contains near-duplicate scalars below the token failure scale, so this union preserves qualification and yields 1,659 parameters. It is more informative than the next QKV union (difference 6.145e-05) because it is the minimum-distortion test at this new site. Acceptance and rollback remain solely governed by the official runner.	0	0
attempt-0144	next-qkv-unions-at-temperature-101	micro-0012	9ec7a54622b817f6c1652e0605bbee6e8095ef1a	371e4b2f37a7aa63b2068de3ea0ce4bdabc7904d	2026-08-17T07:48:36.414345+00:00	parameter tying	99.020000%	1658	keep	Union closest shared-QKV scalar groups 439 and 428	Family: parameter tying. Current retained frontier is 1,659 parameters at 99.020000%, a +0.020000 percentage-point margin over 99%. There have been 47 prior macro-attempts in this family and 462 prior micro-trials. The most recent accepted result is attempt-0143/micro-0002 at 1,670 parameters and 99.04%; the most recent failed result is attempt-0143/micro-0001 (temperature 0.99 discarded at 98.89%). This is a parameterization-preserving compression of the depth-shared QKV transform: union flattened coordinates 439 and 428, whose learned values are -0.3489643037 and -0.3489028513 (difference 6.145e-05), with a multiplicity-weighted mean and integer reconstruction map. Hypothesis: the much larger attention tensor contains near-duplicate scalars below the token failure scale, so this union preserves qualification and yields 1,658 parameters. It is more informative than the next QKV union (difference 6.233e-05) because it is the minimum-distortion test at this new site. Acceptance and rollback remain solely governed by the official runner.	0	0
attempt-0144	next-qkv-unions-at-temperature-101	micro-0013	a32b7f7f910711054254c92ff8992b70fe9f4c76	9ec7a54622b817f6c1652e0605bbee6e8095ef1a	2026-08-17T07:49:52.066539+00:00	parameter tying	99.020000%	1657	keep	Union closest shared-QKV scalar groups 297 and 553	Family: parameter tying. Current retained frontier is 1,658 parameters at 99.020000%, a +0.020000 percentage-point margin over 99%. There have been 47 prior macro-attempts in this family and 463 prior micro-trials. The most recent accepted result is attempt-0143/micro-0002 at 1,670 parameters and 99.04%; the most recent failed result is attempt-0143/micro-0001 (temperature 0.99 discarded at 98.89%). This is a parameterization-preserving compression of the depth-shared QKV transform: union flattened coordinates 297 and 553, whose learned values are 0.0551006645 and 0.0551629961 (difference 6.233e-05), with a multiplicity-weighted mean and integer reconstruction map. Hypothesis: the much larger attention tensor contains near-duplicate scalars below the token failure scale, so this union preserves qualification and yields 1,657 parameters. It is more informative than the next QKV union (difference 6.351e-05) because it is the minimum-distortion test at this new site. Acceptance and rollback remain solely governed by the official runner.	0	0
attempt-0144	next-qkv-unions-at-temperature-101	micro-0014	b51c829ccff3031bda4d9a98f9e179904cad82a1	a32b7f7f910711054254c92ff8992b70fe9f4c76	2026-08-17T07:51:07.310401+00:00	parameter tying	99.020000%	1656	keep	Union closest shared-QKV scalar groups 625 and 683	Family: parameter tying. Current retained frontier is 1,657 parameters at 99.020000%, a +0.020000 percentage-point margin over 99%. There have been 47 prior macro-attempts in this family and 464 prior micro-trials. The most recent accepted result is attempt-0143/micro-0002 at 1,670 parameters and 99.04%; the most recent failed result is attempt-0143/micro-0001 (temperature 0.99 discarded at 98.89%). This is a parameterization-preserving compression of the depth-shared QKV transform: union flattened coordinates 625 and 683, whose learned values are 0.0101261223 and 0.0101896310 (difference 6.351e-05), with a multiplicity-weighted mean and integer reconstruction map. Hypothesis: the much larger attention tensor contains near-duplicate scalars below the token failure scale, so this union preserves qualification and yields 1,656 parameters. It is more informative than the next QKV union (difference 6.427e-05) because it is the minimum-distortion test at this new site. Acceptance and rollback remain solely governed by the official runner.	0	0
attempt-0144	next-qkv-unions-at-temperature-101	micro-0015	b8988583bda457d7adac84e6cad986a69d8de43d	b51c829ccff3031bda4d9a98f9e179904cad82a1	2026-08-17T07:52:26.067818+00:00	parameter tying	99.020000%	1655	keep	Union closest shared-QKV scalar groups 646 and 667	Family: parameter tying. Current retained frontier is 1,656 parameters at 99.020000%, a +0.020000 percentage-point margin over 99%. There have been 47 prior macro-attempts in this family and 465 prior micro-trials. The most recent accepted result is attempt-0143/micro-0002 at 1,670 parameters and 99.04%; the most recent failed result is attempt-0143/micro-0001 (temperature 0.99 discarded at 98.89%). This is a parameterization-preserving compression of the depth-shared QKV transform: union flattened coordinates 646 and 667, whose learned values are 0.0039409124 and 0.0040051811 (difference 6.427e-05), with a multiplicity-weighted mean and integer reconstruction map. Hypothesis: the much larger attention tensor contains near-duplicate scalars below the token failure scale, so this union preserves qualification and yields 1,655 parameters. It is more informative than the next QKV union (difference 6.582e-05) because it is the minimum-distortion test at this new site. Acceptance and rollback remain solely governed by the official runner.	0	0
attempt-0144	next-qkv-unions-at-temperature-101	micro-0016	eeed566eb6e1f160150c1dc9a5dae2722268c525	b8988583bda457d7adac84e6cad986a69d8de43d	2026-08-17T07:53:40.981131+00:00	parameter tying	99.020000%	1654	keep	Union closest shared-QKV scalar groups 718 and 260	Family: parameter tying. Current retained frontier is 1,655 parameters at 99.020000%, a +0.020000 percentage-point margin over 99%. There have been 47 prior macro-attempts in this family and 466 prior micro-trials. The most recent accepted result is attempt-0143/micro-0002 at 1,670 parameters and 99.04%; the most recent failed result is attempt-0143/micro-0001 (temperature 0.99 discarded at 98.89%). This is a parameterization-preserving compression of the depth-shared QKV transform: union flattened coordinates 718 and 260, whose learned values are 0.0462402590 and 0.0463060774 (difference 6.582e-05), with a multiplicity-weighted mean and integer reconstruction map. Hypothesis: the much larger attention tensor contains near-duplicate scalars below the token failure scale, so this union preserves qualification and yields 1,654 parameters. It is more informative than the next QKV union (difference 6.645e-05) because it is the minimum-distortion test at this new site. Acceptance and rollback remain solely governed by the official runner.	0	0
attempt-0144	next-qkv-unions-at-temperature-101	micro-0017	21d1a397f00c50600e5c8f0d8d672a62e51f083f	eeed566eb6e1f160150c1dc9a5dae2722268c525	2026-08-17T07:54:57.438880+00:00	parameter tying	99.020000%	1653	keep	Union closest shared-QKV scalar groups 684 and 685	Family: parameter tying. Current retained frontier is 1,654 parameters at 99.020000%, a +0.020000 percentage-point margin over 99%. There have been 47 prior macro-attempts in this family and 467 prior micro-trials. The most recent accepted result is attempt-0143/micro-0002 at 1,670 parameters and 99.04%; the most recent failed result is attempt-0143/micro-0001 (temperature 0.99 discarded at 98.89%). This is a parameterization-preserving compression of the depth-shared QKV transform: union flattened coordinates 684 and 685, whose learned values are 0.0226465017 and 0.0227129534 (difference 6.645e-05), with a multiplicity-weighted mean and integer reconstruction map. Hypothesis: the much larger attention tensor contains near-duplicate scalars below the token failure scale, so this union preserves qualification and yields 1,653 parameters. It is more informative than the next QKV union (difference 6.737e-05) because it is the minimum-distortion test at this new site. Acceptance and rollback remain solely governed by the official runner.	0	0
attempt-0144	next-qkv-unions-at-temperature-101	micro-0018	8e78fee8a3ce57b537915369632113a02c38470e	21d1a397f00c50600e5c8f0d8d672a62e51f083f	2026-08-17T07:56:12.352036+00:00	parameter tying	99.020000%	1652	keep	Union closest shared-QKV scalar groups 748 and 706	Family: parameter tying. Current retained frontier is 1,653 parameters at 99.020000%, a +0.020000 percentage-point margin over 99%. There have been 47 prior macro-attempts in this family and 468 prior micro-trials. The most recent accepted result is attempt-0143/micro-0002 at 1,670 parameters and 99.04%; the most recent failed result is attempt-0143/micro-0001 (temperature 0.99 discarded at 98.89%). This is a parameterization-preserving compression of the depth-shared QKV transform: union flattened coordinates 748 and 706, whose learned values are -0.0047784611 and -0.0047110897 (difference 6.737e-05), with a multiplicity-weighted mean and integer reconstruction map. Hypothesis: the much larger attention tensor contains near-duplicate scalars below the token failure scale, so this union preserves qualification and yields 1,652 parameters. It is more informative than the next QKV union (difference 6.846e-05) because it is the minimum-distortion test at this new site. Acceptance and rollback remain solely governed by the official runner.	0	0
attempt-0144	next-qkv-unions-at-temperature-101	micro-0019	631fd895aa3a24bfa5c3f569e6962ceec7394cca	8e78fee8a3ce57b537915369632113a02c38470e	2026-08-17T07:57:33.001197+00:00	parameter tying	98.990000%	1651	discard	Union closest shared-QKV scalar groups 564 and 699	Family: parameter tying. Current retained frontier is 1,652 parameters at 99.020000%, a +0.020000 percentage-point margin over 99%. There have been 47 prior macro-attempts in this family and 469 prior micro-trials. The most recent accepted result is attempt-0143/micro-0002 at 1,670 parameters and 99.04%; the most recent failed result is attempt-0143/micro-0001 (temperature 0.99 discarded at 98.89%). This is a parameterization-preserving compression of the depth-shared QKV transform: union flattened coordinates 564 and 699, whose learned values are -0.0023953773 and -0.0023269178 (difference 6.846e-05), with a multiplicity-weighted mean and integer reconstruction map. Hypothesis: the much larger attention tensor contains near-duplicate scalars below the token failure scale, so this union preserves qualification and yields 1,651 parameters. It is more informative than the next QKV union (difference 6.862e-05) because it is the minimum-distortion test at this new site. Acceptance and rollback remain solely governed by the official runner.	0	0
attempt-0145	next-qkv-temperature-calibration	micro-0001	f42258bab511aaa648d4bfab413c382d67954439	8e78fee8a3ce57b537915369632113a02c38470e	2026-08-17T08:00:13.479127+00:00	attention organization	98.980000%	1651	discard	Use temperature 1.005 with QKV union 564/699	Family: attention organization. Current retained frontier is 1,652 parameters at 99.020000%, +0.020000 over threshold. There have been 18 prior macro-attempts and 0 prior micro-trials in this policy. The most recent accepted result is attempt-0144/micro-0018 at 1,652/99.02%; the most recent failed result is attempt-0144/micro-0019, where QKV pair 564/699 scored 98.99% at 1,651 with temperature 1.01. Test the identical pair at absolute multiplier 1.005. This is more informative than the next scheduled temperature because it is the smallest remaining deviation around 1.01. Official acceptance/rollback is unchanged; acceptance exhausts equal-count eligibility.	0	0
attempt-0145	next-qkv-temperature-calibration	micro-0002	826490268493d9f986aab30be6f6e73cbe5374c3	8e78fee8a3ce57b537915369632113a02c38470e	2026-08-17T08:01:29.074157+00:00	attention organization	99.020000%	1651	keep	Use temperature 1.015 with QKV union 564/699	Family: attention organization. Current retained frontier is 1,652 parameters at 99.020000%, +0.020000 over threshold. There have been 18 prior macro-attempts and 1 prior micro-trials in this policy. The most recent accepted result is attempt-0144/micro-0018 at 1,652/99.02%; the most recent failed result is attempt-0144/micro-0019, where QKV pair 564/699 scored 98.99% at 1,651 with temperature 1.01. Test the identical pair at absolute multiplier 1.015. This is more informative than the next scheduled temperature because it is the smallest remaining deviation around 1.01. Official acceptance/rollback is unchanged; acceptance exhausts equal-count eligibility.	0	0
attempt-0146	next-qkv-unions-at-temperature-1015	micro-0001	484197e8c2221d53a025bc6d39e20224dcc6633a	826490268493d9f986aab30be6f6e73cbe5374c3	2026-08-17T08:03:43.981250+00:00	parameter tying	99.010000%	1650	keep	Union closest shared-QKV scalar groups 105 and 278	Family: parameter tying. Current retained frontier is 1,651 parameters at 99.020000%, a +0.020000 percentage-point margin over 99%. There have been 48 prior macro-attempts in this family and 470 prior micro-trials. The most recent accepted result is attempt-0145/micro-0002 at 1,651 parameters and 99.02%; the most recent failed result is attempt-0145/micro-0001 (temperature 1.005 discarded at 98.98%). This is a parameterization-preserving compression of the depth-shared QKV transform: union flattened coordinates 105 and 278, whose learned values are -0.0079108039 and -0.0078421850 (difference 6.862e-05), with a multiplicity-weighted mean and integer reconstruction map. Hypothesis: the much larger attention tensor contains near-duplicate scalars below the token failure scale, so this union preserves qualification and yields 1,650 parameters. It is more informative than the next QKV union (difference 7.086e-05) because it is the minimum-distortion test at this new site. Acceptance and rollback remain solely governed by the official runner.	0	0
attempt-0146	next-qkv-unions-at-temperature-1015	micro-0002	04d14a2f920a81f6a9fcb62e275dfcde3f5886d1	484197e8c2221d53a025bc6d39e20224dcc6633a	2026-08-17T08:04:56.528137+00:00	parameter tying	99.010000%	1649	keep	Union closest shared-QKV scalar groups 156 and 348	Family: parameter tying. Current retained frontier is 1,650 parameters at 99.010000%, a +0.010000 percentage-point margin over 99%. There have been 48 prior macro-attempts in this family and 471 prior micro-trials. The most recent accepted result is attempt-0145/micro-0002 at 1,651 parameters and 99.02%; the most recent failed result is attempt-0145/micro-0001 (temperature 1.005 discarded at 98.98%). This is a parameterization-preserving compression of the depth-shared QKV transform: union flattened coordinates 156 and 348, whose learned values are -0.1701130569 and -0.1700422019 (difference 7.086e-05), with a multiplicity-weighted mean and integer reconstruction map. Hypothesis: the much larger attention tensor contains near-duplicate scalars below the token failure scale, so this union preserves qualification and yields 1,649 parameters. It is more informative than the next QKV union (difference 7.225e-05) because it is the minimum-distortion test at this new site. Acceptance and rollback remain solely governed by the official runner.	0	0
attempt-0146	next-qkv-unions-at-temperature-1015	micro-0003	d7a85278dcddca6f7c683770350ff7b9447f6a57	04d14a2f920a81f6a9fcb62e275dfcde3f5886d1	2026-08-17T08:06:09.677548+00:00	parameter tying	99.010000%	1648	keep	Union closest shared-QKV scalar groups 207 and 470	Family: parameter tying. Current retained frontier is 1,649 parameters at 99.010000%, a +0.010000 percentage-point margin over 99%. There have been 48 prior macro-attempts in this family and 472 prior micro-trials. The most recent accepted result is attempt-0145/micro-0002 at 1,651 parameters and 99.02%; the most recent failed result is attempt-0145/micro-0001 (temperature 1.005 discarded at 98.98%). This is a parameterization-preserving compression of the depth-shared QKV transform: union flattened coordinates 207 and 470, whose learned values are 0.0125348568 and 0.0126071023 (difference 7.225e-05), with a multiplicity-weighted mean and integer reconstruction map. Hypothesis: the much larger attention tensor contains near-duplicate scalars below the token failure scale, so this union preserves qualification and yields 1,648 parameters. It is more informative than the next QKV union (difference 7.241e-05) because it is the minimum-distortion test at this new site. Acceptance and rollback remain solely governed by the official runner.	0	0
attempt-0146	next-qkv-unions-at-temperature-1015	micro-0004	5c88872db4e096c9a39b1ebb63d7a5b9da2e2014	d7a85278dcddca6f7c683770350ff7b9447f6a57	2026-08-17T08:07:18.852773+00:00	parameter tying	99.010000%	1647	keep	Union closest shared-QKV scalar groups 396 and 82	Family: parameter tying. Current retained frontier is 1,648 parameters at 99.010000%, a +0.010000 percentage-point margin over 99%. There have been 48 prior macro-attempts in this family and 473 prior micro-trials. The most recent accepted result is attempt-0145/micro-0002 at 1,651 parameters and 99.02%; the most recent failed result is attempt-0145/micro-0001 (temperature 1.005 discarded at 98.98%). This is a parameterization-preserving compression of the depth-shared QKV transform: union flattened coordinates 396 and 82, whose learned values are 0.0275407117 and 0.0276131239 (difference 7.241e-05), with a multiplicity-weighted mean and integer reconstruction map. Hypothesis: the much larger attention tensor contains near-duplicate scalars below the token failure scale, so this union preserves qualification and yields 1,647 parameters. It is more informative than the next QKV union (difference 7.394e-05) because it is the minimum-distortion test at this new site. Acceptance and rollback remain solely governed by the official runner.	0	0
attempt-0146	next-qkv-unions-at-temperature-1015	micro-0005	82eee16d2b605b886c3e6213f623871122a960f7	5c88872db4e096c9a39b1ebb63d7a5b9da2e2014	2026-08-17T08:08:42.146612+00:00	parameter tying	99.010000%	1646	keep	Union closest shared-QKV scalar groups 234 and 468	Family: parameter tying. Current retained frontier is 1,647 parameters at 99.010000%, a +0.010000 percentage-point margin over 99%. There have been 48 prior macro-attempts in this family and 474 prior micro-trials. The most recent accepted result is attempt-0145/micro-0002 at 1,651 parameters and 99.02%; the most recent failed result is attempt-0145/micro-0001 (temperature 1.005 discarded at 98.98%). This is a parameterization-preserving compression of the depth-shared QKV transform: union flattened coordinates 234 and 468, whose learned values are -0.3646740615 and -0.3646001220 (difference 7.394e-05), with a multiplicity-weighted mean and integer reconstruction map. Hypothesis: the much larger attention tensor contains near-duplicate scalars below the token failure scale, so this union preserves qualification and yields 1,646 parameters. It is more informative than the next QKV union (difference 7.401e-05) because it is the minimum-distortion test at this new site. Acceptance and rollback remain solely governed by the official runner.	0	0
attempt-0146	next-qkv-unions-at-temperature-1015	micro-0006	1a9b6efb7317f60f8e4c1b17d5ba76241cbac828	82eee16d2b605b886c3e6213f623871122a960f7	2026-08-17T08:09:57.957023+00:00	parameter tying	99.010000%	1645	keep	Union closest shared-QKV scalar groups 689 and 549	Family: parameter tying. Current retained frontier is 1,646 parameters at 99.010000%, a +0.010000 percentage-point margin over 99%. There have been 48 prior macro-attempts in this family and 475 prior micro-trials. The most recent accepted result is attempt-0145/micro-0002 at 1,651 parameters and 99.02%; the most recent failed result is attempt-0145/micro-0001 (temperature 1.005 discarded at 98.98%). This is a parameterization-preserving compression of the depth-shared QKV transform: union flattened coordinates 689 and 549, whose learned values are -0.0049687452 and -0.0048947390 (difference 7.401e-05), with a multiplicity-weighted mean and integer reconstruction map. Hypothesis: the much larger attention tensor contains near-duplicate scalars below the token failure scale, so this union preserves qualification and yields 1,645 parameters. It is more informative than the next QKV union (difference 7.404e-05) because it is the minimum-distortion test at this new site. Acceptance and rollback remain solely governed by the official runner.	0	0
attempt-0146	next-qkv-unions-at-temperature-1015	micro-0007	b5367a31f584c53953083fd76f4cc343866fce94	1a9b6efb7317f60f8e4c1b17d5ba76241cbac828	2026-08-17T08:11:11.537751+00:00	parameter tying	99.010000%	1644	keep	Union closest shared-QKV scalar groups 670 and 621	Family: parameter tying. Current retained frontier is 1,645 parameters at 99.010000%, a +0.010000 percentage-point margin over 99%. There have been 48 prior macro-attempts in this family and 476 prior micro-trials. The most recent accepted result is attempt-0145/micro-0002 at 1,651 parameters and 99.02%; the most recent failed result is attempt-0145/micro-0001 (temperature 1.005 discarded at 98.98%). This is a parameterization-preserving compression of the depth-shared QKV transform: union flattened coordinates 670 and 621, whose learned values are -0.0404962935 and -0.0404222570 (difference 7.404e-05), with a multiplicity-weighted mean and integer reconstruction map. Hypothesis: the much larger attention tensor contains near-duplicate scalars below the token failure scale, so this union preserves qualification and yields 1,644 parameters. It is more informative than the next QKV union (difference 7.426e-05) because it is the minimum-distortion test at this new site. Acceptance and rollback remain solely governed by the official runner.	0	0
attempt-0146	next-qkv-unions-at-temperature-1015	micro-0008	4337e6e17f7df05a967367102a09f2a5ae162a79	b5367a31f584c53953083fd76f4cc343866fce94	2026-08-17T08:12:26.719009+00:00	parameter tying	99.010000%	1643	keep	Union closest shared-QKV scalar groups 682 and 499	Family: parameter tying. Current retained frontier is 1,644 parameters at 99.010000%, a +0.010000 percentage-point margin over 99%. There have been 48 prior macro-attempts in this family and 477 prior micro-trials. The most recent accepted result is attempt-0145/micro-0002 at 1,651 parameters and 99.02%; the most recent failed result is attempt-0145/micro-0001 (temperature 1.005 discarded at 98.98%). This is a parameterization-preserving compression of the depth-shared QKV transform: union flattened coordinates 682 and 499, whose learned values are 0.0330172218 and 0.0330914855 (difference 7.426e-05), with a multiplicity-weighted mean and integer reconstruction map. Hypothesis: the much larger attention tensor contains near-duplicate scalars below the token failure scale, so this union preserves qualification and yields 1,643 parameters. It is more informative than the next QKV union (difference 7.479e-05) because it is the minimum-distortion test at this new site. Acceptance and rollback remain solely governed by the official runner.	0	0
attempt-0146	next-qkv-unions-at-temperature-1015	micro-0009	cac00b2e49141a0214d536191119a5180efbd57b	4337e6e17f7df05a967367102a09f2a5ae162a79	2026-08-17T08:13:39.993216+00:00	parameter tying	99.020000%	1642	keep	Union closest shared-QKV scalar groups 740 and 529	Family: parameter tying. Current retained frontier is 1,643 parameters at 99.010000%, a +0.010000 percentage-point margin over 99%. There have been 48 prior macro-attempts in this family and 478 prior micro-trials. The most recent accepted result is attempt-0145/micro-0002 at 1,651 parameters and 99.02%; the most recent failed result is attempt-0145/micro-0001 (temperature 1.005 discarded at 98.98%). This is a parameterization-preserving compression of the depth-shared QKV transform: union flattened coordinates 740 and 529, whose learned values are 0.0084284069 and 0.0085031940 (difference 7.479e-05), with a multiplicity-weighted mean and integer reconstruction map. Hypothesis: the much larger attention tensor contains near-duplicate scalars below the token failure scale, so this union preserves qualification and yields 1,642 parameters. It is more informative than the next QKV union (difference 7.533e-05) because it is the minimum-distortion test at this new site. Acceptance and rollback remain solely governed by the official runner.	0	0
attempt-0146	next-qkv-unions-at-temperature-1015	micro-0010	79818de51350caba7702dfc95295207d574ac18e	cac00b2e49141a0214d536191119a5180efbd57b	2026-08-17T08:14:52.891542+00:00	parameter tying	99.020000%	1641	keep	Union closest shared-QKV scalar groups 346 and 419	Family: parameter tying. Current retained frontier is 1,642 parameters at 99.020000%, a +0.020000 percentage-point margin over 99%. There have been 48 prior macro-attempts in this family and 479 prior micro-trials. The most recent accepted result is attempt-0145/micro-0002 at 1,651 parameters and 99.02%; the most recent failed result is attempt-0145/micro-0001 (temperature 1.005 discarded at 98.98%). This is a parameterization-preserving compression of the depth-shared QKV transform: union flattened coordinates 346 and 419, whose learned values are 0.0881959051 and 0.0882712305 (difference 7.533e-05), with a multiplicity-weighted mean and integer reconstruction map. Hypothesis: the much larger attention tensor contains near-duplicate scalars below the token failure scale, so this union preserves qualification and yields 1,641 parameters. It is more informative than the next QKV union (difference 7.699e-05) because it is the minimum-distortion test at this new site. Acceptance and rollback remain solely governed by the official runner.	0	0
attempt-0146	next-qkv-unions-at-temperature-1015	micro-0011	462c6c42e25b52b5c63baa6f55133167cf5e9205	79818de51350caba7702dfc95295207d574ac18e	2026-08-17T08:16:06.687350+00:00	parameter tying	99.000000%	1640	keep	Union closest shared-QKV scalar groups 614 and 756	Family: parameter tying. Current retained frontier is 1,641 parameters at 99.020000%, a +0.020000 percentage-point margin over 99%. There have been 48 prior macro-attempts in this family and 480 prior micro-trials. The most recent accepted result is attempt-0145/micro-0002 at 1,651 parameters and 99.02%; the most recent failed result is attempt-0145/micro-0001 (temperature 1.005 discarded at 98.98%). This is a parameterization-preserving compression of the depth-shared QKV transform: union flattened coordinates 614 and 756, whose learned values are 0.0047282530 and 0.0048052464 (difference 7.699e-05), with a multiplicity-weighted mean and integer reconstruction map. Hypothesis: the much larger attention tensor contains near-duplicate scalars below the token failure scale, so this union preserves qualification and yields 1,640 parameters. It is more informative than the next QKV union (difference 7.761e-05) because it is the minimum-distortion test at this new site. Acceptance and rollback remain solely governed by the official runner.	0	0
attempt-0146	next-qkv-unions-at-temperature-1015	micro-0012	9fa29d2295f6893661c07ccb9c7dc9acf4b2fadf	462c6c42e25b52b5c63baa6f55133167cf5e9205	2026-08-17T08:17:19.619204+00:00	parameter tying	98.990000%	1639	discard	Union closest shared-QKV scalar groups 608 and 539	Family: parameter tying. Current retained frontier is 1,640 parameters at 99.000000%, a +0.000000 percentage-point margin over 99%. There have been 48 prior macro-attempts in this family and 481 prior micro-trials. The most recent accepted result is attempt-0145/micro-0002 at 1,651 parameters and 99.02%; the most recent failed result is attempt-0145/micro-0001 (temperature 1.005 discarded at 98.98%). This is a parameterization-preserving compression of the depth-shared QKV transform: union flattened coordinates 608 and 539, whose learned values are 0.0139486054 and 0.0140262134 (difference 7.761e-05), with a multiplicity-weighted mean and integer reconstruction map. Hypothesis: the much larger attention tensor contains near-duplicate scalars below the token failure scale, so this union preserves qualification and yields 1,639 parameters. It is more informative than the next QKV union (difference 7.888e-05) because it is the minimum-distortion test at this new site. Acceptance and rollback remain solely governed by the official runner.	0	0
attempt-0147	qkv-608-539-temperature-calibration	micro-0001	762c2e222c320d0dddada588923fda398f7cfc81	462c6c42e25b52b5c63baa6f55133167cf5e9205	2026-08-17T08:19:52.422211+00:00	attention organization	98.950000%	1639	discard	Use temperature 1.0125 with QKV union 608/539	Family: attention organization. Current retained frontier is 1,640 parameters at 99.000000%, exactly threshold. There have been 19 prior macro-attempts and 0 prior micro-trials in this policy. The most recent accepted result is attempt-0146/micro-0011 at 1,640/99.00%; the most recent failed result is attempt-0146/micro-0012, where QKV pair 608/539 scored 98.99% at 1,639 with temperature 1.015. Test the identical pair at absolute multiplier 1.0125. This is more informative than the next scheduled temperature because it is the smallest remaining deviation around 1.015. Official acceptance/rollback is unchanged; acceptance exhausts equal-count eligibility.	0	0
attempt-0147	qkv-608-539-temperature-calibration	micro-0002	16f3a8f755641d1bba5a44eeca30cb8413b66a8e	462c6c42e25b52b5c63baa6f55133167cf5e9205	2026-08-17T08:21:04.177197+00:00	attention organization	98.990000%	1639	discard	Use temperature 1.0175 with QKV union 608/539	Family: attention organization. Current retained frontier is 1,640 parameters at 99.000000%, exactly threshold. There have been 19 prior macro-attempts and 1 prior micro-trials in this policy. The most recent accepted result is attempt-0146/micro-0011 at 1,640/99.00%; the most recent failed result is attempt-0146/micro-0012, where QKV pair 608/539 scored 98.99% at 1,639 with temperature 1.015. Test the identical pair at absolute multiplier 1.0175. This is more informative than the next scheduled temperature because it is the smallest remaining deviation around 1.015. Official acceptance/rollback is unchanged; acceptance exhausts equal-count eligibility.	0	0
attempt-0147	qkv-608-539-temperature-calibration	micro-0003	2e676f11e3db61fc4975ca5de65a4cff2dea2299	462c6c42e25b52b5c63baa6f55133167cf5e9205	2026-08-17T08:22:16.001674+00:00	attention organization	98.950000%	1639	discard	Use temperature 1.01 with QKV union 608/539	Family: attention organization. Current retained frontier is 1,640 parameters at 99.000000%, exactly threshold. There have been 19 prior macro-attempts and 2 prior micro-trials in this policy. The most recent accepted result is attempt-0146/micro-0011 at 1,640/99.00%; the most recent failed result is attempt-0146/micro-0012, where QKV pair 608/539 scored 98.99% at 1,639 with temperature 1.015. Test the identical pair at absolute multiplier 1.01. This is more informative than the next scheduled temperature because it is the smallest remaining deviation around 1.015. Official acceptance/rollback is unchanged; acceptance exhausts equal-count eligibility.	0	0
attempt-0147	qkv-608-539-temperature-calibration	micro-0004	13d147ca682fb7b1b89dbc0368971701d1a2bb72	462c6c42e25b52b5c63baa6f55133167cf5e9205	2026-08-17T08:23:27.531055+00:00	attention organization	98.990000%	1639	discard	Use temperature 1.02 with QKV union 608/539	Family: attention organization. Current retained frontier is 1,640 parameters at 99.000000%, exactly threshold. There have been 19 prior macro-attempts and 3 prior micro-trials in this policy. The most recent accepted result is attempt-0146/micro-0011 at 1,640/99.00%; the most recent failed result is attempt-0146/micro-0012, where QKV pair 608/539 scored 98.99% at 1,639 with temperature 1.015. Test the identical pair at absolute multiplier 1.02. This is more informative than the next scheduled temperature because it is the smallest remaining deviation around 1.015. Official acceptance/rollback is unchanged; acceptance exhausts equal-count eligibility.	0	0
attempt-0147	qkv-608-539-temperature-calibration	micro-0005	1d1f8da0c64aa85a09dc58b86623b769099ebb7b	462c6c42e25b52b5c63baa6f55133167cf5e9205	2026-08-17T08:24:40.517177+00:00	attention organization	98.950000%	1639	discard	Use temperature 1.005 with QKV union 608/539	Family: attention organization. Current retained frontier is 1,640 parameters at 99.000000%, exactly threshold. There have been 19 prior macro-attempts and 4 prior micro-trials in this policy. The most recent accepted result is attempt-0146/micro-0011 at 1,640/99.00%; the most recent failed result is attempt-0146/micro-0012, where QKV pair 608/539 scored 98.99% at 1,639 with temperature 1.015. Test the identical pair at absolute multiplier 1.005. This is more informative than the next scheduled temperature because it is the smallest remaining deviation around 1.015. Official acceptance/rollback is unchanged; acceptance exhausts equal-count eligibility.	0	0
attempt-0147	qkv-608-539-temperature-calibration	micro-0006	45eea94ac5b51538a0759588e329b8018c1ecce2	462c6c42e25b52b5c63baa6f55133167cf5e9205	2026-08-17T08:25:52.382488+00:00	attention organization	98.920000%	1639	discard	Use temperature 1.025 with QKV union 608/539	Family: attention organization. Current retained frontier is 1,640 parameters at 99.000000%, exactly threshold. There have been 19 prior macro-attempts and 5 prior micro-trials in this policy. The most recent accepted result is attempt-0146/micro-0011 at 1,640/99.00%; the most recent failed result is attempt-0146/micro-0012, where QKV pair 608/539 scored 98.99% at 1,639 with temperature 1.015. Test the identical pair at absolute multiplier 1.025. This is more informative than the next scheduled temperature because it is the smallest remaining deviation around 1.015. Official acceptance/rollback is unchanged; acceptance exhausts equal-count eligibility.	0	0
attempt-0148	ff-output-after-attention-calibration	micro-0001	0dd043679b7b35ae1ee0744df4cf91f76bdfab92	462c6c42e25b52b5c63baa6f55133167cf5e9205	2026-08-17T08:28:24.625313+00:00	parameter tying	98.950000%	1639	discard	Union closest shared FF-output scalar groups 143 and 100	Family: parameter tying. Current retained frontier is 1,640 parameters at 99.000000%, a +0.000000 percentage-point margin over 99%. There have been 49 prior macro-attempts in this family and 482 prior micro-trials. The most recent accepted result is attempt-0146/micro-0011 at 1,640 parameters and 99.00%; the most recent failed result is attempt-0140/micro-0001 (pair 143/100 discarded at 98.97% before attention recalibration). This is a parameterization-preserving compression of the depth-shared feed-forward output map: union flattened coordinates 143 and 100, values -0.0714483783 and -0.0713087097 (difference 1.397e-04), using a weighted mean and integer reconstruction. Hypothesis: residual-stream reconstruction contains near-duplicate scalars distinct from FF-input redundancy, preserving qualification at 1,639 parameters. It is more informative than the next FF-output union (difference 1.613e-04) because it is the minimum-distortion isolated test of the complementary FF map. Official acceptance and rollback are unchanged.	0	0
attempt-0149	qkv-after-two-sensitive-pairs	micro-0001	c939fdb7fbe52fae0f26b413aaef70bacb28916d	462c6c42e25b52b5c63baa6f55133167cf5e9205	2026-08-17T08:30:28.530078+00:00	parameter tying	98.990000%	1639	discard	Union closest shared-QKV scalar groups 608 and 539	Family: parameter tying. Current retained frontier is 1,640 parameters at 99.000000%, a +0.000000 percentage-point margin over 99%. There have been 50 prior macro-attempts in this family and 483 prior micro-trials. The most recent accepted result is attempt-0146/micro-0011 at 1,640 parameters and 99.00%; the most recent failed result is attempt-0147/micro-0006 (QKV pair 608/539 discarded at 98.92%). This is a parameterization-preserving compression of the depth-shared QKV transform: union flattened coordinates 608 and 539, whose learned values are 0.0139486054 and 0.0140262134 (difference 7.761e-05), with a multiplicity-weighted mean and integer reconstruction map. Hypothesis: the much larger attention tensor contains near-duplicate scalars below the token failure scale, so this union preserves qualification and yields 1,639 parameters. It is more informative than the next QKV union (difference 7.888e-05) because it is the minimum-distortion test at this new site. Acceptance and rollback remain solely governed by the official runner.	0	0
attempt-0150	repair-qkv-sensitive-pair-filter	micro-0001	738e9987e78a614aa386bd51f9ff1ae83c5b61c0	462c6c42e25b52b5c63baa6f55133167cf5e9205	2026-08-17T08:32:55.465890+00:00	parameter tying	98.970000%	1639	discard	Union closest shared-QKV scalar groups 766 and 708	Family: parameter tying. Current retained frontier is 1,640 parameters at 99.000000%, a +0.000000 percentage-point margin over 99%. There have been 50 prior macro-attempts in this family and 483 prior micro-trials. The most recent accepted result is attempt-0146/micro-0011 at 1,640 parameters and 99.00%; the most recent failed result is attempt-0147/micro-0006 (QKV pair 608/539 discarded at 98.92%). This is a parameterization-preserving compression of the depth-shared QKV transform: union flattened coordinates 766 and 708, whose learned values are -0.0056972466 and -0.0056183636 (difference 7.888e-05), with a multiplicity-weighted mean and integer reconstruction map. Hypothesis: the much larger attention tensor contains near-duplicate scalars below the token failure scale, so this union preserves qualification and yields 1,639 parameters. It is more informative than the next QKV union (difference 7.929e-05) because it is the minimum-distortion test at this new site. Acceptance and rollback remain solely governed by the official runner.	0	0
attempt-0155	qkv-after-three-sensitive-pairs	micro-0001	db610ca4aaa64dc28219aa2cb651cbc6cb13d242	462c6c42e25b52b5c63baa6f55133167cf5e9205	2026-08-17T08:45:41.387231+00:00	parameter tying	99.000000%	1639	keep	Union closest shared-QKV scalar groups 650 and 50	Family: parameter tying. Current retained frontier is 1,640 parameters at 99.000000%, a +0.000000 percentage-point margin over 99%. There have been 52 prior macro-attempts in this family and 485 prior micro-trials. The most recent accepted result is attempt-0146/micro-0011 at 1,640 parameters and 99.00%; the most recent failed result is attempt-0150/micro-0001 (QKV pair 766/708 discarded at 98.97%). This is a parameterization-preserving compression of the depth-shared QKV transform: union flattened coordinates 650 and 50, whose learned values are 0.0052673221 and 0.0053466093 (difference 7.929e-05), with a multiplicity-weighted mean and integer reconstruction map. Hypothesis: the much larger attention tensor contains near-duplicate scalars below the token failure scale, so this union preserves qualification and yields 1,639 parameters. It is more informative than the next QKV union (difference 8.027e-05) because it is the minimum-distortion test at this new site. Acceptance and rollback remain solely governed by the official runner.	0	0
attempt-0155	qkv-after-three-sensitive-pairs	micro-0002	dc0226c5a542c3f8fa298fbab3bf02e1074bb724	db610ca4aaa64dc28219aa2cb651cbc6cb13d242	2026-08-17T08:47:04.288581+00:00	parameter tying	98.950000%	1638	discard	Union closest shared-QKV scalar groups 597 and 734	Family: parameter tying. Current retained frontier is 1,639 parameters at 99.000000%, a +0.000000 percentage-point margin over 99%. There have been 52 prior macro-attempts in this family and 486 prior micro-trials. The most recent accepted result is attempt-0146/micro-0011 at 1,640 parameters and 99.00%; the most recent failed result is attempt-0150/micro-0001 (QKV pair 766/708 discarded at 98.97%). This is a parameterization-preserving compression of the depth-shared QKV transform: union flattened coordinates 597 and 734, whose learned values are -0.0015583691 and -0.0014780960 (difference 8.027e-05), with a multiplicity-weighted mean and integer reconstruction map. Hypothesis: the much larger attention tensor contains near-duplicate scalars below the token failure scale, so this union preserves qualification and yields 1,638 parameters. It is more informative than the next QKV union (difference 8.197e-05) because it is the minimum-distortion test at this new site. Acceptance and rollback remain solely governed by the official runner.	0	0
attempt-0156	qkv-skip-four-sensitive-pairs	micro-0001	12232ed712aaaccbcc69035739279b2acce3fa28	db610ca4aaa64dc28219aa2cb651cbc6cb13d242	2026-08-17T08:49:05.558747+00:00	parameter tying	98.990000%	1638	discard	Union closest shared-QKV scalar groups 672 and 271	Family: parameter tying. Current retained frontier is 1,639 parameters at 99.000000%, a +0.000000 percentage-point margin over 99%. There have been 53 prior macro-attempts in this family and 487 prior micro-trials. The most recent accepted result is attempt-0155/micro-0001 at 1,639 parameters and 99.00%; the most recent failed result is attempt-0155/micro-0002 (QKV pair 597/734 discarded at 98.95%). This is a parameterization-preserving compression of the depth-shared QKV transform: union flattened coordinates 672 and 271, whose learned values are 0.1473598778 and 0.1474418491 (difference 8.197e-05), with a multiplicity-weighted mean and integer reconstruction map. Hypothesis: the much larger attention tensor contains near-duplicate scalars below the token failure scale, so this union preserves qualification and yields 1,638 parameters. It is more informative than the next QKV union (difference 8.205e-05) because it is the minimum-distortion test at this new site. Acceptance and rollback remain solely governed by the official runner.	0	0
attempt-0157	qkv-skip-five-sensitive-pairs	micro-0001	98f23e74adad05b5f8dc39b2cf674e4f08039fb6	db610ca4aaa64dc28219aa2cb651cbc6cb13d242	2026-08-17T08:50:52.790076+00:00	parameter tying	99.000000%	1638	keep	Union closest shared-QKV scalar groups 544 and 197	Family: parameter tying. Current retained frontier is 1,639 parameters at 99.000000%, a +0.000000 percentage-point margin over 99%. There have been 54 prior macro-attempts in this family and 488 prior micro-trials. The most recent accepted result is attempt-0155/micro-0001 at 1,639 parameters and 99.00%; the most recent failed result is attempt-0156/micro-0001 (QKV pair 672/271 discarded at 98.99%). This is a parameterization-preserving compression of the depth-shared QKV transform: union flattened coordinates 544 and 197, whose learned values are 0.0977367908 and 0.0978188366 (difference 8.205e-05), with a multiplicity-weighted mean and integer reconstruction map. Hypothesis: the much larger attention tensor contains near-duplicate scalars below the token failure scale, so this union preserves qualification and yields 1,638 parameters. It is more informative than the next QKV union (difference 8.255e-05) because it is the minimum-distortion test at this new site. Acceptance and rollback remain solely governed by the official runner.	0	0
attempt-0157	qkv-skip-five-sensitive-pairs	micro-0002	b6af1c02b3352ab55f492fa443b81e70ad08400f	98f23e74adad05b5f8dc39b2cf674e4f08039fb6	2026-08-17T08:52:06.756238+00:00	parameter tying	99.000000%	1637	keep	Union closest shared-QKV scalar groups 171 and 12	Family: parameter tying. Current retained frontier is 1,638 parameters at 99.000000%, a +0.000000 percentage-point margin over 99%. There have been 54 prior macro-attempts in this family and 489 prior micro-trials. The most recent accepted result is attempt-0155/micro-0001 at 1,639 parameters and 99.00%; the most recent failed result is attempt-0156/micro-0001 (QKV pair 672/271 discarded at 98.99%). This is a parameterization-preserving compression of the depth-shared QKV transform: union flattened coordinates 171 and 12, whose learned values are -0.5432264209 and -0.5431438684 (difference 8.255e-05), with a multiplicity-weighted mean and integer reconstruction map. Hypothesis: the much larger attention tensor contains near-duplicate scalars below the token failure scale, so this union preserves qualification and yields 1,637 parameters. It is more informative than the next QKV union (difference 8.278e-05) because it is the minimum-distortion test at this new site. Acceptance and rollback remain solely governed by the official runner.	0	0
attempt-0157	qkv-skip-five-sensitive-pairs	micro-0003	ea0de2454aae5627a7cca75e7e3d406a3cee07db	b6af1c02b3352ab55f492fa443b81e70ad08400f	2026-08-17T08:53:21.386255+00:00	parameter tying	99.000000%	1636	keep	Union closest shared-QKV scalar groups 573 and 665	Family: parameter tying. Current retained frontier is 1,637 parameters at 99.000000%, a +0.000000 percentage-point margin over 99%. There have been 54 prior macro-attempts in this family and 490 prior micro-trials. The most recent accepted result is attempt-0155/micro-0001 at 1,639 parameters and 99.00%; the most recent failed result is attempt-0156/micro-0001 (QKV pair 672/271 discarded at 98.99%). This is a parameterization-preserving compression of the depth-shared QKV transform: union flattened coordinates 573 and 665, whose learned values are -0.1043574437 and -0.1042746678 (difference 8.278e-05), with a multiplicity-weighted mean and integer reconstruction map. Hypothesis: the much larger attention tensor contains near-duplicate scalars below the token failure scale, so this union preserves qualification and yields 1,636 parameters. It is more informative than the next QKV union (difference 8.509e-05) because it is the minimum-distortion test at this new site. Acceptance and rollback remain solely governed by the official runner.	0	0
attempt-0157	qkv-skip-five-sensitive-pairs	micro-0004	0f9beef324b4e76535fbcb6cae8ee334f4231d64	ea0de2454aae5627a7cca75e7e3d406a3cee07db	2026-08-17T08:54:34.056762+00:00	parameter tying	99.000000%	1635	keep	Union closest shared-QKV scalar groups 127 and 616	Family: parameter tying. Current retained frontier is 1,636 parameters at 99.000000%, a +0.000000 percentage-point margin over 99%. There have been 54 prior macro-attempts in this family and 491 prior micro-trials. The most recent accepted result is attempt-0155/micro-0001 at 1,639 parameters and 99.00%; the most recent failed result is attempt-0156/micro-0001 (QKV pair 672/271 discarded at 98.99%). This is a parameterization-preserving compression of the depth-shared QKV transform: union flattened coordinates 127 and 616, whose learned values are 0.0085968459 and 0.0086819399 (difference 8.509e-05), with a multiplicity-weighted mean and integer reconstruction map. Hypothesis: the much larger attention tensor contains near-duplicate scalars below the token failure scale, so this union preserves qualification and yields 1,635 parameters. It is more informative than the next QKV union (difference 8.520e-05) because it is the minimum-distortion test at this new site. Acceptance and rollback remain solely governed by the official runner.	0	0
attempt-0157	qkv-skip-five-sensitive-pairs	micro-0005	40d15d057c31b39ff9c518826da72a50e99994f0	0f9beef324b4e76535fbcb6cae8ee334f4231d64	2026-08-17T08:55:49.101190+00:00	parameter tying	98.970000%	1634	discard	Union closest shared-QKV scalar groups 422 and 723	Family: parameter tying. Current retained frontier is 1,635 parameters at 99.000000%, a +0.000000 percentage-point margin over 99%. There have been 54 prior macro-attempts in this family and 492 prior micro-trials. The most recent accepted result is attempt-0155/micro-0001 at 1,639 parameters and 99.00%; the most recent failed result is attempt-0156/micro-0001 (QKV pair 672/271 discarded at 98.99%). This is a parameterization-preserving compression of the depth-shared QKV transform: union flattened coordinates 422 and 723, whose learned values are 0.0216916297 and 0.0217768345 (difference 8.520e-05), with a multiplicity-weighted mean and integer reconstruction map. Hypothesis: the much larger attention tensor contains near-duplicate scalars below the token failure scale, so this union preserves qualification and yields 1,634 parameters. It is more informative than the next QKV union (difference 8.620e-05) because it is the minimum-distortion test at this new site. Acceptance and rollback remain solely governed by the official runner.	0	0
attempt-0158	qkv-skip-six-sensitive-pairs	micro-0001	03dfd19665c0587ae3f7be11c6c6712edd6bdf69	0f9beef324b4e76535fbcb6cae8ee334f4231d64	2026-08-17T08:57:42.346123+00:00	parameter tying	99.000000%	1634	keep	Union closest shared-QKV scalar groups 294 and 730	Family: parameter tying. Current retained frontier is 1,635 parameters at 99.000000%, a +0.000000 percentage-point margin over 99%. There have been 55 prior macro-attempts in this family and 493 prior micro-trials. The most recent accepted result is attempt-0157/micro-0004 at 1,635 parameters and 99.00%; the most recent failed result is attempt-0157/micro-0005 (QKV pair 422/723 discarded at 98.97%). This is a parameterization-preserving compression of the depth-shared QKV transform: union flattened coordinates 294 and 730, whose learned values are -0.0204411969 and -0.0203549992 (difference 8.620e-05), with a multiplicity-weighted mean and integer reconstruction map. Hypothesis: the much larger attention tensor contains near-duplicate scalars below the token failure scale, so this union preserves qualification and yields 1,634 parameters. It is more informative than the next QKV union (difference 8.831e-05) because it is the minimum-distortion test at this new site. Acceptance and rollback remain solely governed by the official runner.	0	0
attempt-0158	qkv-skip-six-sensitive-pairs	micro-0002	4d43f93bc2f7b5700cd11d798359bbce90568b25	03dfd19665c0587ae3f7be11c6c6712edd6bdf69	2026-08-17T08:59:01.443687+00:00	parameter tying	99.000000%	1633	keep	Union closest shared-QKV scalar groups 78 and 537	Family: parameter tying. Current retained frontier is 1,634 parameters at 99.000000%, a +0.000000 percentage-point margin over 99%. There have been 55 prior macro-attempts in this family and 494 prior micro-trials. The most recent accepted result is attempt-0157/micro-0004 at 1,635 parameters and 99.00%; the most recent failed result is attempt-0157/micro-0005 (QKV pair 422/723 discarded at 98.97%). This is a parameterization-preserving compression of the depth-shared QKV transform: union flattened coordinates 78 and 537, whose learned values are 0.0162106566 and 0.0162989646 (difference 8.831e-05), with a multiplicity-weighted mean and integer reconstruction map. Hypothesis: the much larger attention tensor contains near-duplicate scalars below the token failure scale, so this union preserves qualification and yields 1,633 parameters. It is more informative than the next QKV union (difference 9.133e-05) because it is the minimum-distortion test at this new site. Acceptance and rollback remain solely governed by the official runner.	0	0
attempt-0158	qkv-skip-six-sensitive-pairs	micro-0003	7b676496ac36a0560b693af34bb0a5a402b7faee	4d43f93bc2f7b5700cd11d798359bbce90568b25	2026-08-17T09:00:14.064213+00:00	parameter tying	98.970000%	1632	discard	Union closest shared-QKV scalar groups 722 and 588	Family: parameter tying. Current retained frontier is 1,633 parameters at 99.000000%, a +0.000000 percentage-point margin over 99%. There have been 55 prior macro-attempts in this family and 495 prior micro-trials. The most recent accepted result is attempt-0157/micro-0004 at 1,635 parameters and 99.00%; the most recent failed result is attempt-0157/micro-0005 (QKV pair 422/723 discarded at 98.97%). This is a parameterization-preserving compression of the depth-shared QKV transform: union flattened coordinates 722 and 588, whose learned values are 0.0059133717 and 0.0060047032 (difference 9.133e-05), with a multiplicity-weighted mean and integer reconstruction map. Hypothesis: the much larger attention tensor contains near-duplicate scalars below the token failure scale, so this union preserves qualification and yields 1,632 parameters. It is more informative than the next QKV union (difference 9.304e-05) because it is the minimum-distortion test at this new site. Acceptance and rollback remain solely governed by the official runner.	0	0
attempt-0159	qkv-skip-seven-sensitive-pairs	micro-0001	817fa9e787aa2c5b0c85a9b82539d990d53fd1a7	4d43f93bc2f7b5700cd11d798359bbce90568b25	2026-08-17T09:02:02.355628+00:00	parameter tying	99.000000%	1632	keep	Union closest shared-QKV scalar groups 436 and 456	Family: parameter tying. Current retained frontier is 1,633 parameters at 99.000000%, a +0.000000 percentage-point margin over 99%. There have been 56 prior macro-attempts in this family and 496 prior micro-trials. The most recent accepted result is attempt-0158/micro-0002 at 1,633 parameters and 99.00%; the most recent failed result is attempt-0158/micro-0003 (QKV pair 722/588 discarded at 98.97%). This is a parameterization-preserving compression of the depth-shared QKV transform: union flattened coordinates 436 and 456, whose learned values are 0.5705673099 and 0.5706603527 (difference 9.304e-05), with a multiplicity-weighted mean and integer reconstruction map. Hypothesis: the much larger attention tensor contains near-duplicate scalars below the token failure scale, so this union preserves qualification and yields 1,632 parameters. It is more informative than the next QKV union (difference 9.325e-05) because it is the minimum-distortion test at this new site. Acceptance and rollback remain solely governed by the official runner.	0	0
attempt-0159	qkv-skip-seven-sensitive-pairs	micro-0002	09413200db8034d3cfd3d872d772258e59834805	817fa9e787aa2c5b0c85a9b82539d990d53fd1a7	2026-08-17T09:03:15.502698+00:00	parameter tying	99.020000%	1631	keep	Union closest shared-QKV scalar groups 743 and 565	Family: parameter tying. Current retained frontier is 1,632 parameters at 99.000000%, a +0.000000 percentage-point margin over 99%. There have been 56 prior macro-attempts in this family and 497 prior micro-trials. The most recent accepted result is attempt-0158/micro-0002 at 1,633 parameters and 99.00%; the most recent failed result is attempt-0158/micro-0003 (QKV pair 722/588 discarded at 98.97%). This is a parameterization-preserving compression of the depth-shared QKV transform: union flattened coordinates 743 and 565, whose learned values are 0.0006605315 and 0.0007537865 (difference 9.325e-05), with a multiplicity-weighted mean and integer reconstruction map. Hypothesis: the much larger attention tensor contains near-duplicate scalars below the token failure scale, so this union preserves qualification and yields 1,631 parameters. It is more informative than the next QKV union (difference 9.608e-05) because it is the minimum-distortion test at this new site. Acceptance and rollback remain solely governed by the official runner.	0	0
attempt-0159	qkv-skip-seven-sensitive-pairs	micro-0003	2726a4cf9f9c13e1c36ccb55f7b87aa8e1b3c06c	09413200db8034d3cfd3d872d772258e59834805	2026-08-17T09:04:27.949047+00:00	parameter tying	99.020000%	1630	keep	Union closest shared-QKV scalar groups 675 and 575	Family: parameter tying. Current retained frontier is 1,631 parameters at 99.020000%, a +0.020000 percentage-point margin over 99%. There have been 56 prior macro-attempts in this family and 498 prior micro-trials. The most recent accepted result is attempt-0158/micro-0002 at 1,633 parameters and 99.00%; the most recent failed result is attempt-0158/micro-0003 (QKV pair 722/588 discarded at 98.97%). This is a parameterization-preserving compression of the depth-shared QKV transform: union flattened coordinates 675 and 575, whose learned values are 0.0712819695 and 0.0713780522 (difference 9.608e-05), with a multiplicity-weighted mean and integer reconstruction map. Hypothesis: the much larger attention tensor contains near-duplicate scalars below the token failure scale, so this union preserves qualification and yields 1,630 parameters. It is more informative than the next QKV union (difference 9.647e-05) because it is the minimum-distortion test at this new site. Acceptance and rollback remain solely governed by the official runner.	0	0
attempt-0159	qkv-skip-seven-sensitive-pairs	micro-0004	d263af77792b17a4fb8ccfe5ac0acb42cb36b6e1	2726a4cf9f9c13e1c36ccb55f7b87aa8e1b3c06c	2026-08-17T09:05:40.780047+00:00	parameter tying	99.040000%	1629	keep	Union closest shared-QKV scalar groups 481 and 580	Family: parameter tying. Current retained frontier is 1,630 parameters at 99.020000%, a +0.020000 percentage-point margin over 99%. There have been 56 prior macro-attempts in this family and 499 prior micro-trials. The most recent accepted result is attempt-0158/micro-0002 at 1,633 parameters and 99.00%; the most recent failed result is attempt-0158/micro-0003 (QKV pair 722/588 discarded at 98.97%). This is a parameterization-preserving compression of the depth-shared QKV transform: union flattened coordinates 481 and 580, whose learned values are 0.0056560640 and 0.0057525379 (difference 9.647e-05), with a multiplicity-weighted mean and integer reconstruction map. Hypothesis: the much larger attention tensor contains near-duplicate scalars below the token failure scale, so this union preserves qualification and yields 1,629 parameters. It is more informative than the next QKV union (difference 9.730e-05) because it is the minimum-distortion test at this new site. Acceptance and rollback remain solely governed by the official runner.	0	0
attempt-0159	qkv-skip-seven-sensitive-pairs	micro-0005	32d1d9bb4503c24013277b3a0d09819429d4f380	d263af77792b17a4fb8ccfe5ac0acb42cb36b6e1	2026-08-17T09:06:54.853945+00:00	parameter tying	99.030000%	1628	keep	Union closest shared-QKV scalar groups 660 and 103	Family: parameter tying. Current retained frontier is 1,629 parameters at 99.040000%, a +0.040000 percentage-point margin over 99%. There have been 56 prior macro-attempts in this family and 500 prior micro-trials. The most recent accepted result is attempt-0158/micro-0002 at 1,633 parameters and 99.00%; the most recent failed result is attempt-0158/micro-0003 (QKV pair 722/588 discarded at 98.97%). This is a parameterization-preserving compression of the depth-shared QKV transform: union flattened coordinates 660 and 103, whose learned values are -0.0027828654 and -0.0026855627 (difference 9.730e-05), with a multiplicity-weighted mean and integer reconstruction map. Hypothesis: the much larger attention tensor contains near-duplicate scalars below the token failure scale, so this union preserves qualification and yields 1,628 parameters. It is more informative than the next QKV union (difference 9.835e-05) because it is the minimum-distortion test at this new site. Acceptance and rollback remain solely governed by the official runner.	0	0
attempt-0159	qkv-skip-seven-sensitive-pairs	micro-0006	1bf8439ba88618cc8eb01eb4465a8033a6562ad1	32d1d9bb4503c24013277b3a0d09819429d4f380	2026-08-17T09:08:09.700744+00:00	parameter tying	99.060000%	1627	keep	Union closest shared-QKV scalar groups 571 and 602	Family: parameter tying. Current retained frontier is 1,628 parameters at 99.030000%, a +0.030000 percentage-point margin over 99%. There have been 56 prior macro-attempts in this family and 501 prior micro-trials. The most recent accepted result is attempt-0158/micro-0002 at 1,633 parameters and 99.00%; the most recent failed result is attempt-0158/micro-0003 (QKV pair 722/588 discarded at 98.97%). This is a parameterization-preserving compression of the depth-shared QKV transform: union flattened coordinates 571 and 602, whose learned values are 0.0017432360 and 0.0018415859 (difference 9.835e-05), with a multiplicity-weighted mean and integer reconstruction map. Hypothesis: the much larger attention tensor contains near-duplicate scalars below the token failure scale, so this union preserves qualification and yields 1,627 parameters. It is more informative than the next QKV union (difference 9.845e-05) because it is the minimum-distortion test at this new site. Acceptance and rollback remain solely governed by the official runner.	0	0
attempt-0159	qkv-skip-seven-sensitive-pairs	micro-0007	ffccaaad4133e3282f5c7ce82eb138b97d5bd4d9	1bf8439ba88618cc8eb01eb4465a8033a6562ad1	2026-08-17T09:09:36.701076+00:00	parameter tying	99.050000%	1626	keep	Union closest shared-QKV scalar groups 609 and 303	Family: parameter tying. Current retained frontier is 1,627 parameters at 99.060000%, a +0.060000 percentage-point margin over 99%. There have been 56 prior macro-attempts in this family and 502 prior micro-trials. The most recent accepted result is attempt-0158/micro-0002 at 1,633 parameters and 99.00%; the most recent failed result is attempt-0158/micro-0003 (QKV pair 722/588 discarded at 98.97%). This is a parameterization-preserving compression of the depth-shared QKV transform: union flattened coordinates 609 and 303, whose learned values are -0.0054737623 and -0.0053753085 (difference 9.845e-05), with a multiplicity-weighted mean and integer reconstruction map. Hypothesis: the much larger attention tensor contains near-duplicate scalars below the token failure scale, so this union preserves qualification and yields 1,626 parameters. It is more informative than the next QKV union (difference 9.855e-05) because it is the minimum-distortion test at this new site. Acceptance and rollback remain solely governed by the official runner.	0	0
attempt-0159	qkv-skip-seven-sensitive-pairs	micro-0008	4c467fc8b3fbd73519fb18bdf1e4c5e13b28bf0a	ffccaaad4133e3282f5c7ce82eb138b97d5bd4d9	2026-08-17T09:10:53.465930+00:00	parameter tying	99.040000%	1625	keep	Union closest shared-QKV scalar groups 532 and 517	Family: parameter tying. Current retained frontier is 1,626 parameters at 99.050000%, a +0.050000 percentage-point margin over 99%. There have been 56 prior macro-attempts in this family and 503 prior micro-trials. The most recent accepted result is attempt-0158/micro-0002 at 1,633 parameters and 99.00%; the most recent failed result is attempt-0158/micro-0003 (QKV pair 722/588 discarded at 98.97%). This is a parameterization-preserving compression of the depth-shared QKV transform: union flattened coordinates 532 and 517, whose learned values are 0.0066435207 and 0.0067420714 (difference 9.855e-05), with a multiplicity-weighted mean and integer reconstruction map. Hypothesis: the much larger attention tensor contains near-duplicate scalars below the token failure scale, so this union preserves qualification and yields 1,625 parameters. It is more informative than the next QKV union (difference 9.975e-05) because it is the minimum-distortion test at this new site. Acceptance and rollback remain solely governed by the official runner.	0	0
attempt-0159	qkv-skip-seven-sensitive-pairs	micro-0009	77e3646e2e1dd2a87717bcb21b3d49c2058a4836	4c467fc8b3fbd73519fb18bdf1e4c5e13b28bf0a	2026-08-17T09:12:06.231358+00:00	parameter tying	99.040000%	1624	keep	Union closest shared-QKV scalar groups 466 and 274	Family: parameter tying. Current retained frontier is 1,625 parameters at 99.040000%, a +0.040000 percentage-point margin over 99%. There have been 56 prior macro-attempts in this family and 504 prior micro-trials. The most recent accepted result is attempt-0158/micro-0002 at 1,633 parameters and 99.00%; the most recent failed result is attempt-0158/micro-0003 (QKV pair 722/588 discarded at 98.97%). This is a parameterization-preserving compression of the depth-shared QKV transform: union flattened coordinates 466 and 274, whose learned values are -0.0593107939 and -0.0592110418 (difference 9.975e-05), with a multiplicity-weighted mean and integer reconstruction map. Hypothesis: the much larger attention tensor contains near-duplicate scalars below the token failure scale, so this union preserves qualification and yields 1,624 parameters. It is more informative than the next QKV union (difference 1.010e-04) because it is the minimum-distortion test at this new site. Acceptance and rollback remain solely governed by the official runner.	0	0
attempt-0159	qkv-skip-seven-sensitive-pairs	micro-0010	297fcf806497165dc123072aaa82ddb4845e11b1	77e3646e2e1dd2a87717bcb21b3d49c2058a4836	2026-08-17T09:13:17.513971+00:00	parameter tying	99.040000%	1623	keep	Union closest shared-QKV scalar groups 385 and 726	Family: parameter tying. Current retained frontier is 1,624 parameters at 99.040000%, a +0.040000 percentage-point margin over 99%. There have been 56 prior macro-attempts in this family and 505 prior micro-trials. The most recent accepted result is attempt-0158/micro-0002 at 1,633 parameters and 99.00%; the most recent failed result is attempt-0158/micro-0003 (QKV pair 722/588 discarded at 98.97%). This is a parameterization-preserving compression of the depth-shared QKV transform: union flattened coordinates 385 and 726, whose learned values are -0.1080522463 and -0.1079512760 (difference 1.010e-04), with a multiplicity-weighted mean and integer reconstruction map. Hypothesis: the much larger attention tensor contains near-duplicate scalars below the token failure scale, so this union preserves qualification and yields 1,623 parameters. It is more informative than the next QKV union (difference 1.013e-04) because it is the minimum-distortion test at this new site. Acceptance and rollback remain solely governed by the official runner.	0	0
attempt-0159	qkv-skip-seven-sensitive-pairs	micro-0011	a62536e167983f0b21dc581d48961f5d4eb4161d	297fcf806497165dc123072aaa82ddb4845e11b1	2026-08-17T09:14:30.552117+00:00	parameter tying	99.040000%	1622	keep	Union closest shared-QKV scalar groups 383 and 454	Family: parameter tying. Current retained frontier is 1,623 parameters at 99.040000%, a +0.040000 percentage-point margin over 99%. There have been 56 prior macro-attempts in this family and 506 prior micro-trials. The most recent accepted result is attempt-0158/micro-0002 at 1,633 parameters and 99.00%; the most recent failed result is attempt-0158/micro-0003 (QKV pair 722/588 discarded at 98.97%). This is a parameterization-preserving compression of the depth-shared QKV transform: union flattened coordinates 383 and 454, whose learned values are -0.0240071081 and -0.0239058137 (difference 1.013e-04), with a multiplicity-weighted mean and integer reconstruction map. Hypothesis: the much larger attention tensor contains near-duplicate scalars below the token failure scale, so this union preserves qualification and yields 1,622 parameters. It is more informative than the next QKV union (difference 1.046e-04) because it is the minimum-distortion test at this new site. Acceptance and rollback remain solely governed by the official runner.	0	0
attempt-0159	qkv-skip-seven-sensitive-pairs	micro-0012	09f18a685299c4dba91d77d63d5e344daf714d22	a62536e167983f0b21dc581d48961f5d4eb4161d	2026-08-17T09:15:44.992765+00:00	parameter tying	99.040000%	1621	keep	Union closest shared-QKV scalar groups 135 and 483	Family: parameter tying. Current retained frontier is 1,622 parameters at 99.040000%, a +0.040000 percentage-point margin over 99%. There have been 56 prior macro-attempts in this family and 507 prior micro-trials. The most recent accepted result is attempt-0158/micro-0002 at 1,633 parameters and 99.00%; the most recent failed result is attempt-0158/micro-0003 (QKV pair 722/588 discarded at 98.97%). This is a parameterization-preserving compression of the depth-shared QKV transform: union flattened coordinates 135 and 483, whose learned values are 0.0169548895 and 0.0170594640 (difference 1.046e-04), with a multiplicity-weighted mean and integer reconstruction map. Hypothesis: the much larger attention tensor contains near-duplicate scalars below the token failure scale, so this union preserves qualification and yields 1,621 parameters. It is more informative than the next QKV union (difference 1.048e-04) because it is the minimum-distortion test at this new site. Acceptance and rollback remain solely governed by the official runner.	0	0
attempt-0159	qkv-skip-seven-sensitive-pairs	micro-0013	aadb01c71c69d8d1cfeb0938fd93342968d7add5	09f18a685299c4dba91d77d63d5e344daf714d22	2026-08-17T09:16:59.903228+00:00	parameter tying	99.040000%	1620	keep	Union closest shared-QKV scalar groups 128 and 56	Family: parameter tying. Current retained frontier is 1,621 parameters at 99.040000%, a +0.040000 percentage-point margin over 99%. There have been 56 prior macro-attempts in this family and 508 prior micro-trials. The most recent accepted result is attempt-0158/micro-0002 at 1,633 parameters and 99.00%; the most recent failed result is attempt-0158/micro-0003 (QKV pair 722/588 discarded at 98.97%). This is a parameterization-preserving compression of the depth-shared QKV transform: union flattened coordinates 128 and 56, whose learned values are -0.1744399518 and -0.1743351072 (difference 1.048e-04), with a multiplicity-weighted mean and integer reconstruction map. Hypothesis: the much larger attention tensor contains near-duplicate scalars below the token failure scale, so this union preserves qualification and yields 1,620 parameters. It is more informative than the next QKV union (difference 1.053e-04) because it is the minimum-distortion test at this new site. Acceptance and rollback remain solely governed by the official runner.	0	0
attempt-0159	qkv-skip-seven-sensitive-pairs	micro-0014	e3182247be19b95c42d84b3aacdcb05ecfe6ebf3	aadb01c71c69d8d1cfeb0938fd93342968d7add5	2026-08-17T09:18:13.607170+00:00	parameter tying	99.020000%	1619	keep	Union closest shared-QKV scalar groups 596 and 677	Family: parameter tying. Current retained frontier is 1,620 parameters at 99.040000%, a +0.040000 percentage-point margin over 99%. There have been 56 prior macro-attempts in this family and 509 prior micro-trials. The most recent accepted result is attempt-0158/micro-0002 at 1,633 parameters and 99.00%; the most recent failed result is attempt-0158/micro-0003 (QKV pair 722/588 discarded at 98.97%). This is a parameterization-preserving compression of the depth-shared QKV transform: union flattened coordinates 596 and 677, whose learned values are 0.0020698574 and 0.0021751176 (difference 1.053e-04), with a multiplicity-weighted mean and integer reconstruction map. Hypothesis: the much larger attention tensor contains near-duplicate scalars below the token failure scale, so this union preserves qualification and yields 1,619 parameters. It is more informative than the next QKV union (difference 1.061e-04) because it is the minimum-distortion test at this new site. Acceptance and rollback remain solely governed by the official runner.	0	0
attempt-0159	qkv-skip-seven-sensitive-pairs	micro-0015	205945117e29b536d4696ae31607289c1e1452e2	e3182247be19b95c42d84b3aacdcb05ecfe6ebf3	2026-08-17T09:19:39.463839+00:00	parameter tying	99.020000%	1618	keep	Union closest shared-QKV scalar groups 449 and 316	Family: parameter tying. Current retained frontier is 1,619 parameters at 99.020000%, a +0.020000 percentage-point margin over 99%. There have been 56 prior macro-attempts in this family and 510 prior micro-trials. The most recent accepted result is attempt-0158/micro-0002 at 1,633 parameters and 99.00%; the most recent failed result is attempt-0158/micro-0003 (QKV pair 722/588 discarded at 98.97%). This is a parameterization-preserving compression of the depth-shared QKV transform: union flattened coordinates 449 and 316, whose learned values are -0.0540766418 and -0.0539705008 (difference 1.061e-04), with a multiplicity-weighted mean and integer reconstruction map. Hypothesis: the much larger attention tensor contains near-duplicate scalars below the token failure scale, so this union preserves qualification and yields 1,618 parameters. It is more informative than the next QKV union (difference 1.068e-04) because it is the minimum-distortion test at this new site. Acceptance and rollback remain solely governed by the official runner.	0	0
attempt-0159	qkv-skip-seven-sensitive-pairs	micro-0016	f31daa12280e567d436cf95821d1f46eebd80dfc	205945117e29b536d4696ae31607289c1e1452e2	2026-08-17T09:20:53.479954+00:00	parameter tying	99.020000%	1617	keep	Union closest shared-QKV scalar groups 592 and 720	Family: parameter tying. Current retained frontier is 1,618 parameters at 99.020000%, a +0.020000 percentage-point margin over 99%. There have been 56 prior macro-attempts in this family and 511 prior micro-trials. The most recent accepted result is attempt-0158/micro-0002 at 1,633 parameters and 99.00%; the most recent failed result is attempt-0158/micro-0003 (QKV pair 722/588 discarded at 98.97%). This is a parameterization-preserving compression of the depth-shared QKV transform: union flattened coordinates 592 and 720, whose learned values are 0.0324161127 and 0.0325229280 (difference 1.068e-04), with a multiplicity-weighted mean and integer reconstruction map. Hypothesis: the much larger attention tensor contains near-duplicate scalars below the token failure scale, so this union preserves qualification and yields 1,617 parameters. It is more informative than the next QKV union (difference 1.077e-04) because it is the minimum-distortion test at this new site. Acceptance and rollback remain solely governed by the official runner.	0	0
attempt-0159	qkv-skip-seven-sensitive-pairs	micro-0017	84f3d593dac02d1217a48bcd1ac53d70e804f269	f31daa12280e567d436cf95821d1f46eebd80dfc	2026-08-17T09:22:04.177941+00:00	parameter tying	98.990000%	1616	discard	Union closest shared-QKV scalar groups 564 and 572	Family: parameter tying. Current retained frontier is 1,617 parameters at 99.020000%, a +0.020000 percentage-point margin over 99%. There have been 56 prior macro-attempts in this family and 512 prior micro-trials. The most recent accepted result is attempt-0158/micro-0002 at 1,633 parameters and 99.00%; the most recent failed result is attempt-0158/micro-0003 (QKV pair 722/588 discarded at 98.97%). This is a parameterization-preserving compression of the depth-shared QKV transform: union flattened coordinates 564 and 572, whose learned values are -0.0023611477 and -0.0022534279 (difference 1.077e-04), with a multiplicity-weighted mean and integer reconstruction map. Hypothesis: the much larger attention tensor contains near-duplicate scalars below the token failure scale, so this union preserves qualification and yields 1,616 parameters. It is more informative than the next QKV union (difference 1.108e-04) because it is the minimum-distortion test at this new site. Acceptance and rollback remain solely governed by the official runner.	0	0
attempt-0160	qkv-skip-eight-sensitive-pairs	micro-0001	d6b0f62cc0f20aca23069f9085fb0af9e516befa	f31daa12280e567d436cf95821d1f46eebd80dfc	2026-08-17T09:23:54.001465+00:00	parameter tying	99.070000%	1616	keep	Union closest shared-QKV scalar groups 644 and 766	Family: parameter tying. Current retained frontier is 1,617 parameters at 99.020000%, a +0.020000 percentage-point margin over 99%. There have been 57 prior macro-attempts in this family and 513 prior micro-trials. The most recent accepted result is attempt-0159/micro-0016 at 1,617 parameters and 99.02%; the most recent failed result is attempt-0159/micro-0017 (QKV pair 564/572 discarded at 98.99%). This is a parameterization-preserving compression of the depth-shared QKV transform: union flattened coordinates 644 and 766, whose learned values are -0.0058080740 and -0.0056972466 (difference 1.108e-04), with a multiplicity-weighted mean and integer reconstruction map. Hypothesis: the much larger attention tensor contains near-duplicate scalars below the token failure scale, so this union preserves qualification and yields 1,616 parameters. It is more informative than the next QKV union (difference 1.118e-04) because it is the minimum-distortion test at this new site. Acceptance and rollback remain solely governed by the official runner.	0	0
attempt-0160	qkv-skip-eight-sensitive-pairs	micro-0002	58207b02c7c2d36934a990a5e744b055a66944a0	d6b0f62cc0f20aca23069f9085fb0af9e516befa	2026-08-17T09:25:04.962868+00:00	parameter tying	99.070000%	1615	keep	Union closest shared-QKV scalar groups 538 and 585	Family: parameter tying. Current retained frontier is 1,616 parameters at 99.070000%, a +0.070000 percentage-point margin over 99%. There have been 57 prior macro-attempts in this family and 514 prior micro-trials. The most recent accepted result is attempt-0159/micro-0016 at 1,617 parameters and 99.02%; the most recent failed result is attempt-0159/micro-0017 (QKV pair 564/572 discarded at 98.99%). This is a parameterization-preserving compression of the depth-shared QKV transform: union flattened coordinates 538 and 585, whose learned values are -0.0061413720 and -0.0060295924 (difference 1.118e-04), with a multiplicity-weighted mean and integer reconstruction map. Hypothesis: the much larger attention tensor contains near-duplicate scalars below the token failure scale, so this union preserves qualification and yields 1,615 parameters. It is more informative than the next QKV union (difference 1.150e-04) because it is the minimum-distortion test at this new site. Acceptance and rollback remain solely governed by the official runner.	0	0
attempt-0160	qkv-skip-eight-sensitive-pairs	micro-0003	62d005bc76b7272ecadef832e0dcb9a33daf5360	58207b02c7c2d36934a990a5e744b055a66944a0	2026-08-17T09:26:17.238979+00:00	parameter tying	99.060000%	1614	keep	Union closest shared-QKV scalar groups 584 and 53	Family: parameter tying. Current retained frontier is 1,615 parameters at 99.070000%, a +0.070000 percentage-point margin over 99%. There have been 57 prior macro-attempts in this family and 515 prior micro-trials. The most recent accepted result is attempt-0159/micro-0016 at 1,617 parameters and 99.02%; the most recent failed result is attempt-0159/micro-0017 (QKV pair 564/572 discarded at 98.99%). This is a parameterization-preserving compression of the depth-shared QKV transform: union flattened coordinates 584 and 53, whose learned values are -0.0348339193 and -0.0347168669 (difference 1.171e-04), with a multiplicity-weighted mean and integer reconstruction map. Hypothesis: the much larger attention tensor contains near-duplicate scalars below the token failure scale, so this union preserves qualification and yields 1,614 parameters. It is more informative than the next QKV union (difference 1.190e-04) because it is the minimum-distortion test at this new site. Acceptance and rollback remain solely governed by the official runner.	0	0
attempt-0160	qkv-skip-eight-sensitive-pairs	micro-0004	d86c146bb0c1b435004037335af05b07e17a397b	62d005bc76b7272ecadef832e0dcb9a33daf5360	2026-08-17T09:27:27.890574+00:00	parameter tying	99.030000%	1613	keep	Union closest shared-QKV scalar groups 680 and 709	Family: parameter tying. Current retained frontier is 1,614 parameters at 99.060000%, a +0.060000 percentage-point margin over 99%. There have been 57 prior macro-attempts in this family and 516 prior micro-trials. The most recent accepted result is attempt-0159/micro-0016 at 1,617 parameters and 99.02%; the most recent failed result is attempt-0159/micro-0017 (QKV pair 564/572 discarded at 98.99%). This is a parameterization-preserving compression of the depth-shared QKV transform: union flattened coordinates 680 and 709, whose learned values are 0.0033234528 and 0.0034424693 (difference 1.190e-04), with a multiplicity-weighted mean and integer reconstruction map. Hypothesis: the much larger attention tensor contains near-duplicate scalars below the token failure scale, so this union preserves qualification and yields 1,613 parameters. It is more informative than the next QKV union (difference 1.219e-04) because it is the minimum-distortion test at this new site. Acceptance and rollback remain solely governed by the official runner.	0	0
attempt-0160	qkv-skip-eight-sensitive-pairs	micro-0005	168332f0b52cc715e35375ec2d61c7f9bc83f045	d86c146bb0c1b435004037335af05b07e17a397b	2026-08-17T09:28:51.375368+00:00	parameter tying	99.020000%	1612	keep	Union closest shared-QKV scalar groups 578 and 434	Family: parameter tying. Current retained frontier is 1,613 parameters at 99.030000%, a +0.030000 percentage-point margin over 99%. There have been 57 prior macro-attempts in this family and 517 prior micro-trials. The most recent accepted result is attempt-0159/micro-0016 at 1,617 parameters and 99.02%; the most recent failed result is attempt-0159/micro-0017 (QKV pair 564/572 discarded at 98.99%). This is a parameterization-preserving compression of the depth-shared QKV transform: union flattened coordinates 578 and 434, whose learned values are -0.0120386416 and -0.0119167548 (difference 1.219e-04), with a multiplicity-weighted mean and integer reconstruction map. Hypothesis: the much larger attention tensor contains near-duplicate scalars below the token failure scale, so this union preserves qualification and yields 1,612 parameters. It is more informative than the next QKV union (difference 1.224e-04) because it is the minimum-distortion test at this new site. Acceptance and rollback remain solely governed by the official runner.	0	0
attempt-0160	qkv-skip-eight-sensitive-pairs	micro-0006	47a767d172d30011af0ac7fb643956fbe78ac0ae	168332f0b52cc715e35375ec2d61c7f9bc83f045	2026-08-17T09:30:06.257514+00:00	parameter tying	99.010000%	1611	keep	Union closest shared-QKV scalar groups 207 and 393	Family: parameter tying. Current retained frontier is 1,612 parameters at 99.020000%, a +0.020000 percentage-point margin over 99%. There have been 57 prior macro-attempts in this family and 518 prior micro-trials. The most recent accepted result is attempt-0159/micro-0016 at 1,617 parameters and 99.02%; the most recent failed result is attempt-0159/micro-0017 (QKV pair 564/572 discarded at 98.99%). This is a parameterization-preserving compression of the depth-shared QKV transform: union flattened coordinates 207 and 393, whose learned values are 0.0125709791 and 0.0126933297 (difference 1.224e-04), with a multiplicity-weighted mean and integer reconstruction map. Hypothesis: the much larger attention tensor contains near-duplicate scalars below the token failure scale, so this union preserves qualification and yields 1,611 parameters. It is more informative than the next QKV union (difference 1.225e-04) because it is the minimum-distortion test at this new site. Acceptance and rollback remain solely governed by the official runner.	0	0
attempt-0160	qkv-skip-eight-sensitive-pairs	micro-0007	5e40bf24142e707217873e9440b5cb7fe7fc7a78	47a767d172d30011af0ac7fb643956fbe78ac0ae	2026-08-17T09:31:21.315030+00:00	parameter tying	99.010000%	1610	keep	Union closest shared-QKV scalar groups 447 and 410	Family: parameter tying. Current retained frontier is 1,611 parameters at 99.010000%, a +0.010000 percentage-point margin over 99%. There have been 57 prior macro-attempts in this family and 519 prior micro-trials. The most recent accepted result is attempt-0159/micro-0016 at 1,617 parameters and 99.02%; the most recent failed result is attempt-0159/micro-0017 (QKV pair 564/572 discarded at 98.99%). This is a parameterization-preserving compression of the depth-shared QKV transform: union flattened coordinates 447 and 410, whose learned values are -0.0933939144 and -0.0932714492 (difference 1.225e-04), with a multiplicity-weighted mean and integer reconstruction map. Hypothesis: the much larger attention tensor contains near-duplicate scalars below the token failure scale, so this union preserves qualification and yields 1,610 parameters. It is more informative than the next QKV union (difference 1.251e-04) because it is the minimum-distortion test at this new site. Acceptance and rollback remain solely governed by the official runner.	0	0
attempt-0160	qkv-skip-eight-sensitive-pairs	micro-0008	7c1af90d1bf22147ff8e50ad67cf286467f6d5e6	5e40bf24142e707217873e9440b5cb7fe7fc7a78	2026-08-17T09:32:37.548963+00:00	parameter tying	99.010000%	1609	keep	Union closest shared-QKV scalar groups 1 and 732	Family: parameter tying. Current retained frontier is 1,610 parameters at 99.010000%, a +0.010000 percentage-point margin over 99%. There have been 57 prior macro-attempts in this family and 520 prior micro-trials. The most recent accepted result is attempt-0159/micro-0016 at 1,617 parameters and 99.02%; the most recent failed result is attempt-0159/micro-0017 (QKV pair 564/572 discarded at 98.99%). This is a parameterization-preserving compression of the depth-shared QKV transform: union flattened coordinates 1 and 732, whose learned values are 0.0187542811 and 0.0188793689 (difference 1.251e-04), with a multiplicity-weighted mean and integer reconstruction map. Hypothesis: the much larger attention tensor contains near-duplicate scalars below the token failure scale, so this union preserves qualification and yields 1,609 parameters. It is more informative than the next QKV union (difference 1.281e-04) because it is the minimum-distortion test at this new site. Acceptance and rollback remain solely governed by the official runner.	0	0
attempt-0160	qkv-skip-eight-sensitive-pairs	micro-0009	f9fb349418af25eba92f61fb19ee6817b7424994	7c1af90d1bf22147ff8e50ad67cf286467f6d5e6	2026-08-17T09:33:52.119034+00:00	parameter tying	99.010000%	1608	keep	Union closest shared-QKV scalar groups 181 and 269	Family: parameter tying. Current retained frontier is 1,609 parameters at 99.010000%, a +0.010000 percentage-point margin over 99%. There have been 57 prior macro-attempts in this family and 521 prior micro-trials. The most recent accepted result is attempt-0159/micro-0016 at 1,617 parameters and 99.02%; the most recent failed result is attempt-0159/micro-0017 (QKV pair 564/572 discarded at 98.99%). This is a parameterization-preserving compression of the depth-shared QKV transform: union flattened coordinates 181 and 269, whose learned values are 0.4247437119 and 0.4248718619 (difference 1.281e-04), with a multiplicity-weighted mean and integer reconstruction map. Hypothesis: the much larger attention tensor contains near-duplicate scalars below the token failure scale, so this union preserves qualification and yields 1,608 parameters. It is more informative than the next QKV union (difference 1.324e-04) because it is the minimum-distortion test at this new site. Acceptance and rollback remain solely governed by the official runner.	0	0
attempt-0160	qkv-skip-eight-sensitive-pairs	micro-0010	eba19dc3bb6485820d58108aea80c4d06a83b547	f9fb349418af25eba92f61fb19ee6817b7424994	2026-08-17T09:35:05.594584+00:00	parameter tying	99.010000%	1607	keep	Union closest shared-QKV scalar groups 647 and 604	Family: parameter tying. Current retained frontier is 1,608 parameters at 99.010000%, a +0.010000 percentage-point margin over 99%. There have been 57 prior macro-attempts in this family and 522 prior micro-trials. The most recent accepted result is attempt-0159/micro-0016 at 1,617 parameters and 99.02%; the most recent failed result is attempt-0159/micro-0017 (QKV pair 564/572 discarded at 98.99%). This is a parameterization-preserving compression of the depth-shared QKV transform: union flattened coordinates 647 and 604, whose learned values are 0.0282304808 and 0.0283628404 (difference 1.324e-04), with a multiplicity-weighted mean and integer reconstruction map. Hypothesis: the much larger attention tensor contains near-duplicate scalars below the token failure scale, so this union preserves qualification and yields 1,607 parameters. It is more informative than the next QKV union (difference 1.346e-04) because it is the minimum-distortion test at this new site. Acceptance and rollback remain solely governed by the official runner.	0	0
attempt-0160	qkv-skip-eight-sensitive-pairs	micro-0011	7319a225e0746185b5585989f92b4c59fa484ba7	eba19dc3bb6485820d58108aea80c4d06a83b547	2026-08-17T09:36:19.324760+00:00	parameter tying	99.010000%	1606	keep	Union closest shared-QKV scalar groups 673 and 615	Family: parameter tying. Current retained frontier is 1,607 parameters at 99.010000%, a +0.010000 percentage-point margin over 99%. There have been 57 prior macro-attempts in this family and 523 prior micro-trials. The most recent accepted result is attempt-0159/micro-0016 at 1,617 parameters and 99.02%; the most recent failed result is attempt-0159/micro-0017 (QKV pair 564/572 discarded at 98.99%). This is a parameterization-preserving compression of the depth-shared QKV transform: union flattened coordinates 673 and 615, whose learned values are -0.0187780708 and -0.0186434649 (difference 1.346e-04), with a multiplicity-weighted mean and integer reconstruction map. Hypothesis: the much larger attention tensor contains near-duplicate scalars below the token failure scale, so this union preserves qualification and yields 1,606 parameters. It is more informative than the next QKV union (difference 1.366e-04) because it is the minimum-distortion test at this new site. Acceptance and rollback remain solely governed by the official runner.	0	0
attempt-0160	qkv-skip-eight-sensitive-pairs	micro-0012	b745eb878220230c4ebe1d26cccb201e66793380	7319a225e0746185b5585989f92b4c59fa484ba7	2026-08-17T09:37:38.138454+00:00	parameter tying	99.010000%	1605	keep	Union closest shared-QKV scalar groups 342 and 698	Family: parameter tying. Current retained frontier is 1,606 parameters at 99.010000%, a +0.010000 percentage-point margin over 99%. There have been 57 prior macro-attempts in this family and 524 prior micro-trials. The most recent accepted result is attempt-0159/micro-0016 at 1,617 parameters and 99.02%; the most recent failed result is attempt-0159/micro-0017 (QKV pair 564/572 discarded at 98.99%). This is a parameterization-preserving compression of the depth-shared QKV transform: union flattened coordinates 342 and 698, whose learned values are 0.0409143828 and 0.0410509706 (difference 1.366e-04), with a multiplicity-weighted mean and integer reconstruction map. Hypothesis: the much larger attention tensor contains near-duplicate scalars below the token failure scale, so this union preserves qualification and yields 1,605 parameters. It is more informative than the next QKV union (difference 1.411e-04) because it is the minimum-distortion test at this new site. Acceptance and rollback remain solely governed by the official runner.	0	0
attempt-0160	qkv-skip-eight-sensitive-pairs	micro-0013	47b41226f1571b6af03b6246cd7762baf35f5313	b745eb878220230c4ebe1d26cccb201e66793380	2026-08-17T09:39:08.765028+00:00	parameter tying	98.990000%	1604	discard	Union closest shared-QKV scalar groups 598 and 610	Family: parameter tying. Current retained frontier is 1,605 parameters at 99.010000%, a +0.010000 percentage-point margin over 99%. There have been 57 prior macro-attempts in this family and 525 prior micro-trials. The most recent accepted result is attempt-0159/micro-0016 at 1,617 parameters and 99.02%; the most recent failed result is attempt-0159/micro-0017 (QKV pair 564/572 discarded at 98.99%). This is a parameterization-preserving compression of the depth-shared QKV transform: union flattened coordinates 598 and 610, whose learned values are -0.0170287304 and -0.0168875810 (difference 1.411e-04), with a multiplicity-weighted mean and integer reconstruction map. Hypothesis: the much larger attention tensor contains near-duplicate scalars below the token failure scale, so this union preserves qualification and yields 1,604 parameters. It is more informative than the next QKV union (difference 1.429e-04) because it is the minimum-distortion test at this new site. Acceptance and rollback remain solely governed by the official runner.	0	0
attempt-0161	qkv-skip-nine-sensitive-pairs	micro-0001	06bb66b12704ff67f699bbbe1f59a42078fb901d	b745eb878220230c4ebe1d26cccb201e66793380	2026-08-17T09:41:06.210230+00:00	parameter tying	98.990000%	1604	discard	Union closest shared-QKV scalar groups 648 and 538	Family: parameter tying. Current retained frontier is 1,605 parameters at 99.010000%, a +0.010000 percentage-point margin over 99%. There have been 58 prior macro-attempts in this family and 526 prior micro-trials. The most recent accepted result is attempt-0160/micro-0012 at 1,605 parameters and 99.01%; the most recent failed result is attempt-0160/micro-0013 (QKV pair 598/610 discarded at 98.99%). This is a parameterization-preserving compression of the depth-shared QKV transform: union flattened coordinates 648 and 538, whose learned values are -0.0062563666 and -0.0061134272 (difference 1.429e-04), with a multiplicity-weighted mean and integer reconstruction map. Hypothesis: the much larger attention tensor contains near-duplicate scalars below the token failure scale, so this union preserves qualification and yields 1,604 parameters. It is more informative than the next QKV union (difference 1.443e-04) because it is the minimum-distortion test at this new site. Acceptance and rollback remain solely governed by the official runner.	0	0
attempt-0162	qkv-plateau-check-after-ten-skips	micro-0001	76254ce6f4bc0e7ae47319711ff6435a0671f52c	b745eb878220230c4ebe1d26cccb201e66793380	2026-08-17T09:42:57.184927+00:00	parameter tying	99.010000%	1604	keep	Union closest shared-QKV scalar groups 701 and 270	Family: parameter tying. Current retained frontier is 1,605 parameters at 99.010000%, a +0.010000 percentage-point margin over 99%. There have been 59 prior macro-attempts in this family and 527 prior micro-trials. The most recent accepted result is attempt-0160/micro-0012 at 1,605 parameters and 99.01%; the most recent failed result is attempt-0161/micro-0001 (QKV pair 648/538 discarded at 98.99%). This is a parameterization-preserving compression of the depth-shared QKV transform: union flattened coordinates 701 and 270, whose learned values are 0.0760830641 and 0.0762274116 (difference 1.443e-04), with a multiplicity-weighted mean and integer reconstruction map. Hypothesis: the much larger attention tensor contains near-duplicate scalars below the token failure scale, so this union preserves qualification and yields 1,604 parameters. It is more informative than the next QKV union (difference 1.459e-04) because it is the minimum-distortion test at this new site. Acceptance and rollback remain solely governed by the official runner.	0	0
attempt-0162	qkv-plateau-check-after-ten-skips	micro-0002	c40e13ff31bb4284455e1f35e3e17c6cefb2bd78	76254ce6f4bc0e7ae47319711ff6435a0671f52c	2026-08-17T09:44:11.786245+00:00	parameter tying	99.000000%	1603	keep	Union closest shared-QKV scalar groups 309 and 549	Family: parameter tying. Current retained frontier is 1,604 parameters at 99.010000%, a +0.010000 percentage-point margin over 99%. There have been 59 prior macro-attempts in this family and 528 prior micro-trials. The most recent accepted result is attempt-0160/micro-0012 at 1,605 parameters and 99.01%; the most recent failed result is attempt-0161/micro-0001 (QKV pair 648/538 discarded at 98.99%). This is a parameterization-preserving compression of the depth-shared QKV transform: union flattened coordinates 309 and 549, whose learned values are -0.0050775958 and -0.0049317423 (difference 1.459e-04), with a multiplicity-weighted mean and integer reconstruction map. Hypothesis: the much larger attention tensor contains near-duplicate scalars below the token failure scale, so this union preserves qualification and yields 1,603 parameters. It is more informative than the next QKV union (difference 1.483e-04) because it is the minimum-distortion test at this new site. Acceptance and rollback remain solely governed by the official runner.	0	0
attempt-0162	qkv-plateau-check-after-ten-skips	micro-0003	d0c9a58107dcfdf7490affc26f40673509ec08bf	c40e13ff31bb4284455e1f35e3e17c6cefb2bd78	2026-08-17T09:45:26.957232+00:00	parameter tying	99.000000%	1602	keep	Union closest shared-QKV scalar groups 111 and 177	Family: parameter tying. Current retained frontier is 1,603 parameters at 99.000000%, a +0.000000 percentage-point margin over 99%. There have been 59 prior macro-attempts in this family and 529 prior micro-trials. The most recent accepted result is attempt-0160/micro-0012 at 1,605 parameters and 99.01%; the most recent failed result is attempt-0161/micro-0001 (QKV pair 648/538 discarded at 98.99%). This is a parameterization-preserving compression of the depth-shared QKV transform: union flattened coordinates 111 and 177, whose learned values are -0.0479781106 and -0.0478297807 (difference 1.483e-04), with a multiplicity-weighted mean and integer reconstruction map. Hypothesis: the much larger attention tensor contains near-duplicate scalars below the token failure scale, so this union preserves qualification and yields 1,602 parameters. It is more informative than the next QKV union (difference 1.549e-04) because it is the minimum-distortion test at this new site. Acceptance and rollback remain solely governed by the official runner.	0	0
attempt-0162	qkv-plateau-check-after-ten-skips	micro-0004	94f14b4525495918738dc95216466761c95679e6	d0c9a58107dcfdf7490affc26f40673509ec08bf	2026-08-17T09:46:42.060909+00:00	parameter tying	99.000000%	1601	keep	Union closest shared-QKV scalar groups 55 and 505	Family: parameter tying. Current retained frontier is 1,602 parameters at 99.000000%, a +0.000000 percentage-point margin over 99%. There have been 59 prior macro-attempts in this family and 530 prior micro-trials. The most recent accepted result is attempt-0160/micro-0012 at 1,605 parameters and 99.01%; the most recent failed result is attempt-0161/micro-0001 (QKV pair 648/538 discarded at 98.99%). This is a parameterization-preserving compression of the depth-shared QKV transform: union flattened coordinates 55 and 505, whose learned values are 0.1623197794 and 0.1624746472 (difference 1.549e-04), with a multiplicity-weighted mean and integer reconstruction map. Hypothesis: the much larger attention tensor contains near-duplicate scalars below the token failure scale, so this union preserves qualification and yields 1,601 parameters. It is more informative than the next QKV union (difference 1.589e-04) because it is the minimum-distortion test at this new site. Acceptance and rollback remain solely governed by the official runner.	0	0
attempt-0162	qkv-plateau-check-after-ten-skips	micro-0005	3ea23f40715fa03116fd07c8c9b231129528c094	94f14b4525495918738dc95216466761c95679e6	2026-08-17T09:47:56.611103+00:00	parameter tying	99.000000%	1600	keep	Union closest shared-QKV scalar groups 398 and 306	Family: parameter tying. Current retained frontier is 1,601 parameters at 99.000000%, a +0.000000 percentage-point margin over 99%. There have been 59 prior macro-attempts in this family and 531 prior micro-trials. The most recent accepted result is attempt-0160/micro-0012 at 1,605 parameters and 99.01%; the most recent failed result is attempt-0161/micro-0001 (QKV pair 648/538 discarded at 98.99%). This is a parameterization-preserving compression of the depth-shared QKV transform: union flattened coordinates 398 and 306, whose learned values are -0.3367742002 and -0.3366152942 (difference 1.589e-04), with a multiplicity-weighted mean and integer reconstruction map. Hypothesis: the much larger attention tensor contains near-duplicate scalars below the token failure scale, so this union preserves qualification and yields 1,600 parameters. It is more informative than the next QKV union (difference 1.606e-04) because it is the minimum-distortion test at this new site. Acceptance and rollback remain solely governed by the official runner.	0	0
attempt-0162	qkv-plateau-check-after-ten-skips	micro-0006	603ab4fb2f1ceaea587f5d00ffaf9684846ac2c9	3ea23f40715fa03116fd07c8c9b231129528c094	2026-08-17T09:49:15.131772+00:00	parameter tying	99.000000%	1599	keep	Union closest shared-QKV scalar groups 391 and 664	Family: parameter tying. Current retained frontier is 1,600 parameters at 99.000000%, a +0.000000 percentage-point margin over 99%. There have been 59 prior macro-attempts in this family and 532 prior micro-trials. The most recent accepted result is attempt-0160/micro-0012 at 1,605 parameters and 99.01%; the most recent failed result is attempt-0161/micro-0001 (QKV pair 648/538 discarded at 98.99%). This is a parameterization-preserving compression of the depth-shared QKV transform: union flattened coordinates 391 and 664, whose learned values are -0.0085642189 and -0.0084036654 (difference 1.606e-04), with a multiplicity-weighted mean and integer reconstruction map. Hypothesis: the much larger attention tensor contains near-duplicate scalars below the token failure scale, so this union preserves qualification and yields 1,599 parameters. It is more informative than the next QKV union (difference 1.620e-04) because it is the minimum-distortion test at this new site. Acceptance and rollback remain solely governed by the official runner.	0	0
attempt-0162	qkv-plateau-check-after-ten-skips	micro-0007	1f5ae86ec78f51fc1f89287cb01afa8ff7c34c62	603ab4fb2f1ceaea587f5d00ffaf9684846ac2c9	2026-08-17T09:50:39.499133+00:00	parameter tying	98.890000%	1598	discard	Union closest shared-QKV scalar groups 644 and 708	Family: parameter tying. Current retained frontier is 1,599 parameters at 99.000000%, a +0.000000 percentage-point margin over 99%. There have been 59 prior macro-attempts in this family and 533 prior micro-trials. The most recent accepted result is attempt-0160/micro-0012 at 1,605 parameters and 99.01%; the most recent failed result is attempt-0161/micro-0001 (QKV pair 648/538 discarded at 98.99%). This is a parameterization-preserving compression of the depth-shared QKV transform: union flattened coordinates 644 and 708, whose learned values are -0.0057803672 and -0.0056183636 (difference 1.620e-04), with a multiplicity-weighted mean and integer reconstruction map. Hypothesis: the much larger attention tensor contains near-duplicate scalars below the token failure scale, so this union preserves qualification and yields 1,598 parameters. It is more informative than the next QKV union (difference 1.627e-04) because it is the minimum-distortion test at this new site. Acceptance and rollback remain solely governed by the official runner.	0	0
attempt-0163	qkv-skip-eleven-sensitive-pairs	micro-0001	6c41f5b03fb26aade7b64d012703c94b21fd9f75	603ab4fb2f1ceaea587f5d00ffaf9684846ac2c9	2026-08-17T09:52:29.517565+00:00	parameter tying	99.000000%	1598	keep	Union closest shared-QKV scalar groups 120 and 472	Family: parameter tying. Current retained frontier is 1,599 parameters at 99.000000%, a +0.000000 percentage-point margin over 99%. There have been 60 prior macro-attempts in this family and 534 prior micro-trials. The most recent accepted result is attempt-0162/micro-0006 at 1,599 parameters and 99.00%; the most recent failed result is attempt-0162/micro-0007 (QKV pair 644/708 discarded at 98.89%). This is a parameterization-preserving compression of the depth-shared QKV transform: union flattened coordinates 120 and 472, whose learned values are -0.4357135892 and -0.4355508685 (difference 1.627e-04), with a multiplicity-weighted mean and integer reconstruction map. Hypothesis: the much larger attention tensor contains near-duplicate scalars below the token failure scale, so this union preserves qualification and yields 1,598 parameters. It is more informative than the next QKV union (difference 1.640e-04) because it is the minimum-distortion test at this new site. Acceptance and rollback remain solely governed by the official runner.	0	0
attempt-0163	qkv-skip-eleven-sensitive-pairs	micro-0002	b807f6751d082ea554b2ca8915aa2b99df9e0299	6c41f5b03fb26aade7b64d012703c94b21fd9f75	2026-08-17T09:53:43.897933+00:00	parameter tying	99.000000%	1597	keep	Union closest shared-QKV scalar groups 337 and 733	Family: parameter tying. Current retained frontier is 1,598 parameters at 99.000000%, a +0.000000 percentage-point margin over 99%. There have been 60 prior macro-attempts in this family and 535 prior micro-trials. The most recent accepted result is attempt-0162/micro-0006 at 1,599 parameters and 99.00%; the most recent failed result is attempt-0162/micro-0007 (QKV pair 644/708 discarded at 98.89%). This is a parameterization-preserving compression of the depth-shared QKV transform: union flattened coordinates 337 and 733, whose learned values are -0.0319854580 and -0.0318214297 (difference 1.640e-04), with a multiplicity-weighted mean and integer reconstruction map. Hypothesis: the much larger attention tensor contains near-duplicate scalars below the token failure scale, so this union preserves qualification and yields 1,597 parameters. It is more informative than the next QKV union (difference 1.644e-04) because it is the minimum-distortion test at this new site. Acceptance and rollback remain solely governed by the official runner.	0	0
attempt-0163	qkv-skip-eleven-sensitive-pairs	micro-0003	72deec14d3608bafb41a7c694ca0b265bef9f815	b807f6751d082ea554b2ca8915aa2b99df9e0299	2026-08-17T09:54:55.713107+00:00	parameter tying	98.950000%	1596	discard	Union closest shared-QKV scalar groups 651 and 596	Family: parameter tying. Current retained frontier is 1,597 parameters at 99.000000%, a +0.000000 percentage-point margin over 99%. There have been 60 prior macro-attempts in this family and 536 prior micro-trials. The most recent accepted result is attempt-0162/micro-0006 at 1,599 parameters and 99.00%; the most recent failed result is attempt-0162/micro-0007 (QKV pair 644/708 discarded at 98.89%). This is a parameterization-preserving compression of the depth-shared QKV transform: union flattened coordinates 651 and 596, whose learned values are 0.0019581029 and 0.0021224874 (difference 1.644e-04), with a multiplicity-weighted mean and integer reconstruction map. Hypothesis: the much larger attention tensor contains near-duplicate scalars below the token failure scale, so this union preserves qualification and yields 1,596 parameters. It is more informative than the next QKV union (difference 1.651e-04) because it is the minimum-distortion test at this new site. Acceptance and rollback remain solely governed by the official runner.	0	0
attempt-0164	qkv-skip-twelve-sensitive-pairs	micro-0001	b5e1840a6b69228d4fa25a3a10e599cdc670c0ff	b807f6751d082ea554b2ca8915aa2b99df9e0299	2026-08-17T09:56:49.210853+00:00	parameter tying	98.990000%	1596	discard	Union closest shared-QKV scalar groups 661 and 747	Family: parameter tying. Current retained frontier is 1,597 parameters at 99.000000%, a +0.000000 percentage-point margin over 99%. There have been 61 prior macro-attempts in this family and 537 prior micro-trials. The most recent accepted result is attempt-0163/micro-0002 at 1,597 parameters and 99.00%; the most recent failed result is attempt-0163/micro-0003 (QKV pair 651/596 discarded at 98.95%). This is a parameterization-preserving compression of the depth-shared QKV transform: union flattened coordinates 661 and 747, whose learned values are 0.0028145285 and 0.0029796674 (difference 1.651e-04), with a multiplicity-weighted mean and integer reconstruction map. Hypothesis: the much larger attention tensor contains near-duplicate scalars below the token failure scale, so this union preserves qualification and yields 1,596 parameters. It is more informative than the next QKV union (difference 1.654e-04) because it is the minimum-distortion test at this new site. Acceptance and rollback remain solely governed by the official runner.	0	0
attempt-0165	qkv-final-two-failure-plateau-check	micro-0001	0748239d07dcc503cb5d2ba9c8e254545ad32520	b807f6751d082ea554b2ca8915aa2b99df9e0299	2026-08-17T09:58:46.099914+00:00	parameter tying	99.000000%	1596	keep	Union closest shared-QKV scalar groups 385 and 662	Family: parameter tying. Current retained frontier is 1,597 parameters at 99.000000%, a +0.000000 percentage-point margin over 99%. There have been 62 prior macro-attempts in this family and 538 prior micro-trials. The most recent accepted result is attempt-0163/micro-0002 at 1,597 parameters and 99.00%; the most recent failed result is attempt-0164/micro-0001 (QKV pair 661/747 discarded at 98.99%). This is a parameterization-preserving compression of the depth-shared QKV transform: union flattened coordinates 385 and 662, whose learned values are -0.1080017611 and -0.1078363732 (difference 1.654e-04), with a multiplicity-weighted mean and integer reconstruction map. Hypothesis: the much larger attention tensor contains near-duplicate scalars below the token failure scale, so this union preserves qualification and yields 1,596 parameters. It is more informative than the next QKV union (difference 1.657e-04) because it is the minimum-distortion test at this new site. Acceptance and rollback remain solely governed by the official runner.	0	0
attempt-0165	qkv-final-two-failure-plateau-check	micro-0002	87ff47c67e3d3d025f4bb2ce6f5dd57d95495100	0748239d07dcc503cb5d2ba9c8e254545ad32520	2026-08-17T09:59:59.852939+00:00	parameter tying	98.990000%	1595	discard	Union closest shared-QKV scalar groups 571 and 651	Family: parameter tying. Current retained frontier is 1,596 parameters at 99.000000%, a +0.000000 percentage-point margin over 99%. There have been 62 prior macro-attempts in this family and 539 prior micro-trials. The most recent accepted result is attempt-0163/micro-0002 at 1,597 parameters and 99.00%; the most recent failed result is attempt-0164/micro-0001 (QKV pair 661/747 discarded at 98.99%). This is a parameterization-preserving compression of the depth-shared QKV transform: union flattened coordinates 571 and 651, whose learned values are 0.0017924109 and 0.0019581029 (difference 1.657e-04), with a multiplicity-weighted mean and integer reconstruction map. Hypothesis: the much larger attention tensor contains near-duplicate scalars below the token failure scale, so this union preserves qualification and yields 1,595 parameters. It is more informative than the next QKV union (difference 1.696e-04) because it is the minimum-distortion test at this new site. Acceptance and rollback remain solely governed by the official runner.	0	0
attempt-0166	ff-output-skip-sensitive-pair	micro-0001	61b1bbe9d0af881a26e7ca81b23d1a26f7b966b7	0748239d07dcc503cb5d2ba9c8e254545ad32520	2026-08-17T10:02:11.330917+00:00	parameter tying	99.010000%	1595	keep	Union closest shared FF-output scalar groups 214 and 9	Family: parameter tying. Current retained frontier is 1,596 parameters at 99.000000%, a +0.000000 percentage-point margin over 99%. There have been 63 prior macro-attempts in this family and 540 prior micro-trials. The most recent accepted result is attempt-0165/micro-0001 at 1,596 parameters and 99.00%; the most recent failed result is attempt-0165/micro-0002 (QKV pair 571/651 discarded at 98.99%). This is a parameterization-preserving compression of the depth-shared feed-forward output map: union flattened coordinates 214 and 9, values 0.0147994803 and 0.0149607537 (difference 1.613e-04), using a weighted mean and integer reconstruction. Hypothesis: residual-stream reconstruction contains near-duplicate scalars distinct from FF-input redundancy, preserving qualification at 1,595 parameters. It is more informative than the next FF-output union (difference 1.625e-04) because it is the minimum-distortion isolated test of the complementary FF map. Official acceptance and rollback are unchanged.	0	0
attempt-0166	ff-output-skip-sensitive-pair	micro-0002	d0b95f88938491e0465adfcf04f5681b406f5006	61b1bbe9d0af881a26e7ca81b23d1a26f7b966b7	2026-08-17T10:03:24.340372+00:00	parameter tying	99.040000%	1594	keep	Union closest shared FF-output scalar groups 63 and 83	Family: parameter tying. Current retained frontier is 1,595 parameters at 99.010000%, a +0.010000 percentage-point margin over 99%. There have been 63 prior macro-attempts in this family and 541 prior micro-trials. The most recent accepted result is attempt-0165/micro-0001 at 1,596 parameters and 99.00%; the most recent failed result is attempt-0165/micro-0002 (QKV pair 571/651 discarded at 98.99%). This is a parameterization-preserving compression of the depth-shared feed-forward output map: union flattened coordinates 63 and 83, values -0.0253817327 and -0.0252192076 (difference 1.625e-04), using a weighted mean and integer reconstruction. Hypothesis: residual-stream reconstruction contains near-duplicate scalars distinct from FF-input redundancy, preserving qualification at 1,594 parameters. It is more informative than the next FF-output union (difference 1.635e-04) because it is the minimum-distortion isolated test of the complementary FF map. Official acceptance and rollback are unchanged.	0	0
attempt-0166	ff-output-skip-sensitive-pair	micro-0003	77a94862731ad45691397fdc8ddfe82ae003ec89	d0b95f88938491e0465adfcf04f5681b406f5006	2026-08-17T10:04:39.171268+00:00	parameter tying	99.040000%	1593	keep	Union closest shared FF-output scalar groups 77 and 200	Family: parameter tying. Current retained frontier is 1,594 parameters at 99.040000%, a +0.040000 percentage-point margin over 99%. There have been 63 prior macro-attempts in this family and 542 prior micro-trials. The most recent accepted result is attempt-0165/micro-0001 at 1,596 parameters and 99.00%; the most recent failed result is attempt-0165/micro-0002 (QKV pair 571/651 discarded at 98.99%). This is a parameterization-preserving compression of the depth-shared feed-forward output map: union flattened coordinates 77 and 200, values -0.0088192206 and -0.0086557502 (difference 1.635e-04), using a weighted mean and integer reconstruction. Hypothesis: residual-stream reconstruction contains near-duplicate scalars distinct from FF-input redundancy, preserving qualification at 1,593 parameters. It is more informative than the next FF-output union (difference 1.792e-04) because it is the minimum-distortion isolated test of the complementary FF map. Official acceptance and rollback are unchanged.	0	0
attempt-0166	ff-output-skip-sensitive-pair	micro-0004	567eeb9162f5a2da2146f37f96658cef89f9551b	77a94862731ad45691397fdc8ddfe82ae003ec89	2026-08-17T10:05:51.672975+00:00	parameter tying	99.020000%	1592	keep	Union closest shared FF-output scalar groups 10 and 197	Family: parameter tying. Current retained frontier is 1,593 parameters at 99.040000%, a +0.040000 percentage-point margin over 99%. There have been 63 prior macro-attempts in this family and 543 prior micro-trials. The most recent accepted result is attempt-0165/micro-0001 at 1,596 parameters and 99.00%; the most recent failed result is attempt-0165/micro-0002 (QKV pair 571/651 discarded at 98.99%). This is a parameterization-preserving compression of the depth-shared feed-forward output map: union flattened coordinates 10 and 197, values 0.0250107273 and 0.0251899511 (difference 1.792e-04), using a weighted mean and integer reconstruction. Hypothesis: residual-stream reconstruction contains near-duplicate scalars distinct from FF-input redundancy, preserving qualification at 1,592 parameters. It is more informative than the next FF-output union (difference 1.858e-04) because it is the minimum-distortion isolated test of the complementary FF map. Official acceptance and rollback are unchanged.	0	0
attempt-0166	ff-output-skip-sensitive-pair	micro-0005	671e592bdde2f864e102d95cda642d38e3712690	567eeb9162f5a2da2146f37f96658cef89f9551b	2026-08-17T10:07:04.800077+00:00	parameter tying	99.040000%	1591	keep	Union closest shared FF-output scalar groups 99 and 169	Family: parameter tying. Current retained frontier is 1,592 parameters at 99.020000%, a +0.020000 percentage-point margin over 99%. There have been 63 prior macro-attempts in this family and 544 prior micro-trials. The most recent accepted result is attempt-0165/micro-0001 at 1,596 parameters and 99.00%; the most recent failed result is attempt-0165/micro-0002 (QKV pair 571/651 discarded at 98.99%). This is a parameterization-preserving compression of the depth-shared feed-forward output map: union flattened coordinates 99 and 169, values -0.1302311122 and -0.1300453097 (difference 1.858e-04), using a weighted mean and integer reconstruction. Hypothesis: residual-stream reconstruction contains near-duplicate scalars distinct from FF-input redundancy, preserving qualification at 1,591 parameters. It is more informative than the next FF-output union (difference 1.867e-04) because it is the minimum-distortion isolated test of the complementary FF map. Official acceptance and rollback are unchanged.	0	0
attempt-0166	ff-output-skip-sensitive-pair	micro-0006	a7cc9394a6258e9e469ff4e65bb344b32b3eb7ec	671e592bdde2f864e102d95cda642d38e3712690	2026-08-17T10:08:16.014136+00:00	parameter tying	99.020000%	1590	keep	Union closest shared FF-output scalar groups 16 and 17	Family: parameter tying. Current retained frontier is 1,591 parameters at 99.040000%, a +0.040000 percentage-point margin over 99%. There have been 63 prior macro-attempts in this family and 545 prior micro-trials. The most recent accepted result is attempt-0165/micro-0001 at 1,596 parameters and 99.00%; the most recent failed result is attempt-0165/micro-0002 (QKV pair 571/651 discarded at 98.99%). This is a parameterization-preserving compression of the depth-shared feed-forward output map: union flattened coordinates 16 and 17, values 0.0383275412 and 0.0385142118 (difference 1.867e-04), using a weighted mean and integer reconstruction. Hypothesis: residual-stream reconstruction contains near-duplicate scalars distinct from FF-input redundancy, preserving qualification at 1,590 parameters. It is more informative than the next FF-output union (difference 2.014e-04) because it is the minimum-distortion isolated test of the complementary FF map. Official acceptance and rollback are unchanged.	0	0
attempt-0166	ff-output-skip-sensitive-pair	micro-0007	d16e2027fedc068ebe7dc1f082b58576d9cd28f3	a7cc9394a6258e9e469ff4e65bb344b32b3eb7ec	2026-08-17T10:09:28.592055+00:00	parameter tying	98.980000%	1589	discard	Union closest shared FF-output scalar groups 13 and 188	Family: parameter tying. Current retained frontier is 1,590 parameters at 99.020000%, a +0.020000 percentage-point margin over 99%. There have been 63 prior macro-attempts in this family and 546 prior micro-trials. The most recent accepted result is attempt-0165/micro-0001 at 1,596 parameters and 99.00%; the most recent failed result is attempt-0165/micro-0002 (QKV pair 571/651 discarded at 98.99%). This is a parameterization-preserving compression of the depth-shared feed-forward output map: union flattened coordinates 13 and 188, values -0.0195224322 and -0.0193210728 (difference 2.014e-04), using a weighted mean and integer reconstruction. Hypothesis: residual-stream reconstruction contains near-duplicate scalars distinct from FF-input redundancy, preserving qualification at 1,589 parameters. It is more informative than the next FF-output union (difference 2.032e-04) because it is the minimum-distortion isolated test of the complementary FF map. Official acceptance and rollback are unchanged.	0	0
attempt-0167	ff-output-skip-two-sensitive-pairs	micro-0001	026283e3d76585ba5a7fc340f25ad102e7745a59	a7cc9394a6258e9e469ff4e65bb344b32b3eb7ec	2026-08-17T10:11:19.697555+00:00	parameter tying	98.960000%	1589	discard	Union closest shared FF-output scalar groups 180 and 59	Family: parameter tying. Current retained frontier is 1,590 parameters at 99.020000%, a +0.020000 percentage-point margin over 99%. There have been 64 prior macro-attempts in this family and 547 prior micro-trials. The most recent accepted result is attempt-0166/micro-0006 at 1,590 parameters and 99.02%; the most recent failed result is attempt-0166/micro-0007 (FF-output pair 13/188 discarded at 98.98%). This is a parameterization-preserving compression of the depth-shared feed-forward output map: union flattened coordinates 180 and 59, values -0.0278803911 and -0.0276771858 (difference 2.032e-04), using a weighted mean and integer reconstruction. Hypothesis: residual-stream reconstruction contains near-duplicate scalars distinct from FF-input redundancy, preserving qualification at 1,589 parameters. It is more informative than the next FF-output union (difference 2.078e-04) because it is the minimum-distortion isolated test of the complementary FF map. Official acceptance and rollback are unchanged.	0	0
attempt-0168	ff-output-final-plateau-check	micro-0001	2eeaf3d7f2d70a83f86eef65a3fe7cab16ce9869	a7cc9394a6258e9e469ff4e65bb344b32b3eb7ec	2026-08-17T10:13:36.600743+00:00	parameter tying	99.000000%	1589	keep	Union closest shared FF-output scalar groups 208 and 218	Family: parameter tying. Current retained frontier is 1,590 parameters at 99.020000%, a +0.020000 percentage-point margin over 99%. There have been 65 prior macro-attempts in this family and 548 prior micro-trials. The most recent accepted result is attempt-0166/micro-0006 at 1,590 parameters and 99.02%; the most recent failed result is attempt-0167/micro-0001 (FF-output pair 180/59 discarded at 98.96%). This is a parameterization-preserving compression of the depth-shared feed-forward output map: union flattened coordinates 208 and 218, values -0.0474367738 and -0.0472290181 (difference 2.078e-04), using a weighted mean and integer reconstruction. Hypothesis: residual-stream reconstruction contains near-duplicate scalars distinct from FF-input redundancy, preserving qualification at 1,589 parameters. It is more informative than the next FF-output union (difference 2.129e-04) because it is the minimum-distortion isolated test of the complementary FF map. Official acceptance and rollback are unchanged.	0	0
attempt-0168	ff-output-final-plateau-check	micro-0002	b2c7a59ba8442fdba8008c72bac01ff64c6f8f8a	2eeaf3d7f2d70a83f86eef65a3fe7cab16ce9869	2026-08-17T10:14:49.996576+00:00	parameter tying	99.010000%	1588	keep	Union closest shared FF-output scalar groups 199 and 13	Family: parameter tying. Current retained frontier is 1,589 parameters at 99.000000%, a +0.000000 percentage-point margin over 99%. There have been 65 prior macro-attempts in this family and 549 prior micro-trials. The most recent accepted result is attempt-0166/micro-0006 at 1,590 parameters and 99.02%; the most recent failed result is attempt-0167/micro-0001 (FF-output pair 180/59 discarded at 98.96%). This is a parameterization-preserving compression of the depth-shared feed-forward output map: union flattened coordinates 199 and 13, values -0.0197353363 and -0.0195224322 (difference 2.129e-04), using a weighted mean and integer reconstruction. Hypothesis: residual-stream reconstruction contains near-duplicate scalars distinct from FF-input redundancy, preserving qualification at 1,588 parameters. It is more informative than the next FF-output union (difference 2.134e-04) because it is the minimum-distortion isolated test of the complementary FF map. Official acceptance and rollback are unchanged.	0	0
attempt-0168	ff-output-final-plateau-check	micro-0003	59f99ad01b4e33546029db3b0411cca7f2543691	b2c7a59ba8442fdba8008c72bac01ff64c6f8f8a	2026-08-17T10:16:03.268750+00:00	parameter tying	99.010000%	1587	keep	Union closest shared FF-output scalar groups 67 and 97	Family: parameter tying. Current retained frontier is 1,588 parameters at 99.010000%, a +0.010000 percentage-point margin over 99%. There have been 65 prior macro-attempts in this family and 550 prior micro-trials. The most recent accepted result is attempt-0166/micro-0006 at 1,590 parameters and 99.02%; the most recent failed result is attempt-0167/micro-0001 (FF-output pair 180/59 discarded at 98.96%). This is a parameterization-preserving compression of the depth-shared feed-forward output map: union flattened coordinates 67 and 97, values 0.0039833756 and 0.0041968096 (difference 2.134e-04), using a weighted mean and integer reconstruction. Hypothesis: residual-stream reconstruction contains near-duplicate scalars distinct from FF-input redundancy, preserving qualification at 1,587 parameters. It is more informative than the next FF-output union (difference 2.139e-04) because it is the minimum-distortion isolated test of the complementary FF map. Official acceptance and rollback are unchanged.	0	0
attempt-0168	ff-output-final-plateau-check	micro-0004	3bd65bc6a0e8f2d103841ceb9048b6ce68906426	59f99ad01b4e33546029db3b0411cca7f2543691	2026-08-17T10:17:17.649066+00:00	parameter tying	99.020000%	1586	keep	Union closest shared FF-output scalar groups 56 and 64	Family: parameter tying. Current retained frontier is 1,587 parameters at 99.010000%, a +0.010000 percentage-point margin over 99%. There have been 65 prior macro-attempts in this family and 551 prior micro-trials. The most recent accepted result is attempt-0166/micro-0006 at 1,590 parameters and 99.02%; the most recent failed result is attempt-0167/micro-0001 (FF-output pair 180/59 discarded at 98.96%). This is a parameterization-preserving compression of the depth-shared feed-forward output map: union flattened coordinates 56 and 64, values -0.0082456674 and -0.0080317799 (difference 2.139e-04), using a weighted mean and integer reconstruction. Hypothesis: residual-stream reconstruction contains near-duplicate scalars distinct from FF-input redundancy, preserving qualification at 1,586 parameters. It is more informative than the next FF-output union (difference 2.184e-04) because it is the minimum-distortion isolated test of the complementary FF map. Official acceptance and rollback are unchanged.	0	0
attempt-0168	ff-output-final-plateau-check	micro-0005	4cabe4d1fe958ef585726ce2d4c6d9d0a37a9bda	3bd65bc6a0e8f2d103841ceb9048b6ce68906426	2026-08-17T10:18:31.884352+00:00	parameter tying	98.990000%	1585	discard	Union closest shared FF-output scalar groups 183 and 223	Family: parameter tying. Current retained frontier is 1,586 parameters at 99.020000%, a +0.020000 percentage-point margin over 99%. There have been 65 prior macro-attempts in this family and 552 prior micro-trials. The most recent accepted result is attempt-0166/micro-0006 at 1,590 parameters and 99.02%; the most recent failed result is attempt-0167/micro-0001 (FF-output pair 180/59 discarded at 98.96%). This is a parameterization-preserving compression of the depth-shared feed-forward output map: union flattened coordinates 183 and 223, values 0.0255113114 and 0.0257297587 (difference 2.184e-04), using a weighted mean and integer reconstruction. Hypothesis: residual-stream reconstruction contains near-duplicate scalars distinct from FF-input redundancy, preserving qualification at 1,585 parameters. It is more informative than the next FF-output union (difference 2.225e-04) because it is the minimum-distortion isolated test of the complementary FF map. Official acceptance and rollback are unchanged.	0	0
attempt-0169	ff-output-skip-four-sensitive-pairs	micro-0001	fa6c99b80507a7a7be7e0ba08cc2d5cb1d122635	3bd65bc6a0e8f2d103841ceb9048b6ce68906426	2026-08-17T10:20:19.174042+00:00	parameter tying	99.020000%	1585	keep	Union closest shared FF-output scalar groups 118 and 119	Family: parameter tying. Current retained frontier is 1,586 parameters at 99.020000%, a +0.020000 percentage-point margin over 99%. There have been 66 prior macro-attempts in this family and 553 prior micro-trials. The most recent accepted result is attempt-0168/micro-0004 at 1,586 parameters and 99.02%; the most recent failed result is attempt-0168/micro-0005 (FF-output pair 183/223 discarded at 98.99%). This is a parameterization-preserving compression of the depth-shared feed-forward output map: union flattened coordinates 118 and 119, values 0.0333433077 and 0.0335657597 (difference 2.225e-04), using a weighted mean and integer reconstruction. Hypothesis: residual-stream reconstruction contains near-duplicate scalars distinct from FF-input redundancy, preserving qualification at 1,585 parameters. It is more informative than the next FF-output union (difference 2.267e-04) because it is the minimum-distortion isolated test of the complementary FF map. Official acceptance and rollback are unchanged.	0	0
attempt-0169	ff-output-skip-four-sensitive-pairs	micro-0002	c2e7fe33077f2434ec05e8cbf3674f9cf15310f3	fa6c99b80507a7a7be7e0ba08cc2d5cb1d122635	2026-08-17T10:21:45.203169+00:00	parameter tying	99.000000%	1584	keep	Union closest shared FF-output scalar groups 69 and 7	Family: parameter tying. Current retained frontier is 1,585 parameters at 99.020000%, a +0.020000 percentage-point margin over 99%. There have been 66 prior macro-attempts in this family and 554 prior micro-trials. The most recent accepted result is attempt-0168/micro-0004 at 1,586 parameters and 99.02%; the most recent failed result is attempt-0168/micro-0005 (FF-output pair 183/223 discarded at 98.99%). This is a parameterization-preserving compression of the depth-shared feed-forward output map: union flattened coordinates 69 and 7, values -0.0037588507 and -0.0035321494 (difference 2.267e-04), using a weighted mean and integer reconstruction. Hypothesis: residual-stream reconstruction contains near-duplicate scalars distinct from FF-input redundancy, preserving qualification at 1,584 parameters. It is more informative than the next FF-output union (difference 2.297e-04) because it is the minimum-distortion isolated test of the complementary FF map. Official acceptance and rollback are unchanged.	0	0
attempt-0169	ff-output-skip-four-sensitive-pairs	micro-0003	4f30f3e83d6cba533024f9dacce9f538b7f7b1f4	c2e7fe33077f2434ec05e8cbf3674f9cf15310f3	2026-08-17T10:23:10.981147+00:00	parameter tying	99.000000%	1583	keep	Union closest shared FF-output scalar groups 247 and 84	Family: parameter tying. Current retained frontier is 1,584 parameters at 99.000000%, a +0.000000 percentage-point margin over 99%. There have been 66 prior macro-attempts in this family and 555 prior micro-trials. The most recent accepted result is attempt-0168/micro-0004 at 1,586 parameters and 99.02%; the most recent failed result is attempt-0168/micro-0005 (FF-output pair 183/223 discarded at 98.99%). This is a parameterization-preserving compression of the depth-shared feed-forward output map: union flattened coordinates 247 and 84, values 0.0166628882 and 0.0168926101 (difference 2.297e-04), using a weighted mean and integer reconstruction. Hypothesis: residual-stream reconstruction contains near-duplicate scalars distinct from FF-input redundancy, preserving qualification at 1,583 parameters. It is more informative than the next FF-output union (difference 2.600e-04) because it is the minimum-distortion isolated test of the complementary FF map. Official acceptance and rollback are unchanged.	0	0
attempt-0169	ff-output-skip-four-sensitive-pairs	micro-0004	d711e24ba69f3f020dd2590e9d3f059346e002a0	4f30f3e83d6cba533024f9dacce9f538b7f7b1f4	2026-08-17T10:24:20.910029+00:00	parameter tying	99.000000%	1582	keep	Union closest shared FF-output scalar groups 239 and 143	Family: parameter tying. Current retained frontier is 1,583 parameters at 99.000000%, a +0.000000 percentage-point margin over 99%. There have been 66 prior macro-attempts in this family and 556 prior micro-trials. The most recent accepted result is attempt-0168/micro-0004 at 1,586 parameters and 99.02%; the most recent failed result is attempt-0168/micro-0005 (FF-output pair 183/223 discarded at 98.99%). This is a parameterization-preserving compression of the depth-shared feed-forward output map: union flattened coordinates 239 and 143, values -0.0717083886 and -0.0714483783 (difference 2.600e-04), using a weighted mean and integer reconstruction. Hypothesis: residual-stream reconstruction contains near-duplicate scalars distinct from FF-input redundancy, preserving qualification at 1,582 parameters. It is more informative than the next FF-output union (difference 2.674e-04) because it is the minimum-distortion isolated test of the complementary FF map. Official acceptance and rollback are unchanged.	0	0
attempt-0169	ff-output-skip-four-sensitive-pairs	micro-0005	6441523a84c897030f6e95e19bcbeefd64df0e16	d711e24ba69f3f020dd2590e9d3f059346e002a0	2026-08-17T10:25:33.274971+00:00	parameter tying	99.030000%	1581	keep	Union closest shared FF-output scalar groups 58 and 19	Family: parameter tying. Current retained frontier is 1,582 parameters at 99.000000%, a +0.000000 percentage-point margin over 99%. There have been 66 prior macro-attempts in this family and 557 prior micro-trials. The most recent accepted result is attempt-0168/micro-0004 at 1,586 parameters and 99.02%; the most recent failed result is attempt-0168/micro-0005 (FF-output pair 183/223 discarded at 98.99%). This is a parameterization-preserving compression of the depth-shared feed-forward output map: union flattened coordinates 58 and 19, values 0.0001672037 and 0.0004346526 (difference 2.674e-04), using a weighted mean and integer reconstruction. Hypothesis: residual-stream reconstruction contains near-duplicate scalars distinct from FF-input redundancy, preserving qualification at 1,581 parameters. It is more informative than the next FF-output union (difference 2.679e-04) because it is the minimum-distortion isolated test of the complementary FF map. Official acceptance and rollback are unchanged.	0	0
attempt-0169	ff-output-skip-four-sensitive-pairs	micro-0006	20c9de36a65fffef9fea999e0cbd1768d3a6cdf2	6441523a84c897030f6e95e19bcbeefd64df0e16	2026-08-17T10:26:48.340683+00:00	parameter tying	99.020000%	1580	keep	Union closest shared FF-output scalar groups 191 and 79	Family: parameter tying. Current retained frontier is 1,581 parameters at 99.030000%, a +0.030000 percentage-point margin over 99%. There have been 66 prior macro-attempts in this family and 558 prior micro-trials. The most recent accepted result is attempt-0168/micro-0004 at 1,586 parameters and 99.02%; the most recent failed result is attempt-0168/micro-0005 (FF-output pair 183/223 discarded at 98.99%). This is a parameterization-preserving compression of the depth-shared feed-forward output map: union flattened coordinates 191 and 79, values -0.0108519476 and -0.0105840163 (difference 2.679e-04), using a weighted mean and integer reconstruction. Hypothesis: residual-stream reconstruction contains near-duplicate scalars distinct from FF-input redundancy, preserving qualification at 1,580 parameters. It is more informative than the next FF-output union (difference 2.729e-04) because it is the minimum-distortion isolated test of the complementary FF map. Official acceptance and rollback are unchanged.	0	0
attempt-0169	ff-output-skip-four-sensitive-pairs	micro-0007	5e20c3cd6a657be7a82b65d30a505d10655716bc	20c9de36a65fffef9fea999e0cbd1768d3a6cdf2	2026-08-17T10:28:03.770778+00:00	parameter tying	99.050000%	1579	keep	Union closest shared FF-output scalar groups 144 and 107	Family: parameter tying. Current retained frontier is 1,580 parameters at 99.020000%, a +0.020000 percentage-point margin over 99%. There have been 66 prior macro-attempts in this family and 559 prior micro-trials. The most recent accepted result is attempt-0168/micro-0004 at 1,586 parameters and 99.02%; the most recent failed result is attempt-0168/micro-0005 (FF-output pair 183/223 discarded at 98.99%). This is a parameterization-preserving compression of the depth-shared feed-forward output map: union flattened coordinates 144 and 107, values -0.0847604349 and -0.0844875574 (difference 2.729e-04), using a weighted mean and integer reconstruction. Hypothesis: residual-stream reconstruction contains near-duplicate scalars distinct from FF-input redundancy, preserving qualification at 1,579 parameters. It is more informative than the next FF-output union (difference 2.753e-04) because it is the minimum-distortion isolated test of the complementary FF map. Official acceptance and rollback are unchanged.	0	0
attempt-0169	ff-output-skip-four-sensitive-pairs	micro-0008	0b4444e1036d7003f13fb8ff85818730dd176d9a	5e20c3cd6a657be7a82b65d30a505d10655716bc	2026-08-17T10:29:19.083248+00:00	parameter tying	99.040000%	1578	keep	Union closest shared FF-output scalar groups 209 and 168	Family: parameter tying. Current retained frontier is 1,579 parameters at 99.050000%, a +0.050000 percentage-point margin over 99%. There have been 66 prior macro-attempts in this family and 560 prior micro-trials. The most recent accepted result is attempt-0168/micro-0004 at 1,586 parameters and 99.02%; the most recent failed result is attempt-0168/micro-0005 (FF-output pair 183/223 discarded at 98.99%). This is a parameterization-preserving compression of the depth-shared feed-forward output map: union flattened coordinates 209 and 168, values 0.0091690673 and 0.0094443336 (difference 2.753e-04), using a weighted mean and integer reconstruction. Hypothesis: residual-stream reconstruction contains near-duplicate scalars distinct from FF-input redundancy, preserving qualification at 1,578 parameters. It is more informative than the next FF-output union (difference 2.794e-04) because it is the minimum-distortion isolated test of the complementary FF map. Official acceptance and rollback are unchanged.	0	0
attempt-0169	ff-output-skip-four-sensitive-pairs	micro-0009	0be82ecf56035ae724b7ac37f0b56af3a148a32e	0b4444e1036d7003f13fb8ff85818730dd176d9a	2026-08-17T10:30:34.542037+00:00	parameter tying	99.010000%	1577	keep	Union closest shared FF-output scalar groups 71 and 92	Family: parameter tying. Current retained frontier is 1,578 parameters at 99.040000%, a +0.040000 percentage-point margin over 99%. There have been 66 prior macro-attempts in this family and 561 prior micro-trials. The most recent accepted result is attempt-0168/micro-0004 at 1,586 parameters and 99.02%; the most recent failed result is attempt-0168/micro-0005 (FF-output pair 183/223 discarded at 98.99%). This is a parameterization-preserving compression of the depth-shared feed-forward output map: union flattened coordinates 71 and 92, values -0.0016995448 and -0.0014201598 (difference 2.794e-04), using a weighted mean and integer reconstruction. Hypothesis: residual-stream reconstruction contains near-duplicate scalars distinct from FF-input redundancy, preserving qualification at 1,577 parameters. It is more informative than the next FF-output union (difference 2.814e-04) because it is the minimum-distortion isolated test of the complementary FF map. Official acceptance and rollback are unchanged.	0	0
attempt-0169	ff-output-skip-four-sensitive-pairs	micro-0010	32425bbe944eab318e80c751290792189daa9256	0be82ecf56035ae724b7ac37f0b56af3a148a32e	2026-08-17T10:31:51.000280+00:00	parameter tying	99.000000%	1576	keep	Union closest shared FF-output scalar groups 117 and 74	Family: parameter tying. Current retained frontier is 1,577 parameters at 99.010000%, a +0.010000 percentage-point margin over 99%. There have been 66 prior macro-attempts in this family and 562 prior micro-trials. The most recent accepted result is attempt-0168/micro-0004 at 1,586 parameters and 99.02%; the most recent failed result is attempt-0168/micro-0005 (FF-output pair 183/223 discarded at 98.99%). This is a parameterization-preserving compression of the depth-shared feed-forward output map: union flattened coordinates 117 and 74, values -0.0102504361 and -0.0099690780 (difference 2.814e-04), using a weighted mean and integer reconstruction. Hypothesis: residual-stream reconstruction contains near-duplicate scalars distinct from FF-input redundancy, preserving qualification at 1,576 parameters. It is more informative than the next FF-output union (difference 2.884e-04) because it is the minimum-distortion isolated test of the complementary FF map. Official acceptance and rollback are unchanged.	0	0
attempt-0169	ff-output-skip-four-sensitive-pairs	micro-0011	d837f0641fe7d6d03743b3eaef0329850298eb31	32425bbe944eab318e80c751290792189daa9256	2026-08-17T10:33:05.929618+00:00	parameter tying	99.020000%	1575	keep	Union closest shared FF-output scalar groups 182 and 189	Family: parameter tying. Current retained frontier is 1,576 parameters at 99.000000%, a +0.000000 percentage-point margin over 99%. There have been 66 prior macro-attempts in this family and 563 prior micro-trials. The most recent accepted result is attempt-0168/micro-0004 at 1,586 parameters and 99.02%; the most recent failed result is attempt-0168/micro-0005 (FF-output pair 183/223 discarded at 98.99%). This is a parameterization-preserving compression of the depth-shared feed-forward output map: union flattened coordinates 182 and 189, values -0.0117412657 and -0.0114529021 (difference 2.884e-04), using a weighted mean and integer reconstruction. Hypothesis: residual-stream reconstruction contains near-duplicate scalars distinct from FF-input redundancy, preserving qualification at 1,575 parameters. It is more informative than the next FF-output union (difference 2.926e-04) because it is the minimum-distortion isolated test of the complementary FF map. Official acceptance and rollback are unchanged.	0	0
attempt-0169	ff-output-skip-four-sensitive-pairs	micro-0012	ee94561256453e2171b11334cccc17e19e069a50	d837f0641fe7d6d03743b3eaef0329850298eb31	2026-08-17T10:34:28.517846+00:00	parameter tying	99.030000%	1574	keep	Union closest shared FF-output scalar groups 248 and 149	Family: parameter tying. Current retained frontier is 1,575 parameters at 99.020000%, a +0.020000 percentage-point margin over 99%. There have been 66 prior macro-attempts in this family and 564 prior micro-trials. The most recent accepted result is attempt-0168/micro-0004 at 1,586 parameters and 99.02%; the most recent failed result is attempt-0168/micro-0005 (FF-output pair 183/223 discarded at 98.99%). This is a parameterization-preserving compression of the depth-shared feed-forward output map: union flattened coordinates 248 and 149, values 0.0303191338 and 0.0306117032 (difference 2.926e-04), using a weighted mean and integer reconstruction. Hypothesis: residual-stream reconstruction contains near-duplicate scalars distinct from FF-input redundancy, preserving qualification at 1,574 parameters. It is more informative than the next FF-output union (difference 3.061e-04) because it is the minimum-distortion isolated test of the complementary FF map. Official acceptance and rollback are unchanged.	0	0
attempt-0169	ff-output-skip-four-sensitive-pairs	micro-0013	131e2f8d673dc6d2a690917ac16ea4b8e1e8a5f2	ee94561256453e2171b11334cccc17e19e069a50	2026-08-17T10:35:44.363239+00:00	parameter tying	99.040000%	1573	keep	Union closest shared FF-output scalar groups 157 and 101	Family: parameter tying. Current retained frontier is 1,574 parameters at 99.030000%, a +0.030000 percentage-point margin over 99%. There have been 66 prior macro-attempts in this family and 565 prior micro-trials. The most recent accepted result is attempt-0168/micro-0004 at 1,586 parameters and 99.02%; the most recent failed result is attempt-0168/micro-0005 (FF-output pair 183/223 discarded at 98.99%). This is a parameterization-preserving compression of the depth-shared feed-forward output map: union flattened coordinates 157 and 101, values 0.0157417711 and 0.0160478409 (difference 3.061e-04), using a weighted mean and integer reconstruction. Hypothesis: residual-stream reconstruction contains near-duplicate scalars distinct from FF-input redundancy, preserving qualification at 1,573 parameters. It is more informative than the next FF-output union (difference 3.120e-04) because it is the minimum-distortion isolated test of the complementary FF map. Official acceptance and rollback are unchanged.	0	0
attempt-0169	ff-output-skip-four-sensitive-pairs	micro-0014	65447ded15eae4d8fe83ff44f3edf9f937f3cbec	131e2f8d673dc6d2a690917ac16ea4b8e1e8a5f2	2026-08-17T10:36:57.935915+00:00	parameter tying	99.080000%	1572	keep	Union closest shared FF-output scalar groups 215 and 11	Family: parameter tying. Current retained frontier is 1,573 parameters at 99.040000%, a +0.040000 percentage-point margin over 99%. There have been 66 prior macro-attempts in this family and 566 prior micro-trials. The most recent accepted result is attempt-0168/micro-0004 at 1,586 parameters and 99.02%; the most recent failed result is attempt-0168/micro-0005 (FF-output pair 183/223 discarded at 98.99%). This is a parameterization-preserving compression of the depth-shared feed-forward output map: union flattened coordinates 215 and 11, values -0.0596261658 and -0.0593141988 (difference 3.120e-04), using a weighted mean and integer reconstruction. Hypothesis: residual-stream reconstruction contains near-duplicate scalars distinct from FF-input redundancy, preserving qualification at 1,572 parameters. It is more informative than the next FF-output union (difference 3.143e-04) because it is the minimum-distortion isolated test of the complementary FF map. Official acceptance and rollback are unchanged.	0	0
attempt-0169	ff-output-skip-four-sensitive-pairs	micro-0015	45cd935ee9681e4582f99fa418475eec4d5c67ff	65447ded15eae4d8fe83ff44f3edf9f937f3cbec	2026-08-17T10:38:12.445090+00:00	parameter tying	99.070000%	1571	keep	Union closest shared FF-output scalar groups 227 and 78	Family: parameter tying. Current retained frontier is 1,572 parameters at 99.080000%, a +0.080000 percentage-point margin over 99%. There have been 66 prior macro-attempts in this family and 567 prior micro-trials. The most recent accepted result is attempt-0168/micro-0004 at 1,586 parameters and 99.02%; the most recent failed result is attempt-0168/micro-0005 (FF-output pair 183/223 discarded at 98.99%). This is a parameterization-preserving compression of the depth-shared feed-forward output map: union flattened coordinates 227 and 78, values -0.0420486704 and -0.0417343453 (difference 3.143e-04), using a weighted mean and integer reconstruction. Hypothesis: residual-stream reconstruction contains near-duplicate scalars distinct from FF-input redundancy, preserving qualification at 1,571 parameters. It is more informative than the next FF-output union (difference 3.246e-04) because it is the minimum-distortion isolated test of the complementary FF map. Official acceptance and rollback are unchanged.	0	0
attempt-0169	ff-output-skip-four-sensitive-pairs	micro-0016	65e45c1fa4dde0e632f9cae18accab6459267a08	45cd935ee9681e4582f99fa418475eec4d5c67ff	2026-08-17T10:39:28.756561+00:00	parameter tying	99.030000%	1570	keep	Union closest shared FF-output scalar groups 140 and 67	Family: parameter tying. Current retained frontier is 1,571 parameters at 99.070000%, a +0.070000 percentage-point margin over 99%. There have been 66 prior macro-attempts in this family and 568 prior micro-trials. The most recent accepted result is attempt-0168/micro-0004 at 1,586 parameters and 99.02%; the most recent failed result is attempt-0168/micro-0005 (FF-output pair 183/223 discarded at 98.99%). This is a parameterization-preserving compression of the depth-shared feed-forward output map: union flattened coordinates 140 and 67, values 0.0037299010 and 0.0040545203 (difference 3.246e-04), using a weighted mean and integer reconstruction. Hypothesis: residual-stream reconstruction contains near-duplicate scalars distinct from FF-input redundancy, preserving qualification at 1,570 parameters. It is more informative than the next FF-output union (difference 3.312e-04) because it is the minimum-distortion isolated test of the complementary FF map. Official acceptance and rollback are unchanged.	0	0
attempt-0169	ff-output-skip-four-sensitive-pairs	micro-0017	804c93deca67c1c867490853e6e68be125a61b4a	65e45c1fa4dde0e632f9cae18accab6459267a08	2026-08-17T10:40:46.484376+00:00	parameter tying	99.010000%	1569	keep	Union closest shared FF-output scalar groups 94 and 171	Family: parameter tying. Current retained frontier is 1,570 parameters at 99.030000%, a +0.030000 percentage-point margin over 99%. There have been 66 prior macro-attempts in this family and 569 prior micro-trials. The most recent accepted result is attempt-0168/micro-0004 at 1,586 parameters and 99.02%; the most recent failed result is attempt-0168/micro-0005 (FF-output pair 183/223 discarded at 98.99%). This is a parameterization-preserving compression of the depth-shared feed-forward output map: union flattened coordinates 94 and 171, values 0.0464542173 and 0.0467854254 (difference 3.312e-04), using a weighted mean and integer reconstruction. Hypothesis: residual-stream reconstruction contains near-duplicate scalars distinct from FF-input redundancy, preserving qualification at 1,569 parameters. It is more informative than the next FF-output union (difference 3.348e-04) because it is the minimum-distortion isolated test of the complementary FF map. Official acceptance and rollback are unchanged.	0	0
attempt-0169	ff-output-skip-four-sensitive-pairs	micro-0018	3c47278b3b50a407737e93bfcc9063c41a492e0e	804c93deca67c1c867490853e6e68be125a61b4a	2026-08-17T10:42:01.137873+00:00	parameter tying	99.020000%	1568	keep	Union closest shared FF-output scalar groups 113 and 87	Family: parameter tying. Current retained frontier is 1,569 parameters at 99.010000%, a +0.010000 percentage-point margin over 99%. There have been 66 prior macro-attempts in this family and 570 prior micro-trials. The most recent accepted result is attempt-0168/micro-0004 at 1,586 parameters and 99.02%; the most recent failed result is attempt-0168/micro-0005 (FF-output pair 183/223 discarded at 98.99%). This is a parameterization-preserving compression of the depth-shared feed-forward output map: union flattened coordinates 113 and 87, values 0.0060452973 and 0.0063800495 (difference 3.348e-04), using a weighted mean and integer reconstruction. Hypothesis: residual-stream reconstruction contains near-duplicate scalars distinct from FF-input redundancy, preserving qualification at 1,568 parameters. It is more informative than the next FF-output union (difference 3.449e-04) because it is the minimum-distortion isolated test of the complementary FF map. Official acceptance and rollback are unchanged.	0	0
attempt-0169	ff-output-skip-four-sensitive-pairs	micro-0019	a260729c8baec311bd58858f932a2601f09e2c2b	3c47278b3b50a407737e93bfcc9063c41a492e0e	2026-08-17T10:43:15.480239+00:00	parameter tying	99.000000%	1567	keep	Union closest shared FF-output scalar groups 91 and 130	Family: parameter tying. Current retained frontier is 1,568 parameters at 99.020000%, a +0.020000 percentage-point margin over 99%. There have been 66 prior macro-attempts in this family and 571 prior micro-trials. The most recent accepted result is attempt-0168/micro-0004 at 1,586 parameters and 99.02%; the most recent failed result is attempt-0168/micro-0005 (FF-output pair 183/223 discarded at 98.99%). This is a parameterization-preserving compression of the depth-shared feed-forward output map: union flattened coordinates 91 and 130, values 0.0080275396 and 0.0083724242 (difference 3.449e-04), using a weighted mean and integer reconstruction. Hypothesis: residual-stream reconstruction contains near-duplicate scalars distinct from FF-input redundancy, preserving qualification at 1,567 parameters. It is more informative than the next FF-output union (difference 3.669e-04) because it is the minimum-distortion isolated test of the complementary FF map. Official acceptance and rollback are unchanged.	0	0
attempt-0169	ff-output-skip-four-sensitive-pairs	micro-0020	f2c8c1d61ff77b8a26d1c24035b599960fc4616f	a260729c8baec311bd58858f932a2601f09e2c2b	2026-08-17T10:44:32.046883+00:00	parameter tying	99.020000%	1566	keep	Union closest shared FF-output scalar groups 148 and 16	Family: parameter tying. Current retained frontier is 1,567 parameters at 99.000000%, a +0.000000 percentage-point margin over 99%. There have been 66 prior macro-attempts in this family and 572 prior micro-trials. The most recent accepted result is attempt-0168/micro-0004 at 1,586 parameters and 99.02%; the most recent failed result is attempt-0168/micro-0005 (FF-output pair 183/223 discarded at 98.99%). This is a parameterization-preserving compression of the depth-shared feed-forward output map: union flattened coordinates 148 and 16, values 0.0380850881 and 0.0384519883 (difference 3.669e-04), using a weighted mean and integer reconstruction. Hypothesis: residual-stream reconstruction contains near-duplicate scalars distinct from FF-input redundancy, preserving qualification at 1,566 parameters. It is more informative than the next FF-output union (difference 3.725e-04) because it is the minimum-distortion isolated test of the complementary FF map. Official acceptance and rollback are unchanged.	0	0
attempt-0170	ff-output-continuation-after-cap	micro-0001	a307d200933b9b119be71d0959a4d21d3896f140	f2c8c1d61ff77b8a26d1c24035b599960fc4616f	2026-08-17T10:46:26.188882+00:00	parameter tying	99.030000%	1565	keep	Union closest shared FF-output scalar groups 187 and 65	Family: parameter tying. Current retained frontier is 1,566 parameters at 99.020000%, a +0.020000 percentage-point margin over 99%. There have been 67 prior macro-attempts in this family and 573 prior micro-trials. The most recent accepted result is attempt-0169/micro-0020 at 1,566 parameters and 99.02%; the most recent failed result is attempt-0168/micro-0005 (FF-output pair 183/223 discarded at 98.99%). This is a parameterization-preserving compression of the depth-shared feed-forward output map: union flattened coordinates 187 and 65, values 0.0123685440 and 0.0127410181 (difference 3.725e-04), using a weighted mean and integer reconstruction. Hypothesis: residual-stream reconstruction contains near-duplicate scalars distinct from FF-input redundancy, preserving qualification at 1,565 parameters. It is more informative than the next FF-output union (difference 3.749e-04) because it is the minimum-distortion isolated test of the complementary FF map. Official acceptance and rollback are unchanged.	0	0
attempt-0170	ff-output-continuation-after-cap	micro-0002	4ed5d0c911279539c6c4bbb671c6e11fcfde6202	a307d200933b9b119be71d0959a4d21d3896f140	2026-08-17T10:47:37.489533+00:00	parameter tying	99.000000%	1564	keep	Union closest shared FF-output scalar groups 10 and 183	Family: parameter tying. Current retained frontier is 1,565 parameters at 99.030000%, a +0.030000 percentage-point margin over 99%. There have been 67 prior macro-attempts in this family and 574 prior micro-trials. The most recent accepted result is attempt-0169/micro-0020 at 1,566 parameters and 99.02%; the most recent failed result is attempt-0168/micro-0005 (FF-output pair 183/223 discarded at 98.99%). This is a parameterization-preserving compression of the depth-shared feed-forward output map: union flattened coordinates 10 and 183, values 0.0251302104 and 0.0255113114 (difference 3.811e-04), using a weighted mean and integer reconstruction. Hypothesis: residual-stream reconstruction contains near-duplicate scalars distinct from FF-input redundancy, preserving qualification at 1,564 parameters. It is more informative than the next FF-output union (difference 3.816e-04) because it is the minimum-distortion isolated test of the complementary FF map. Official acceptance and rollback are unchanged.	0	0
attempt-0170	ff-output-continuation-after-cap	micro-0003	5bb50ee140c295453083e43e10bf9afa315a13d3	4ed5d0c911279539c6c4bbb671c6e11fcfde6202	2026-08-17T10:48:47.526751+00:00	parameter tying	99.030000%	1563	keep	Union closest shared FF-output scalar groups 205 and 103	Family: parameter tying. Current retained frontier is 1,564 parameters at 99.000000%, a +0.000000 percentage-point margin over 99%. There have been 67 prior macro-attempts in this family and 575 prior micro-trials. The most recent accepted result is attempt-0169/micro-0020 at 1,566 parameters and 99.02%; the most recent failed result is attempt-0168/micro-0005 (FF-output pair 183/223 discarded at 98.99%). This is a parameterization-preserving compression of the depth-shared feed-forward output map: union flattened coordinates 205 and 103, values 0.0406701379 and 0.0410517864 (difference 3.816e-04), using a weighted mean and integer reconstruction. Hypothesis: residual-stream reconstruction contains near-duplicate scalars distinct from FF-input redundancy, preserving qualification at 1,563 parameters. It is more informative than the next FF-output union (difference 3.841e-04) because it is the minimum-distortion isolated test of the complementary FF map. Official acceptance and rollback are unchanged.	0	0
attempt-0170	ff-output-continuation-after-cap	micro-0004	565d301291c847f3a0d523c379e491fdc1a2ebb8	5bb50ee140c295453083e43e10bf9afa315a13d3	2026-08-17T10:49:59.895865+00:00	parameter tying	99.030000%	1562	keep	Union closest shared FF-output scalar groups 118 and 212	Family: parameter tying. Current retained frontier is 1,563 parameters at 99.030000%, a +0.030000 percentage-point margin over 99%. There have been 67 prior macro-attempts in this family and 576 prior micro-trials. The most recent accepted result is attempt-0169/micro-0020 at 1,566 parameters and 99.02%; the most recent failed result is attempt-0168/micro-0005 (FF-output pair 183/223 discarded at 98.99%). This is a parameterization-preserving compression of the depth-shared feed-forward output map: union flattened coordinates 118 and 212, values 0.0334545337 and 0.0338386111 (difference 3.841e-04), using a weighted mean and integer reconstruction. Hypothesis: residual-stream reconstruction contains near-duplicate scalars distinct from FF-input redundancy, preserving qualification at 1,562 parameters. It is more informative than the next FF-output union (difference 3.962e-04) because it is the minimum-distortion isolated test of the complementary FF map. Official acceptance and rollback are unchanged.	0	0
attempt-0170	ff-output-continuation-after-cap	micro-0005	0078bf9b56f17d49757366ec011e49dacb6c3f30	565d301291c847f3a0d523c379e491fdc1a2ebb8	2026-08-17T10:51:15.277092+00:00	parameter tying	99.060000%	1561	keep	Union closest shared FF-output scalar groups 177 and 253	Family: parameter tying. Current retained frontier is 1,562 parameters at 99.030000%, a +0.030000 percentage-point margin over 99%. There have been 67 prior macro-attempts in this family and 577 prior micro-trials. The most recent accepted result is attempt-0169/micro-0020 at 1,566 parameters and 99.02%; the most recent failed result is attempt-0168/micro-0005 (FF-output pair 183/223 discarded at 98.99%). This is a parameterization-preserving compression of the depth-shared feed-forward output map: union flattened coordinates 177 and 253, values -0.0142365936 and -0.0138404192 (difference 3.962e-04), using a weighted mean and integer reconstruction. Hypothesis: residual-stream reconstruction contains near-duplicate scalars distinct from FF-input redundancy, preserving qualification at 1,561 parameters. It is more informative than the next FF-output union (difference 4.080e-04) because it is the minimum-distortion isolated test of the complementary FF map. Official acceptance and rollback are unchanged.	0	0
attempt-0170	ff-output-continuation-after-cap	micro-0006	60cbee311ec903751da7f7abb345cba9219f0c1f	0078bf9b56f17d49757366ec011e49dacb6c3f30	2026-08-17T10:52:31.528984+00:00	parameter tying	99.080000%	1560	keep	Union closest shared FF-output scalar groups 203 and 77	Family: parameter tying. Current retained frontier is 1,561 parameters at 99.060000%, a +0.060000 percentage-point margin over 99%. There have been 67 prior macro-attempts in this family and 578 prior micro-trials. The most recent accepted result is attempt-0169/micro-0020 at 1,566 parameters and 99.02%; the most recent failed result is attempt-0168/micro-0005 (FF-output pair 183/223 discarded at 98.99%). This is a parameterization-preserving compression of the depth-shared feed-forward output map: union flattened coordinates 203 and 77, values -0.0091455076 and -0.0087374859 (difference 4.080e-04), using a weighted mean and integer reconstruction. Hypothesis: residual-stream reconstruction contains near-duplicate scalars distinct from FF-input redundancy, preserving qualification at 1,560 parameters. It is more informative than the next FF-output union (difference 4.186e-04) because it is the minimum-distortion isolated test of the complementary FF map. Official acceptance and rollback are unchanged.	0	0
attempt-0170	ff-output-continuation-after-cap	micro-0007	6c4bab76c00397a1855ccc3a021925c450504e21	60cbee311ec903751da7f7abb345cba9219f0c1f	2026-08-17T10:53:47.103754+00:00	parameter tying	99.050000%	1559	keep	Union closest shared FF-output scalar groups 179 and 167	Family: parameter tying. Current retained frontier is 1,560 parameters at 99.080000%, a +0.080000 percentage-point margin over 99%. There have been 67 prior macro-attempts in this family and 579 prior micro-trials. The most recent accepted result is attempt-0169/micro-0020 at 1,566 parameters and 99.02%; the most recent failed result is attempt-0168/micro-0005 (FF-output pair 183/223 discarded at 98.99%). This is a parameterization-preserving compression of the depth-shared feed-forward output map: union flattened coordinates 179 and 167, values 0.0593767352 and 0.0597953834 (difference 4.186e-04), using a weighted mean and integer reconstruction. Hypothesis: residual-stream reconstruction contains near-duplicate scalars distinct from FF-input redundancy, preserving qualification at 1,559 parameters. It is more informative than the next FF-output union (difference 4.230e-04) because it is the minimum-distortion isolated test of the complementary FF map. Official acceptance and rollback are unchanged.	0	0
attempt-0170	ff-output-continuation-after-cap	micro-0008	12785fff3c67bd68462461fc930544b17fd4d012	6c4bab76c00397a1855ccc3a021925c450504e21	2026-08-17T10:55:06.299715+00:00	parameter tying	99.070000%	1558	keep	Union closest shared FF-output scalar groups 222 and 7	Family: parameter tying. Current retained frontier is 1,559 parameters at 99.050000%, a +0.050000 percentage-point margin over 99%. There have been 67 prior macro-attempts in this family and 580 prior micro-trials. The most recent accepted result is attempt-0169/micro-0020 at 1,566 parameters and 99.02%; the most recent failed result is attempt-0168/micro-0005 (FF-output pair 183/223 discarded at 98.99%). This is a parameterization-preserving compression of the depth-shared feed-forward output map: union flattened coordinates 222 and 7, values -0.0040685120 and -0.0036455002 (difference 4.230e-04), using a weighted mean and integer reconstruction. Hypothesis: residual-stream reconstruction contains near-duplicate scalars distinct from FF-input redundancy, preserving qualification at 1,558 parameters. It is more informative than the next FF-output union (difference 4.330e-04) because it is the minimum-distortion isolated test of the complementary FF map. Official acceptance and rollback are unchanged.	0	0
attempt-0170	ff-output-continuation-after-cap	micro-0009	51d7c44f1c2302a61837eec5597133a3fb4e4b98	12785fff3c67bd68462461fc930544b17fd4d012	2026-08-17T10:56:29.297522+00:00	parameter tying	99.050000%	1557	keep	Union closest shared FF-output scalar groups 28 and 66	Family: parameter tying. Current retained frontier is 1,558 parameters at 99.070000%, a +0.070000 percentage-point margin over 99%. There have been 67 prior macro-attempts in this family and 581 prior micro-trials. The most recent accepted result is attempt-0169/micro-0020 at 1,566 parameters and 99.02%; the most recent failed result is attempt-0168/micro-0005 (FF-output pair 183/223 discarded at 98.99%). This is a parameterization-preserving compression of the depth-shared feed-forward output map: union flattened coordinates 28 and 66, values -0.0179589801 and -0.0175259449 (difference 4.330e-04), using a weighted mean and integer reconstruction. Hypothesis: residual-stream reconstruction contains near-duplicate scalars distinct from FF-input redundancy, preserving qualification at 1,557 parameters. It is more informative than the next FF-output union (difference 4.445e-04) because it is the minimum-distortion isolated test of the complementary FF map. Official acceptance and rollback are unchanged.	0	0
attempt-0170	ff-output-continuation-after-cap	micro-0010	2e2c85c24b9dde446f8769cf1b083749caf76edb	51d7c44f1c2302a61837eec5597133a3fb4e4b98	2026-08-17T10:57:40.965034+00:00	parameter tying	99.050000%	1556	keep	Union closest shared FF-output scalar groups 134 and 131	Family: parameter tying. Current retained frontier is 1,557 parameters at 99.050000%, a +0.050000 percentage-point margin over 99%. There have been 67 prior macro-attempts in this family and 582 prior micro-trials. The most recent accepted result is attempt-0169/micro-0020 at 1,566 parameters and 99.02%; the most recent failed result is attempt-0168/micro-0005 (FF-output pair 183/223 discarded at 98.99%). This is a parameterization-preserving compression of the depth-shared feed-forward output map: union flattened coordinates 134 and 131, values 0.0360826738 and 0.0365271308 (difference 4.445e-04), using a weighted mean and integer reconstruction. Hypothesis: residual-stream reconstruction contains near-duplicate scalars distinct from FF-input redundancy, preserving qualification at 1,556 parameters. It is more informative than the next FF-output union (difference 4.822e-04) because it is the minimum-distortion isolated test of the complementary FF map. Official acceptance and rollback are unchanged.	0	0
attempt-0170	ff-output-continuation-after-cap	micro-0011	25d46b71b9469c995267517e0771db5a1398c8c8	2e2c85c24b9dde446f8769cf1b083749caf76edb	2026-08-17T10:58:55.514241+00:00	parameter tying	99.020000%	1555	keep	Union closest shared FF-output scalar groups 25 and 128	Family: parameter tying. Current retained frontier is 1,556 parameters at 99.050000%, a +0.050000 percentage-point margin over 99%. There have been 67 prior macro-attempts in this family and 583 prior micro-trials. The most recent accepted result is attempt-0169/micro-0020 at 1,566 parameters and 99.02%; the most recent failed result is attempt-0168/micro-0005 (FF-output pair 183/223 discarded at 98.99%). This is a parameterization-preserving compression of the depth-shared feed-forward output map: union flattened coordinates 25 and 128, values 0.1410306841 and 0.1415129155 (difference 4.822e-04), using a weighted mean and integer reconstruction. Hypothesis: residual-stream reconstruction contains near-duplicate scalars distinct from FF-input redundancy, preserving qualification at 1,555 parameters. It is more informative than the next FF-output union (difference 4.827e-04) because it is the minimum-distortion isolated test of the complementary FF map. Official acceptance and rollback are unchanged.	0	0
attempt-0170	ff-output-continuation-after-cap	micro-0012	e1fe882e9d248456f9b9a05876f82814eb057abd	25d46b71b9469c995267517e0771db5a1398c8c8	2026-08-17T11:00:09.566206+00:00	parameter tying	99.060000%	1554	keep	Union closest shared FF-output scalar groups 192 and 96	Family: parameter tying. Current retained frontier is 1,555 parameters at 99.020000%, a +0.020000 percentage-point margin over 99%. There have been 67 prior macro-attempts in this family and 584 prior micro-trials. The most recent accepted result is attempt-0169/micro-0020 at 1,566 parameters and 99.02%; the most recent failed result is attempt-0168/micro-0005 (FF-output pair 183/223 discarded at 98.99%). This is a parameterization-preserving compression of the depth-shared feed-forward output map: union flattened coordinates 192 and 96, values 0.0324879065 and 0.0329705589 (difference 4.827e-04), using a weighted mean and integer reconstruction. Hypothesis: residual-stream reconstruction contains near-duplicate scalars distinct from FF-input redundancy, preserving qualification at 1,554 parameters. It is more informative than the next FF-output union (difference 4.923e-04) because it is the minimum-distortion isolated test of the complementary FF map. Official acceptance and rollback are unchanged.	0	0
attempt-0170	ff-output-continuation-after-cap	micro-0013	a246f308a837beab3a3a46fe9f2c76e081d8d8c8	e1fe882e9d248456f9b9a05876f82814eb057abd	2026-08-17T11:01:22.128888+00:00	parameter tying	99.030000%	1553	keep	Union closest shared FF-output scalar groups 162 and 12	Family: parameter tying. Current retained frontier is 1,554 parameters at 99.060000%, a +0.060000 percentage-point margin over 99%. There have been 67 prior macro-attempts in this family and 585 prior micro-trials. The most recent accepted result is attempt-0169/micro-0020 at 1,566 parameters and 99.02%; the most recent failed result is attempt-0168/micro-0005 (FF-output pair 183/223 discarded at 98.99%). This is a parameterization-preserving compression of the depth-shared feed-forward output map: union flattened coordinates 162 and 12, values 0.0793660805 and 0.0798583329 (difference 4.923e-04), using a weighted mean and integer reconstruction. Hypothesis: residual-stream reconstruction contains near-duplicate scalars distinct from FF-input redundancy, preserving qualification at 1,553 parameters. It is more informative than the next FF-output union (difference 4.960e-04) because it is the minimum-distortion isolated test of the complementary FF map. Official acceptance and rollback are unchanged.	0	0
attempt-0170	ff-output-continuation-after-cap	micro-0014	ae5fb49ae4d2ed0cd73cfd14d49c3f14c583446d	a246f308a837beab3a3a46fe9f2c76e081d8d8c8	2026-08-17T11:02:32.951790+00:00	parameter tying	99.010000%	1552	keep	Union closest shared FF-output scalar groups 16 and 20	Family: parameter tying. Current retained frontier is 1,553 parameters at 99.030000%, a +0.030000 percentage-point margin over 99%. There have been 67 prior macro-attempts in this family and 586 prior micro-trials. The most recent accepted result is attempt-0169/micro-0020 at 1,566 parameters and 99.02%; the most recent failed result is attempt-0168/micro-0005 (FF-output pair 183/223 discarded at 98.99%). This is a parameterization-preserving compression of the depth-shared feed-forward output map: union flattened coordinates 16 and 20, values 0.0383602604 and 0.0388562679 (difference 4.960e-04), using a weighted mean and integer reconstruction. Hypothesis: residual-stream reconstruction contains near-duplicate scalars distinct from FF-input redundancy, preserving qualification at 1,552 parameters. It is more informative than the next FF-output union (difference 5.043e-04) because it is the minimum-distortion isolated test of the complementary FF map. Official acceptance and rollback are unchanged.	0	0
attempt-0170	ff-output-continuation-after-cap	micro-0015	c9bc8f63257e6543c2d883bea64058d933e64eca	ae5fb49ae4d2ed0cd73cfd14d49c3f14c583446d	2026-08-17T11:03:45.503703+00:00	parameter tying	98.950000%	1551	discard	Union closest shared FF-output scalar groups 10 and 223	Family: parameter tying. Current retained frontier is 1,552 parameters at 99.010000%, a +0.010000 percentage-point margin over 99%. There have been 67 prior macro-attempts in this family and 587 prior micro-trials. The most recent accepted result is attempt-0169/micro-0020 at 1,566 parameters and 99.02%; the most recent failed result is attempt-0168/micro-0005 (FF-output pair 183/223 discarded at 98.99%). This is a parameterization-preserving compression of the depth-shared feed-forward output map: union flattened coordinates 10 and 223, values 0.0252254847 and 0.0257297587 (difference 5.043e-04), using a weighted mean and integer reconstruction. Hypothesis: residual-stream reconstruction contains near-duplicate scalars distinct from FF-input redundancy, preserving qualification at 1,551 parameters. It is more informative than the next FF-output union (difference 5.083e-04) because it is the minimum-distortion isolated test of the complementary FF map. Official acceptance and rollback are unchanged.	0	0
attempt-0171	ff-output-skip-five-sensitive-pairs	micro-0001	7455d6b4badd186be56300e45c74d7201afdc919	ae5fb49ae4d2ed0cd73cfd14d49c3f14c583446d	2026-08-17T11:05:47.564110+00:00	parameter tying	99.020000%	1551	keep	Union closest shared FF-output scalar groups 6 and 151	Family: parameter tying. Current retained frontier is 1,552 parameters at 99.010000%, a +0.010000 percentage-point margin over 99%. There have been 68 prior macro-attempts in this family and 588 prior micro-trials. The most recent accepted result is attempt-0170/micro-0014 at 1,552 parameters and 99.01%; the most recent failed result is attempt-0170/micro-0015 (FF-output pair 10/223 discarded at 98.95%). This is a parameterization-preserving compression of the depth-shared feed-forward output map: union flattened coordinates 6 and 151, values 0.0022512816 and 0.0027595749 (difference 5.083e-04), using a weighted mean and integer reconstruction. Hypothesis: residual-stream reconstruction contains near-duplicate scalars distinct from FF-input redundancy, preserving qualification at 1,551 parameters. It is more informative than the next FF-output union (difference 5.208e-04) because it is the minimum-distortion isolated test of the complementary FF map. Official acceptance and rollback are unchanged.	0	0
attempt-0171	ff-output-skip-five-sensitive-pairs	micro-0002	c6faf008fa76f4a82b436b4666864f49973a9913	7455d6b4badd186be56300e45c74d7201afdc919	2026-08-17T11:07:10.130702+00:00	parameter tying	99.050000%	1550	keep	Union closest shared FF-output scalar groups 89 and 127	Family: parameter tying. Current retained frontier is 1,551 parameters at 99.020000%, a +0.020000 percentage-point margin over 99%. There have been 68 prior macro-attempts in this family and 589 prior micro-trials. The most recent accepted result is attempt-0170/micro-0014 at 1,552 parameters and 99.01%; the most recent failed result is attempt-0170/micro-0015 (FF-output pair 10/223 discarded at 98.95%). This is a parameterization-preserving compression of the depth-shared feed-forward output map: union flattened coordinates 89 and 127, values 0.0070689167 and 0.0075896727 (difference 5.208e-04), using a weighted mean and integer reconstruction. Hypothesis: residual-stream reconstruction contains near-duplicate scalars distinct from FF-input redundancy, preserving qualification at 1,550 parameters. It is more informative than the next FF-output union (difference 5.252e-04) because it is the minimum-distortion isolated test of the complementary FF map. Official acceptance and rollback are unchanged.	0	0
attempt-0171	ff-output-skip-five-sensitive-pairs	micro-0003	0a77d84e80091f9c6876061d2303d190e65183ba	c6faf008fa76f4a82b436b4666864f49973a9913	2026-08-17T11:08:22.236482+00:00	parameter tying	99.060000%	1549	keep	Union closest shared FF-output scalar groups 132 and 46	Family: parameter tying. Current retained frontier is 1,550 parameters at 99.050000%, a +0.050000 percentage-point margin over 99%. There have been 68 prior macro-attempts in this family and 590 prior micro-trials. The most recent accepted result is attempt-0170/micro-0014 at 1,552 parameters and 99.01%; the most recent failed result is attempt-0170/micro-0015 (FF-output pair 10/223 discarded at 98.95%). This is a parameterization-preserving compression of the depth-shared feed-forward output map: union flattened coordinates 132 and 46, values 0.0701191798 and 0.0706444234 (difference 5.252e-04), using a weighted mean and integer reconstruction. Hypothesis: residual-stream reconstruction contains near-duplicate scalars distinct from FF-input redundancy, preserving qualification at 1,549 parameters. It is more informative than the next FF-output union (difference 5.266e-04) because it is the minimum-distortion isolated test of the complementary FF map. Official acceptance and rollback are unchanged.	0	0
attempt-0171	ff-output-skip-five-sensitive-pairs	micro-0004	d4d8c846d39b07a6823d812aac24550003c2ed8e	0a77d84e80091f9c6876061d2303d190e65183ba	2026-08-17T11:09:38.355356+00:00	parameter tying	99.100000%	1548	keep	Union closest shared FF-output scalar groups 245 and 5	Family: parameter tying. Current retained frontier is 1,549 parameters at 99.060000%, a +0.060000 percentage-point margin over 99%. There have been 68 prior macro-attempts in this family and 591 prior micro-trials. The most recent accepted result is attempt-0170/micro-0014 at 1,552 parameters and 99.01%; the most recent failed result is attempt-0170/micro-0015 (FF-output pair 10/223 discarded at 98.95%). This is a parameterization-preserving compression of the depth-shared feed-forward output map: union flattened coordinates 245 and 5, values -0.0484234169 and -0.0478968397 (difference 5.266e-04), using a weighted mean and integer reconstruction. Hypothesis: residual-stream reconstruction contains near-duplicate scalars distinct from FF-input redundancy, preserving qualification at 1,548 parameters. It is more informative than the next FF-output union (difference 5.272e-04) because it is the minimum-distortion isolated test of the complementary FF map. Official acceptance and rollback are unchanged.	0	0
attempt-0171	ff-output-skip-five-sensitive-pairs	micro-0005	dbc851b57858a2a595a3d8443dfef1a4d2dfc97c	d4d8c846d39b07a6823d812aac24550003c2ed8e	2026-08-17T11:10:54.234479+00:00	parameter tying	99.100000%	1547	keep	Union closest shared FF-output scalar groups 15 and 226	Family: parameter tying. Current retained frontier is 1,548 parameters at 99.100000%, a +0.100000 percentage-point margin over 99%. There have been 68 prior macro-attempts in this family and 592 prior micro-trials. The most recent accepted result is attempt-0170/micro-0014 at 1,552 parameters and 99.01%; the most recent failed result is attempt-0170/micro-0015 (FF-output pair 10/223 discarded at 98.95%). This is a parameterization-preserving compression of the depth-shared feed-forward output map: union flattened coordinates 15 and 226, values -0.0231623966 and -0.0226352066 (difference 5.272e-04), using a weighted mean and integer reconstruction. Hypothesis: residual-stream reconstruction contains near-duplicate scalars distinct from FF-input redundancy, preserving qualification at 1,547 parameters. It is more informative than the next FF-output union (difference 5.359e-04) because it is the minimum-distortion isolated test of the complementary FF map. Official acceptance and rollback are unchanged.	0	0
attempt-0171	ff-output-skip-five-sensitive-pairs	micro-0006	01debe3b54b1f4cf1c133a5ffd26ef27dd2613fe	dbc851b57858a2a595a3d8443dfef1a4d2dfc97c	2026-08-17T11:12:08.278612+00:00	parameter tying	99.100000%	1546	keep	Union closest shared FF-output scalar groups 86 and 254	Family: parameter tying. Current retained frontier is 1,547 parameters at 99.100000%, a +0.100000 percentage-point margin over 99%. There have been 68 prior macro-attempts in this family and 593 prior micro-trials. The most recent accepted result is attempt-0170/micro-0014 at 1,552 parameters and 99.01%; the most recent failed result is attempt-0170/micro-0015 (FF-output pair 10/223 discarded at 98.95%). This is a parameterization-preserving compression of the depth-shared feed-forward output map: union flattened coordinates 86 and 254, values -0.0456015058 and -0.0450655892 (difference 5.359e-04), using a weighted mean and integer reconstruction. Hypothesis: residual-stream reconstruction contains near-duplicate scalars distinct from FF-input redundancy, preserving qualification at 1,546 parameters. It is more informative than the next FF-output union (difference 5.402e-04) because it is the minimum-distortion isolated test of the complementary FF map. Official acceptance and rollback are unchanged.	0	0
attempt-0171	ff-output-skip-five-sensitive-pairs	micro-0007	786c7f97da68d3c95992e26aba73bda71e989c71	01debe3b54b1f4cf1c133a5ffd26ef27dd2613fe	2026-08-17T11:13:22.493580+00:00	parameter tying	99.090000%	1545	keep	Union closest shared FF-output scalar groups 18 and 44	Family: parameter tying. Current retained frontier is 1,546 parameters at 99.100000%, a +0.100000 percentage-point margin over 99%. There have been 68 prior macro-attempts in this family and 594 prior micro-trials. The most recent accepted result is attempt-0170/micro-0014 at 1,552 parameters and 99.01%; the most recent failed result is attempt-0170/micro-0015 (FF-output pair 10/223 discarded at 98.95%). This is a parameterization-preserving compression of the depth-shared feed-forward output map: union flattened coordinates 18 and 44, values 0.0200012829 and 0.0205414537 (difference 5.402e-04), using a weighted mean and integer reconstruction. Hypothesis: residual-stream reconstruction contains near-duplicate scalars distinct from FF-input redundancy, preserving qualification at 1,545 parameters. It is more informative than the next FF-output union (difference 5.502e-04) because it is the minimum-distortion isolated test of the complementary FF map. Official acceptance and rollback are unchanged.	0	0
attempt-0171	ff-output-skip-five-sensitive-pairs	micro-0008	ba00a57b259bec08c9d498707f08298f514535d7	786c7f97da68d3c95992e26aba73bda71e989c71	2026-08-17T11:14:36.439681+00:00	parameter tying	99.050000%	1544	keep	Union closest shared FF-output scalar groups 94 and 161	Family: parameter tying. Current retained frontier is 1,545 parameters at 99.090000%, a +0.090000 percentage-point margin over 99%. There have been 68 prior macro-attempts in this family and 595 prior micro-trials. The most recent accepted result is attempt-0170/micro-0014 at 1,552 parameters and 99.01%; the most recent failed result is attempt-0170/micro-0015 (FF-output pair 10/223 discarded at 98.95%). This is a parameterization-preserving compression of the depth-shared feed-forward output map: union flattened coordinates 94 and 161, values 0.0466198213 and 0.0471700504 (difference 5.502e-04), using a weighted mean and integer reconstruction. Hypothesis: residual-stream reconstruction contains near-duplicate scalars distinct from FF-input redundancy, preserving qualification at 1,544 parameters. It is more informative than the next FF-output union (difference 5.554e-04) because it is the minimum-distortion isolated test of the complementary FF map. Official acceptance and rollback are unchanged.	0	0
attempt-0171	ff-output-skip-five-sensitive-pairs	micro-0009	00c221e8571c06df4d3a5676c46b88a6fef9afdf	ba00a57b259bec08c9d498707f08298f514535d7	2026-08-17T11:15:56.245228+00:00	parameter tying	99.070000%	1543	keep	Union closest shared FF-output scalar groups 243 and 196	Family: parameter tying. Current retained frontier is 1,544 parameters at 99.050000%, a +0.050000 percentage-point margin over 99%. There have been 68 prior macro-attempts in this family and 596 prior micro-trials. The most recent accepted result is attempt-0170/micro-0014 at 1,552 parameters and 99.01%; the most recent failed result is attempt-0170/micro-0015 (FF-output pair 10/223 discarded at 98.95%). This is a parameterization-preserving compression of the depth-shared feed-forward output map: union flattened coordinates 243 and 196, values -0.0009831287 and -0.0004276995 (difference 5.554e-04), using a weighted mean and integer reconstruction. Hypothesis: residual-stream reconstruction contains near-duplicate scalars distinct from FF-input redundancy, preserving qualification at 1,543 parameters. It is more informative than the next FF-output union (difference 5.566e-04) because it is the minimum-distortion isolated test of the complementary FF map. Official acceptance and rollback are unchanged.	0	0
attempt-0171	ff-output-skip-five-sensitive-pairs	micro-0010	e3a5214729089dd62806d64208bcb1f720e41079	00c221e8571c06df4d3a5676c46b88a6fef9afdf	2026-08-17T11:17:25.684475+00:00	parameter tying	99.110000%	1542	keep	Union closest shared FF-output scalar groups 55 and 242	Family: parameter tying. Current retained frontier is 1,543 parameters at 99.070000%, a +0.070000 percentage-point margin over 99%. There have been 68 prior macro-attempts in this family and 597 prior micro-trials. The most recent accepted result is attempt-0170/micro-0014 at 1,552 parameters and 99.01%; the most recent failed result is attempt-0170/micro-0015 (FF-output pair 10/223 discarded at 98.95%). This is a parameterization-preserving compression of the depth-shared feed-forward output map: union flattened coordinates 55 and 242, values 0.0049494812 and 0.0055060694 (difference 5.566e-04), using a weighted mean and integer reconstruction. Hypothesis: residual-stream reconstruction contains near-duplicate scalars distinct from FF-input redundancy, preserving qualification at 1,542 parameters. It is more informative than the next FF-output union (difference 5.612e-04) because it is the minimum-distortion isolated test of the complementary FF map. Official acceptance and rollback are unchanged.	0	0
attempt-0171	ff-output-skip-five-sensitive-pairs	micro-0011	0a00e93c3b380ac8d38b1770a4c393e6c7d3f093	e3a5214729089dd62806d64208bcb1f720e41079	2026-08-17T11:18:38.832239+00:00	parameter tying	99.030000%	1541	keep	Union closest shared FF-output scalar groups 252 and 65	Family: parameter tying. Current retained frontier is 1,542 parameters at 99.110000%, a +0.110000 percentage-point margin over 99%. There have been 68 prior macro-attempts in this family and 598 prior micro-trials. The most recent accepted result is attempt-0170/micro-0014 at 1,552 parameters and 99.01%; the most recent failed result is attempt-0170/micro-0015 (FF-output pair 10/223 discarded at 98.95%). This is a parameterization-preserving compression of the depth-shared feed-forward output map: union flattened coordinates 252 and 65, values 0.0119936159 and 0.0125547815 (difference 5.612e-04), using a weighted mean and integer reconstruction. Hypothesis: residual-stream reconstruction contains near-duplicate scalars distinct from FF-input redundancy, preserving qualification at 1,541 parameters. It is more informative than the next FF-output union (difference 5.823e-04) because it is the minimum-distortion isolated test of the complementary FF map. Official acceptance and rollback are unchanged.	0	0
attempt-0171	ff-output-skip-five-sensitive-pairs	micro-0012	2b3ee03870671d541c7c99f7f7ce0851420f6080	0a00e93c3b380ac8d38b1770a4c393e6c7d3f093	2026-08-17T11:19:51.171624+00:00	parameter tying	99.020000%	1540	keep	Union closest shared FF-output scalar groups 198 and 184	Family: parameter tying. Current retained frontier is 1,541 parameters at 99.030000%, a +0.030000 percentage-point margin over 99%. There have been 68 prior macro-attempts in this family and 599 prior micro-trials. The most recent accepted result is attempt-0170/micro-0014 at 1,552 parameters and 99.01%; the most recent failed result is attempt-0170/micro-0015 (FF-output pair 10/223 discarded at 98.95%). This is a parameterization-preserving compression of the depth-shared feed-forward output map: union flattened coordinates 198 and 184, values -0.0313365795 and -0.0307543278 (difference 5.823e-04), using a weighted mean and integer reconstruction. Hypothesis: residual-stream reconstruction contains near-duplicate scalars distinct from FF-input redundancy, preserving qualification at 1,540 parameters. It is more informative than the next FF-output union (difference 5.840e-04) because it is the minimum-distortion isolated test of the complementary FF map. Official acceptance and rollback are unchanged.	0	0
attempt-0171	ff-output-skip-five-sensitive-pairs	micro-0013	9e34e61a4cf0e5dcc8070141848499d4d08e2a20	2b3ee03870671d541c7c99f7f7ce0851420f6080	2026-08-17T11:21:04.903781+00:00	parameter tying	98.980000%	1539	discard	Union closest shared FF-output scalar groups 236 and 180	Family: parameter tying. Current retained frontier is 1,540 parameters at 99.020000%, a +0.020000 percentage-point margin over 99%. There have been 68 prior macro-attempts in this family and 600 prior micro-trials. The most recent accepted result is attempt-0170/micro-0014 at 1,552 parameters and 99.01%; the most recent failed result is attempt-0170/micro-0015 (FF-output pair 10/223 discarded at 98.95%). This is a parameterization-preserving compression of the depth-shared feed-forward output map: union flattened coordinates 236 and 180, values -0.0284643732 and -0.0278803911 (difference 5.840e-04), using a weighted mean and integer reconstruction. Hypothesis: residual-stream reconstruction contains near-duplicate scalars distinct from FF-input redundancy, preserving qualification at 1,539 parameters. It is more informative than the next FF-output union (difference 6.133e-04) because it is the minimum-distortion isolated test of the complementary FF map. Official acceptance and rollback are unchanged.	0	0
attempt-0172	ff-output-skip-six-sensitive-pairs	micro-0001	cf209440fbaa3288122b46bfb532e6bfcfe772d0	2b3ee03870671d541c7c99f7f7ce0851420f6080	2026-08-17T11:22:56.602004+00:00	parameter tying	99.050000%	1539	keep	Union closest shared FF-output scalar groups 188 and 241	Family: parameter tying. Current retained frontier is 1,540 parameters at 99.020000%, a +0.020000 percentage-point margin over 99%. There have been 69 prior macro-attempts in this family and 601 prior micro-trials. The most recent accepted result is attempt-0171/micro-0012 at 1,540 parameters and 99.02%; the most recent failed result is attempt-0171/micro-0013 (FF-output pair 236/180 discarded at 98.98%). This is a parameterization-preserving compression of the depth-shared feed-forward output map: union flattened coordinates 188 and 241, values -0.0193210728 and -0.0187077783 (difference 6.133e-04), using a weighted mean and integer reconstruction. Hypothesis: residual-stream reconstruction contains near-duplicate scalars distinct from FF-input redundancy, preserving qualification at 1,539 parameters. It is more informative than the next FF-output union (difference 6.396e-04) because it is the minimum-distortion isolated test of the complementary FF map. Official acceptance and rollback are unchanged.	0	0
attempt-0172	ff-output-skip-six-sensitive-pairs	micro-0002	ab957405282ccbfc8980ed8534c0fa553cc09119	cf209440fbaa3288122b46bfb532e6bfcfe772d0	2026-08-17T11:24:10.560170+00:00	parameter tying	99.010000%	1538	keep	Union closest shared FF-output scalar groups 103 and 68	Family: parameter tying. Current retained frontier is 1,539 parameters at 99.050000%, a +0.050000 percentage-point margin over 99%. There have been 69 prior macro-attempts in this family and 602 prior micro-trials. The most recent accepted result is attempt-0171/micro-0012 at 1,540 parameters and 99.02%; the most recent failed result is attempt-0171/micro-0013 (FF-output pair 236/180 discarded at 98.98%). This is a parameterization-preserving compression of the depth-shared feed-forward output map: union flattened coordinates 103 and 68, values 0.0409245677 and 0.0415641554 (difference 6.396e-04), using a weighted mean and integer reconstruction. Hypothesis: residual-stream reconstruction contains near-duplicate scalars distinct from FF-input redundancy, preserving qualification at 1,538 parameters. It is more informative than the next FF-output union (difference 6.786e-04) because it is the minimum-distortion isolated test of the complementary FF map. Official acceptance and rollback are unchanged.	0	0
attempt-0172	ff-output-skip-six-sensitive-pairs	micro-0003	374a408b42e65dd183611b1554b1001e826c8fb7	ab957405282ccbfc8980ed8534c0fa553cc09119	2026-08-17T11:25:23.447545+00:00	parameter tying	99.110000%	1537	keep	Union closest shared FF-output scalar groups 79 and 74	Family: parameter tying. Current retained frontier is 1,538 parameters at 99.010000%, a +0.010000 percentage-point margin over 99%. There have been 69 prior macro-attempts in this family and 603 prior micro-trials. The most recent accepted result is attempt-0171/micro-0012 at 1,540 parameters and 99.02%; the most recent failed result is attempt-0171/micro-0013 (FF-output pair 236/180 discarded at 98.98%). This is a parameterization-preserving compression of the depth-shared feed-forward output map: union flattened coordinates 79 and 74, values -0.0107179824 and -0.0100394171 (difference 6.786e-04), using a weighted mean and integer reconstruction. Hypothesis: residual-stream reconstruction contains near-duplicate scalars distinct from FF-input redundancy, preserving qualification at 1,537 parameters. It is more informative than the next FF-output union (difference 6.991e-04) because it is the minimum-distortion isolated test of the complementary FF map. Official acceptance and rollback are unchanged.	0	0
attempt-0172	ff-output-skip-six-sensitive-pairs	micro-0004	ac4fe2c0908be559a95ca907fa306a304dc5d83f	374a408b42e65dd183611b1554b1001e826c8fb7	2026-08-17T11:26:36.273040+00:00	parameter tying	99.150000%	1536	keep	Union closest shared FF-output scalar groups 77 and 56	Family: parameter tying. Current retained frontier is 1,537 parameters at 99.110000%, a +0.110000 percentage-point margin over 99%. There have been 69 prior macro-attempts in this family and 604 prior micro-trials. The most recent accepted result is attempt-0171/micro-0012 at 1,540 parameters and 99.02%; the most recent failed result is attempt-0171/micro-0013 (FF-output pair 236/180 discarded at 98.98%). This is a parameterization-preserving compression of the depth-shared feed-forward output map: union flattened coordinates 77 and 56, values -0.0088734934 and -0.0081743719 (difference 6.991e-04), using a weighted mean and integer reconstruction. Hypothesis: residual-stream reconstruction contains near-duplicate scalars distinct from FF-input redundancy, preserving qualification at 1,536 parameters. It is more informative than the next FF-output union (difference 7.038e-04) because it is the minimum-distortion isolated test of the complementary FF map. Official acceptance and rollback are unchanged.	0	0
attempt-0172	ff-output-skip-six-sensitive-pairs	micro-0005	372fa322ba810f6ad1f2d56d045c9b206650ffe9	ac4fe2c0908be559a95ca907fa306a304dc5d83f	2026-08-17T11:28:00.626680+00:00	parameter tying	99.170000%	1535	keep	Union closest shared FF-output scalar groups 224 and 152	Family: parameter tying. Current retained frontier is 1,536 parameters at 99.150000%, a +0.150000 percentage-point margin over 99%. There have been 69 prior macro-attempts in this family and 605 prior micro-trials. The most recent accepted result is attempt-0171/micro-0012 at 1,540 parameters and 99.02%; the most recent failed result is attempt-0171/micro-0013 (FF-output pair 236/180 discarded at 98.98%). This is a parameterization-preserving compression of the depth-shared feed-forward output map: union flattened coordinates 224 and 152, values 0.0909895152 and 0.0916932821 (difference 7.038e-04), using a weighted mean and integer reconstruction. Hypothesis: residual-stream reconstruction contains near-duplicate scalars distinct from FF-input redundancy, preserving qualification at 1,535 parameters. It is more informative than the next FF-output union (difference 7.163e-04) because it is the minimum-distortion isolated test of the complementary FF map. Official acceptance and rollback are unchanged.	0	0
attempt-0172	ff-output-skip-six-sensitive-pairs	micro-0006	a609561cdc7bcba7c6dc797a4215dd28a2fac078	372fa322ba810f6ad1f2d56d045c9b206650ffe9	2026-08-17T11:29:26.688886+00:00	parameter tying	99.230000%	1534	keep	Union closest shared FF-output scalar groups 75 and 194	Family: parameter tying. Current retained frontier is 1,535 parameters at 99.170000%, a +0.170000 percentage-point margin over 99%. There have been 69 prior macro-attempts in this family and 606 prior micro-trials. The most recent accepted result is attempt-0171/micro-0012 at 1,540 parameters and 99.02%; the most recent failed result is attempt-0171/micro-0013 (FF-output pair 236/180 discarded at 98.98%). This is a parameterization-preserving compression of the depth-shared feed-forward output map: union flattened coordinates 75 and 194, values 0.0512500070 and 0.0519663431 (difference 7.163e-04), using a weighted mean and integer reconstruction. Hypothesis: residual-stream reconstruction contains near-duplicate scalars distinct from FF-input redundancy, preserving qualification at 1,534 parameters. It is more informative than the next FF-output union (difference 7.239e-04) because it is the minimum-distortion isolated test of the complementary FF map. Official acceptance and rollback are unchanged.	0	0
attempt-0172	ff-output-skip-six-sensitive-pairs	micro-0007	7ff4fa6d4d328ba15899e65c9e6995b619881c64	a609561cdc7bcba7c6dc797a4215dd28a2fac078	2026-08-17T11:30:41.919658+00:00	parameter tying	99.280000%	1533	keep	Union closest shared FF-output scalar groups 63 and 244	Family: parameter tying. Current retained frontier is 1,534 parameters at 99.230000%, a +0.230000 percentage-point margin over 99%. There have been 69 prior macro-attempts in this family and 607 prior micro-trials. The most recent accepted result is attempt-0171/micro-0012 at 1,540 parameters and 99.02%; the most recent failed result is attempt-0171/micro-0013 (FF-output pair 236/180 discarded at 98.98%). This is a parameterization-preserving compression of the depth-shared feed-forward output map: union flattened coordinates 63 and 244, values -0.0252842158 and -0.0245602764 (difference 7.239e-04), using a weighted mean and integer reconstruction. Hypothesis: residual-stream reconstruction contains near-duplicate scalars distinct from FF-input redundancy, preserving qualification at 1,533 parameters. It is more informative than the next FF-output union (difference 7.395e-04) because it is the minimum-distortion isolated test of the complementary FF map. Official acceptance and rollback are unchanged.	0	0
attempt-0172	ff-output-skip-six-sensitive-pairs	micro-0008	c55a176f3537bf43c8a912e0aee65d06de32e9b2	7ff4fa6d4d328ba15899e65c9e6995b619881c64	2026-08-17T11:31:49.227232+00:00	parameter tying	99.290000%	1532	keep	Union closest shared FF-output scalar groups 5 and 208	Family: parameter tying. Current retained frontier is 1,533 parameters at 99.280000%, a +0.280000 percentage-point margin over 99%. There have been 69 prior macro-attempts in this family and 608 prior micro-trials. The most recent accepted result is attempt-0171/micro-0012 at 1,540 parameters and 99.02%; the most recent failed result is attempt-0171/micro-0013 (FF-output pair 236/180 discarded at 98.98%). This is a parameterization-preserving compression of the depth-shared feed-forward output map: union flattened coordinates 5 and 208, values -0.0480723679 and -0.0473328978 (difference 7.395e-04), using a weighted mean and integer reconstruction. Hypothesis: residual-stream reconstruction contains near-duplicate scalars distinct from FF-input redundancy, preserving qualification at 1,532 parameters. It is more informative than the next FF-output union (difference 7.481e-04) because it is the minimum-distortion isolated test of the complementary FF map. Official acceptance and rollback are unchanged.	0	0
attempt-0172	ff-output-skip-six-sensitive-pairs	micro-0009	ee33543c838cfb67d35bb2f4e6b558252e980708	c55a176f3537bf43c8a912e0aee65d06de32e9b2	2026-08-17T11:32:59.613324+00:00	parameter tying	99.280000%	1531	keep	Union closest shared FF-output scalar groups 231 and 135	Family: parameter tying. Current retained frontier is 1,532 parameters at 99.290000%, a +0.290000 percentage-point margin over 99%. There have been 69 prior macro-attempts in this family and 609 prior micro-trials. The most recent accepted result is attempt-0171/micro-0012 at 1,540 parameters and 99.02%; the most recent failed result is attempt-0171/micro-0013 (FF-output pair 236/180 discarded at 98.98%). This is a parameterization-preserving compression of the depth-shared feed-forward output map: union flattened coordinates 231 and 135, values -0.0802602321 and -0.0795121267 (difference 7.481e-04), using a weighted mean and integer reconstruction. Hypothesis: residual-stream reconstruction contains near-duplicate scalars distinct from FF-input redundancy, preserving qualification at 1,531 parameters. It is more informative than the next FF-output union (difference 7.659e-04) because it is the minimum-distortion isolated test of the complementary FF map. Official acceptance and rollback are unchanged.	0	0
attempt-0172	ff-output-skip-six-sensitive-pairs	micro-0010	c81e59b250b3e3fd8e7bf227735afeff4ad5dda5	ee33543c838cfb67d35bb2f4e6b558252e980708	2026-08-17T11:34:13.560961+00:00	parameter tying	99.210000%	1530	keep	Union closest shared FF-output scalar groups 137 and 4	Family: parameter tying. Current retained frontier is 1,531 parameters at 99.280000%, a +0.280000 percentage-point margin over 99%. There have been 69 prior macro-attempts in this family and 610 prior micro-trials. The most recent accepted result is attempt-0171/micro-0012 at 1,540 parameters and 99.02%; the most recent failed result is attempt-0171/micro-0013 (FF-output pair 236/180 discarded at 98.98%). This is a parameterization-preserving compression of the depth-shared feed-forward output map: union flattened coordinates 137 and 4, values 0.0653534830 and 0.0661193430 (difference 7.659e-04), using a weighted mean and integer reconstruction. Hypothesis: residual-stream reconstruction contains near-duplicate scalars distinct from FF-input redundancy, preserving qualification at 1,530 parameters. It is more informative than the next FF-output union (difference 7.757e-04) because it is the minimum-distortion isolated test of the complementary FF map. Official acceptance and rollback are unchanged.	0	0
attempt-0172	ff-output-skip-six-sensitive-pairs	micro-0011	97e4192d24e6ec16f7c586b02282553af0821312	c81e59b250b3e3fd8e7bf227735afeff4ad5dda5	2026-08-17T11:35:27.503321+00:00	parameter tying	99.200000%	1529	keep	Union closest shared FF-output scalar groups 121 and 3	Family: parameter tying. Current retained frontier is 1,530 parameters at 99.210000%, a +0.210000 percentage-point margin over 99%. There have been 69 prior macro-attempts in this family and 611 prior micro-trials. The most recent accepted result is attempt-0171/micro-0012 at 1,540 parameters and 99.02%; the most recent failed result is attempt-0171/micro-0013 (FF-output pair 236/180 discarded at 98.98%). This is a parameterization-preserving compression of the depth-shared feed-forward output map: union flattened coordinates 121 and 3, values 0.1164349318 and 0.1172106192 (difference 7.757e-04), using a weighted mean and integer reconstruction. Hypothesis: residual-stream reconstruction contains near-duplicate scalars distinct from FF-input redundancy, preserving qualification at 1,529 parameters. It is more informative than the next FF-output union (difference 8.001e-04) because it is the minimum-distortion isolated test of the complementary FF map. Official acceptance and rollback are unchanged.	0	0
attempt-0172	ff-output-skip-six-sensitive-pairs	micro-0012	c8cfe30ecfb1f99c5ca973091b304822bcae8877	97e4192d24e6ec16f7c586b02282553af0821312	2026-08-17T11:36:42.892460+00:00	parameter tying	99.130000%	1528	keep	Union closest shared FF-output scalar groups 138 and 99	Family: parameter tying. Current retained frontier is 1,529 parameters at 99.200000%, a +0.200000 percentage-point margin over 99%. There have been 69 prior macro-attempts in this family and 612 prior micro-trials. The most recent accepted result is attempt-0171/micro-0012 at 1,540 parameters and 99.02%; the most recent failed result is attempt-0171/micro-0013 (FF-output pair 236/180 discarded at 98.98%). This is a parameterization-preserving compression of the depth-shared feed-forward output map: union flattened coordinates 138 and 99, values -0.1309382766 and -0.1301382184 (difference 8.001e-04), using a weighted mean and integer reconstruction. Hypothesis: residual-stream reconstruction contains near-duplicate scalars distinct from FF-input redundancy, preserving qualification at 1,528 parameters. It is more informative than the next FF-output union (difference 8.186e-04) because it is the minimum-distortion isolated test of the complementary FF map. Official acceptance and rollback are unchanged.	0	0
attempt-0172	ff-output-skip-six-sensitive-pairs	micro-0013	9657151440e17c0925e95aaa655d4ca89b53dd9d	c8cfe30ecfb1f99c5ca973091b304822bcae8877	2026-08-17T11:37:59.194111+00:00	parameter tying	99.100000%	1527	keep	Union closest shared FF-output scalar groups 114 and 236	Family: parameter tying. Current retained frontier is 1,528 parameters at 99.130000%, a +0.130000 percentage-point margin over 99%. There have been 69 prior macro-attempts in this family and 613 prior micro-trials. The most recent accepted result is attempt-0171/micro-0012 at 1,540 parameters and 99.02%; the most recent failed result is attempt-0171/micro-0013 (FF-output pair 236/180 discarded at 98.98%). This is a parameterization-preserving compression of the depth-shared feed-forward output map: union flattened coordinates 114 and 236, values -0.0292829648 and -0.0284643732 (difference 8.186e-04), using a weighted mean and integer reconstruction. Hypothesis: residual-stream reconstruction contains near-duplicate scalars distinct from FF-input redundancy, preserving qualification at 1,527 parameters. It is more informative than the next FF-output union (difference 8.346e-04) because it is the minimum-distortion isolated test of the complementary FF map. Official acceptance and rollback are unchanged.	0	0
attempt-0172	ff-output-skip-six-sensitive-pairs	micro-0014	207c11d5c45f229e16bdae5d540742a9b60a2647	9657151440e17c0925e95aaa655d4ca89b53dd9d	2026-08-17T11:39:13.999246+00:00	parameter tying	99.120000%	1526	keep	Union closest shared FF-output scalar groups 155 and 230	Family: parameter tying. Current retained frontier is 1,527 parameters at 99.100000%, a +0.100000 percentage-point margin over 99%. There have been 69 prior macro-attempts in this family and 614 prior micro-trials. The most recent accepted result is attempt-0171/micro-0012 at 1,540 parameters and 99.02%; the most recent failed result is attempt-0171/micro-0013 (FF-output pair 236/180 discarded at 98.98%). This is a parameterization-preserving compression of the depth-shared feed-forward output map: union flattened coordinates 155 and 230, values 0.1462986618 and 0.1471332610 (difference 8.346e-04), using a weighted mean and integer reconstruction. Hypothesis: residual-stream reconstruction contains near-duplicate scalars distinct from FF-input redundancy, preserving qualification at 1,526 parameters. It is more informative than the next FF-output union (difference 8.393e-04) because it is the minimum-distortion isolated test of the complementary FF map. Official acceptance and rollback are unchanged.	0	0
attempt-0172	ff-output-skip-six-sensitive-pairs	micro-0015	e8cdc138fde22ddb97c65ad429c2765c0a0f8041	207c11d5c45f229e16bdae5d540742a9b60a2647	2026-08-17T11:40:29.190876+00:00	parameter tying	99.110000%	1525	keep	Union closest shared FF-output scalar groups 93 and 182	Family: parameter tying. Current retained frontier is 1,526 parameters at 99.120000%, a +0.120000 percentage-point margin over 99%. There have been 69 prior macro-attempts in this family and 615 prior micro-trials. The most recent accepted result is attempt-0171/micro-0012 at 1,540 parameters and 99.02%; the most recent failed result is attempt-0171/micro-0013 (FF-output pair 236/180 discarded at 98.98%). This is a parameterization-preserving compression of the depth-shared feed-forward output map: union flattened coordinates 93 and 182, values -0.0124363499 and -0.0115970839 (difference 8.393e-04), using a weighted mean and integer reconstruction. Hypothesis: residual-stream reconstruction contains near-duplicate scalars distinct from FF-input redundancy, preserving qualification at 1,525 parameters. It is more informative than the next FF-output union (difference 8.533e-04) because it is the minimum-distortion isolated test of the complementary FF map. Official acceptance and rollback are unchanged.	0	0
attempt-0172	ff-output-skip-six-sensitive-pairs	micro-0016	9652eb32e7a47dfa34e02ae2c27c502f96707d27	e8cdc138fde22ddb97c65ad429c2765c0a0f8041	2026-08-17T11:41:55.163985+00:00	parameter tying	99.080000%	1524	keep	Union closest shared FF-output scalar groups 96 and 118	Family: parameter tying. Current retained frontier is 1,525 parameters at 99.110000%, a +0.110000 percentage-point margin over 99%. There have been 69 prior macro-attempts in this family and 616 prior micro-trials. The most recent accepted result is attempt-0171/micro-0012 at 1,540 parameters and 99.02%; the most recent failed result is attempt-0171/micro-0013 (FF-output pair 236/180 discarded at 98.98%). This is a parameterization-preserving compression of the depth-shared feed-forward output map: union flattened coordinates 96 and 118, values 0.0327292308 and 0.0335825570 (difference 8.533e-04), using a weighted mean and integer reconstruction. Hypothesis: residual-stream reconstruction contains near-duplicate scalars distinct from FF-input redundancy, preserving qualification at 1,524 parameters. It is more informative than the next FF-output union (difference 8.544e-04) because it is the minimum-distortion isolated test of the complementary FF map. Official acceptance and rollback are unchanged.	0	0
attempt-0172	ff-output-skip-six-sensitive-pairs	micro-0017	073450118b55db6903ff3c09ab7012f005be1b88	9652eb32e7a47dfa34e02ae2c27c502f96707d27	2026-08-17T11:43:10.351012+00:00	parameter tying	99.120000%	1523	keep	Union closest shared FF-output scalar groups 71 and 196	Family: parameter tying. Current retained frontier is 1,524 parameters at 99.080000%, a +0.080000 percentage-point margin over 99%. There have been 69 prior macro-attempts in this family and 617 prior micro-trials. The most recent accepted result is attempt-0171/micro-0012 at 1,540 parameters and 99.02%; the most recent failed result is attempt-0171/micro-0013 (FF-output pair 236/180 discarded at 98.98%). This is a parameterization-preserving compression of the depth-shared feed-forward output map: union flattened coordinates 71 and 196, values -0.0015598524 and -0.0007054141 (difference 8.544e-04), using a weighted mean and integer reconstruction. Hypothesis: residual-stream reconstruction contains near-duplicate scalars distinct from FF-input redundancy, preserving qualification at 1,523 parameters. It is more informative than the next FF-output union (difference 8.547e-04) because it is the minimum-distortion isolated test of the complementary FF map. Official acceptance and rollback are unchanged.	0	0
attempt-0172	ff-output-skip-six-sensitive-pairs	micro-0018	c5206fed330d3a0c5d559e205a0941a2eecb5cec	073450118b55db6903ff3c09ab7012f005be1b88	2026-08-17T11:44:23.347494+00:00	parameter tying	99.170000%	1522	keep	Union closest shared FF-output scalar groups 7 and 176	Family: parameter tying. Current retained frontier is 1,523 parameters at 99.120000%, a +0.120000 percentage-point margin over 99%. There have been 69 prior macro-attempts in this family and 618 prior micro-trials. The most recent accepted result is attempt-0171/micro-0012 at 1,540 parameters and 99.02%; the most recent failed result is attempt-0171/micro-0013 (FF-output pair 236/180 discarded at 98.98%). This is a parameterization-preserving compression of the depth-shared feed-forward output map: union flattened coordinates 7 and 176, values -0.0037865043 and -0.0029318077 (difference 8.547e-04), using a weighted mean and integer reconstruction. Hypothesis: residual-stream reconstruction contains near-duplicate scalars distinct from FF-input redundancy, preserving qualification at 1,522 parameters. It is more informative than the next FF-output union (difference 8.665e-04) because it is the minimum-distortion isolated test of the complementary FF map. Official acceptance and rollback are unchanged.	0	0
attempt-0172	ff-output-skip-six-sensitive-pairs	micro-0019	4326ce18f0eb9b9810c8bced0db502060c9a8651	c5206fed330d3a0c5d559e205a0941a2eecb5cec	2026-08-17T11:45:34.018561+00:00	parameter tying	99.150000%	1521	keep	Union closest shared FF-output scalar groups 250 and 10	Family: parameter tying. Current retained frontier is 1,522 parameters at 99.170000%, a +0.170000 percentage-point margin over 99%. There have been 69 prior macro-attempts in this family and 619 prior micro-trials. The most recent accepted result is attempt-0171/micro-0012 at 1,540 parameters and 99.02%; the most recent failed result is attempt-0171/micro-0013 (FF-output pair 236/180 discarded at 98.98%). This is a parameterization-preserving compression of the depth-shared feed-forward output map: union flattened coordinates 250 and 10, values 0.0243590008 and 0.0252254847 (difference 8.665e-04), using a weighted mean and integer reconstruction. Hypothesis: residual-stream reconstruction contains near-duplicate scalars distinct from FF-input redundancy, preserving qualification at 1,521 parameters. It is more informative than the next FF-output union (difference 8.695e-04) because it is the minimum-distortion isolated test of the complementary FF map. Official acceptance and rollback are unchanged.	0	0
attempt-0172	ff-output-skip-six-sensitive-pairs	micro-0020	b771b38e65ae8311a1b237b5497159b3fde5ce4d	4326ce18f0eb9b9810c8bced0db502060c9a8651	2026-08-17T11:46:45.656558+00:00	parameter tying	99.120000%	1520	keep	Union closest shared FF-output scalar groups 150 and 174	Family: parameter tying. Current retained frontier is 1,521 parameters at 99.150000%, a +0.150000 percentage-point margin over 99%. There have been 69 prior macro-attempts in this family and 620 prior micro-trials. The most recent accepted result is attempt-0171/micro-0012 at 1,540 parameters and 99.02%; the most recent failed result is attempt-0171/micro-0013 (FF-output pair 236/180 discarded at 98.98%). This is a parameterization-preserving compression of the depth-shared feed-forward output map: union flattened coordinates 150 and 174, values -0.2010896951 and -0.2002202272 (difference 8.695e-04), using a weighted mean and integer reconstruction. Hypothesis: residual-stream reconstruction contains near-duplicate scalars distinct from FF-input redundancy, preserving qualification at 1,520 parameters. It is more informative than the next FF-output union (difference 8.707e-04) because it is the minimum-distortion isolated test of the complementary FF map. Official acceptance and rollback are unchanged.	0	0
attempt-0173	ff-output-second-cap-continuation	micro-0001	60a984dfee99b606d59805094dbb961e635f5703	b771b38e65ae8311a1b237b5497159b3fde5ce4d	2026-08-17T11:48:36.134139+00:00	parameter tying	99.070000%	1519	keep	Union closest shared FF-output scalar groups 89 and 91	Family: parameter tying. Current retained frontier is 1,520 parameters at 99.120000%, a +0.120000 percentage-point margin over 99%. There have been 70 prior macro-attempts in this family and 621 prior micro-trials. The most recent accepted result is attempt-0172/micro-0020 at 1,520 parameters and 99.12%; the most recent failed result is attempt-0171/micro-0013 (FF-output pair 236/180 discarded at 98.98%). This is a parameterization-preserving compression of the depth-shared feed-forward output map: union flattened coordinates 89 and 91, values 0.0073292945 and 0.0081999823 (difference 8.707e-04), using a weighted mean and integer reconstruction. Hypothesis: residual-stream reconstruction contains near-duplicate scalars distinct from FF-input redundancy, preserving qualification at 1,519 parameters. It is more informative than the next FF-output union (difference 8.829e-04) because it is the minimum-distortion isolated test of the complementary FF map. Official acceptance and rollback are unchanged.	0	0
attempt-0173	ff-output-second-cap-continuation	micro-0002	496e414bb0fce193091d544e161282ead684ff5c	60a984dfee99b606d59805094dbb961e635f5703	2026-08-17T11:49:48.940688+00:00	parameter tying	99.010000%	1518	keep	Union closest shared FF-output scalar groups 101 and 84	Family: parameter tying. Current retained frontier is 1,519 parameters at 99.070000%, a +0.070000 percentage-point margin over 99%. There have been 70 prior macro-attempts in this family and 622 prior micro-trials. The most recent accepted result is attempt-0172/micro-0020 at 1,520 parameters and 99.12%; the most recent failed result is attempt-0171/micro-0013 (FF-output pair 236/180 discarded at 98.98%). This is a parameterization-preserving compression of the depth-shared feed-forward output map: union flattened coordinates 101 and 84, values 0.0158948060 and 0.0167777501 (difference 8.829e-04), using a weighted mean and integer reconstruction. Hypothesis: residual-stream reconstruction contains near-duplicate scalars distinct from FF-input redundancy, preserving qualification at 1,518 parameters. It is more informative than the next FF-output union (difference 8.938e-04) because it is the minimum-distortion isolated test of the complementary FF map. Official acceptance and rollback are unchanged.	0	0
attempt-0173	ff-output-second-cap-continuation	micro-0003	a065e76279e59fca27d0c2d8cc459e656429191d	496e414bb0fce193091d544e161282ead684ff5c	2026-08-17T11:51:01.923923+00:00	parameter tying	98.960000%	1517	discard	Union closest shared FF-output scalar groups 124 and 234	Family: parameter tying. Current retained frontier is 1,518 parameters at 99.010000%, a +0.010000 percentage-point margin over 99%. There have been 70 prior macro-attempts in this family and 623 prior micro-trials. The most recent accepted result is attempt-0172/micro-0020 at 1,520 parameters and 99.12%; the most recent failed result is attempt-0171/micro-0013 (FF-output pair 236/180 discarded at 98.98%). This is a parameterization-preserving compression of the depth-shared feed-forward output map: union flattened coordinates 124 and 234, values -0.0989888832 and -0.0980950817 (difference 8.938e-04), using a weighted mean and integer reconstruction. Hypothesis: residual-stream reconstruction contains near-duplicate scalars distinct from FF-input redundancy, preserving qualification at 1,517 parameters. It is more informative than the next FF-output union (difference 8.981e-04) because it is the minimum-distortion isolated test of the complementary FF map. Official acceptance and rollback are unchanged.	0	0
attempt-0174	ff-output-skip-seven-sensitive-pairs	micro-0001	74d34fc8b440d290a6bcc2b38117bb0d9d89da42	496e414bb0fce193091d544e161282ead684ff5c	2026-08-17T11:52:59.321581+00:00	parameter tying	98.980000%	1517	discard	Union closest shared FF-output scalar groups 109 and 123	Family: parameter tying. Current retained frontier is 1,518 parameters at 99.010000%, a +0.010000 percentage-point margin over 99%. There have been 71 prior macro-attempts in this family and 624 prior micro-trials. The most recent accepted result is attempt-0173/micro-0002 at 1,518 parameters and 99.01%; the most recent failed result is attempt-0173/micro-0003 (FF-output pair 124/234 discarded at 98.96%). This is a parameterization-preserving compression of the depth-shared feed-forward output map: union flattened coordinates 109 and 123, values -0.0785642266 and -0.0776661262 (difference 8.981e-04), using a weighted mean and integer reconstruction. Hypothesis: residual-stream reconstruction contains near-duplicate scalars distinct from FF-input redundancy, preserving qualification at 1,517 parameters. It is more informative than the next FF-output union (difference 9.134e-04) because it is the minimum-distortion isolated test of the complementary FF map. Official acceptance and rollback are unchanged.	0	0
attempt-0175	ff-input-skip-sensitive-pair	micro-0001	010a3779407f92765ac227169fa86acb4b155b8f	496e414bb0fce193091d544e161282ead684ff5c	2026-08-17T11:54:07.067083+00:00	parameter tying			error	Union closest shared FF-input scalar groups 147 and 40	Family: parameter tying. Current retained frontier is 1,518 parameters at 99.010000%, a +0.010000 percentage-point margin over 99%. There have been 72 prior macro-attempts in this family and 625 prior micro-trials. The most recent accepted result is attempt-0173/micro-0002 at 1518 parameters and 99.010000%; the most recent failed result is attempt-0174/micro-0001 (discard, 98.980000%). This is a parameterization-preserving compression of the depth-shared feed-forward input map: union flattened coordinates 147 and 40, values -0.1225903407 and -0.1223917827 (difference 1.986e-04), using a weighted mean and integer reconstruction. Hypothesis: nonlinear feature construction contains near-duplicate scalars independent of QKV redundancy, preserving qualification at 1,517 parameters. It is more informative than the next FF-input union (difference 2.384e-04) because it is the minimum-distortion isolated test at this new mechanism site. Official acceptance and rollback are unchanged.	1	
attempt-0176	repair-ff-input-boundary-selector	micro-0001	f94a28d5b360d12270f61ffb6be22afd9ea2868b	496e414bb0fce193091d544e161282ead684ff5c	2026-08-17T11:56:15.146418+00:00	parameter tying	99.000000%	1517	keep	Union closest shared FF-input scalar groups 147 and 40	Family: parameter tying. Current retained frontier is 1,518 parameters at 99.010000%, a +0.010000 percentage-point margin over 99%. There have been 73 prior macro-attempts in this family and 626 prior micro-trials. The most recent accepted result is attempt-0173/micro-0002 at 1518 parameters and 99.010000%; the most recent failed result is attempt-0175/micro-0001 (error, no score). This is a parameterization-preserving compression of the depth-shared feed-forward input map: union flattened coordinates 147 and 40, values -0.1225903407 and -0.1223917827 (difference 1.986e-04), using a weighted mean and integer reconstruction. Hypothesis: nonlinear feature construction contains near-duplicate scalars independent of QKV redundancy, preserving qualification at 1,517 parameters. It is more informative than the next FF-input union (difference 2.384e-04) because it is the minimum-distortion isolated test at this new mechanism site. Official acceptance and rollback are unchanged.	0	0
attempt-0176	repair-ff-input-boundary-selector	micro-0002	ed4b37ec5d3a63c03fb7bf4403a16eb9005840b9	f94a28d5b360d12270f61ffb6be22afd9ea2868b	2026-08-17T11:57:30.332894+00:00	parameter tying	99.000000%	1516	keep	Union closest shared FF-input scalar groups 149 and 89	Family: parameter tying. Current retained frontier is 1,517 parameters at 99.000000%, a +0.000000 percentage-point margin over 99%. There have been 73 prior macro-attempts in this family and 627 prior micro-trials. The most recent accepted result is attempt-0176/micro-0001 at 1517 parameters and 99.000000%; the most recent failed result is attempt-0175/micro-0001 (error, no score). This is a parameterization-preserving compression of the depth-shared feed-forward input map: union flattened coordinates 149 and 89, values -0.0002595639 and -0.0000211981 (difference 2.384e-04), using a weighted mean and integer reconstruction. Hypothesis: nonlinear feature construction contains near-duplicate scalars independent of QKV redundancy, preserving qualification at 1,516 parameters. It is more informative than the next FF-input union (difference 2.404e-04) because it is the minimum-distortion isolated test at this new mechanism site. Official acceptance and rollback are unchanged.	0	0
attempt-0176	repair-ff-input-boundary-selector	micro-0003	6179205b35363ad2fc98d637a01f34dffdd6b854	ed4b37ec5d3a63c03fb7bf4403a16eb9005840b9	2026-08-17T11:58:42.773972+00:00	parameter tying	99.000000%	1515	keep	Union closest shared FF-input scalar groups 118 and 181	Family: parameter tying. Current retained frontier is 1,516 parameters at 99.000000%, a +0.000000 percentage-point margin over 99%. There have been 73 prior macro-attempts in this family and 628 prior micro-trials. The most recent accepted result is attempt-0176/micro-0002 at 1516 parameters and 99.000000%; the most recent failed result is attempt-0175/micro-0001 (error, no score). This is a parameterization-preserving compression of the depth-shared feed-forward input map: union flattened coordinates 118 and 181, values -0.0182615500 and -0.0180211682 (difference 2.404e-04), using a weighted mean and integer reconstruction. Hypothesis: nonlinear feature construction contains near-duplicate scalars independent of QKV redundancy, preserving qualification at 1,515 parameters. It is more informative than the next FF-input union (difference 2.483e-04) because it is the minimum-distortion isolated test at this new mechanism site. Official acceptance and rollback are unchanged.	0	0
attempt-0176	repair-ff-input-boundary-selector	micro-0004	81583aa09c5e7f8047d39f955331aca7dca2a51d	6179205b35363ad2fc98d637a01f34dffdd6b854	2026-08-17T11:59:56.072309+00:00	parameter tying	99.000000%	1514	keep	Union closest shared FF-input scalar groups 92 and 160	Family: parameter tying. Current retained frontier is 1,515 parameters at 99.000000%, a +0.000000 percentage-point margin over 99%. There have been 73 prior macro-attempts in this family and 629 prior micro-trials. The most recent accepted result is attempt-0176/micro-0003 at 1515 parameters and 99.000000%; the most recent failed result is attempt-0175/micro-0001 (error, no score). This is a parameterization-preserving compression of the depth-shared feed-forward input map: union flattened coordinates 92 and 160, values -0.1293213665 and -0.1290730834 (difference 2.483e-04), using a weighted mean and integer reconstruction. Hypothesis: nonlinear feature construction contains near-duplicate scalars independent of QKV redundancy, preserving qualification at 1,514 parameters. It is more informative than the next FF-input union (difference 2.710e-04) because it is the minimum-distortion isolated test at this new mechanism site. Official acceptance and rollback are unchanged.	0	0
attempt-0176	repair-ff-input-boundary-selector	micro-0005	522ef6cd4331d06aa679638dfa17918569df94ea	81583aa09c5e7f8047d39f955331aca7dca2a51d	2026-08-17T12:01:11.011998+00:00	parameter tying	99.000000%	1513	keep	Union closest shared FF-input scalar groups 33 and 132	Family: parameter tying. Current retained frontier is 1,514 parameters at 99.000000%, a +0.000000 percentage-point margin over 99%. There have been 73 prior macro-attempts in this family and 630 prior micro-trials. The most recent accepted result is attempt-0176/micro-0004 at 1514 parameters and 99.000000%; the most recent failed result is attempt-0175/micro-0001 (error, no score). This is a parameterization-preserving compression of the depth-shared feed-forward input map: union flattened coordinates 33 and 132, values 0.0352680050 and 0.0355390497 (difference 2.710e-04), using a weighted mean and integer reconstruction. Hypothesis: nonlinear feature construction contains near-duplicate scalars independent of QKV redundancy, preserving qualification at 1,513 parameters. It is more informative than the next FF-input union (difference 2.817e-04) because it is the minimum-distortion isolated test at this new mechanism site. Official acceptance and rollback are unchanged.	0	0
attempt-0176	repair-ff-input-boundary-selector	micro-0006	09a15aa207b2c1f3f00d7bf5e38f964ee4e29fcf	522ef6cd4331d06aa679638dfa17918569df94ea	2026-08-17T12:02:25.831829+00:00	parameter tying	99.000000%	1512	keep	Union closest shared FF-input scalar groups 145 and 216	Family: parameter tying. Current retained frontier is 1,513 parameters at 99.000000%, a +0.000000 percentage-point margin over 99%. There have been 73 prior macro-attempts in this family and 631 prior micro-trials. The most recent accepted result is attempt-0176/micro-0005 at 1513 parameters and 99.000000%; the most recent failed result is attempt-0175/micro-0001 (error, no score). This is a parameterization-preserving compression of the depth-shared feed-forward input map: union flattened coordinates 145 and 216, values -0.1663921773 and -0.1661105007 (difference 2.817e-04), using a weighted mean and integer reconstruction. Hypothesis: nonlinear feature construction contains near-duplicate scalars independent of QKV redundancy, preserving qualification at 1,512 parameters. It is more informative than the next FF-input union (difference 2.977e-04) because it is the minimum-distortion isolated test at this new mechanism site. Official acceptance and rollback are unchanged.	0	0
attempt-0176	repair-ff-input-boundary-selector	micro-0007	561f80727096ee9338794bcb42a6e3c1b890eda8	09a15aa207b2c1f3f00d7bf5e38f964ee4e29fcf	2026-08-17T12:03:40.616606+00:00	parameter tying	99.000000%	1511	keep	Union closest shared FF-input scalar groups 47 and 167	Family: parameter tying. Current retained frontier is 1,512 parameters at 99.000000%, a +0.000000 percentage-point margin over 99%. There have been 73 prior macro-attempts in this family and 632 prior micro-trials. The most recent accepted result is attempt-0176/micro-0006 at 1512 parameters and 99.000000%; the most recent failed result is attempt-0175/micro-0001 (error, no score). This is a parameterization-preserving compression of the depth-shared feed-forward input map: union flattened coordinates 47 and 167, values -0.1113149002 and -0.1110172048 (difference 2.977e-04), using a weighted mean and integer reconstruction. Hypothesis: nonlinear feature construction contains near-duplicate scalars independent of QKV redundancy, preserving qualification at 1,511 parameters. It is more informative than the next FF-input union (difference 3.071e-04) because it is the minimum-distortion isolated test at this new mechanism site. Official acceptance and rollback are unchanged.	0	0
attempt-0176	repair-ff-input-boundary-selector	micro-0008	c4fb0cfc4bd7d89647151b7139aeb0fd37e7c860	561f80727096ee9338794bcb42a6e3c1b890eda8	2026-08-17T12:05:08.213615+00:00	parameter tying	99.000000%	1510	keep	Union closest shared FF-input scalar groups 120 and 67	Family: parameter tying. Current retained frontier is 1,511 parameters at 99.000000%, a +0.000000 percentage-point margin over 99%. There have been 73 prior macro-attempts in this family and 633 prior micro-trials. The most recent accepted result is attempt-0176/micro-0007 at 1511 parameters and 99.000000%; the most recent failed result is attempt-0175/micro-0001 (error, no score). This is a parameterization-preserving compression of the depth-shared feed-forward input map: union flattened coordinates 120 and 67, values 0.0050415359 and 0.0053486642 (difference 3.071e-04), using a weighted mean and integer reconstruction. Hypothesis: nonlinear feature construction contains near-duplicate scalars independent of QKV redundancy, preserving qualification at 1,510 parameters. It is more informative than the next FF-input union (difference 3.113e-04) because it is the minimum-distortion isolated test at this new mechanism site. Official acceptance and rollback are unchanged.	0	0
attempt-0176	repair-ff-input-boundary-selector	micro-0009	cf7b36e4145a0160bb0884e4ee53be89f8c4d0d2	c4fb0cfc4bd7d89647151b7139aeb0fd37e7c860	2026-08-17T12:06:20.092860+00:00	parameter tying	99.000000%	1509	keep	Union closest shared FF-input scalar groups 68 and 234	Family: parameter tying. Current retained frontier is 1,510 parameters at 99.000000%, a +0.000000 percentage-point margin over 99%. There have been 73 prior macro-attempts in this family and 634 prior micro-trials. The most recent accepted result is attempt-0176/micro-0008 at 1510 parameters and 99.000000%; the most recent failed result is attempt-0175/micro-0001 (error, no score). This is a parameterization-preserving compression of the depth-shared feed-forward input map: union flattened coordinates 68 and 234, values 0.0544617623 and 0.0547730140 (difference 3.113e-04), using a weighted mean and integer reconstruction. Hypothesis: nonlinear feature construction contains near-duplicate scalars independent of QKV redundancy, preserving qualification at 1,509 parameters. It is more informative than the next FF-input union (difference 3.148e-04) because it is the minimum-distortion isolated test at this new mechanism site. Official acceptance and rollback are unchanged.	0	0
attempt-0176	repair-ff-input-boundary-selector	micro-0010	9c48bbfec150aeac7a31c24b8cf2d84fb53473db	cf7b36e4145a0160bb0884e4ee53be89f8c4d0d2	2026-08-17T12:07:33.193009+00:00	parameter tying	99.000000%	1508	keep	Union closest shared FF-input scalar groups 208 and 240	Family: parameter tying. Current retained frontier is 1,509 parameters at 99.000000%, a +0.000000 percentage-point margin over 99%. There have been 73 prior macro-attempts in this family and 635 prior micro-trials. The most recent accepted result is attempt-0176/micro-0009 at 1509 parameters and 99.000000%; the most recent failed result is attempt-0175/micro-0001 (error, no score). This is a parameterization-preserving compression of the depth-shared feed-forward input map: union flattened coordinates 208 and 240, values -0.0371679552 and -0.0368531384 (difference 3.148e-04), using a weighted mean and integer reconstruction. Hypothesis: nonlinear feature construction contains near-duplicate scalars independent of QKV redundancy, preserving qualification at 1,508 parameters. It is more informative than the next FF-input union (difference 3.325e-04) because it is the minimum-distortion isolated test at this new mechanism site. Official acceptance and rollback are unchanged.	0	0
attempt-0176	repair-ff-input-boundary-selector	micro-0011	a7a341f6d08017c538595756203645ebc5ea4251	9c48bbfec150aeac7a31c24b8cf2d84fb53473db	2026-08-17T12:08:48.108550+00:00	parameter tying	99.000000%	1507	keep	Union closest shared FF-input scalar groups 32 and 229	Family: parameter tying. Current retained frontier is 1,508 parameters at 99.000000%, a +0.000000 percentage-point margin over 99%. There have been 73 prior macro-attempts in this family and 636 prior micro-trials. The most recent accepted result is attempt-0176/micro-0010 at 1508 parameters and 99.000000%; the most recent failed result is attempt-0175/micro-0001 (error, no score). This is a parameterization-preserving compression of the depth-shared feed-forward input map: union flattened coordinates 32 and 229, values -0.3092828393 and -0.3089503348 (difference 3.325e-04), using a weighted mean and integer reconstruction. Hypothesis: nonlinear feature construction contains near-duplicate scalars independent of QKV redundancy, preserving qualification at 1,507 parameters. It is more informative than the next FF-input union (difference 3.461e-04) because it is the minimum-distortion isolated test at this new mechanism site. Official acceptance and rollback are unchanged.	0	0
attempt-0176	repair-ff-input-boundary-selector	micro-0012	45fdfc2738b8365925d0a6dc8863c02d58ec13aa	a7a341f6d08017c538595756203645ebc5ea4251	2026-08-17T12:10:03.093928+00:00	parameter tying	99.000000%	1506	keep	Union closest shared FF-input scalar groups 137 and 228	Family: parameter tying. Current retained frontier is 1,507 parameters at 99.000000%, a +0.000000 percentage-point margin over 99%. There have been 73 prior macro-attempts in this family and 637 prior micro-trials. The most recent accepted result is attempt-0176/micro-0011 at 1507 parameters and 99.000000%; the most recent failed result is attempt-0175/micro-0001 (error, no score). This is a parameterization-preserving compression of the depth-shared feed-forward input map: union flattened coordinates 137 and 228, values -0.0707229748 and -0.0703768432 (difference 3.461e-04), using a weighted mean and integer reconstruction. Hypothesis: nonlinear feature construction contains near-duplicate scalars independent of QKV redundancy, preserving qualification at 1,506 parameters. It is more informative than the next FF-input union (difference 3.605e-04) because it is the minimum-distortion isolated test at this new mechanism site. Official acceptance and rollback are unchanged.	0	0
attempt-0176	repair-ff-input-boundary-selector	micro-0013	69bbcae3bc487b7d53f33c6387032c69e1237d59	45fdfc2738b8365925d0a6dc8863c02d58ec13aa	2026-08-17T12:11:17.301687+00:00	parameter tying	99.000000%	1505	keep	Union closest shared FF-input scalar groups 148 and 169	Family: parameter tying. Current retained frontier is 1,506 parameters at 99.000000%, a +0.000000 percentage-point margin over 99%. There have been 73 prior macro-attempts in this family and 638 prior micro-trials. The most recent accepted result is attempt-0176/micro-0012 at 1506 parameters and 99.000000%; the most recent failed result is attempt-0175/micro-0001 (error, no score). This is a parameterization-preserving compression of the depth-shared feed-forward input map: union flattened coordinates 148 and 169, values 0.0625175908 and 0.0628781170 (difference 3.605e-04), using a weighted mean and integer reconstruction. Hypothesis: nonlinear feature construction contains near-duplicate scalars independent of QKV redundancy, preserving qualification at 1,505 parameters. It is more informative than the next FF-input union (difference 3.644e-04) because it is the minimum-distortion isolated test at this new mechanism site. Official acceptance and rollback are unchanged.	0	0
attempt-0176	repair-ff-input-boundary-selector	micro-0014	bb5a6549cf81529966cd67ac250a7138ded96297	69bbcae3bc487b7d53f33c6387032c69e1237d59	2026-08-17T12:12:27.721872+00:00	parameter tying	99.000000%	1504	keep	Union closest shared FF-input scalar groups 19 and 36	Family: parameter tying. Current retained frontier is 1,505 parameters at 99.000000%, a +0.000000 percentage-point margin over 99%. There have been 73 prior macro-attempts in this family and 639 prior micro-trials. The most recent accepted result is attempt-0176/micro-0013 at 1505 parameters and 99.000000%; the most recent failed result is attempt-0175/micro-0001 (error, no score). This is a parameterization-preserving compression of the depth-shared feed-forward input map: union flattened coordinates 19 and 36, values 0.0430105589 and 0.0433749743 (difference 3.644e-04), using a weighted mean and integer reconstruction. Hypothesis: nonlinear feature construction contains near-duplicate scalars independent of QKV redundancy, preserving qualification at 1,504 parameters. It is more informative than the next FF-input union (difference 3.679e-04) because it is the minimum-distortion isolated test at this new mechanism site. Official acceptance and rollback are unchanged.	0	0
attempt-0176	repair-ff-input-boundary-selector	micro-0015	cf38be8fdf2e542ff2a611310e047d5a0440d198	bb5a6549cf81529966cd67ac250a7138ded96297	2026-08-17T12:13:40.372901+00:00	parameter tying	99.000000%	1503	keep	Union closest shared FF-input scalar groups 87 and 22	Family: parameter tying. Current retained frontier is 1,504 parameters at 99.000000%, a +0.000000 percentage-point margin over 99%. There have been 73 prior macro-attempts in this family and 640 prior micro-trials. The most recent accepted result is attempt-0176/micro-0014 at 1504 parameters and 99.000000%; the most recent failed result is attempt-0175/micro-0001 (error, no score). This is a parameterization-preserving compression of the depth-shared feed-forward input map: union flattened coordinates 87 and 22, values -0.0324013382 and -0.0320334435 (difference 3.679e-04), using a weighted mean and integer reconstruction. Hypothesis: nonlinear feature construction contains near-duplicate scalars independent of QKV redundancy, preserving qualification at 1,503 parameters. It is more informative than the next FF-input union (difference 3.736e-04) because it is the minimum-distortion isolated test at this new mechanism site. Official acceptance and rollback are unchanged.	0	0
attempt-0176	repair-ff-input-boundary-selector	micro-0016	16db63213a0411536899e542bf02ea1880e5e450	cf38be8fdf2e542ff2a611310e047d5a0440d198	2026-08-17T12:14:53.280816+00:00	parameter tying	99.010000%	1502	keep	Union closest shared FF-input scalar groups 98 and 85	Family: parameter tying. Current retained frontier is 1,503 parameters at 99.000000%, a +0.000000 percentage-point margin over 99%. There have been 73 prior macro-attempts in this family and 641 prior micro-trials. The most recent accepted result is attempt-0176/micro-0015 at 1503 parameters and 99.000000%; the most recent failed result is attempt-0175/micro-0001 (error, no score). This is a parameterization-preserving compression of the depth-shared feed-forward input map: union flattened coordinates 98 and 85, values 0.0417230539 and 0.0420966335 (difference 3.736e-04), using a weighted mean and integer reconstruction. Hypothesis: nonlinear feature construction contains near-duplicate scalars independent of QKV redundancy, preserving qualification at 1,502 parameters. It is more informative than the next FF-input union (difference 4.179e-04) because it is the minimum-distortion isolated test at this new mechanism site. Official acceptance and rollback are unchanged.	0	0
attempt-0176	repair-ff-input-boundary-selector	micro-0017	04a9d8f532136f7f9e37eb2a1cb4a116a522e409	16db63213a0411536899e542bf02ea1880e5e450	2026-08-17T12:16:07.450678+00:00	parameter tying	99.010000%	1501	keep	Union closest shared FF-input scalar groups 75 and 224	Family: parameter tying. Current retained frontier is 1,502 parameters at 99.010000%, a +0.010000 percentage-point margin over 99%. There have been 73 prior macro-attempts in this family and 642 prior micro-trials. The most recent accepted result is attempt-0176/micro-0016 at 1502 parameters and 99.010000%; the most recent failed result is attempt-0175/micro-0001 (error, no score). This is a parameterization-preserving compression of the depth-shared feed-forward input map: union flattened coordinates 75 and 224, values 0.2378070652 and 0.2382249981 (difference 4.179e-04), using a weighted mean and integer reconstruction. Hypothesis: nonlinear feature construction contains near-duplicate scalars independent of QKV redundancy, preserving qualification at 1,501 parameters. It is more informative than the next FF-input union (difference 4.194e-04) because it is the minimum-distortion isolated test at this new mechanism site. Official acceptance and rollback are unchanged.	0	0
attempt-0176	repair-ff-input-boundary-selector	micro-0018	0f52d50bb1651d33ba73da1bee4292615d6e3aa1	04a9d8f532136f7f9e37eb2a1cb4a116a522e409	2026-08-17T12:17:34.608760+00:00	parameter tying	99.010000%	1500	keep	Union closest shared FF-input scalar groups 117 and 61	Family: parameter tying. Current retained frontier is 1,501 parameters at 99.010000%, a +0.010000 percentage-point margin over 99%. There have been 73 prior macro-attempts in this family and 643 prior micro-trials. The most recent accepted result is attempt-0176/micro-0017 at 1501 parameters and 99.010000%; the most recent failed result is attempt-0175/micro-0001 (error, no score). This is a parameterization-preserving compression of the depth-shared feed-forward input map: union flattened coordinates 117 and 61, values -0.0196269508 and -0.0192075297 (difference 4.194e-04), using a weighted mean and integer reconstruction. Hypothesis: nonlinear feature construction contains near-duplicate scalars independent of QKV redundancy, preserving qualification at 1,500 parameters. It is more informative than the next FF-input union (difference 4.241e-04) because it is the minimum-distortion isolated test at this new mechanism site. Official acceptance and rollback are unchanged.	0	0
attempt-0176	repair-ff-input-boundary-selector	micro-0019	86dcaf6b33fc96784cf3ab0db3b3a4ba6a6fa1b7	0f52d50bb1651d33ba73da1bee4292615d6e3aa1	2026-08-17T12:18:45.172252+00:00	parameter tying	99.010000%	1499	keep	Union closest shared FF-input scalar groups 50 and 214	Family: parameter tying. Current retained frontier is 1,500 parameters at 99.010000%, a +0.010000 percentage-point margin over 99%. There have been 73 prior macro-attempts in this family and 644 prior micro-trials. The most recent accepted result is attempt-0176/micro-0018 at 1500 parameters and 99.010000%; the most recent failed result is attempt-0175/micro-0001 (error, no score). This is a parameterization-preserving compression of the depth-shared feed-forward input map: union flattened coordinates 50 and 214, values 0.0652321354 and 0.0656561926 (difference 4.241e-04), using a weighted mean and integer reconstruction. Hypothesis: nonlinear feature construction contains near-duplicate scalars independent of QKV redundancy, preserving qualification at 1,499 parameters. It is more informative than the next FF-input union (difference 4.384e-04) because it is the minimum-distortion isolated test at this new mechanism site. Official acceptance and rollback are unchanged.	0	0
attempt-0176	repair-ff-input-boundary-selector	micro-0020	7046765701f2fd2b3d886ae4cb6bf9c886b58d0e	86dcaf6b33fc96784cf3ab0db3b3a4ba6a6fa1b7	2026-08-17T12:19:57.539218+00:00	parameter tying	99.010000%	1498	keep	Union closest shared FF-input scalar groups 248 and 33	Family: parameter tying. Current retained frontier is 1,499 parameters at 99.010000%, a +0.010000 percentage-point margin over 99%. There have been 73 prior macro-attempts in this family and 645 prior micro-trials. The most recent accepted result is attempt-0176/micro-0019 at 1499 parameters and 99.010000%; the most recent failed result is attempt-0175/micro-0001 (error, no score). This is a parameterization-preserving compression of the depth-shared feed-forward input map: union flattened coordinates 248 and 33, values 0.0349651463 and 0.0354035273 (difference 4.384e-04), using a weighted mean and integer reconstruction. Hypothesis: nonlinear feature construction contains near-duplicate scalars independent of QKV redundancy, preserving qualification at 1,498 parameters. It is more informative than the next FF-input union (difference 4.454e-04) because it is the minimum-distortion isolated test at this new mechanism site. Official acceptance and rollback are unchanged.	0	0
attempt-0177	ff-input-continuation-after-cap	micro-0001	f5fbfe4c5bf44d8f04dc99a08c312805e89b29e8	7046765701f2fd2b3d886ae4cb6bf9c886b58d0e	2026-08-17T12:21:47.594401+00:00	parameter tying	99.000000%	1497	keep	Union closest shared FF-input scalar groups 178 and 223	Family: parameter tying. Current retained frontier is 1,498 parameters at 99.010000%, a +0.010000 percentage-point margin over 99%. There have been 74 prior macro-attempts in this family and 646 prior micro-trials. The most recent accepted result is attempt-0176/micro-0020 at 1498 parameters and 99.010000%; the most recent failed result is attempt-0175/micro-0001 (error, no score). This is a parameterization-preserving compression of the depth-shared feed-forward input map: union flattened coordinates 178 and 223, values -0.1369620115 and -0.1365166008 (difference 4.454e-04), using a weighted mean and integer reconstruction. Hypothesis: nonlinear feature construction contains near-duplicate scalars independent of QKV redundancy, preserving qualification at 1,497 parameters. It is more informative than the next FF-input union (difference 4.689e-04) because it is the minimum-distortion isolated test at this new mechanism site. Official acceptance and rollback are unchanged.	0	0
attempt-0177	ff-input-continuation-after-cap	micro-0002	bc2ed9639474e0fc51e4dc56b5a5ee9ca401a56c	f5fbfe4c5bf44d8f04dc99a08c312805e89b29e8	2026-08-17T12:23:00.496375+00:00	parameter tying	98.990000%	1496	discard	Union closest shared FF-input scalar groups 231 and 0	Family: parameter tying. Current retained frontier is 1,497 parameters at 99.000000%, a +0.000000 percentage-point margin over 99%. There have been 74 prior macro-attempts in this family and 647 prior micro-trials. The most recent accepted result is attempt-0177/micro-0001 at 1497 parameters and 99.000000%; the most recent failed result is attempt-0175/micro-0001 (error, no score). This is a parameterization-preserving compression of the depth-shared feed-forward input map: union flattened coordinates 231 and 0, values -0.1618723571 and -0.1614034772 (difference 4.689e-04), using a weighted mean and integer reconstruction. Hypothesis: nonlinear feature construction contains near-duplicate scalars independent of QKV redundancy, preserving qualification at 1,496 parameters. It is more informative than the next FF-input union (difference 4.833e-04) because it is the minimum-distortion isolated test at this new mechanism site. Official acceptance and rollback are unchanged.	0	0
attempt-0178	ff-input-skip-two-sensitive-pairs	micro-0001	693827426022588c59b4db6defe4efb7725c8c57	f5fbfe4c5bf44d8f04dc99a08c312805e89b29e8	2026-08-17T12:24:55.243834+00:00	parameter tying	99.010000%	1496	keep	Union closest shared FF-input scalar groups 93 and 221	Family: parameter tying. Current retained frontier is 1,497 parameters at 99.000000%, a +0.000000 percentage-point margin over 99%. There have been 75 prior macro-attempts in this family and 648 prior micro-trials. The most recent accepted result is attempt-0177/micro-0001 at 1497 parameters and 99.000000%; the most recent failed result is attempt-0177/micro-0002 (discard, 98.990000%). This is a parameterization-preserving compression of the depth-shared feed-forward input map: union flattened coordinates 93 and 221, values -0.1162156090 and -0.1157323122 (difference 4.833e-04), using a weighted mean and integer reconstruction. Hypothesis: nonlinear feature construction contains near-duplicate scalars independent of QKV redundancy, preserving qualification at 1,496 parameters. It is more informative than the next FF-input union (difference 4.939e-04) because it is the minimum-distortion isolated test at this new mechanism site. Official acceptance and rollback are unchanged.	0	0
attempt-0178	ff-input-skip-two-sensitive-pairs	micro-0002	9b15d448cc71dc99c57f491bd7a1f9c5b892fd3e	693827426022588c59b4db6defe4efb7725c8c57	2026-08-17T12:26:17.230860+00:00	parameter tying	98.990000%	1495	discard	Union closest shared FF-input scalar groups 153 and 71	Family: parameter tying. Current retained frontier is 1,496 parameters at 99.010000%, a +0.010000 percentage-point margin over 99%. There have been 75 prior macro-attempts in this family and 649 prior micro-trials. The most recent accepted result is attempt-0178/micro-0001 at 1496 parameters and 99.010000%; the most recent failed result is attempt-0177/micro-0002 (discard, 98.990000%). This is a parameterization-preserving compression of the depth-shared feed-forward input map: union flattened coordinates 153 and 71, values 0.1599667221 and 0.1604606062 (difference 4.939e-04), using a weighted mean and integer reconstruction. Hypothesis: nonlinear feature construction contains near-duplicate scalars independent of QKV redundancy, preserving qualification at 1,495 parameters. It is more informative than the next FF-input union (difference 5.324e-04) because it is the minimum-distortion isolated test at this new mechanism site. Official acceptance and rollback are unchanged.	0	0
attempt-0179	position-skip-two-sensitive-pairs	micro-0001	626638daaf38eed703eea2cb9f4a39b09fbbbdcf	693827426022588c59b4db6defe4efb7725c8c57	2026-08-17T12:28:23.453808+00:00	parameter tying	98.970000%	1495	discard	Union closest position groups 182 and 70	Family: parameter tying. Current retained frontier is 1,496 parameters at 99.010000%, a +0.010000 percentage-point margin over 99%. There have been 76 prior macro-attempts in this family and 650 prior micro-trials. The most recent accepted result is attempt-0178/micro-0001 at 1496 parameters and 99.010000%; the most recent failed result is attempt-0178/micro-0002 (discard, 98.990000%). This is a parameterization-preserving compression: union current position groups represented by coordinates 182 and 70, whose learned values are 0.0127164116 and 0.0131606534 (absolute difference 4.442e-04), using a multiplicity-weighted mean. Hypothesis: this preserves qualification and yields 1,495 parameters. It is more informative than the nearest untested alternative (difference 4.612e-04) because it is the minimum-distortion eligible union; exact pairs already rejected under the unchanged grouping are excluded. Acceptance and rollback remain solely governed by the official runner.	0	0
attempt-0180	token-skip-two-sensitive-pairs	micro-0001	273b50bec1201aab69a08f293178d0406fff1454	693827426022588c59b4db6defe4efb7725c8c57	2026-08-17T12:30:26.326150+00:00	parameter tying	99.000000%	1495	keep	Union closest token-matrix scalar groups 133 and 11	Family: parameter tying. Current retained frontier is 1,496 parameters at 99.010000%, a +0.010000 percentage-point margin over 99%. There have been 77 prior macro-attempts in this family and 651 prior micro-trials. The most recent accepted result is attempt-0178/micro-0001 at 1496 parameters and 99.010000%; the most recent failed result is attempt-0179/micro-0001 (discard, 98.970000%). This is a parameterization-preserving compression of the tied input/output token matrix: union groups represented by flattened coordinates 133 and 11, whose values are 0.0195684023 and 0.0196842924 (difference 1.159e-04), using a multiplicity-weighted mean and one integer reconstruction map. Hypothesis: token scalars have a different sensitivity structure from the positional table and this minimum-distortion union preserves qualification while yielding 1,495 parameters. It is more informative than the next eligible token union (difference 1.302e-04) because it is the least perturbing test at this new tensor site. Acceptance and rollback remain solely governed by the official runner.	0	0
attempt-0180	token-skip-two-sensitive-pairs	micro-0002	547326993bc8ec06f45886d5ec48658fe0b28524	273b50bec1201aab69a08f293178d0406fff1454	2026-08-17T12:31:39.953934+00:00	parameter tying	99.000000%	1494	keep	Union closest token-matrix scalar groups 148 and 52	Family: parameter tying. Current retained frontier is 1,495 parameters at 99.000000%, a +0.000000 percentage-point margin over 99%. There have been 77 prior macro-attempts in this family and 652 prior micro-trials. The most recent accepted result is attempt-0180/micro-0001 at 1495 parameters and 99.000000%; the most recent failed result is attempt-0179/micro-0001 (discard, 98.970000%). This is a parameterization-preserving compression of the tied input/output token matrix: union groups represented by flattened coordinates 148 and 52, whose values are 0.0027704604 and 0.0029006137 (difference 1.302e-04), using a multiplicity-weighted mean and one integer reconstruction map. Hypothesis: token scalars have a different sensitivity structure from the positional table and this minimum-distortion union preserves qualification while yielding 1,494 parameters. It is more informative than the next eligible token union (difference 1.352e-04) because it is the least perturbing test at this new tensor site. Acceptance and rollback remain solely governed by the official runner.	0	0
attempt-0180	token-skip-two-sensitive-pairs	micro-0003	172c5458ef1d99a88ffaae67493414dfe02f4c8c	547326993bc8ec06f45886d5ec48658fe0b28524	2026-08-17T12:33:02.439751+00:00	parameter tying	99.000000%	1493	keep	Union closest token-matrix scalar groups 48 and 35	Family: parameter tying. Current retained frontier is 1,494 parameters at 99.000000%, a +0.000000 percentage-point margin over 99%. There have been 77 prior macro-attempts in this family and 653 prior micro-trials. The most recent accepted result is attempt-0180/micro-0002 at 1494 parameters and 99.000000%; the most recent failed result is attempt-0179/micro-0001 (discard, 98.970000%). This is a parameterization-preserving compression of the tied input/output token matrix: union groups represented by flattened coordinates 48 and 35, whose values are -0.1330326349 and -0.1328974813 (difference 1.352e-04), using a multiplicity-weighted mean and one integer reconstruction map. Hypothesis: token scalars have a different sensitivity structure from the positional table and this minimum-distortion union preserves qualification while yielding 1,493 parameters. It is more informative than the next eligible token union (difference 1.400e-04) because it is the least perturbing test at this new tensor site. Acceptance and rollback remain solely governed by the official runner.	0	0
attempt-0180	token-skip-two-sensitive-pairs	micro-0004	e722928891750bf9d4919708e3b08852d99a3b79	172c5458ef1d99a88ffaae67493414dfe02f4c8c	2026-08-17T12:34:21.670510+00:00	parameter tying	99.000000%	1492	keep	Union closest token-matrix scalar groups 82 and 25	Family: parameter tying. Current retained frontier is 1,493 parameters at 99.000000%, a +0.000000 percentage-point margin over 99%. There have been 77 prior macro-attempts in this family and 654 prior micro-trials. The most recent accepted result is attempt-0180/micro-0003 at 1493 parameters and 99.000000%; the most recent failed result is attempt-0179/micro-0001 (discard, 98.970000%). This is a parameterization-preserving compression of the tied input/output token matrix: union groups represented by flattened coordinates 82 and 25, whose values are 0.4193831682 and 0.4195232093 (difference 1.400e-04), using a multiplicity-weighted mean and one integer reconstruction map. Hypothesis: token scalars have a different sensitivity structure from the positional table and this minimum-distortion union preserves qualification while yielding 1,492 parameters. It is more informative than the next eligible token union (difference 1.670e-04) because it is the least perturbing test at this new tensor site. Acceptance and rollback remain solely governed by the official runner.	0	0
attempt-0180	token-skip-two-sensitive-pairs	micro-0005	05fd96e4f7c747f9321c50c696576310aca3c19a	e722928891750bf9d4919708e3b08852d99a3b79	2026-08-17T12:35:38.060053+00:00	parameter tying	98.990000%	1491	discard	Union closest token-matrix scalar groups 142 and 164	Family: parameter tying. Current retained frontier is 1,492 parameters at 99.000000%, a +0.000000 percentage-point margin over 99%. There have been 77 prior macro-attempts in this family and 655 prior micro-trials. The most recent accepted result is attempt-0180/micro-0004 at 1492 parameters and 99.000000%; the most recent failed result is attempt-0179/micro-0001 (discard, 98.970000%). This is a parameterization-preserving compression of the tied input/output token matrix: union groups represented by flattened coordinates 142 and 164, whose values are 0.0023909302 and 0.0025579038 (difference 1.670e-04), using a multiplicity-weighted mean and one integer reconstruction map. Hypothesis: token scalars have a different sensitivity structure from the positional table and this minimum-distortion union preserves qualification while yielding 1,491 parameters. It is more informative than the next eligible token union (difference 2.034e-04) because it is the least perturbing test at this new tensor site. Acceptance and rollback remain solely governed by the official runner.	0	0
attempt-0181	token-skip-three-sensitive-pairs	micro-0001	addbf9413b7b2a779b368190c04b3511547d5f04	e722928891750bf9d4919708e3b08852d99a3b79	2026-08-17T12:37:36.268200+00:00	parameter tying	99.000000%	1491	keep	Union closest token-matrix scalar groups 127 and 53	Family: parameter tying. Current retained frontier is 1,492 parameters at 99.000000%, a +0.000000 percentage-point margin over 99%. There have been 78 prior macro-attempts in this family and 656 prior micro-trials. The most recent accepted result is attempt-0180/micro-0004 at 1492 parameters and 99.000000%; the most recent failed result is attempt-0180/micro-0005 (discard, 98.990000%). This is a parameterization-preserving compression of the tied input/output token matrix: union groups represented by flattened coordinates 127 and 53, whose values are 0.0231449753 and 0.0233483631 (difference 2.034e-04), using a multiplicity-weighted mean and one integer reconstruction map. Hypothesis: token scalars have a different sensitivity structure from the positional table and this minimum-distortion union preserves qualification while yielding 1,491 parameters. It is more informative than the next eligible token union (difference 2.129e-04) because it is the least perturbing test at this new tensor site. Acceptance and rollback remain solely governed by the official runner.	0	0
attempt-0181	token-skip-three-sensitive-pairs	micro-0002	9a2ecf68f3d2ebc5dc4f989edd0cc6fa2e7fd2ec	addbf9413b7b2a779b368190c04b3511547d5f04	2026-08-17T12:38:51.840414+00:00	parameter tying	99.000000%	1490	keep	Union closest token-matrix scalar groups 37 and 77	Family: parameter tying. Current retained frontier is 1,491 parameters at 99.000000%, a +0.000000 percentage-point margin over 99%. There have been 78 prior macro-attempts in this family and 657 prior micro-trials. The most recent accepted result is attempt-0181/micro-0001 at 1491 parameters and 99.000000%; the most recent failed result is attempt-0180/micro-0005 (discard, 98.990000%). This is a parameterization-preserving compression of the tied input/output token matrix: union groups represented by flattened coordinates 37 and 77, whose values are 0.0177600142 and 0.0179729313 (difference 2.129e-04), using a multiplicity-weighted mean and one integer reconstruction map. Hypothesis: token scalars have a different sensitivity structure from the positional table and this minimum-distortion union preserves qualification while yielding 1,490 parameters. It is more informative than the next eligible token union (difference 2.174e-04) because it is the least perturbing test at this new tensor site. Acceptance and rollback remain solely governed by the official runner.	0	0
attempt-0181	token-skip-three-sensitive-pairs	micro-0003	d3aedcbb5459bfc0a9a6e3427ff2d4901bded042	9a2ecf68f3d2ebc5dc4f989edd0cc6fa2e7fd2ec	2026-08-17T12:40:09.470890+00:00	parameter tying	99.010000%	1489	keep	Union closest token-matrix scalar groups 69 and 111	Family: parameter tying. Current retained frontier is 1,490 parameters at 99.000000%, a +0.000000 percentage-point margin over 99%. There have been 78 prior macro-attempts in this family and 658 prior micro-trials. The most recent accepted result is attempt-0181/micro-0002 at 1490 parameters and 99.000000%; the most recent failed result is attempt-0180/micro-0005 (discard, 98.990000%). This is a parameterization-preserving compression of the tied input/output token matrix: union groups represented by flattened coordinates 69 and 111, whose values are 0.0271546990 and 0.0273736026 (difference 2.189e-04), using a multiplicity-weighted mean and one integer reconstruction map. Hypothesis: token scalars have a different sensitivity structure from the positional table and this minimum-distortion union preserves qualification while yielding 1,489 parameters. It is more informative than the next eligible token union (difference 2.204e-04) because it is the least perturbing test at this new tensor site. Acceptance and rollback remain solely governed by the official runner.	0	0
attempt-0181	token-skip-three-sensitive-pairs	micro-0004	b762f40b3d7e38c96936307658d11dcb34f3a458	d3aedcbb5459bfc0a9a6e3427ff2d4901bded042	2026-08-17T12:41:30.794615+00:00	parameter tying	99.010000%	1488	keep	Union closest token-matrix scalar groups 149 and 156	Family: parameter tying. Current retained frontier is 1,489 parameters at 99.010000%, a +0.010000 percentage-point margin over 99%. There have been 78 prior macro-attempts in this family and 659 prior micro-trials. The most recent accepted result is attempt-0181/micro-0003 at 1489 parameters and 99.010000%; the most recent failed result is attempt-0180/micro-0005 (discard, 98.990000%). This is a parameterization-preserving compression of the tied input/output token matrix: union groups represented by flattened coordinates 149 and 156, whose values are 0.0148353959 and 0.0150558027 (difference 2.204e-04), using a multiplicity-weighted mean and one integer reconstruction map. Hypothesis: token scalars have a different sensitivity structure from the positional table and this minimum-distortion union preserves qualification while yielding 1,488 parameters. It is more informative than the next eligible token union (difference 2.297e-04) because it is the least perturbing test at this new tensor site. Acceptance and rollback remain solely governed by the official runner.	0	0
attempt-0181	token-skip-three-sensitive-pairs	micro-0005	68860c59c5db39f40a4a6dc3b9ca6f7df565245a	b762f40b3d7e38c96936307658d11dcb34f3a458	2026-08-17T12:42:42.505864+00:00	parameter tying	99.000000%	1487	keep	Union closest token-matrix scalar groups 65 and 151	Family: parameter tying. Current retained frontier is 1,488 parameters at 99.010000%, a +0.010000 percentage-point margin over 99%. There have been 78 prior macro-attempts in this family and 660 prior micro-trials. The most recent accepted result is attempt-0181/micro-0004 at 1488 parameters and 99.010000%; the most recent failed result is attempt-0180/micro-0005 (discard, 98.990000%). This is a parameterization-preserving compression of the tied input/output token matrix: union groups represented by flattened coordinates 65 and 151, whose values are -0.0516330004 and -0.0514032617 (difference 2.297e-04), using a multiplicity-weighted mean and one integer reconstruction map. Hypothesis: token scalars have a different sensitivity structure from the positional table and this minimum-distortion union preserves qualification while yielding 1,487 parameters. It is more informative than the next eligible token union (difference 2.559e-04) because it is the least perturbing test at this new tensor site. Acceptance and rollback remain solely governed by the official runner.	0	0
attempt-0181	token-skip-three-sensitive-pairs	micro-0006	42fddbcd6337a8107d10fb87d967c054ecc5afcc	68860c59c5db39f40a4a6dc3b9ca6f7df565245a	2026-08-17T12:44:01.961874+00:00	parameter tying	99.010000%	1486	keep	Union closest token-matrix scalar groups 164 and 52	Family: parameter tying. Current retained frontier is 1,487 parameters at 99.000000%, a +0.000000 percentage-point margin over 99%. There have been 78 prior macro-attempts in this family and 661 prior micro-trials. The most recent accepted result is attempt-0181/micro-0005 at 1487 parameters and 99.000000%; the most recent failed result is attempt-0180/micro-0005 (discard, 98.990000%). This is a parameterization-preserving compression of the tied input/output token matrix: union groups represented by flattened coordinates 164 and 52, whose values are 0.0025579038 and 0.0028138449 (difference 2.559e-04), using a multiplicity-weighted mean and one integer reconstruction map. Hypothesis: token scalars have a different sensitivity structure from the positional table and this minimum-distortion union preserves qualification while yielding 1,486 parameters. It is more informative than the next eligible token union (difference 2.710e-04) because it is the least perturbing test at this new tensor site. Acceptance and rollback remain solely governed by the official runner.	0	0
attempt-0181	token-skip-three-sensitive-pairs	micro-0007	911a54118af3a48bded66b3024bb75def5888801	42fddbcd6337a8107d10fb87d967c054ecc5afcc	2026-08-17T12:45:25.071120+00:00	parameter tying	98.980000%	1485	discard	Union closest token-matrix scalar groups 21 and 44	Family: parameter tying. Current retained frontier is 1,486 parameters at 99.010000%, a +0.010000 percentage-point margin over 99%. There have been 78 prior macro-attempts in this family and 662 prior micro-trials. The most recent accepted result is attempt-0181/micro-0006 at 1486 parameters and 99.010000%; the most recent failed result is attempt-0180/micro-0005 (discard, 98.990000%). This is a parameterization-preserving compression of the tied input/output token matrix: union groups represented by flattened coordinates 21 and 44, whose values are -0.0096072564 and -0.0093362071 (difference 2.710e-04), using a multiplicity-weighted mean and one integer reconstruction map. Hypothesis: token scalars have a different sensitivity structure from the positional table and this minimum-distortion union preserves qualification while yielding 1,485 parameters. It is more informative than the next eligible token union (difference 2.820e-04) because it is the least perturbing test at this new tensor site. Acceptance and rollback remain solely governed by the official runner.	0	0
attempt-0182	token-skip-four-sensitive-pairs	micro-0001	9abc860fbdce3dd9cab7b940917002a2fb9fc6b8	42fddbcd6337a8107d10fb87d967c054ecc5afcc	2026-08-17T12:47:30.424172+00:00	parameter tying	98.990000%	1485	discard	Union closest token-matrix scalar groups 16 and 18	Family: parameter tying. Current retained frontier is 1,486 parameters at 99.010000%, a +0.010000 percentage-point margin over 99%. There have been 79 prior macro-attempts in this family and 663 prior micro-trials. The most recent accepted result is attempt-0181/micro-0006 at 1486 parameters and 99.010000%; the most recent failed result is attempt-0181/micro-0007 (discard, 98.980000%). This is a parameterization-preserving compression of the tied input/output token matrix: union groups represented by flattened coordinates 16 and 18, whose values are 0.0941890925 and 0.0944710970 (difference 2.820e-04), using a multiplicity-weighted mean and one integer reconstruction map. Hypothesis: token scalars have a different sensitivity structure from the positional table and this minimum-distortion union preserves qualification while yielding 1,485 parameters. It is more informative than the next eligible token union (difference 2.874e-04) because it is the least perturbing test at this new tensor site. Acceptance and rollback remain solely governed by the official runner.	0	0
attempt-0183	final-norm-skip-sensitive-pair	micro-0001	a504808740203c4cc1d14bcfe8d4129d51e2b5ce	42fddbcd6337a8107d10fb87d967c054ecc5afcc	2026-08-17T12:49:41.492727+00:00	parameter tying	99.010000%	1485	keep	Union closest final LayerNorm scale groups 13 and 0	Family: parameter tying. Current retained frontier is 1,486 parameters at 99.010000%, a +0.010000 percentage-point margin over 99%. There have been 80 prior macro-attempts in this family and 664 prior micro-trials. The most recent accepted result is attempt-0181/micro-0006 at 1486 parameters and 99.010000%; the most recent failed result is attempt-0182/micro-0001 (discard, 98.990000%). This is a parameterization-preserving compression of the final normalization scales: union coordinates 13 and 0, values 8.1406946182 and 8.3557891846 (difference 2.151e-01), using a weighted mean and integer reconstruction. Hypothesis: the final affine rescaling contains a near-duplicate coordinate pair independent of matrix and positional boundaries, preserving qualification at 1,485 parameters. It is more informative than the next scale union (difference 4.079e-01) because it is the minimum-distortion test in the complete 16-scale search space. Official acceptance and rollback are unchanged.	0	0
attempt-0183	final-norm-skip-sensitive-pair	micro-0002	0fe39c52e149e77a84930ff6b41882306de43456	a504808740203c4cc1d14bcfe8d4129d51e2b5ce	2026-08-17T12:51:00.232436+00:00	parameter tying	99.010000%	1484	keep	Union closest final LayerNorm scale groups 5 and 4	Family: parameter tying. Current retained frontier is 1,485 parameters at 99.010000%, a +0.010000 percentage-point margin over 99%. There have been 80 prior macro-attempts in this family and 665 prior micro-trials. The most recent accepted result is attempt-0183/micro-0001 at 1485 parameters and 99.010000%; the most recent failed result is attempt-0182/micro-0001 (discard, 98.990000%). This is a parameterization-preserving compression of the final normalization scales: union coordinates 5 and 4, values 7.2437715530 and 7.7328329086 (difference 4.891e-01), using a weighted mean and integer reconstruction. Hypothesis: the final affine rescaling contains a near-duplicate coordinate pair independent of matrix and positional boundaries, preserving qualification at 1,484 parameters. It is more informative than the next scale union (difference 5.684e-01) because it is the minimum-distortion test in the complete 16-scale search space. Official acceptance and rollback are unchanged.	0	0
attempt-0183	final-norm-skip-sensitive-pair	micro-0003	8c084e92e0f5d6088fc2adde4b2de54f89c03815	0fe39c52e149e77a84930ff6b41882306de43456	2026-08-17T12:52:19.277109+00:00	parameter tying	99.000000%	1483	keep	Union closest final LayerNorm scale groups 15 and 4	Family: parameter tying. Current retained frontier is 1,484 parameters at 99.010000%, a +0.010000 percentage-point margin over 99%. There have been 80 prior macro-attempts in this family and 666 prior micro-trials. The most recent accepted result is attempt-0183/micro-0002 at 1484 parameters and 99.010000%; the most recent failed result is attempt-0182/micro-0001 (discard, 98.990000%). This is a parameterization-preserving compression of the final normalization scales: union coordinates 15 and 4, values 6.6753439903 and 7.4067916870 (difference 7.314e-01), using a weighted mean and integer reconstruction. Hypothesis: the final affine rescaling contains a near-duplicate coordinate pair independent of matrix and positional boundaries, preserving qualification at 1,483 parameters. It is more informative than the next scale union (difference 9.131e-01) because it is the minimum-distortion test in the complete 16-scale search space. Official acceptance and rollback are unchanged.	0	0
attempt-0183	final-norm-skip-sensitive-pair	micro-0004	96b23ed4dade41358557d2f1d09a724bf58ea214	8c084e92e0f5d6088fc2adde4b2de54f89c03815	2026-08-17T12:53:43.124356+00:00	parameter tying	99.060000%	1482	keep	Union closest final LayerNorm scale groups 4 and 0	Family: parameter tying. Current retained frontier is 1,483 parameters at 99.000000%, a +0.000000 percentage-point margin over 99%. There have been 80 prior macro-attempts in this family and 667 prior micro-trials. The most recent accepted result is attempt-0183/micro-0003 at 1483 parameters and 99.000000%; the most recent failed result is attempt-0182/micro-0001 (discard, 98.990000%). This is a parameterization-preserving compression of the final normalization scales: union coordinates 4 and 0, values 7.2239298820 and 8.3199396133 (difference 1.096e+00), using a weighted mean and integer reconstruction. Hypothesis: the final affine rescaling contains a near-duplicate coordinate pair independent of matrix and positional boundaries, preserving qualification at 1,482 parameters. It is more informative than the next scale union (difference 1.204e+01) because it is the minimum-distortion test in the complete 16-scale search space. Official acceptance and rollback are unchanged.	0	0
attempt-0183	final-norm-skip-sensitive-pair	micro-0005	b4fadadb0c015d081ae83a98708d3ee4027f54bf	96b23ed4dade41358557d2f1d09a724bf58ea214	2026-08-17T12:54:59.420305+00:00	parameter tying	99.110000%	1481	keep	Union closest final LayerNorm scale groups 11 and 0	Family: parameter tying. Current retained frontier is 1,482 parameters at 99.060000%, a +0.060000 percentage-point margin over 99%. There have been 80 prior macro-attempts in this family and 668 prior micro-trials. The most recent accepted result is attempt-0183/micro-0004 at 1482 parameters and 99.060000%; the most recent failed result is attempt-0182/micro-0001 (discard, 98.990000%). This is a parameterization-preserving compression of the final normalization scales: union coordinates 11 and 0, values -4.8163661957 and 7.8815360069 (difference 1.270e+01), using a weighted mean and integer reconstruction. Hypothesis: the final affine rescaling contains a near-duplicate coordinate pair independent of matrix and positional boundaries, preserving qualification at 1,481 parameters. It is more informative than the next scale union (difference nan) because it is the minimum-distortion test in the complete 16-scale search space. Official acceptance and rollback are unchanged.	0	0
attempt-0184	block0-preff-scale-skip-sensitive-pair	micro-0001	f34f6678fa6a986c5088521cf18acfb41ed4350b	b4fadadb0c015d081ae83a98708d3ee4027f54bf	2026-08-17T12:57:16.289460+00:00	parameter tying	98.040000%	1480	discard	Union closest block-0 pre-FF norm scales 8 and 1	Family: parameter tying. Current retained frontier is 1,481 parameters at 99.110000%, a +0.110000 percentage-point margin over 99%. There have been 81 prior macro-attempts in this family and 669 prior micro-trials. The most recent accepted result is attempt-0183/micro-0005 at 1481 parameters and 99.110000%; the most recent failed result is attempt-0182/micro-0001 (discard, 98.990000%). This is a parameterization-preserving compression of block 0's pre-feed-forward normalization scales: union coordinates 8 and 1, values 0.4341307580 and 0.4471161664 (difference 1.299e-02), using a weighted mean and integer reconstruction. Hypothesis: upstream nonlinear normalization has local scale redundancy distinct from final normalization, preserving qualification at 1,480 parameters. It is more informative than the next scale union (difference 1.343e-02) because it is the minimum-distortion isolated scale test; biases remain independent. Official acceptance and rollback are unchanged.	0	0
attempt-0185	block0-preff-bias-skip-sensitive-pair	micro-0001	84aa2a8d614651983698fe32f6023651a635b25b	b4fadadb0c015d081ae83a98708d3ee4027f54bf	2026-08-17T12:59:38.374877+00:00	parameter tying	99.170000%	1480	keep	Union closest block-0 pre-FF norm biases 6 and 1	Family: parameter tying. Current retained frontier is 1,481 parameters at 99.110000%, a +0.110000 percentage-point margin over 99%. There have been 82 prior macro-attempts in this family and 670 prior micro-trials. The most recent accepted result is attempt-0183/micro-0005 at 1481 parameters and 99.110000%; the most recent failed result is attempt-0184/micro-0001 (discard, 98.040000%). This is a parameterization-preserving compression of block 0's pre-feed-forward normalization biases: union coordinates 6 and 1, values -0.0590417981 and -0.0540862270 (difference 4.956e-03), using a weighted mean and integer reconstruction. Hypothesis: additive centering has local redundancy distinct from the measured scale boundary, preserving qualification at 1,480 parameters. It is more informative than the next bias union (difference 5.813e-03) because it is the minimum-distortion isolated bias test; scales remain fixed. Official acceptance and rollback are unchanged.	0	0
attempt-0185	block0-preff-bias-skip-sensitive-pair	micro-0002	05875f033cfc959c59f855cfc2b634ebb11116fc	84aa2a8d614651983698fe32f6023651a635b25b	2026-08-17T13:00:46.506867+00:00	parameter tying	99.200000%	1479	keep	Union closest block-0 pre-FF norm biases 7 and 11	Family: parameter tying. Current retained frontier is 1,480 parameters at 99.170000%, a +0.170000 percentage-point margin over 99%. There have been 82 prior macro-attempts in this family and 671 prior micro-trials. The most recent accepted result is attempt-0185/micro-0001 at 1480 parameters and 99.170000%; the most recent failed result is attempt-0184/micro-0001 (discard, 98.040000%). This is a parameterization-preserving compression of block 0's pre-feed-forward normalization biases: union coordinates 7 and 11, values -0.0433933064 and -0.0375803076 (difference 5.813e-03), using a weighted mean and integer reconstruction. Hypothesis: additive centering has local redundancy distinct from the measured scale boundary, preserving qualification at 1,479 parameters. It is more informative than the next bias union (difference 1.400e-02) because it is the minimum-distortion isolated bias test; scales remain fixed. Official acceptance and rollback are unchanged.	0	0
attempt-0185	block0-preff-bias-skip-sensitive-pair	micro-0003	461a4004f491976c0effcdaa7848f6bd68298637	05875f033cfc959c59f855cfc2b634ebb11116fc	2026-08-17T13:01:53.535408+00:00	parameter tying	98.750000%	1478	discard	Union closest block-0 pre-FF norm biases 14 and 1	Family: parameter tying. Current retained frontier is 1,479 parameters at 99.200000%, a +0.200000 percentage-point margin over 99%. There have been 82 prior macro-attempts in this family and 672 prior micro-trials. The most recent accepted result is attempt-0185/micro-0002 at 1479 parameters and 99.200000%; the most recent failed result is attempt-0184/micro-0001 (discard, 98.040000%). This is a parameterization-preserving compression of block 0's pre-feed-forward normalization biases: union coordinates 14 and 1, values -0.0736862943 and -0.0573899411 (difference 1.630e-02), using a weighted mean and integer reconstruction. Hypothesis: additive centering has local redundancy distinct from the measured scale boundary, preserving qualification at 1,478 parameters. It is more informative than the next bias union (difference 1.654e-02) because it is the minimum-distortion isolated bias test; scales remain fixed. Official acceptance and rollback are unchanged.	0	0
attempt-0186	block0-preff-bias-skip-two-sensitive-pairs	micro-0001	4feea38358607b35ee8c81ea3d5999c8d130b74f	05875f033cfc959c59f855cfc2b634ebb11116fc	2026-08-17T13:03:42.335769+00:00	parameter tying	98.080000%	1478	discard	Union closest block-0 pre-FF norm biases 8 and 3	Family: parameter tying. Current retained frontier is 1,479 parameters at 99.200000%, a +0.200000 percentage-point margin over 99%. There have been 83 prior macro-attempts in this family and 673 prior micro-trials. The most recent accepted result is attempt-0185/micro-0002 at 1479 parameters and 99.200000%; the most recent failed result is attempt-0185/micro-0003 (discard, 98.750000%). This is a parameterization-preserving compression of block 0's pre-feed-forward normalization biases: union coordinates 8 and 3, values 0.0470397957 and 0.0635843351 (difference 1.654e-02), using a weighted mean and integer reconstruction. Hypothesis: additive centering has local redundancy distinct from the measured scale boundary, preserving qualification at 1,478 parameters. It is more informative than the next bias union (difference 1.690e-02) because it is the minimum-distortion isolated bias test; scales remain fixed. Official acceptance and rollback are unchanged.	0	0
attempt-0187	qkv-revisit-after-cross-tensor-compression	micro-0001	1482ce15263163befaab63627a680560efa371b0	05875f033cfc959c59f855cfc2b634ebb11116fc	2026-08-17T13:05:59.649449+00:00	parameter tying	99.190000%	1478	keep	Union closest shared-QKV scalar groups 34 and 42	Family: parameter tying. Current retained frontier is 1,479 parameters at 99.200000%, a +0.200000 percentage-point margin over 99%. There have been 84 prior macro-attempts in this family and 674 prior micro-trials. The most recent accepted result is attempt-0185/micro-0002 at 1,479 parameters and 99.20%; the most recent failed result is attempt-0186/micro-0001 (block-0 pre-FF bias pair 8/3 discarded at 98.08%). This is a parameterization-preserving compression of the depth-shared QKV transform: union flattened coordinates 34 and 42, whose learned values are -0.1585058868 and -0.1583363116 (difference 1.696e-04), with a multiplicity-weighted mean and integer reconstruction map. Hypothesis: the much larger attention tensor contains near-duplicate scalars below the token failure scale, so this union preserves qualification and yields 1,478 parameters. It is more informative than the next QKV union (difference 1.715e-04) because it is the minimum-distortion test at this new site. Acceptance and rollback remain solely governed by the official runner.	0	0
attempt-0187	qkv-revisit-after-cross-tensor-compression	micro-0002	c769a04a448fb506c66d95a0dd71f51ce50b9228	1482ce15263163befaab63627a680560efa371b0	2026-08-17T13:07:17.446638+00:00	parameter tying	99.190000%	1477	keep	Union closest shared-QKV scalar groups 52 and 283	Family: parameter tying. Current retained frontier is 1,478 parameters at 99.190000%, a +0.190000 percentage-point margin over 99%. There have been 84 prior macro-attempts in this family and 675 prior micro-trials. The most recent accepted result is attempt-0185/micro-0002 at 1,479 parameters and 99.20%; the most recent failed result is attempt-0186/micro-0001 (block-0 pre-FF bias pair 8/3 discarded at 98.08%). This is a parameterization-preserving compression of the depth-shared QKV transform: union flattened coordinates 52 and 283, whose learned values are -0.2213726938 and -0.2212011665 (difference 1.715e-04), with a multiplicity-weighted mean and integer reconstruction map. Hypothesis: the much larger attention tensor contains near-duplicate scalars below the token failure scale, so this union preserves qualification and yields 1,477 parameters. It is more informative than the next QKV union (difference 1.725e-04) because it is the minimum-distortion test at this new site. Acceptance and rollback remain solely governed by the official runner.	0	0
attempt-0187	qkv-revisit-after-cross-tensor-compression	micro-0003	410790f7cc8949a2b65cba40fac3edc469583b77	c769a04a448fb506c66d95a0dd71f51ce50b9228	2026-08-17T13:09:05.344328+00:00	parameter tying	99.190000%	1476	keep	Union closest shared-QKV scalar groups 401 and 54	Family: parameter tying. Current retained frontier is 1,477 parameters at 99.190000%, a +0.190000 percentage-point margin over 99%. There have been 84 prior macro-attempts in this family and 676 prior micro-trials. The most recent accepted result is attempt-0185/micro-0002 at 1,479 parameters and 99.20%; the most recent failed result is attempt-0186/micro-0001 (block-0 pre-FF bias pair 8/3 discarded at 98.08%). This is a parameterization-preserving compression of the depth-shared QKV transform: union flattened coordinates 401 and 54, whose learned values are 0.1618884504 and 0.1620609611 (difference 1.725e-04), with a multiplicity-weighted mean and integer reconstruction map. Hypothesis: the much larger attention tensor contains near-duplicate scalars below the token failure scale, so this union preserves qualification and yields 1,476 parameters. It is more informative than the next QKV union (difference 1.734e-04) because it is the minimum-distortion test at this new site. Acceptance and rollback remain solely governed by the official runner.	0	0
attempt-0187	qkv-revisit-after-cross-tensor-compression	micro-0004	54eeec710c39292e1222a8a6ba67982d69fce79c	410790f7cc8949a2b65cba40fac3edc469583b77	2026-08-17T13:10:21.638752+00:00	parameter tying	99.200000%	1475	keep	Union closest shared-QKV scalar groups 78 and 655	Family: parameter tying. Current retained frontier is 1,476 parameters at 99.190000%, a +0.190000 percentage-point margin over 99%. There have been 84 prior macro-attempts in this family and 677 prior micro-trials. The most recent accepted result is attempt-0185/micro-0002 at 1,479 parameters and 99.20%; the most recent failed result is attempt-0186/micro-0001 (block-0 pre-FF bias pair 8/3 discarded at 98.08%). This is a parameterization-preserving compression of the depth-shared QKV transform: union flattened coordinates 78 and 655, whose learned values are 0.0162400920 and 0.0164135173 (difference 1.734e-04), with a multiplicity-weighted mean and integer reconstruction map. Hypothesis: the much larger attention tensor contains near-duplicate scalars below the token failure scale, so this union preserves qualification and yields 1,475 parameters. It is more informative than the next QKV union (difference 1.736e-04) because it is the minimum-distortion test at this new site. Acceptance and rollback remain solely governed by the official runner.	0	0
attempt-0187	qkv-revisit-after-cross-tensor-compression	micro-0005	f3088fb0a10f92fc61e54739bbdc4ac7fcef45ac	54eeec710c39292e1222a8a6ba67982d69fce79c	2026-08-17T13:11:37.662994+00:00	parameter tying	99.190000%	1474	keep	Union closest shared-QKV scalar groups 529 and 127	Family: parameter tying. Current retained frontier is 1,475 parameters at 99.200000%, a +0.200000 percentage-point margin over 99%. There have been 84 prior macro-attempts in this family and 678 prior micro-trials. The most recent accepted result is attempt-0185/micro-0002 at 1,479 parameters and 99.20%; the most recent failed result is attempt-0186/micro-0001 (block-0 pre-FF bias pair 8/3 discarded at 98.08%). This is a parameterization-preserving compression of the depth-shared QKV transform: union flattened coordinates 529 and 127, whose learned values are 0.0084658004 and 0.0086393934 (difference 1.736e-04), with a multiplicity-weighted mean and integer reconstruction map. Hypothesis: the much larger attention tensor contains near-duplicate scalars below the token failure scale, so this union preserves qualification and yields 1,474 parameters. It is more informative than the next QKV union (difference 1.746e-04) because it is the minimum-distortion test at this new site. Acceptance and rollback remain solely governed by the official runner.	0	0
attempt-0187	qkv-revisit-after-cross-tensor-compression	micro-0006	045f8a71d8e2da67b8582ad23bc83e2dfa823496	f3088fb0a10f92fc61e54739bbdc4ac7fcef45ac	2026-08-17T13:12:55.900572+00:00	parameter tying	99.240000%	1473	keep	Union closest shared-QKV scalar groups 588 and 574	Family: parameter tying. Current retained frontier is 1,474 parameters at 99.190000%, a +0.190000 percentage-point margin over 99%. There have been 84 prior macro-attempts in this family and 679 prior micro-trials. The most recent accepted result is attempt-0185/micro-0002 at 1,479 parameters and 99.20%; the most recent failed result is attempt-0186/micro-0001 (block-0 pre-FF bias pair 8/3 discarded at 98.08%). This is a parameterization-preserving compression of the depth-shared QKV transform: union flattened coordinates 588 and 574, whose learned values are 0.0060047032 and 0.0061793095 (difference 1.746e-04), with a multiplicity-weighted mean and integer reconstruction map. Hypothesis: the much larger attention tensor contains near-duplicate scalars below the token failure scale, so this union preserves qualification and yields 1,473 parameters. It is more informative than the next QKV union (difference 1.760e-04) because it is the minimum-distortion test at this new site. Acceptance and rollback remain solely governed by the official runner.	0	0
attempt-0187	qkv-revisit-after-cross-tensor-compression	micro-0007	e488b1d033ff0288e83f6cffd819e2f9acfb242d	045f8a71d8e2da67b8582ad23bc83e2dfa823496	2026-08-17T13:14:13.224596+00:00	parameter tying	99.240000%	1472	keep	Union closest shared-QKV scalar groups 321 and 751	Family: parameter tying. Current retained frontier is 1,473 parameters at 99.240000%, a +0.240000 percentage-point margin over 99%. There have been 84 prior macro-attempts in this family and 680 prior micro-trials. The most recent accepted result is attempt-0185/micro-0002 at 1,479 parameters and 99.20%; the most recent failed result is attempt-0186/micro-0001 (block-0 pre-FF bias pair 8/3 discarded at 98.08%). This is a parameterization-preserving compression of the depth-shared QKV transform: union flattened coordinates 321 and 751, whose learned values are 0.0607213974 and 0.0608974174 (difference 1.760e-04), with a multiplicity-weighted mean and integer reconstruction map. Hypothesis: the much larger attention tensor contains near-duplicate scalars below the token failure scale, so this union preserves qualification and yields 1,472 parameters. It is more informative than the next QKV union (difference 1.764e-04) because it is the minimum-distortion test at this new site. Acceptance and rollback remain solely governed by the official runner.	0	0
attempt-0187	qkv-revisit-after-cross-tensor-compression	micro-0008	3162bf397b98df39b9ca55c9e15f8a152a23fa81	e488b1d033ff0288e83f6cffd819e2f9acfb242d	2026-08-17T13:15:29.228196+00:00	parameter tying	99.240000%	1471	keep	Union closest shared-QKV scalar groups 674 and 322	Family: parameter tying. Current retained frontier is 1,472 parameters at 99.240000%, a +0.240000 percentage-point margin over 99%. There have been 84 prior macro-attempts in this family and 681 prior micro-trials. The most recent accepted result is attempt-0185/micro-0002 at 1,479 parameters and 99.20%; the most recent failed result is attempt-0186/micro-0001 (block-0 pre-FF bias pair 8/3 discarded at 98.08%). This is a parameterization-preserving compression of the depth-shared QKV transform: union flattened coordinates 674 and 322, whose learned values are 0.0297093373 and 0.0298857801 (difference 1.764e-04), with a multiplicity-weighted mean and integer reconstruction map. Hypothesis: the much larger attention tensor contains near-duplicate scalars below the token failure scale, so this union preserves qualification and yields 1,471 parameters. It is more informative than the next QKV union (difference 1.775e-04) because it is the minimum-distortion test at this new site. Acceptance and rollback remain solely governed by the official runner.	0	0
attempt-0187	qkv-revisit-after-cross-tensor-compression	micro-0009	86d19bad576f3837fee5db7340433a9bb057009d	3162bf397b98df39b9ca55c9e15f8a152a23fa81	2026-08-17T13:16:52.860444+00:00	parameter tying	99.240000%	1470	keep	Union closest shared-QKV scalar groups 308 and 263	Family: parameter tying. Current retained frontier is 1,471 parameters at 99.240000%, a +0.240000 percentage-point margin over 99%. There have been 84 prior macro-attempts in this family and 682 prior micro-trials. The most recent accepted result is attempt-0185/micro-0002 at 1,479 parameters and 99.20%; the most recent failed result is attempt-0186/micro-0001 (block-0 pre-FF bias pair 8/3 discarded at 98.08%). This is a parameterization-preserving compression of the depth-shared QKV transform: union flattened coordinates 308 and 263, whose learned values are 0.1938502491 and 0.1940277368 (difference 1.775e-04), with a multiplicity-weighted mean and integer reconstruction map. Hypothesis: the much larger attention tensor contains near-duplicate scalars below the token failure scale, so this union preserves qualification and yields 1,470 parameters. It is more informative than the next QKV union (difference 1.786e-04) because it is the minimum-distortion test at this new site. Acceptance and rollback remain solely governed by the official runner.	0	0
attempt-0187	qkv-revisit-after-cross-tensor-compression	micro-0010	601c91c3c8bc7ed3b74f3a9dc2a771eea9ed441e	86d19bad576f3837fee5db7340433a9bb057009d	2026-08-17T13:18:10.362143+00:00	parameter tying	99.200000%	1469	keep	Union closest shared-QKV scalar groups 722 and 574	Family: parameter tying. Current retained frontier is 1,470 parameters at 99.240000%, a +0.240000 percentage-point margin over 99%. There have been 84 prior macro-attempts in this family and 683 prior micro-trials. The most recent accepted result is attempt-0185/micro-0002 at 1,479 parameters and 99.20%; the most recent failed result is attempt-0186/micro-0001 (block-0 pre-FF bias pair 8/3 discarded at 98.08%). This is a parameterization-preserving compression of the depth-shared QKV transform: union flattened coordinates 722 and 574, whose learned values are 0.0059133717 and 0.0060920063 (difference 1.786e-04), with a multiplicity-weighted mean and integer reconstruction map. Hypothesis: the much larger attention tensor contains near-duplicate scalars below the token failure scale, so this union preserves qualification and yields 1,469 parameters. It is more informative than the next QKV union (difference 1.796e-04) because it is the minimum-distortion test at this new site. Acceptance and rollback remain solely governed by the official runner.	0	0
attempt-0187	qkv-revisit-after-cross-tensor-compression	micro-0011	f94b60d6c9f345e6b9cd744b8e0fcfce055524b0	601c91c3c8bc7ed3b74f3a9dc2a771eea9ed441e	2026-08-17T13:19:25.387440+00:00	parameter tying	99.200000%	1468	keep	Union closest shared-QKV scalar groups 56 and 480	Family: parameter tying. Current retained frontier is 1,469 parameters at 99.200000%, a +0.200000 percentage-point margin over 99%. There have been 84 prior macro-attempts in this family and 684 prior micro-trials. The most recent accepted result is attempt-0185/micro-0002 at 1,479 parameters and 99.20%; the most recent failed result is attempt-0186/micro-0001 (block-0 pre-FF bias pair 8/3 discarded at 98.08%). This is a parameterization-preserving compression of the depth-shared QKV transform: union flattened coordinates 56 and 480, whose learned values are -0.1743875295 and -0.1742079705 (difference 1.796e-04), with a multiplicity-weighted mean and integer reconstruction map. Hypothesis: the much larger attention tensor contains near-duplicate scalars below the token failure scale, so this union preserves qualification and yields 1,468 parameters. It is more informative than the next QKV union (difference 1.801e-04) because it is the minimum-distortion test at this new site. Acceptance and rollback remain solely governed by the official runner.	0	0
attempt-0187	qkv-revisit-after-cross-tensor-compression	micro-0012	45a92f83105d020033f29fd204b88337b227d116	f94b60d6c9f345e6b9cd744b8e0fcfce055524b0	2026-08-17T13:20:44.740965+00:00	parameter tying	99.200000%	1467	keep	Union closest shared-QKV scalar groups 714 and 216	Family: parameter tying. Current retained frontier is 1,468 parameters at 99.200000%, a +0.200000 percentage-point margin over 99%. There have been 84 prior macro-attempts in this family and 685 prior micro-trials. The most recent accepted result is attempt-0185/micro-0002 at 1,479 parameters and 99.20%; the most recent failed result is attempt-0186/micro-0001 (block-0 pre-FF bias pair 8/3 discarded at 98.08%). This is a parameterization-preserving compression of the depth-shared QKV transform: union flattened coordinates 714 and 216, whose learned values are -0.0457247272 and -0.0455446206 (difference 1.801e-04), with a multiplicity-weighted mean and integer reconstruction map. Hypothesis: the much larger attention tensor contains near-duplicate scalars below the token failure scale, so this union preserves qualification and yields 1,467 parameters. It is more informative than the next QKV union (difference 1.926e-04) because it is the minimum-distortion test at this new site. Acceptance and rollback remain solely governed by the official runner.	0	0
attempt-0187	qkv-revisit-after-cross-tensor-compression	micro-0013	de97cdb7e762dbb5e3d76212c9735ad1b540e6d8	45a92f83105d020033f29fd204b88337b227d116	2026-08-17T13:22:03.699599+00:00	parameter tying	99.200000%	1466	keep	Union closest shared-QKV scalar groups 639 and 687	Family: parameter tying. Current retained frontier is 1,467 parameters at 99.200000%, a +0.200000 percentage-point margin over 99%. There have been 84 prior macro-attempts in this family and 686 prior micro-trials. The most recent accepted result is attempt-0185/micro-0002 at 1,479 parameters and 99.20%; the most recent failed result is attempt-0186/micro-0001 (block-0 pre-FF bias pair 8/3 discarded at 98.08%). This is a parameterization-preserving compression of the depth-shared QKV transform: union flattened coordinates 639 and 687, whose learned values are -0.0998875722 and -0.0996949449 (difference 1.926e-04), with a multiplicity-weighted mean and integer reconstruction map. Hypothesis: the much larger attention tensor contains near-duplicate scalars below the token failure scale, so this union preserves qualification and yields 1,466 parameters. It is more informative than the next QKV union (difference 1.938e-04) because it is the minimum-distortion test at this new site. Acceptance and rollback remain solely governed by the official runner.	0	0
attempt-0187	qkv-revisit-after-cross-tensor-compression	micro-0014	e0b862e9f0c5cf74520d3b6679188e9966c2ea60	de97cdb7e762dbb5e3d76212c9735ad1b540e6d8	2026-08-17T13:23:21.906901+00:00	parameter tying	99.200000%	1465	keep	Union closest shared-QKV scalar groups 708 and 303	Family: parameter tying. Current retained frontier is 1,466 parameters at 99.200000%, a +0.200000 percentage-point margin over 99%. There have been 84 prior macro-attempts in this family and 687 prior micro-trials. The most recent accepted result is attempt-0185/micro-0002 at 1,479 parameters and 99.20%; the most recent failed result is attempt-0186/micro-0001 (block-0 pre-FF bias pair 8/3 discarded at 98.08%). This is a parameterization-preserving compression of the depth-shared QKV transform: union flattened coordinates 708 and 303, whose learned values are -0.0056183636 and -0.0054245354 (difference 1.938e-04), with a multiplicity-weighted mean and integer reconstruction map. Hypothesis: the much larger attention tensor contains near-duplicate scalars below the token failure scale, so this union preserves qualification and yields 1,465 parameters. It is more informative than the next QKV union (difference 1.950e-04) because it is the minimum-distortion test at this new site. Acceptance and rollback remain solely governed by the official runner.	0	0
attempt-0187	qkv-revisit-after-cross-tensor-compression	micro-0015	b644f9b4d3637293c487348a35b4a099a54af829	e0b862e9f0c5cf74520d3b6679188e9966c2ea60	2026-08-17T13:24:39.704972+00:00	parameter tying	99.200000%	1464	keep	Union closest shared-QKV scalar groups 464 and 10	Family: parameter tying. Current retained frontier is 1,465 parameters at 99.200000%, a +0.200000 percentage-point margin over 99%. There have been 84 prior macro-attempts in this family and 688 prior micro-trials. The most recent accepted result is attempt-0185/micro-0002 at 1,479 parameters and 99.20%; the most recent failed result is attempt-0186/micro-0001 (block-0 pre-FF bias pair 8/3 discarded at 98.08%). This is a parameterization-preserving compression of the depth-shared QKV transform: union flattened coordinates 464 and 10, whose learned values are -0.0629736707 and -0.0627787039 (difference 1.950e-04), with a multiplicity-weighted mean and integer reconstruction map. Hypothesis: the much larger attention tensor contains near-duplicate scalars below the token failure scale, so this union preserves qualification and yields 1,464 parameters. It is more informative than the next QKV union (difference 1.953e-04) because it is the minimum-distortion test at this new site. Acceptance and rollback remain solely governed by the official runner.	0	0
attempt-0187	qkv-revisit-after-cross-tensor-compression	micro-0016	f1e9e85092bf92a6f964712b5cf8388f43ec7276	b644f9b4d3637293c487348a35b4a099a54af829	2026-08-17T13:25:57.373247+00:00	parameter tying	99.170000%	1463	keep	Union closest shared-QKV scalar groups 583 and 577	Family: parameter tying. Current retained frontier is 1,464 parameters at 99.200000%, a +0.200000 percentage-point margin over 99%. There have been 84 prior macro-attempts in this family and 689 prior micro-trials. The most recent accepted result is attempt-0185/micro-0002 at 1,479 parameters and 99.20%; the most recent failed result is attempt-0186/micro-0001 (block-0 pre-FF bias pair 8/3 discarded at 98.08%). This is a parameterization-preserving compression of the depth-shared QKV transform: union flattened coordinates 583 and 577, whose learned values are -0.0160971358 and -0.0159018170 (difference 1.953e-04), with a multiplicity-weighted mean and integer reconstruction map. Hypothesis: the much larger attention tensor contains near-duplicate scalars below the token failure scale, so this union preserves qualification and yields 1,463 parameters. It is more informative than the next QKV union (difference 1.954e-04) because it is the minimum-distortion test at this new site. Acceptance and rollback remain solely governed by the official runner.	0	0
attempt-0187	qkv-revisit-after-cross-tensor-compression	micro-0017	92348eb069346dfd481b8a1dff17da62367a6687	f1e9e85092bf92a6f964712b5cf8388f43ec7276	2026-08-17T13:27:23.608505+00:00	parameter tying	99.210000%	1462	keep	Union closest shared-QKV scalar groups 514 and 497	Family: parameter tying. Current retained frontier is 1,463 parameters at 99.170000%, a +0.170000 percentage-point margin over 99%. There have been 84 prior macro-attempts in this family and 690 prior micro-trials. The most recent accepted result is attempt-0185/micro-0002 at 1,479 parameters and 99.20%; the most recent failed result is attempt-0186/micro-0001 (block-0 pre-FF bias pair 8/3 discarded at 98.08%). This is a parameterization-preserving compression of the depth-shared QKV transform: union flattened coordinates 514 and 497, whose learned values are -0.0145190591 and -0.0143236127 (difference 1.954e-04), with a multiplicity-weighted mean and integer reconstruction map. Hypothesis: the much larger attention tensor contains near-duplicate scalars below the token failure scale, so this union preserves qualification and yields 1,462 parameters. It is more informative than the next QKV union (difference 1.959e-04) because it is the minimum-distortion test at this new site. Acceptance and rollback remain solely governed by the official runner.	0	0
attempt-0187	qkv-revisit-after-cross-tensor-compression	micro-0018	658a05ac79442c438dce79b9b7c5cd763751a865	92348eb069346dfd481b8a1dff17da62367a6687	2026-08-17T13:28:51.314745+00:00	parameter tying	99.210000%	1461	keep	Union closest shared-QKV scalar groups 300 and 469	Family: parameter tying. Current retained frontier is 1,462 parameters at 99.210000%, a +0.210000 percentage-point margin over 99%. There have been 84 prior macro-attempts in this family and 691 prior micro-trials. The most recent accepted result is attempt-0185/micro-0002 at 1,479 parameters and 99.20%; the most recent failed result is attempt-0186/micro-0001 (block-0 pre-FF bias pair 8/3 discarded at 98.08%). This is a parameterization-preserving compression of the depth-shared QKV transform: union flattened coordinates 300 and 469, whose learned values are 0.6248732209 and 0.6250690818 (difference 1.959e-04), with a multiplicity-weighted mean and integer reconstruction map. Hypothesis: the much larger attention tensor contains near-duplicate scalars below the token failure scale, so this union preserves qualification and yields 1,461 parameters. It is more informative than the next QKV union (difference 1.966e-04) because it is the minimum-distortion test at this new site. Acceptance and rollback remain solely governed by the official runner.	0	0
attempt-0187	qkv-revisit-after-cross-tensor-compression	micro-0019	b2bf1d92f0a19ca3ac8d1cf5426efed82c86e2dc	658a05ac79442c438dce79b9b7c5cd763751a865	2026-08-17T13:30:02.445285+00:00	parameter tying	99.210000%	1460	keep	Union closest shared-QKV scalar groups 370 and 499	Family: parameter tying. Current retained frontier is 1,461 parameters at 99.210000%, a +0.210000 percentage-point margin over 99%. There have been 84 prior macro-attempts in this family and 692 prior micro-trials. The most recent accepted result is attempt-0185/micro-0002 at 1,479 parameters and 99.20%; the most recent failed result is attempt-0186/micro-0001 (block-0 pre-FF bias pair 8/3 discarded at 98.08%). This is a parameterization-preserving compression of the depth-shared QKV transform: union flattened coordinates 370 and 499, whose learned values are 0.0328701213 and 0.0330667309 (difference 1.966e-04), with a multiplicity-weighted mean and integer reconstruction map. Hypothesis: the much larger attention tensor contains near-duplicate scalars below the token failure scale, so this union preserves qualification and yields 1,460 parameters. It is more informative than the next QKV union (difference 2.001e-04) because it is the minimum-distortion test at this new site. Acceptance and rollback remain solely governed by the official runner.	0	0
attempt-0187	qkv-revisit-after-cross-tensor-compression	micro-0020	a86d68b523740a382c63e2c86f61f40af5539686	b2bf1d92f0a19ca3ac8d1cf5426efed82c86e2dc	2026-08-17T13:31:16.582905+00:00	parameter tying	99.210000%	1459	keep	Union closest shared-QKV scalar groups 110 and 162	Family: parameter tying. Current retained frontier is 1,460 parameters at 99.210000%, a +0.210000 percentage-point margin over 99%. There have been 84 prior macro-attempts in this family and 693 prior micro-trials. The most recent accepted result is attempt-0185/micro-0002 at 1,479 parameters and 99.20%; the most recent failed result is attempt-0186/micro-0001 (block-0 pre-FF bias pair 8/3 discarded at 98.08%). This is a parameterization-preserving compression of the depth-shared QKV transform: union flattened coordinates 110 and 162, whose learned values are 0.5063167810 and 0.5065168738 (difference 2.001e-04), with a multiplicity-weighted mean and integer reconstruction map. Hypothesis: the much larger attention tensor contains near-duplicate scalars below the token failure scale, so this union preserves qualification and yields 1,459 parameters. It is more informative than the next QKV union (difference 2.031e-04) because it is the minimum-distortion test at this new site. Acceptance and rollback remain solely governed by the official runner.	0	0
attempt-0188	qkv-five-trial-continuation	micro-0001	120e65214496d5e61d46ea36b6cbdfa0418358b4	a86d68b523740a382c63e2c86f61f40af5539686	2026-08-17T13:33:20.479829+00:00	parameter tying	99.210000%	1458	keep	Union closest shared-QKV scalar groups 704 and 736	Family: parameter tying. Current retained frontier is 1,459 parameters at 99.210000%, a +0.210000 percentage-point margin over 99%. There have been 85 prior macro-attempts in this family and 694 prior micro-trials. The most recent accepted result is attempt-0185/micro-0002 at 1,479 parameters and 99.20%; the most recent failed result is attempt-0186/micro-0001 (block-0 pre-FF bias pair 8/3 discarded at 98.08%). This is a parameterization-preserving compression of the depth-shared QKV transform: union flattened coordinates 704 and 736, whose learned values are 0.0842205882 and 0.0844237134 (difference 2.031e-04), with a multiplicity-weighted mean and integer reconstruction map. Hypothesis: the much larger attention tensor contains near-duplicate scalars below the token failure scale, so this union preserves qualification and yields 1,458 parameters. It is more informative than the next QKV union (difference 2.039e-04) because it is the minimum-distortion test at this new site. Acceptance and rollback remain solely governed by the official runner.	0	0
attempt-0188	qkv-five-trial-continuation	micro-0002	dc447ee8fd0d081b048f79b302359545fe11ab29	120e65214496d5e61d46ea36b6cbdfa0418358b4	2026-08-17T13:34:36.200156+00:00	parameter tying	99.210000%	1457	keep	Union closest shared-QKV scalar groups 654 and 641	Family: parameter tying. Current retained frontier is 1,458 parameters at 99.210000%, a +0.210000 percentage-point margin over 99%. There have been 85 prior macro-attempts in this family and 695 prior micro-trials. The most recent accepted result is attempt-0185/micro-0002 at 1,479 parameters and 99.20%; the most recent failed result is attempt-0186/micro-0001 (block-0 pre-FF bias pair 8/3 discarded at 98.08%). This is a parameterization-preserving compression of the depth-shared QKV transform: union flattened coordinates 654 and 641, whose learned values are -0.0378057621 and -0.0376018994 (difference 2.039e-04), with a multiplicity-weighted mean and integer reconstruction map. Hypothesis: the much larger attention tensor contains near-duplicate scalars below the token failure scale, so this union preserves qualification and yields 1,457 parameters. It is more informative than the next QKV union (difference 2.067e-04) because it is the minimum-distortion test at this new site. Acceptance and rollback remain solely governed by the official runner.	0	0
attempt-0188	qkv-five-trial-continuation	micro-0003	7b86b6a653c53a8341066299a9b8a80e48f0af44	dc447ee8fd0d081b048f79b302359545fe11ab29	2026-08-17T13:35:53.850198+00:00	parameter tying	99.210000%	1456	keep	Union closest shared-QKV scalar groups 291 and 229	Family: parameter tying. Current retained frontier is 1,457 parameters at 99.210000%, a +0.210000 percentage-point margin over 99%. There have been 85 prior macro-attempts in this family and 696 prior micro-trials. The most recent accepted result is attempt-0185/micro-0002 at 1,479 parameters and 99.20%; the most recent failed result is attempt-0186/micro-0001 (block-0 pre-FF bias pair 8/3 discarded at 98.08%). This is a parameterization-preserving compression of the depth-shared QKV transform: union flattened coordinates 291 and 229, whose learned values are 0.1711508483 and 0.1713575572 (difference 2.067e-04), with a multiplicity-weighted mean and integer reconstruction map. Hypothesis: the much larger attention tensor contains near-duplicate scalars below the token failure scale, so this union preserves qualification and yields 1,456 parameters. It is more informative than the next QKV union (difference 2.121e-04) because it is the minimum-distortion test at this new site. Acceptance and rollback remain solely governed by the official runner.	0	0
attempt-0188	qkv-five-trial-continuation	micro-0004	cc408221f2861757f5ddd6c417dd8ff9a9fce64d	7b86b6a653c53a8341066299a9b8a80e48f0af44	2026-08-17T13:37:08.657163+00:00	parameter tying	99.210000%	1455	keep	Union closest shared-QKV scalar groups 142 and 659	Family: parameter tying. Current retained frontier is 1,456 parameters at 99.210000%, a +0.210000 percentage-point margin over 99%. There have been 85 prior macro-attempts in this family and 697 prior micro-trials. The most recent accepted result is attempt-0185/micro-0002 at 1,479 parameters and 99.20%; the most recent failed result is attempt-0186/micro-0001 (block-0 pre-FF bias pair 8/3 discarded at 98.08%). This is a parameterization-preserving compression of the depth-shared QKV transform: union flattened coordinates 142 and 659, whose learned values are 0.0581499562 and 0.0583620220 (difference 2.121e-04), with a multiplicity-weighted mean and integer reconstruction map. Hypothesis: the much larger attention tensor contains near-duplicate scalars below the token failure scale, so this union preserves qualification and yields 1,455 parameters. It is more informative than the next QKV union (difference 2.135e-04) because it is the minimum-distortion test at this new site. Acceptance and rollback remain solely governed by the official runner.	0	0
attempt-0188	qkv-five-trial-continuation	micro-0005	e3da88bd751cbdc51b33f9fe0c581ac995dc0c90	cc408221f2861757f5ddd6c417dd8ff9a9fce64d	2026-08-17T13:38:22.360240+00:00	parameter tying	99.210000%	1454	keep	Union closest shared-QKV scalar groups 410 and 219	Family: parameter tying. Current retained frontier is 1,455 parameters at 99.210000%, a +0.210000 percentage-point margin over 99%. There have been 85 prior macro-attempts in this family and 698 prior micro-trials. The most recent accepted result is attempt-0185/micro-0002 at 1,479 parameters and 99.20%; the most recent failed result is attempt-0186/micro-0001 (block-0 pre-FF bias pair 8/3 discarded at 98.08%). This is a parameterization-preserving compression of the depth-shared QKV transform: union flattened coordinates 410 and 219, whose learned values are -0.0933326781 and -0.0931191891 (difference 2.135e-04), with a multiplicity-weighted mean and integer reconstruction map. Hypothesis: the much larger attention tensor contains near-duplicate scalars below the token failure scale, so this union preserves qualification and yields 1,454 parameters. It is more informative than the next QKV union (difference 2.135e-04) because it is the minimum-distortion test at this new site. Acceptance and rollback remain solely governed by the official runner.	0	0
attempt-0189	ff-output-five-trial-revisit	micro-0001	6556cffb62bbba6c071d8fb3670dcbc5e7b25684	e3da88bd751cbdc51b33f9fe0c581ac995dc0c90	2026-08-17T13:40:43.174461+00:00	parameter tying	99.210000%	1453	keep	Union closest shared FF-output scalar groups 60 and 51	Family: parameter tying. Current retained frontier is 1,454 parameters at 99.210000%, a +0.210000 percentage-point margin over 99%. There have been 86 prior macro-attempts in this family and 699 prior micro-trials. The most recent accepted result is attempt-0188/micro-0005 at 1,454 parameters and 99.21%; the most recent failed result is attempt-0186/micro-0001 (normalization-bias pair 8/3 discarded at 98.08%). This is a parameterization-preserving compression of the depth-shared feed-forward output map: union flattened coordinates 60 and 51, values -0.1126351580 and -0.1117217839 (difference 9.134e-04), using a weighted mean and integer reconstruction. Hypothesis: residual-stream reconstruction contains near-duplicate scalars distinct from FF-input redundancy, preserving qualification at 1,453 parameters. It is more informative than the next FF-output union (difference 9.329e-04) because it is the minimum-distortion isolated test of the complementary FF map. Official acceptance and rollback are unchanged.	0	0
attempt-0189	ff-output-five-trial-revisit	micro-0002	d451d6ca20bba6f38b4650d398eb7f2650453905	6556cffb62bbba6c071d8fb3670dcbc5e7b25684	2026-08-17T13:42:05.252157+00:00	parameter tying	99.150000%	1452	keep	Union closest shared FF-output scalar groups 201 and 18	Family: parameter tying. Current retained frontier is 1,453 parameters at 99.210000%, a +0.210000 percentage-point margin over 99%. There have been 86 prior macro-attempts in this family and 700 prior micro-trials. The most recent accepted result is attempt-0188/micro-0005 at 1,454 parameters and 99.21%; the most recent failed result is attempt-0186/micro-0001 (normalization-bias pair 8/3 discarded at 98.08%). This is a parameterization-preserving compression of the depth-shared feed-forward output map: union flattened coordinates 201 and 18, values 0.0193385109 and 0.0202713683 (difference 9.329e-04), using a weighted mean and integer reconstruction. Hypothesis: residual-stream reconstruction contains near-duplicate scalars distinct from FF-input redundancy, preserving qualification at 1,452 parameters. It is more informative than the next FF-output union (difference 9.933e-04) because it is the minimum-distortion isolated test of the complementary FF map. Official acceptance and rollback are unchanged.	0	0
attempt-0189	ff-output-five-trial-revisit	micro-0003	456a9cbad2b763ea44ad0133a7fcce4adc390a4c	d451d6ca20bba6f38b4650d398eb7f2650453905	2026-08-17T13:43:19.312068+00:00	parameter tying	99.190000%	1451	keep	Union closest shared FF-output scalar groups 114 and 180	Family: parameter tying. Current retained frontier is 1,452 parameters at 99.150000%, a +0.150000 percentage-point margin over 99%. There have been 86 prior macro-attempts in this family and 701 prior micro-trials. The most recent accepted result is attempt-0188/micro-0005 at 1,454 parameters and 99.21%; the most recent failed result is attempt-0186/micro-0001 (normalization-bias pair 8/3 discarded at 98.08%). This is a parameterization-preserving compression of the depth-shared feed-forward output map: union flattened coordinates 114 and 180, values -0.0288736690 and -0.0278803911 (difference 9.933e-04), using a weighted mean and integer reconstruction. Hypothesis: residual-stream reconstruction contains near-duplicate scalars distinct from FF-input redundancy, preserving qualification at 1,451 parameters. It is more informative than the next FF-output union (difference 9.978e-04) because it is the minimum-distortion isolated test of the complementary FF map. Official acceptance and rollback are unchanged.	0	0
attempt-0189	ff-output-five-trial-revisit	micro-0004	d0fc15a7c5df0b40e5a915af616d83a5a4575072	456a9cbad2b763ea44ad0133a7fcce4adc390a4c	2026-08-17T13:44:40.344176+00:00	parameter tying	99.040000%	1450	keep	Union closest shared FF-output scalar groups 114 and 59	Family: parameter tying. Current retained frontier is 1,451 parameters at 99.190000%, a +0.190000 percentage-point margin over 99%. There have been 86 prior macro-attempts in this family and 702 prior micro-trials. The most recent accepted result is attempt-0188/micro-0005 at 1,454 parameters and 99.21%; the most recent failed result is attempt-0186/micro-0001 (normalization-bias pair 8/3 discarded at 98.08%). This is a parameterization-preserving compression of the depth-shared feed-forward output map: union flattened coordinates 114 and 59, values -0.0285425764 and -0.0276771858 (difference 8.654e-04), using a weighted mean and integer reconstruction. Hypothesis: residual-stream reconstruction contains near-duplicate scalars distinct from FF-input redundancy, preserving qualification at 1,450 parameters. It is more informative than the next FF-output union (difference 9.978e-04) because it is the minimum-distortion isolated test of the complementary FF map. Official acceptance and rollback are unchanged.	0	0
attempt-0189	ff-output-five-trial-revisit	micro-0005	50a194415599b9b29ac668b48b4620ab4a1f14e1	d0fc15a7c5df0b40e5a915af616d83a5a4575072	2026-08-17T13:45:58.425612+00:00	parameter tying	98.960000%	1449	discard	Union closest shared FF-output scalar groups 57 and 0	Family: parameter tying. Current retained frontier is 1,450 parameters at 99.040000%, a +0.040000 percentage-point margin over 99%. There have been 86 prior macro-attempts in this family and 703 prior micro-trials. The most recent accepted result is attempt-0188/micro-0005 at 1,454 parameters and 99.21%; the most recent failed result is attempt-0186/micro-0001 (normalization-bias pair 8/3 discarded at 98.08%). This is a parameterization-preserving compression of the depth-shared feed-forward output map: union flattened coordinates 57 and 0, values 0.0549184643 and 0.0559163019 (difference 9.978e-04), using a weighted mean and integer reconstruction. Hypothesis: residual-stream reconstruction contains near-duplicate scalars distinct from FF-input redundancy, preserving qualification at 1,449 parameters. It is more informative than the next FF-output union (difference 1.016e-03) because it is the minimum-distortion isolated test of the complementary FF map. Official acceptance and rollback are unchanged.	0	0
attempt-0190	ff-input-five-trial-revisit	micro-0001	18e7400f1c6478c72dd05097a82e44cbf524f2eb	d0fc15a7c5df0b40e5a915af616d83a5a4575072	2026-08-17T13:48:02.550305+00:00	parameter tying	99.030000%	1449	keep	Union closest shared FF-input scalar groups 129 and 128	Family: parameter tying. Current retained frontier is 1,450 parameters at 99.040000%, a +0.040000 percentage-point margin over 99%. There have been 87 prior macro-attempts in this family and 704 prior micro-trials. The most recent accepted result is attempt-0189/micro-0004 at 1450 parameters and 99.040000%; the most recent failed result is attempt-0189/micro-0005 (discard, 98.960000%). This is a parameterization-preserving compression of the depth-shared feed-forward input map: union flattened coordinates 129 and 128, values 0.2184612751 and 0.2189936340 (difference 5.324e-04), using a weighted mean and integer reconstruction. Hypothesis: nonlinear feature construction contains near-duplicate scalars independent of QKV redundancy, preserving qualification at 1,449 parameters. It is more informative than the next FF-input union (difference 5.382e-04) because it is the minimum-distortion isolated test at this new mechanism site. Official acceptance and rollback are unchanged.	0	0
attempt-0190	ff-input-five-trial-revisit	micro-0002	e7c7ef35fe9da2750984d757cd6dadbb1aad4ea1	18e7400f1c6478c72dd05097a82e44cbf524f2eb	2026-08-17T13:49:21.366635+00:00	parameter tying	99.020000%	1448	keep	Union closest shared FF-input scalar groups 41 and 159	Family: parameter tying. Current retained frontier is 1,449 parameters at 99.030000%, a +0.030000 percentage-point margin over 99%. There have been 87 prior macro-attempts in this family and 705 prior micro-trials. The most recent accepted result is attempt-0190/micro-0001 at 1449 parameters and 99.030000%; the most recent failed result is attempt-0189/micro-0005 (discard, 98.960000%). This is a parameterization-preserving compression of the depth-shared feed-forward input map: union flattened coordinates 41 and 159, values -0.0582801551 and -0.0577419139 (difference 5.382e-04), using a weighted mean and integer reconstruction. Hypothesis: nonlinear feature construction contains near-duplicate scalars independent of QKV redundancy, preserving qualification at 1,448 parameters. It is more informative than the next FF-input union (difference 5.406e-04) because it is the minimum-distortion isolated test at this new mechanism site. Official acceptance and rollback are unchanged.	0	0
attempt-0190	ff-input-five-trial-revisit	micro-0003	e0faa5ae317c02cc37d575d514dd35427bc73350	e7c7ef35fe9da2750984d757cd6dadbb1aad4ea1	2026-08-17T13:50:41.999615+00:00	parameter tying	99.030000%	1447	keep	Union closest shared FF-input scalar groups 235 and 56	Family: parameter tying. Current retained frontier is 1,448 parameters at 99.020000%, a +0.020000 percentage-point margin over 99%. There have been 87 prior macro-attempts in this family and 706 prior micro-trials. The most recent accepted result is attempt-0190/micro-0002 at 1448 parameters and 99.020000%; the most recent failed result is attempt-0189/micro-0005 (discard, 98.960000%). This is a parameterization-preserving compression of the depth-shared feed-forward input map: union flattened coordinates 235 and 56, values 0.0251302868 and 0.0256709103 (difference 5.406e-04), using a weighted mean and integer reconstruction. Hypothesis: nonlinear feature construction contains near-duplicate scalars independent of QKV redundancy, preserving qualification at 1,447 parameters. It is more informative than the next FF-input union (difference 5.532e-04) because it is the minimum-distortion isolated test at this new mechanism site. Official acceptance and rollback are unchanged.	0	0
attempt-0190	ff-input-five-trial-revisit	micro-0004	be6a5030583c79e10622e0e1d8d792029cee3f1d	e0faa5ae317c02cc37d575d514dd35427bc73350	2026-08-17T13:51:57.463892+00:00	parameter tying	99.030000%	1446	keep	Union closest shared FF-input scalar groups 5 and 49	Family: parameter tying. Current retained frontier is 1,447 parameters at 99.030000%, a +0.030000 percentage-point margin over 99%. There have been 87 prior macro-attempts in this family and 707 prior micro-trials. The most recent accepted result is attempt-0190/micro-0003 at 1447 parameters and 99.030000%; the most recent failed result is attempt-0189/micro-0005 (discard, 98.960000%). This is a parameterization-preserving compression of the depth-shared feed-forward input map: union flattened coordinates 5 and 49, values -0.1007174775 and -0.1001643091 (difference 5.532e-04), using a weighted mean and integer reconstruction. Hypothesis: nonlinear feature construction contains near-duplicate scalars independent of QKV redundancy, preserving qualification at 1,446 parameters. It is more informative than the next FF-input union (difference 5.643e-04) because it is the minimum-distortion isolated test at this new mechanism site. Official acceptance and rollback are unchanged.	0	0
attempt-0190	ff-input-five-trial-revisit	micro-0005	00947b23ac6e15be44538474fa0868c7504e55fe	be6a5030583c79e10622e0e1d8d792029cee3f1d	2026-08-17T13:53:20.259725+00:00	parameter tying	99.040000%	1445	keep	Union closest shared FF-input scalar groups 217 and 218	Family: parameter tying. Current retained frontier is 1,446 parameters at 99.030000%, a +0.030000 percentage-point margin over 99%. There have been 87 prior macro-attempts in this family and 708 prior micro-trials. The most recent accepted result is attempt-0190/micro-0004 at 1446 parameters and 99.030000%; the most recent failed result is attempt-0189/micro-0005 (discard, 98.960000%). This is a parameterization-preserving compression of the depth-shared feed-forward input map: union flattened coordinates 217 and 218, values 0.0155541776 and 0.0161185041 (difference 5.643e-04), using a weighted mean and integer reconstruction. Hypothesis: nonlinear feature construction contains near-duplicate scalars independent of QKV redundancy, preserving qualification at 1,445 parameters. It is more informative than the next FF-input union (difference 5.731e-04) because it is the minimum-distortion isolated test at this new mechanism site. Official acceptance and rollback are unchanged.	0	0
attempt-0191	token-three-trial-revisit	micro-0001	a2ed48fc2d77cc7b377d3fb6cf79929462dfb267	00947b23ac6e15be44538474fa0868c7504e55fe	2026-08-17T13:55:45.506570+00:00	parameter tying	99.040000%	1444	keep	Union closest token-matrix scalar groups 4 and 162	Family: parameter tying. Current retained frontier is 1,445 parameters at 99.040000%, a +0.040000 percentage-point margin over 99%. There have been 88 prior macro-attempts in this family and 709 prior micro-trials. The most recent accepted result is attempt-0190/micro-0005 at 1445 parameters and 99.040000%; the most recent failed result is attempt-0189/micro-0005 (discard, 98.960000%). This is a parameterization-preserving compression of the tied input/output token matrix: union groups represented by flattened coordinates 4 and 162, whose values are 0.0315440930 and 0.0318314619 (difference 2.874e-04), using a multiplicity-weighted mean and one integer reconstruction map. Hypothesis: token scalars have a different sensitivity structure from the positional table and this minimum-distortion union preserves qualification while yielding 1,444 parameters. It is more informative than the next eligible token union (difference 2.892e-04) because it is the least perturbing test at this new tensor site. Acceptance and rollback remain solely governed by the official runner.	0	0
attempt-0191	token-three-trial-revisit	micro-0002	d3bc2136ed9ca925708384d9941e844d0207c30b	a2ed48fc2d77cc7b377d3fb6cf79929462dfb267	2026-08-17T13:57:03.570041+00:00	parameter tying	99.040000%	1443	keep	Union closest token-matrix scalar groups 140 and 161	Family: parameter tying. Current retained frontier is 1,444 parameters at 99.040000%, a +0.040000 percentage-point margin over 99%. There have been 88 prior macro-attempts in this family and 710 prior micro-trials. The most recent accepted result is attempt-0191/micro-0001 at 1444 parameters and 99.040000%; the most recent failed result is attempt-0189/micro-0005 (discard, 98.960000%). This is a parameterization-preserving compression of the tied input/output token matrix: union groups represented by flattened coordinates 140 and 161, whose values are 0.0038956304 and 0.0041848314 (difference 2.892e-04), using a multiplicity-weighted mean and one integer reconstruction map. Hypothesis: token scalars have a different sensitivity structure from the positional table and this minimum-distortion union preserves qualification while yielding 1,443 parameters. It is more informative than the next eligible token union (difference 3.238e-04) because it is the least perturbing test at this new tensor site. Acceptance and rollback remain solely governed by the official runner.	0	0
attempt-0191	token-three-trial-revisit	micro-0003	923ed6b3d0d7741d502c582ed5656aecf15c37a0	d3bc2136ed9ca925708384d9941e844d0207c30b	2026-08-17T13:58:20.601949+00:00	parameter tying	99.060000%	1442	keep	Union closest token-matrix scalar groups 17 and 37	Family: parameter tying. Current retained frontier is 1,443 parameters at 99.040000%, a +0.040000 percentage-point margin over 99%. There have been 88 prior macro-attempts in this family and 711 prior micro-trials. The most recent accepted result is attempt-0191/micro-0002 at 1443 parameters and 99.040000%; the most recent failed result is attempt-0189/micro-0005 (discard, 98.960000%). This is a parameterization-preserving compression of the tied input/output token matrix: union groups represented by flattened coordinates 17 and 37, whose values are 0.0175426248 and 0.0178664736 (difference 3.238e-04), using a multiplicity-weighted mean and one integer reconstruction map. Hypothesis: token scalars have a different sensitivity structure from the positional table and this minimum-distortion union preserves qualification while yielding 1,442 parameters. It is more informative than the next eligible token union (difference 3.546e-04) because it is the least perturbing test at this new tensor site. Acceptance and rollback remain solely governed by the official runner.	0	0
attempt-0192	position-three-trial-revisit	micro-0001	c3f3ecf5587af584419e6f50f840a3cdb6749793	923ed6b3d0d7741d502c582ed5656aecf15c37a0	2026-08-17T14:00:32.612310+00:00	parameter tying	99.060000%	1441	keep	Union closest position groups 16 and 17	Family: parameter tying. Current retained frontier is 1,442 parameters at 99.060000%, a +0.060000 percentage-point margin over 99%. There have been 89 prior macro-attempts in this family and 712 prior micro-trials. The most recent accepted result is attempt-0191/micro-0003 at 1442 parameters and 99.060000%; the most recent failed result is attempt-0189/micro-0005 (discard, 98.960000%). This is a parameterization-preserving compression: union current position groups represented by coordinates 16 and 17, whose learned values are 0.0330455899 and 0.0335068330 (absolute difference 4.612e-04), using a multiplicity-weighted mean. Hypothesis: this preserves qualification and yields 1,441 parameters. It is more informative than the nearest untested alternative (difference 4.710e-04) because it is the minimum-distortion eligible union; exact pairs already rejected under the unchanged grouping are excluded. Acceptance and rollback remain solely governed by the official runner.	0	0
attempt-0192	position-three-trial-revisit	micro-0002	5223dd05763202fce777d065c4324ae3db3217f6	c3f3ecf5587af584419e6f50f840a3cdb6749793	2026-08-17T14:02:15.543316+00:00	parameter tying	99.050000%	1440	keep	Union closest position groups 268 and 12	Family: parameter tying. Current retained frontier is 1,441 parameters at 99.060000%, a +0.060000 percentage-point margin over 99%. There have been 89 prior macro-attempts in this family and 713 prior micro-trials. The most recent accepted result is attempt-0192/micro-0001 at 1441 parameters and 99.060000%; the most recent failed result is attempt-0189/micro-0005 (discard, 98.960000%). This is a parameterization-preserving compression: union current position groups represented by coordinates 268 and 12, whose learned values are 0.0548642911 and 0.0553352423 (absolute difference 4.710e-04), using a multiplicity-weighted mean. Hypothesis: this preserves qualification and yields 1,440 parameters. It is more informative than the nearest untested alternative (difference 4.749e-04) because it is the minimum-distortion eligible union; exact pairs already rejected under the unchanged grouping are excluded. Acceptance and rollback remain solely governed by the official runner.	0	0
attempt-0192	position-three-trial-revisit	micro-0003	08de250fbf12c37ab353e602a524027af53cbbc7	5223dd05763202fce777d065c4324ae3db3217f6	2026-08-17T14:03:50.832136+00:00	parameter tying	99.060000%	1439	keep	Union closest position groups 236 and 357	Family: parameter tying. Current retained frontier is 1,440 parameters at 99.050000%, a +0.050000 percentage-point margin over 99%. There have been 89 prior macro-attempts in this family and 714 prior micro-trials. The most recent accepted result is attempt-0192/micro-0002 at 1440 parameters and 99.050000%; the most recent failed result is attempt-0189/micro-0005 (discard, 98.960000%). This is a parameterization-preserving compression: union current position groups represented by coordinates 236 and 357, whose learned values are 0.0319925994 and 0.0324674770 (absolute difference 4.749e-04), using a multiplicity-weighted mean. Hypothesis: this preserves qualification and yields 1,439 parameters. It is more informative than the nearest untested alternative (difference 4.753e-04) because it is the minimum-distortion eligible union; exact pairs already rejected under the unchanged grouping are excluded. Acceptance and rollback remain solely governed by the official runner.	0	0
attempt-0193	qkv-final-band-one	micro-0001	2ac0955cda9f5d077abad70c8ba70478688b9d08	08de250fbf12c37ab353e602a524027af53cbbc7	2026-08-17T14:06:12.933621+00:00	parameter tying	99.120000%	1438	keep	Union closest shared-QKV scalar groups 610 and 620	Family: parameter tying. Current retained frontier is 1,439 parameters at 99.060000%, a +0.060000 percentage-point margin over 99%. There have been 90 prior macro-attempts in this family and 715 prior micro-trials. The most recent accepted result is attempt-0185/micro-0002 at 1,479 parameters and 99.20%; the most recent failed result is attempt-0186/micro-0001 (block-0 pre-FF bias pair 8/3 discarded at 98.08%). This is a parameterization-preserving compression of the depth-shared QKV transform: union flattened coordinates 610 and 620, whose learned values are -0.0168875810 and -0.0166740753 (difference 2.135e-04), with a multiplicity-weighted mean and integer reconstruction map. Hypothesis: the much larger attention tensor contains near-duplicate scalars below the token failure scale, so this union preserves qualification and yields 1,438 parameters. It is more informative than the next QKV union (difference 2.153e-04) because it is the minimum-distortion test at this new site. Acceptance and rollback remain solely governed by the official runner.	0	0
attempt-0193	qkv-final-band-one	micro-0002	647417b4648be65736b23e24b99345a7f873cb43	2ac0955cda9f5d077abad70c8ba70478688b9d08	2026-08-17T14:07:53.763949+00:00	parameter tying	99.130000%	1437	keep	Union closest shared-QKV scalar groups 758 and 550	Family: parameter tying. Current retained frontier is 1,438 parameters at 99.120000%, a +0.120000 percentage-point margin over 99%. There have been 90 prior macro-attempts in this family and 716 prior micro-trials. The most recent accepted result is attempt-0185/micro-0002 at 1,479 parameters and 99.20%; the most recent failed result is attempt-0186/micro-0001 (block-0 pre-FF bias pair 8/3 discarded at 98.08%). This is a parameterization-preserving compression of the depth-shared QKV transform: union flattened coordinates 758 and 550, whose learned values are 0.0380637683 and 0.0382790230 (difference 2.153e-04), with a multiplicity-weighted mean and integer reconstruction map. Hypothesis: the much larger attention tensor contains near-duplicate scalars below the token failure scale, so this union preserves qualification and yields 1,437 parameters. It is more informative than the next QKV union (difference 2.160e-04) because it is the minimum-distortion test at this new site. Acceptance and rollback remain solely governed by the official runner.	0	0
attempt-0193	qkv-final-band-one	micro-0003	4741929407b3884858779a29fc2c44f701564092	647417b4648be65736b23e24b99345a7f873cb43	2026-08-17T14:09:19.158537+00:00	parameter tying	99.130000%	1436	keep	Union closest shared-QKV scalar groups 17 and 486	Family: parameter tying. Current retained frontier is 1,437 parameters at 99.130000%, a +0.130000 percentage-point margin over 99%. There have been 90 prior macro-attempts in this family and 717 prior micro-trials. The most recent accepted result is attempt-0185/micro-0002 at 1,479 parameters and 99.20%; the most recent failed result is attempt-0186/micro-0001 (block-0 pre-FF bias pair 8/3 discarded at 98.08%). This is a parameterization-preserving compression of the depth-shared QKV transform: union flattened coordinates 17 and 486, whose learned values are 0.1215052977 and 0.1217212602 (difference 2.160e-04), with a multiplicity-weighted mean and integer reconstruction map. Hypothesis: the much larger attention tensor contains near-duplicate scalars below the token failure scale, so this union preserves qualification and yields 1,436 parameters. It is more informative than the next QKV union (difference 2.189e-04) because it is the minimum-distortion test at this new site. Acceptance and rollback remain solely governed by the official runner.	0	0
attempt-0194	ffout-final-band-one	micro-0001	52b4742d0d8905544e124e414cde7543004cb092	4741929407b3884858779a29fc2c44f701564092	2026-08-17T14:12:13.389428+00:00	parameter tying	99.090000%	1435	keep	Union closest shared FF-output scalar groups 76 and 6	Family: parameter tying. Current retained frontier is 1,436 parameters at 99.130000%, a +0.130000 percentage-point margin over 99%. There have been 91 prior macro-attempts in this family and 718 prior micro-trials. The most recent accepted result is attempt-0193/micro-0003 at 1,436 parameters and 99.13%; the most recent failed result is attempt-0189/micro-0005 (FF-output pair 57/0 discarded at 98.96%). This is a parameterization-preserving compression of the depth-shared feed-forward output map: union flattened coordinates 76 and 6, values 0.0015740934 and 0.0025901438 (difference 1.016e-03), using a weighted mean and integer reconstruction. Hypothesis: residual-stream reconstruction contains near-duplicate scalars distinct from FF-input redundancy, preserving qualification at 1,435 parameters. It is more informative than the next FF-output union (difference 1.059e-03) because it is the minimum-distortion isolated test of the complementary FF map. Official acceptance and rollback are unchanged.	0	0
attempt-0194	ffout-final-band-one	micro-0002	b11b704da94fbbf8092cc8c716d90ba196d27ce9	52b4742d0d8905544e124e414cde7543004cb092	2026-08-17T14:13:47.379323+00:00	parameter tying	98.910000%	1434	discard	Union closest shared FF-output scalar groups 106 and 12	Family: parameter tying. Current retained frontier is 1,435 parameters at 99.090000%, a +0.090000 percentage-point margin over 99%. There have been 91 prior macro-attempts in this family and 719 prior micro-trials. The most recent accepted result is attempt-0193/micro-0003 at 1,436 parameters and 99.13%; the most recent failed result is attempt-0189/micro-0005 (FF-output pair 57/0 discarded at 98.96%). This is a parameterization-preserving compression of the depth-shared feed-forward output map: union flattened coordinates 106 and 12, values 0.0785530284 and 0.0796122104 (difference 1.059e-03), using a weighted mean and integer reconstruction. Hypothesis: residual-stream reconstruction contains near-duplicate scalars distinct from FF-input redundancy, preserving qualification at 1,434 parameters. It is more informative than the next FF-output union (difference 1.078e-03) because it is the minimum-distortion isolated test of the complementary FF map. Official acceptance and rollback are unchanged.	0	0
attempt-0195	ffin-final-band-one	micro-0001	5ee3fe2975f696ebc3bc04d0db40fd34e255695a	52b4742d0d8905544e124e414cde7543004cb092	2026-08-17T14:16:17.770608+00:00	parameter tying	99.090000%	1434	keep	Union closest shared FF-input scalar groups 191 and 206	Family: parameter tying. Current retained frontier is 1,435 parameters at 99.090000%, a +0.090000 percentage-point margin over 99%. There have been 92 prior macro-attempts in this family and 720 prior micro-trials. The most recent accepted result is attempt-0194/micro-0001 at 1435 parameters and 99.090000%; the most recent failed result is attempt-0194/micro-0002 (discard, 98.910000%). This is a parameterization-preserving compression of the depth-shared feed-forward input map: union flattened coordinates 191 and 206, values 0.3336564004 and 0.3342294693 (difference 5.731e-04), using a weighted mean and integer reconstruction. Hypothesis: nonlinear feature construction contains near-duplicate scalars independent of QKV redundancy, preserving qualification at 1,434 parameters. It is more informative than the next FF-input union (difference 5.772e-04) because it is the minimum-distortion isolated test at this new mechanism site. Official acceptance and rollback are unchanged.	0	0
attempt-0195	ffin-final-band-one	micro-0002	d26e6f1bc8465b8b570a1c9a8cdc511e4791c977	5ee3fe2975f696ebc3bc04d0db40fd34e255695a	2026-08-17T14:17:52.515260+00:00	parameter tying	99.100000%	1433	keep	Union closest shared FF-input scalar groups 29 and 131	Family: parameter tying. Current retained frontier is 1,434 parameters at 99.090000%, a +0.090000 percentage-point margin over 99%. There have been 92 prior macro-attempts in this family and 721 prior micro-trials. The most recent accepted result is attempt-0195/micro-0001 at 1434 parameters and 99.090000%; the most recent failed result is attempt-0194/micro-0002 (discard, 98.910000%). This is a parameterization-preserving compression of the depth-shared feed-forward input map: union flattened coordinates 29 and 131, values -0.0309215058 and -0.0303442813 (difference 5.772e-04), using a weighted mean and integer reconstruction. Hypothesis: nonlinear feature construction contains near-duplicate scalars independent of QKV redundancy, preserving qualification at 1,433 parameters. It is more informative than the next FF-input union (difference 6.225e-04) because it is the minimum-distortion isolated test at this new mechanism site. Official acceptance and rollback are unchanged.	0	0
attempt-0195	ffin-final-band-one	micro-0003	1e7f82f56cad50c70442178db8ace6201121936d	d26e6f1bc8465b8b570a1c9a8cdc511e4791c977	2026-08-17T14:19:28.159130+00:00	parameter tying	99.060000%	1432	keep	Union closest shared FF-input scalar groups 190 and 85	Family: parameter tying. Current retained frontier is 1,433 parameters at 99.100000%, a +0.100000 percentage-point margin over 99%. There have been 92 prior macro-attempts in this family and 722 prior micro-trials. The most recent accepted result is attempt-0195/micro-0002 at 1433 parameters and 99.100000%; the most recent failed result is attempt-0194/micro-0002 (discard, 98.910000%). This is a parameterization-preserving compression of the depth-shared feed-forward input map: union flattened coordinates 190 and 85, values 0.0412872955 and 0.0419098437 (difference 6.225e-04), using a weighted mean and integer reconstruction. Hypothesis: nonlinear feature construction contains near-duplicate scalars independent of QKV redundancy, preserving qualification at 1,432 parameters. It is more informative than the next FF-input union (difference 6.274e-04) because it is the minimum-distortion isolated test at this new mechanism site. Official acceptance and rollback are unchanged.	0	0
attempt-0196	token-final-band-one	micro-0001	497e4ddf11f0c873ae162c98b87c6fa8b13553b7	1e7f82f56cad50c70442178db8ace6201121936d	2026-08-17T14:21:58.964260+00:00	parameter tying	99.070000%	1431	keep	Union closest token-matrix scalar groups 96 and 1	Family: parameter tying. Current retained frontier is 1,432 parameters at 99.060000%, a +0.060000 percentage-point margin over 99%. There have been 93 prior macro-attempts in this family and 723 prior micro-trials. The most recent accepted result is attempt-0195/micro-0003 at 1432 parameters and 99.060000%; the most recent failed result is attempt-0194/micro-0002 (discard, 98.910000%). This is a parameterization-preserving compression of the tied input/output token matrix: union groups represented by flattened coordinates 96 and 1, whose values are -0.2205629200 and -0.2202083170 (difference 3.546e-04), using a multiplicity-weighted mean and one integer reconstruction map. Hypothesis: token scalars have a different sensitivity structure from the positional table and this minimum-distortion union preserves qualification while yielding 1,431 parameters. It is more informative than the next eligible token union (difference 3.589e-04) because it is the least perturbing test at this new tensor site. Acceptance and rollback remain solely governed by the official runner.	0	0
attempt-0196	token-final-band-one	micro-0002	64d21e1e51731bb3cd16524004d70a6dd7ed1984	497e4ddf11f0c873ae162c98b87c6fa8b13553b7	2026-08-17T14:23:22.285104+00:00	parameter tying	99.040000%	1430	keep	Union closest token-matrix scalar groups 142 and 52	Family: parameter tying. Current retained frontier is 1,431 parameters at 99.070000%, a +0.070000 percentage-point margin over 99%. There have been 93 prior macro-attempts in this family and 724 prior micro-trials. The most recent accepted result is attempt-0196/micro-0001 at 1431 parameters and 99.070000%; the most recent failed result is attempt-0194/micro-0002 (discard, 98.910000%). This is a parameterization-preserving compression of the tied input/output token matrix: union groups represented by flattened coordinates 142 and 52, whose values are 0.0023909302 and 0.0027498596 (difference 3.589e-04), using a multiplicity-weighted mean and one integer reconstruction map. Hypothesis: token scalars have a different sensitivity structure from the positional table and this minimum-distortion union preserves qualification while yielding 1,430 parameters. It is more informative than the next eligible token union (difference 3.680e-04) because it is the least perturbing test at this new tensor site. Acceptance and rollback remain solely governed by the official runner.	0	0
attempt-0196	token-final-band-one	micro-0003	57876961063cdf322f8b6f115306c220088b0df0	64d21e1e51731bb3cd16524004d70a6dd7ed1984	2026-08-17T14:24:46.609206+00:00	parameter tying	99.080000%	1429	keep	Union closest token-matrix scalar groups 95 and 159	Family: parameter tying. Current retained frontier is 1,430 parameters at 99.040000%, a +0.040000 percentage-point margin over 99%. There have been 93 prior macro-attempts in this family and 725 prior micro-trials. The most recent accepted result is attempt-0196/micro-0002 at 1430 parameters and 99.040000%; the most recent failed result is attempt-0194/micro-0002 (discard, 98.910000%). This is a parameterization-preserving compression of the tied input/output token matrix: union groups represented by flattened coordinates 95 and 159, whose values are 0.0460733622 and 0.0464413203 (difference 3.680e-04), using a multiplicity-weighted mean and one integer reconstruction map. Hypothesis: token scalars have a different sensitivity structure from the positional table and this minimum-distortion union preserves qualification while yielding 1,429 parameters. It is more informative than the next eligible token union (difference 3.730e-04) because it is the least perturbing test at this new tensor site. Acceptance and rollback remain solely governed by the official runner.	0	0
attempt-0197	position-final-band-two	micro-0001	89c5d38648ad224b853380d4a7fc46edc362c0ca	57876961063cdf322f8b6f115306c220088b0df0	2026-08-17T14:27:12.953481+00:00	parameter tying	99.070000%	1428	keep	Union closest position groups 318 and 232	Family: parameter tying. Current retained frontier is 1,429 parameters at 99.080000%, a +0.080000 percentage-point margin over 99%. There have been 94 prior macro-attempts in this family and 726 prior micro-trials. The most recent accepted result is attempt-0196/micro-0003 at 1429 parameters and 99.080000%; the most recent failed result is attempt-0194/micro-0002 (discard, 98.910000%). This is a parameterization-preserving compression: union current position groups represented by coordinates 318 and 232, whose learned values are 0.0253077652 and 0.0257830992 (absolute difference 4.753e-04), using a multiplicity-weighted mean. Hypothesis: this preserves qualification and yields 1,428 parameters. It is more informative than the nearest untested alternative (difference 4.760e-04) because it is the minimum-distortion eligible union; exact pairs already rejected under the unchanged grouping are excluded. Acceptance and rollback remain solely governed by the official runner.	0	0
attempt-0197	position-final-band-two	micro-0002	6fe4609f27e0abaaab08f934b0d1e5b632afd03c	89c5d38648ad224b853380d4a7fc46edc362c0ca	2026-08-17T14:28:59.224661+00:00	parameter tying	99.070000%	1427	keep	Union closest position groups 5 and 395	Family: parameter tying. Current retained frontier is 1,428 parameters at 99.070000%, a +0.070000 percentage-point margin over 99%. There have been 94 prior macro-attempts in this family and 727 prior micro-trials. The most recent accepted result is attempt-0197/micro-0001 at 1428 parameters and 99.070000%; the most recent failed result is attempt-0194/micro-0002 (discard, 98.910000%). This is a parameterization-preserving compression: union current position groups represented by coordinates 5 and 395, whose learned values are -0.0337204635 and -0.0332444310 (absolute difference 4.760e-04), using a multiplicity-weighted mean. Hypothesis: this preserves qualification and yields 1,427 parameters. It is more informative than the nearest untested alternative (difference 4.764e-04) because it is the minimum-distortion eligible union; exact pairs already rejected under the unchanged grouping are excluded. Acceptance and rollback remain solely governed by the official runner.	0	0
attempt-0197	position-final-band-two	micro-0003	34420fca22080a8b9a0270fe9d1b03dd30ab5081	6fe4609f27e0abaaab08f934b0d1e5b632afd03c	2026-08-17T14:30:45.387751+00:00	parameter tying	99.100000%	1426	keep	Union closest position groups 47 and 71	Family: parameter tying. Current retained frontier is 1,427 parameters at 99.070000%, a +0.070000 percentage-point margin over 99%. There have been 94 prior macro-attempts in this family and 728 prior micro-trials. The most recent accepted result is attempt-0197/micro-0002 at 1427 parameters and 99.070000%; the most recent failed result is attempt-0194/micro-0002 (discard, 98.910000%). This is a parameterization-preserving compression: union current position groups represented by coordinates 47 and 71, whose learned values are -0.0242707171 and -0.0237943586 (absolute difference 4.764e-04), using a multiplicity-weighted mean. Hypothesis: this preserves qualification and yields 1,426 parameters. It is more informative than the nearest untested alternative (difference 4.792e-04) because it is the minimum-distortion eligible union; exact pairs already rejected under the unchanged grouping are excluded. Acceptance and rollback remain solely governed by the official runner.	0	0
attempt-0198	qkv-final-band-two	micro-0001	a2d88dea96a62043b73ce4668fead6bc6ba7ae45	34420fca22080a8b9a0270fe9d1b03dd30ab5081	2026-08-17T14:33:04.753884+00:00	parameter tying	99.100000%	1425	keep	Union closest shared-QKV scalar groups 563 and 519	Family: parameter tying. Current retained frontier is 1,426 parameters at 99.100000%, a +0.100000 percentage-point margin over 99%. There have been 95 prior macro-attempts in this family and 729 prior micro-trials. The most recent accepted result is attempt-0197/micro-0003 at 1426 parameters and 99.100000%; the most recent failed result is attempt-0194/micro-0002 (discard, 98.910000%). This is a parameterization-preserving compression of the depth-shared QKV transform: union flattened coordinates 563 and 519, whose learned values are -0.0327741317 and -0.0325552002 (difference 2.189e-04), with a multiplicity-weighted mean and integer reconstruction map. Hypothesis: the much larger attention tensor contains near-duplicate scalars below the token failure scale, so this union preserves qualification and yields 1,425 parameters. It is more informative than the next QKV union (difference 2.287e-04) because it is the minimum-distortion test at this new site. Acceptance and rollback remain solely governed by the official runner.	0	0
attempt-0198	qkv-final-band-two	micro-0002	6c9f5ca770c0e017a6b1cb6a7104b4b6dd0573fa	a2d88dea96a62043b73ce4668fead6bc6ba7ae45	2026-08-17T14:34:26.117162+00:00	parameter tying	99.100000%	1424	keep	Union closest shared-QKV scalar groups 4 and 461	Family: parameter tying. Current retained frontier is 1,425 parameters at 99.100000%, a +0.100000 percentage-point margin over 99%. There have been 95 prior macro-attempts in this family and 730 prior micro-trials. The most recent accepted result is attempt-0198/micro-0001 at 1425 parameters and 99.100000%; the most recent failed result is attempt-0194/micro-0002 (discard, 98.910000%). This is a parameterization-preserving compression of the depth-shared QKV transform: union flattened coordinates 4 and 461, whose learned values are -0.2411482483 and -0.2409195602 (difference 2.287e-04), with a multiplicity-weighted mean and integer reconstruction map. Hypothesis: the much larger attention tensor contains near-duplicate scalars below the token failure scale, so this union preserves qualification and yields 1,424 parameters. It is more informative than the next QKV union (difference 2.299e-04) because it is the minimum-distortion test at this new site. Acceptance and rollback remain solely governed by the official runner.	0	0
attempt-0198	qkv-final-band-two	micro-0003	70c2609476d6ccaa4c1c3308ba011571d88a7f23	6c9f5ca770c0e017a6b1cb6a7104b4b6dd0573fa	2026-08-17T14:35:45.305524+00:00	parameter tying	99.080000%	1423	keep	Union closest shared-QKV scalar groups 753 and 554	Family: parameter tying. Current retained frontier is 1,424 parameters at 99.100000%, a +0.100000 percentage-point margin over 99%. There have been 95 prior macro-attempts in this family and 731 prior micro-trials. The most recent accepted result is attempt-0198/micro-0002 at 1424 parameters and 99.100000%; the most recent failed result is attempt-0194/micro-0002 (discard, 98.910000%). This is a parameterization-preserving compression of the depth-shared QKV transform: union flattened coordinates 753 and 554, whose learned values are -0.0371283107 and -0.0368984453 (difference 2.299e-04), with a multiplicity-weighted mean and integer reconstruction map. Hypothesis: the much larger attention tensor contains near-duplicate scalars below the token failure scale, so this union preserves qualification and yields 1,423 parameters. It is more informative than the next QKV union (difference 2.356e-04) because it is the minimum-distortion test at this new site. Acceptance and rollback remain solely governed by the official runner.	0	0
attempt-0199	ffout-final-band-two	micro-0001	e72f7611b7db0e58592041a10827518a1b2b3f0c	70c2609476d6ccaa4c1c3308ba011571d88a7f23	2026-08-17T14:37:54.788136+00:00	parameter tying	99.150000%	1422	keep	Union closest shared FF-output scalar groups 55 and 87	Family: parameter tying. Current retained frontier is 1,423 parameters at 99.080000%, a +0.080000 percentage-point margin over 99%. There have been 96 prior macro-attempts in this family and 732 prior micro-trials. The most recent accepted result is attempt-0198/micro-0003 at 1423 parameters and 99.080000%; the most recent failed result is attempt-0194/micro-0002 (discard, 98.910000%). This is a parameterization-preserving compression of the depth-shared feed-forward output map: union flattened coordinates 55 and 87, values 0.0051350105 and 0.0062126732 (difference 1.078e-03), using a weighted mean and integer reconstruction. Hypothesis: residual-stream reconstruction contains near-duplicate scalars distinct from FF-input redundancy, preserving qualification at 1,422 parameters. It is more informative than the next FF-output union (difference 1.099e-03) because it is the minimum-distortion isolated test of the complementary FF map. Official acceptance and rollback are unchanged.	0	0
attempt-0199	ffout-final-band-two	micro-0002	2c1eaf4710bd068f176309324136ee2c5a80a483	e72f7611b7db0e58592041a10827518a1b2b3f0c	2026-08-17T14:39:03.992349+00:00	parameter tying	99.130000%	1421	keep	Union closest shared FF-output scalar groups 190 and 206	Family: parameter tying. Current retained frontier is 1,422 parameters at 99.150000%, a +0.150000 percentage-point margin over 99%. There have been 96 prior macro-attempts in this family and 733 prior micro-trials. The most recent accepted result is attempt-0199/micro-0001 at 1422 parameters and 99.150000%; the most recent failed result is attempt-0194/micro-0002 (discard, 98.910000%). This is a parameterization-preserving compression of the depth-shared feed-forward output map: union flattened coordinates 190 and 206, values -0.0061834818 and -0.0050844797 (difference 1.099e-03), using a weighted mean and integer reconstruction. Hypothesis: residual-stream reconstruction contains near-duplicate scalars distinct from FF-input redundancy, preserving qualification at 1,421 parameters. It is more informative than the next FF-output union (difference 1.106e-03) because it is the minimum-distortion isolated test of the complementary FF map. Official acceptance and rollback are unchanged.	0	0
attempt-0199	ffout-final-band-two	micro-0003	66e7669074bd7d135324b92fc42925a7c95dd86f	2c1eaf4710bd068f176309324136ee2c5a80a483	2026-08-17T14:40:41.879361+00:00	parameter tying	99.050000%	1420	keep	Union closest shared FF-output scalar groups 220 and 9	Family: parameter tying. Current retained frontier is 1,421 parameters at 99.130000%, a +0.130000 percentage-point margin over 99%. There have been 96 prior macro-attempts in this family and 734 prior micro-trials. The most recent accepted result is attempt-0199/micro-0002 at 1421 parameters and 99.130000%; the most recent failed result is attempt-0194/micro-0002 (discard, 98.910000%). This is a parameterization-preserving compression of the depth-shared feed-forward output map: union flattened coordinates 220 and 9, values 0.0137743028 and 0.0148801170 (difference 1.106e-03), using a weighted mean and integer reconstruction. Hypothesis: residual-stream reconstruction contains near-duplicate scalars distinct from FF-input redundancy, preserving qualification at 1,420 parameters. It is more informative than the next FF-output union (difference 1.129e-03) because it is the minimum-distortion isolated test of the complementary FF map. Official acceptance and rollback are unchanged.	0	0
attempt-0200	ffin-final-band-two	micro-0001	c34c364a05debe82b192fe0af2cba1e30ad34730	66e7669074bd7d135324b92fc42925a7c95dd86f	2026-08-17T14:42:38.496439+00:00	parameter tying	99.060000%	1419	keep	Union closest shared FF-input scalar groups 45 and 193	Family: parameter tying. Current retained frontier is 1,420 parameters at 99.050000%, a +0.050000 percentage-point margin over 99%. There have been 97 prior macro-attempts in this family and 735 prior micro-trials. The most recent accepted result is attempt-0199/micro-0003 at 1420 parameters and 99.050000%; the most recent failed result is attempt-0194/micro-0002 (discard, 98.910000%). This is a parameterization-preserving compression of the depth-shared feed-forward input map: union flattened coordinates 45 and 193, values 0.1019892916 and 0.1026166752 (difference 6.274e-04), using a weighted mean and integer reconstruction. Hypothesis: nonlinear feature construction contains near-duplicate scalars independent of QKV redundancy, preserving qualification at 1,419 parameters. It is more informative than the next FF-input union (difference 6.440e-04) because it is the minimum-distortion isolated test at this new mechanism site. Official acceptance and rollback are unchanged.	0	0
attempt-0200	ffin-final-band-two	micro-0002	c5957d2623fe02ab87e31eb573281399f6c78757	c34c364a05debe82b192fe0af2cba1e30ad34730	2026-08-17T14:43:55.882747+00:00	parameter tying	99.030000%	1418	keep	Union closest shared FF-input scalar groups 84 and 236	Family: parameter tying. Current retained frontier is 1,419 parameters at 99.060000%, a +0.060000 percentage-point margin over 99%. There have been 97 prior macro-attempts in this family and 736 prior micro-trials. The most recent accepted result is attempt-0200/micro-0001 at 1419 parameters and 99.060000%; the most recent failed result is attempt-0194/micro-0002 (discard, 98.910000%). This is a parameterization-preserving compression of the depth-shared feed-forward input map: union flattened coordinates 84 and 236, values -0.0154203745 and -0.0147763835 (difference 6.440e-04), using a weighted mean and integer reconstruction. Hypothesis: nonlinear feature construction contains near-duplicate scalars independent of QKV redundancy, preserving qualification at 1,418 parameters. It is more informative than the next FF-input union (difference 6.841e-04) because it is the minimum-distortion isolated test at this new mechanism site. Official acceptance and rollback are unchanged.	0	0
attempt-0200	ffin-final-band-two	micro-0003	553f9516e9e7deed44b63d56a58f41296dc07460	c5957d2623fe02ab87e31eb573281399f6c78757	2026-08-17T14:45:14.083275+00:00	parameter tying	99.030000%	1417	keep	Union closest shared FF-input scalar groups 133 and 155	Family: parameter tying. Current retained frontier is 1,418 parameters at 99.030000%, a +0.030000 percentage-point margin over 99%. There have been 97 prior macro-attempts in this family and 737 prior micro-trials. The most recent accepted result is attempt-0200/micro-0002 at 1418 parameters and 99.030000%; the most recent failed result is attempt-0194/micro-0002 (discard, 98.910000%). This is a parameterization-preserving compression of the depth-shared feed-forward input map: union flattened coordinates 133 and 155, values 0.1928634644 and 0.1935475767 (difference 6.841e-04), using a weighted mean and integer reconstruction. Hypothesis: nonlinear feature construction contains near-duplicate scalars independent of QKV redundancy, preserving qualification at 1,417 parameters. It is more informative than the next FF-input union (difference 6.886e-04) because it is the minimum-distortion isolated test at this new mechanism site. Official acceptance and rollback are unchanged.	0	0
