attempt_id	commit	parent_commit	timestamp_utc	accuracy	parameters	status	description	proposal	train_exit	verify_exit
baseline	0ff01258f419ac9ba45186a0e4dac6f558810fbb		2026-08-16T02:20:47.607540+00:00	100.000000%	6080	keep	initial 6080-parameter pretrained starting model	baseline qualification check		0
attempt-0001	ff0794a701a77bb0aac8d842cd1cd702c8115fd1	0ff01258f419ac9ba45186a0e4dac6f558810fbb	2026-08-16T02:34:34.084872+00:00			error	Reduce both feed-forward hidden widths from 48 to 44	Family: feed-forward width. Current retained frontier is 6,080 parameters at 100.000000%, a +1.000000 percentage-point margin over 99%. There are 0 prior attempts in this family; consequently there is no most recent accepted result and no most recent failed result in-family. Hypothesis: the conventional two-layer GELU feed-forward sublayers are over-width, so reducing ff_dim 48->44 is parameterization-preserving compression that should remove 256 parameters while retaining qualification. This is more informative than the nearest untested ff_dim=46 because the larger step gives a clearer initial capacity signal while remaining only an 8.3% FF-width reduction. A pre-attempt infrastructure failure caused by sandboxed Git index access was repaired before any training, score, result row, or budget consumption.	0	
attempt-0002	e02f8b8d22ef03b7cb5b30830606996ecf675be4	0ff01258f419ac9ba45186a0e4dac6f558810fbb	2026-08-16T02:47:37.147270+00:00	99.900000%	5824	keep	Retrain ff_dim 44 with 45000-step cosine horizon and 99.9% checkpoint early stop	Family: training control. Current retained frontier is 6,080 parameters at 100.000000%, a +1.000000 percentage-point margin over 99%. There are 0 prior attempts in this family, so no most recent accepted or failed in-family result exists. Attempt-0001 in feed-forward width was an optimization failure: the valid 5,824-parameter ff_dim=44 candidate trained for 30,000 steps, reached 98.85% internal validation, produced no checkpoint, and received no official score. Hypothesis: capacity is plausible but the original cosine schedule annealed before crossing the checkpoint threshold; extending its horizon to 45,000 steps and stopping after an existing internal test checkpoint reaches 99.9% repairs the same intended candidate without altering its parameterization. This is more informative than the nearest untested ff_dim=46 retry because it distinguishes schedule limitation from width capacity at the already observed near-threshold architecture.	0	0
attempt-0003	9ab9cc034e122d4ef21f4d5aa8768e24d7ba85cb	e02f8b8d22ef03b7cb5b30830606996ecf675be4	2026-08-16T03:36:24.422914+00:00			error	Factor learned absolute positions through a four-dimensional code	Family: position representation. Current retained frontier is 5,824 parameters at 99.900000%, a +0.900000 percentage-point margin over 99%. There are 0 prior attempts in this family, so there is no most recent accepted or failed in-family result. Hypothesis: the 35 learned 16-dimensional absolute position vectors occupy a much lower-dimensional task-relevant subspace; replacing them with learned 4-dimensional position codes plus one shared bias-free projection is a representational change that removes 356 parameters while preserving adaptable absolute positions. This is more informative than the nearest untested fixed sinusoidal alternative because it directly tests positional rank while avoiding the confound of eliminating learned positional adaptation entirely. The preceding attempt-0002 accepted the current frontier under the repaired 45,000-step training control.	0	
attempt-0004	fbf9987bcce0305c82eca7bd97b20f755b26955e	e02f8b8d22ef03b7cb5b30830606996ecf675be4	2026-08-16T03:41:16.397148+00:00			error	Use an eight-dimensional learned positional subspace without a learned projection	Family: position representation. Current retained frontier is 5,824 parameters at 99.900000%, a +0.900000 percentage-point margin over 99%. There has been 1 prior attempt in this family. There is no accepted in-family result; the most recent failed result is attempt-0003, an optimization failure whose 4D learned-code/shared-projection representation plateaued at 11.45% internal validation with no checkpoint or official score. Hypothesis: the failure reflects either insufficient rank or the multiplicative bottleneck; an 8D learned position table embedded directly by zero-padding removes 280 parameters while doubling rank and eliminating the learned projection. This representational change is more informative than the nearest untested rank-6 factorization because it cleanly separates positional rank from projection optimization. Based on the prior accepted model's 96.90% validation versus attempt-0003's 4.95% at step 15,000, a fixed below-50% early-abort boundary limits compute on clearly stalled optimization without changing successful paths.	0	
attempt-0005	4b08a3409e29dddc4b1b3208912a374e2d1b0145	e02f8b8d22ef03b7cb5b30830606996ecf675be4	2026-08-16T03:46:05.987756+00:00	99.930000%	5792	keep	Interleave LSB-first operand digits and remove the unused plus token	Family: token representation. Current retained frontier is 5,824 parameters at 99.900000%, a +0.900000 percentage-point margin over 99%. There are 0 prior attempts in this family, so no most recent accepted or failed in-family result exists. Attempts-0003 and -0004 were position-representation optimization failures and motivate changing mechanism rather than further rank reduction. Hypothesis: arranging each least-significant-first operand column as adjacent token pairs gives attention a simpler column-local input geometry; removing the redundant plus separator/token coherently shortens the sequence by one and removes one tied vocabulary vector, yielding 5,792 parameters. This is a representational change, not pruning. It is more informative than the nearest untested alternative of merely reversing the two operand blocks because interleaving directly tests whether column adjacency improves the learned addition mechanism. A step-15,000 below-50% validation abort, calibrated from the accepted path versus the two stalled paths, bounds clearly failed optimization.	0	0
attempt-0006	23005957ac48942f60f6e39cbcf3fb7c4aacaab2	4b08a3409e29dddc4b1b3208912a374e2d1b0145	2026-08-16T03:52:01.968737+00:00	99.880000%	5024	keep	Reduce interleaved model feed-forward width from 44 to 32	Family: feed-forward width. Current retained frontier is 5,792 parameters at 99.930000%, a +0.930000 percentage-point margin over 99%. There has been 1 prior attempt in this family. There is no accepted result labeled in-family; the most recent failed result is attempt-0001, an optimization failure for ff_dim=44 under the original separated operand representation, which reached 98.85% internal validation without a checkpoint. Attempt-0005 subsequently changed token geometry and reached a 99.97% internal checkpoint by step 9,000. Hypothesis: adjacent interleaved digit columns reduce nonlinear routing demand enough to shrink both GELU hidden widths from 44 to 32, a parameterization-preserving compression removing 768 parameters. This is more informative than the nearest untested ff_dim=38 because the observed fourfold convergence acceleration supports a decisive width-slack probe; the retained step-15,000 abort bounds a stall.	0	0
attempt-0007	cae5ff02118e954a2f0f839538cc2f8f87668ca4	23005957ac48942f60f6e39cbcf3fb7c4aacaab2	2026-08-16T03:59:43.936390+00:00	99.980000%	4512	keep	Reduce interleaved model feed-forward width from 32 to 24	Family: feed-forward width. Current retained frontier is 5,024 parameters at 99.880000%, a +0.880000 percentage-point margin over 99%. There have been 2 prior attempts in this family. The most recent accepted in-family result is attempt-0006, ff_dim=32 at 5,024 parameters and 99.88% official accuracy; the most recent failed result is attempt-0001, an optimization failure for ff_dim=44 under the superseded separated-token representation with no official score. Hypothesis: the interleaved geometry retains further nonlinear-width slack, so reducing ff_dim 32->24 is parameterization-preserving compression that removes 512 parameters while leaving attention and representation unchanged. This is more informative than the nearest untested ff_dim=28 because a 25% cut establishes a clearer lower-capacity boundary after width 32 still achieved a 99.93% internal checkpoint at step 15,000.	0	0
attempt-0008	fad4c4f10ecd274c5c13b006249551ad5cfb5826	cae5ff02118e954a2f0f839538cc2f8f87668ca4	2026-08-16T04:07:43.652382+00:00	99.920000%	4000	keep	Reduce interleaved model feed-forward width from 24 to 16	Family: feed-forward width. Current retained frontier is 4,512 parameters at 99.980000%, a +0.980000 percentage-point margin over 99%. There have been 3 prior attempts in this family. The most recent accepted result is attempt-0007, ff_dim=24 at 4,512 parameters and 99.98% official accuracy; the most recent failed result is attempt-0001, an optimization failure under the superseded separated-token representation with no official score. Hypothesis: the interleaved model may not require an expanding FF hidden state; reducing ff_dim 24->16 is parameterization-preserving compression that removes 512 parameters and tests a square d_model-to-FF mapping. This is more informative than the nearest untested ff_dim=20 because width 24 retained a 0.98-point official margin and a decisive step exposes whether expansion itself is necessary before changing attention organization.	0	0
attempt-0009	48f1bd089a2da52dff44847b9269a102cb055a26	fad4c4f10ecd274c5c13b006249551ad5cfb5826	2026-08-16T04:21:31.726779+00:00	99.630000%	3488	keep	Reduce interleaved model feed-forward width from 16 to 8	Family: feed-forward width. Current retained frontier is 4,000 parameters at 99.920000%, a +0.920000 percentage-point margin over 99%. There have been 4 prior attempts in this family. The most recent accepted result is attempt-0008, ff_dim=16 at 4,000 parameters and 99.92% official accuracy; the most recent failed result remains attempt-0001, an optimization failure under the superseded separated-token representation with no official score. Hypothesis: interleaved column alignment may permit an 8D nonlinear bottleneck in each block; reducing ff_dim 16->8 is parameterization-preserving compression removing 512 parameters. This is more informative than the nearest untested ff_dim=12 because it tests whether half-model-width nonlinear state is viable after square width qualified. Since width 16 transitioned near step 12,000 and checkpointed at 24,000, the stalled-run observation gate moves from step 15,000 to 20,000 to avoid censoring a plausibly delayed transition while retaining a bounded stop.	0	0
attempt-0010	badd8ccecbee70e145ee174ad90ac327145c9f46	48f1bd089a2da52dff44847b9269a102cb055a26	2026-08-16T04:33:43.810311+00:00			error	Reduce interleaved model feed-forward width from 8 to 4	Family: feed-forward width. Current retained frontier is 3,488 parameters at 99.630000%, a +0.630000 percentage-point margin over 99%. There have been 5 prior attempts in this family. The most recent accepted result is attempt-0009, ff_dim=8 at 3,488 parameters and 99.63% official accuracy; the most recent failed result is attempt-0001, an optimization failure under the superseded separated-token representation with no official score. Hypothesis: a 4D nonlinear bottleneck may still encode the small carry-state computation while attention preserves the 16D residual stream; reducing ff_dim 8->4 is parameterization-preserving compression removing 256 parameters. This is more informative than the nearest untested ff_dim=6 because halving establishes a clear bottleneck boundary after width 8 required the full 45,000-step schedule and achieved only 99.58% on the existing internal test checkpoint. The 20,000-step below-50% stalled-run gate remains fixed.	0	
attempt-0011	557f35da9272defb902a0ac79e1b06d58b9b0a35	48f1bd089a2da52dff44847b9269a102cb055a26	2026-08-16T04:45:27.999323+00:00			error	Test midpoint feed-forward bottleneck width 6	Family: feed-forward width. Current retained frontier is 3,488 parameters at 99.630000%, a +0.630000 percentage-point margin over 99%. There have been 6 prior attempts in this family. The most recent accepted result is attempt-0009, ff_dim=8 at 3,488 parameters and 99.63% official accuracy; the most recent failed result is attempt-0010, an optimization failure for ff_dim=4 that ended at 90.65% internal validation without a checkpoint or official score. Hypothesis: the width-capacity transition lies between 4 and 8, and a 6D nonlinear state may retain the carry mechanism while removing 128 parameters. This parameterization-preserving midpoint is more informative than the nearest untested ff_dim=7 because it bisects the measured bracket and maximizes boundary information per full training run. Training schedule and step-20,000 stalled-run gate remain unchanged.	0	
attempt-0012	f0e2523a02c9b23b63c4859b588649999c48438d	48f1bd089a2da52dff44847b9269a102cb055a26	2026-08-16T04:58:10.031415+00:00	99.180000%	3424	keep	Test final feed-forward bottleneck boundary at width 7	Family: feed-forward width. Current retained frontier is 3,488 parameters at 99.630000%, a +0.630000 percentage-point margin over 99%. There have been 7 prior attempts in this family. The most recent accepted result is attempt-0009, ff_dim=8 at 3,488 parameters and 99.63% official accuracy; the most recent failed result is attempt-0011, an optimization failure for ff_dim=6 that reached 98.65% internal validation without a checkpoint or official score. Hypothesis: the capacity transition may occur at the single remaining integer width 7; reducing ff_dim 8->7 is parameterization-preserving compression removing 64 parameters. This is more informative than any nearest alternative in the family because it completes the exact bracket between accepted width 8 and failed width 6 under identical representation, schedule, and stopping conditions.	0	0
attempt-0013	198db00e35e1a42a13c64b65ae6e8d077f45619e	f0e2523a02c9b23b63c4859b588649999c48438d	2026-08-16T05:04:16.091716+00:00			error	Remove fixed-layout delimiter and unused padding token	Family: token representation. Current retained frontier is 3,424 parameters at 99.180000%, a +0.180000 percentage-point margin over 99%. There has been 1 prior attempt in this family. The most recent accepted result is attempt-0005, which introduced interleaved LSB-first operand pairs and removed the plus token at 5,792 parameters and 99.93% official accuracy; there is no failed in-family result. Hypothesis: absolute positions already mark the fixed input/output boundary, so the equals delimiter and wholly unused PAD vocabulary vector add no necessary representational information; removing both saves two tied vocabulary vectors and one position row, yielding 3,376 parameters. This combines delimiter removal (representational change) with unused-vector compression. It is more informative than the nearest untested PAD-only deletion because it tests whether the fixed boundary is implicit while still preserving BOS/EOS and generic greedy decoding. Feed-forward width remains at the accepted boundary 7.	0	
attempt-0014	56e9ea9fb5947a9f6b94e7769994e102c361e220	f0e2523a02c9b23b63c4859b588649999c48438d	2026-08-16T05:09:49.674126+00:00			error	Remove the unused padding vocabulary vector	Family: token representation. Current retained frontier is 3,424 parameters at 99.180000%, a +0.180000 percentage-point margin over 99%. There have been 2 prior attempts in this family. The most recent accepted result is attempt-0005, the interleaved LSB-first representation at 5,792 parameters and 99.93% official accuracy; the most recent failed result is attempt-0013, an optimization failure where removing both equals and PAD plateaued near 6.10% validation and produced no official score. Hypothesis: that failure identifies the equals delimiter as useful, while PAD is never present in any fixed-length training or inference sequence; deleting only PAD is parameterization-preserving compression that removes one tied 16D vocabulary vector, yielding 3,408 parameters without changing token streams. This is more informative than the nearest untested EOS removal because it isolates a provably unused parameter from a functional decoding symbol at the fragile width-7 frontier.	0	
attempt-0015	a79774abe7f1d24bcb074f3e4a1ab76761bebd6d	f0e2523a02c9b23b63c4859b588649999c48438d	2026-08-16T05:11:59.370790+00:00	99.180000%	3408	keep	Excise unused PAD row from retained checkpoint without changing digit logits	Family: token representation. Current retained frontier is 3,424 parameters at 99.180000%, a +0.180000 percentage-point margin over 99%. There have been 3 prior attempts in this family. The most recent accepted result is attempt-0005, the interleaved representation at 5,792 parameters and 99.93% official accuracy; the most recent failed result is attempt-0014, an optimization failure where the PAD-free architecture remained near 9% validation under fresh training and received no official score. Hypothesis: PAD is functionally unused and removable, but width-7 fresh optimization is seed-fragile; exact checkpoint surgery that deletes old row 11 and shifts the retained BOS/EOS rows preserves every digit logit, all attention/FF weights, and generic decoding while yielding 3,408 parameters. This parameterization-preserving repair is more informative than the nearest untested fresh-seed retry because it directly separates representational necessity from optimization luck and changes no candidate semantics beyond removing the unreachable PAD class.	0	0
attempt-0016	440271a60c1ab2acbee7ce94776577ded59fcaae	a79774abe7f1d24bcb074f3e4a1ab76761bebd6d	2026-08-16T05:14:18.849471+00:00	99.180000%	3376	keep	Remove fixed-length EOS row and unused final position by checkpoint surgery	Family: token representation. Current retained frontier is 3,408 parameters at 99.180000%, a +0.180000 percentage-point margin over 99%. There have been 4 prior attempts in this family. The most recent accepted result is attempt-0015, exact PAD-row excision at 3,408 parameters and 99.18% official accuracy; the most recent failed result is attempt-0014, a fresh-optimization failure for the same PAD-free semantics with no official score. Hypothesis: because every answer is exactly 11 digits, EOS and the twelfth decoding step are unnecessary; dropping the final EOS vocabulary row, generating exactly 11 greedy tokens, and cropping the now-unused final positional row preserves the retained model's first 11 digit logits while yielding 3,376 parameters. This parameterization-preserving fixed-length compression is more informative than the nearest untested BOS removal because it requires no positional shift or learned-state change and directly tests only the redundant termination symbol.	0	0
attempt-0017	010e6babb9402e6de11dc1ab9c3bafd111786e3b	440271a60c1ab2acbee7ce94776577ded59fcaae	2026-08-16T05:16:20.064769+00:00	0.020000%	3344	discard	Remove BOS and shift retained absolute positions left	Family: token representation. Current retained frontier is 3,376 parameters at 99.180000%, a +0.180000 percentage-point margin over 99%. There have been 5 prior attempts in this family. The most recent accepted result is attempt-0016, fixed-length EOS/position removal at 3,376 parameters and 99.18% official accuracy; the most recent failed result is attempt-0014, a fresh-optimization failure for PAD-free semantics with no official score. Hypothesis: BOS may be unnecessary because the delimiter and absolute positions already anchor the fixed stream; dropping its tied vocabulary row and shifting each retained real-token positional vector left saves 32 parameters, yielding 3,344. This is a representational change because the constant BOS key/value disappears from attention, unlike attempts-0015/0016. It is more informative than the nearest untested fresh BOS-free training alternative because checkpoint surgery preserves all real-token embeddings and weights, isolating BOS attention participation from optimization instability.	0	0
attempt-0018	81effb202f6962ef53608bef94839f0303cf352e	440271a60c1ab2acbee7ce94776577ded59fcaae	2026-08-16T05:18:08.195083+00:00	99.070000%	3360	keep	Remove only the final LayerNorm additive bias	Family: normalization. Current retained frontier is 3,376 parameters at 99.180000%, a +0.180000 percentage-point margin over 99%. There are 0 prior attempts in this family, so no most recent accepted or failed in-family result exists. Attempt-0017 in token representation was a scored nonqualification at 0.02%, establishing that BOS participates materially and motivating a mechanism switch. Hypothesis: the final LayerNorm's learned scale is useful but its 16D additive bias is redundant before the tied bias-free output head; deleting only that bias and transplanting all remaining retained weights yields 3,360 parameters. This is parameterization-preserving normalization compression and is more informative than the nearest untested all-layer RMSNorm substitution because it isolates the smallest affine component before changing centering or four residual-block normalizers.	0	0
attempt-0019	e2e38c74ad2ab04f790e16eea72ba8a5effd2496	81effb202f6962ef53608bef94839f0303cf352e	2026-08-16T05:20:11.340939+00:00	0.010000%	3344	discard	Remove lowest-norm residual LayerNorm bias group	Family: normalization. Current retained frontier is 3,360 parameters at 99.070000%, a +0.070000 percentage-point margin over 99%. There has been 1 prior attempt in this family. The most recent accepted result is attempt-0018, final-LayerNorm bias removal at 3,360 parameters and 99.07% official accuracy; there is no failed in-family result. Retained bias inspection ranks blocks.1.ln1.bias lowest by L2 norm at 0.2636, versus 0.3906, 0.6519, and 0.6638 for the other residual LayerNorm biases. Hypothesis: this least-magnitude additive group is the safest remaining affine redundancy; deleting it via checkpoint surgery yields 3,344 parameters. This parameterization-preserving, importance-ranked ablation is more informative than the nearest untested all-bias or RMSNorm substitution because it isolates one empirically weakest group under only seven-case qualification slack.	0	0
attempt-0020	0ade2c0f31543a316d6be4bc7c536332319336cf	81effb202f6962ef53608bef94839f0303cf352e	2026-08-16T05:30:45.535830+00:00	99.940000%	3168	keep	Replace both attention output projections with identity and widen FF to 12	Family: attention organization. Current retained frontier is 3,360 parameters at 99.070000%, a +0.070000 percentage-point margin over 99%. There are 0 prior attempts in this family, so no most recent accepted or failed in-family result exists. Attempt-0019 in normalization was a scored nonqualification at 0.01%, showing that another affine-bias deletion is not a safe local path. Hypothesis: concatenated two-head attention already returns a 16D residual-compatible vector, so learned 16x16 output mixing in both blocks can be replaced by identity; reallocating part of the 512-parameter saving to widen each FF bottleneck from 7 to 12 yields a 3,168-parameter representational substitution with more nonlinear capacity. This is more informative than the nearest untested one-block projection removal because it tests a coherent projection-free attention organization across depth while controlling for lost expressivity via budget reallocation.	0	0
attempt-0021	daafae2dc089658d4b0ce0e3236f4a2823819f7c	0ade2c0f31543a316d6be4bc7c536332319336cf	2026-08-16T05:42:55.108177+00:00	98.860000%	2912	discard	Reduce projection-free model feed-forward width from 12 to 8	Family: feed-forward width. Current retained frontier is 3,168 parameters at 99.940000%, a +0.940000 percentage-point margin over 99%. There have been 8 prior attempts in this family. The most recent accepted in-family result is attempt-0012, ff_dim=7 with conventional output projections at 3,424 parameters and 99.18% official accuracy; the most recent failed result is attempt-0011, ff_dim=6 under that architecture, an optimization failure reaching 98.65% internal validation without an official score. Attempt-0020 then established a projection-free attention architecture with ff_dim=12 and 99.94% official accuracy. Hypothesis: that architecture retains enough margin to reduce ff_dim 12->8, a parameterization-preserving compression removing 256 parameters and yielding 2,912. This is more informative than the nearest untested width 10 because it tests whether the previously viable half-width nonlinear state survives the major attention substitution.	0	0
attempt-0022	0f238238b535303ba022d3f231fcb8bfaf797056	0ade2c0f31543a316d6be4bc7c536332319336cf	2026-08-16T05:55:49.140526+00:00	99.850000%	3040	keep	Test projection-free feed-forward midpoint width 10	Family: feed-forward width. Current retained frontier is 3,168 parameters at 99.940000%, a +0.940000 percentage-point margin over 99%. There have been 9 prior attempts in this family. The most recent accepted in-family result is attempt-0012, width 7 under conventional attention at 99.18%; the most recent failed result is attempt-0021, the projection-free width-8 candidate, a valid scored nonqualification at 98.86% with 2,912 parameters. The projection-free width-12 result from attempt-0020 is accepted at 99.94%. Hypothesis: the capacity transition for projection-free attention lies between widths 8 and 12; ff_dim=10 removes 128 parameters for a 3,040-parameter midpoint. This parameterization-preserving midpoint is more informative than the nearest untested width 11 because it bisects the measured same-architecture bracket.	0	0
attempt-0023	3e89b2f6c91aec8489a2b9e7c285815e9bdb6e2e	0f238238b535303ba022d3f231fcb8bfaf797056	2026-08-16T06:07:03.226129+00:00			error	Test final projection-free feed-forward boundary at width 9	Family: feed-forward width. Current retained frontier is 3,040 parameters at 99.850000%, a +0.850000 percentage-point margin over 99%. There have been 10 prior attempts in this family. The most recent accepted result is attempt-0022, projection-free ff_dim=10 at 3,040 parameters and 99.85% official accuracy; the most recent failed result is attempt-0021, projection-free ff_dim=8 at 2,912 parameters and a scored 98.86% nonqualification. Hypothesis: the same-architecture capacity transition may lie at the sole remaining integer width 9; reducing ff_dim 10->9 removes 64 parameters for a 2,976-parameter model. This parameterization-preserving test is more informative than any nearest alternative in the family because it completes the exact accepted/failed projection-free bracket under identical training conditions.	0	
attempt-0024	2e948ff0bf9af207f2be45038df7a473eb420815	0f238238b535303ba022d3f231fcb8bfaf797056	2026-08-16T06:09:03.465099+00:00	25.180000%	3002	discard	Factor retained position table at highest compressive SVD rank 10	Family: position representation. Current retained frontier is 3,040 parameters at 99.850000%, a +0.850000 percentage-point margin over 99%. There have been 2 prior attempts in this family. There is no accepted in-family result; the most recent failed result is attempt-0004, an optimization failure where a freshly trained direct 8D positional subspace reached only 9.35% validation before aborting, under the older separated-token architecture. Attempt-0023 in feed-forward width was also an optimization failure (width 9 reached 98.35% validation without checkpoint), so width 10 remains retained. Hypothesis: the trained positional table itself is approximately low-rank; its top 10 singular components retain 99.6198% of squared energy, and rank 10 is the highest rank that reduces position parameters (528->490), yielding 3,002 total. This representational compression is more informative than the nearest untested rank 9 because it tests the least lossy parameter-saving boundary and uses checkpoint SVD to separate approximation error from fresh-training instability.	0	0
attempt-0025	09365a9f08da8b067c137cb3d767caea7165373e	0f238238b535303ba022d3f231fcb8bfaf797056	2026-08-16T06:10:53.643809+00:00	32.440000%	3018	discard	Use centered affine rank-10 positional SVD factorization	Family: position representation. Current retained frontier is 3,040 parameters at 99.850000%, a +0.850000 percentage-point margin over 99%. There have been 3 prior attempts in this family. There is no accepted in-family result; the most recent failed result is attempt-0024, a valid rank-10 uncentered SVD candidate that scored 25.18% official accuracy at 3,002 parameters. Hypothesis: the uncentered factor spent rank on the table mean; preserving that mean exactly as a 16D projection bias and applying rank-10 SVD to centered residuals raises retained residual energy to 99.7506% while still yielding 3,018 parameters. This is a changed affine factorization, not a retry of the failed approximation. It is more informative than the nearest untested centered rank 9 because rank 10 is the least-lossy centered factor that remains strictly smaller than the incumbent.	0	0
attempt-0026	c2b2ae3f502f532d584ad7a4ee4f79ee4b7c765c	0f238238b535303ba022d3f231fcb8bfaf797056	2026-08-16T06:20:08.218038+00:00	99.980000%	2656	keep	Share QKV transform across depth and widen feed-forward paths	Family: parameter tying. Current retained frontier is 3,040 parameters at 99.850000%, a +0.850000 percentage-point margin over 99%. There have been 0 prior attempts in this family, so there is no accepted or failed in-family result. The most recent experiment, attempt-0025 in position representation, was a scored nonqualification at 32.44%, while attempt-0022 remains retained. Hypothesis: both blocks can reuse one 16x48 QKV transform because their inputs, normalizers, attention maps, residual states, and feed-forward paths remain layer-specific; widening each feed-forward path from 10 to 16 reallocates 384 of the 768 saved parameters. The resulting 2,656-parameter model is a genuine parameter-sharing architecture. This is more informative than the nearest untested tying alternative, sharing the feed-forward matrices, because QKV sharing saves more capacity while retaining independent nonlinear computation in each block.	0	0
attempt-0027	6ba03c988eeedab7e704215bce121587b4c4ef9d	c2b2ae3f502f532d584ad7a4ee4f79ee4b7c765c	2026-08-16T06:22:10.010039+00:00	0.000000%	2528	discard	Prune two lowest-salience feed-forward units per block	Family: feed-forward width. Current retained frontier is 2,656 parameters at 99.980000%, a +0.980000 percentage-point margin over 99%. There have been 11 prior attempts in this family. The most recent accepted in-family result is attempt-0022, projection-free width 10 at 3,040 parameters and 99.85%; the most recent failed in-family result is attempt-0023, width 9, an optimization failure peaking at 98.35% internal validation. Attempt-0026 has since established a shared-QKV architecture at width 16 and 99.98%. Hypothesis: its larger feed-forward paths contain removable units; rank each unit by the product of its incoming-row and outgoing-column norms, then retain 14 of 16 independently per block. This checkpoint-derived, parameterization-preserving reduction yields 2,528 parameters and isolates functional redundancy from training noise. It is more informative than the nearest untested width 15 because removing two units is the smallest material step that tests whether the new architecture's large margin corresponds to redundant nonlinear channels.	0	0
attempt-0028	688cb7250c2dd359ac56b08459c0b91780bded6f	c2b2ae3f502f532d584ad7a4ee4f79ee4b7c765c	2026-08-16T06:24:06.904619+00:00	0.000000%	2592	discard	Prune one lowest-salience feed-forward unit per block	Family: feed-forward width. Current retained frontier is 2,656 parameters at 99.980000%, a +0.980000 percentage-point margin over 99%. There have been 12 prior attempts in this family. The most recent accepted in-family result is attempt-0022, width 10 under independent QKV at 3,040 parameters and 99.85%; the most recent failed in-family result is attempt-0027, salience-pruned width 14 under shared QKV, which validly scored 0.00%. Hypothesis: attempt-0027 may have crossed a discrete sensitivity boundary by removing two units per block; retaining 15 of 16 using the same two-sided norm score removes only 64 parameters and yields 2,592. This parameterization-preserving exact-boundary test is more informative than fresh width-15 retraining because it directly determines whether any individual trained feed-forward channel is dispensable, and it is more informative than another width below 14 because the measured width-14 checkpoint failed catastrophically.	0	0
attempt-0029	950da517c072298f15a04ada56d1842e37b26312	c2b2ae3f502f532d584ad7a4ee4f79ee4b7c765c	2026-08-16T06:36:13.412721+00:00	99.140000%	2144	keep	Share feed-forward transforms as well as QKV across depth	Family: parameter tying. Current retained frontier is 2,656 parameters at 99.980000%, a +0.980000 percentage-point margin over 99%. There has been 1 prior attempt in this family: attempt-0026 is the accepted shared-QKV result at 2,656 parameters and 99.98%, and there is no failed in-family result. The most recent failures, attempts 0027 and 0028 in feed-forward width, show that direct deletion of even one trained unit per block destroys exact-sequence accuracy. Hypothesis: instead of deleting nonlinear channels, both depth steps can reuse the complete width-16 feed-forward transform while retaining independent pre-attention and pre-FF LayerNorm affine parameters and distinct residual states. Fresh training can co-adapt this recurrent transform, yielding 2,144 unique parameters. This is more informative than the nearest untested partial tie of only one feed-forward matrix because it directly tests whether layer specialization resides in normalization/residual state rather than either half of the nonlinear transform, with a larger measurable compression.	0	0
attempt-0030	45b925ebdb16adb119d086aa1ac8f1151cb28705	950da517c072298f15a04ada56d1842e37b26312	2026-08-16T06:38:28.529270+00:00	99.140000%	2128	keep	Remove the never-forwarded final positional row	Family: position representation. Current retained frontier is 2,144 parameters at 99.140000%, a +0.140000 percentage-point margin over 99%. There have been 4 prior attempts in this family. There is no accepted in-family result; the most recent failed result is attempt-0025, whose centered rank-10 positional approximation scored 32.44% at 3,018 parameters. Attempt-0029 has since established the 2,144-parameter fully shared-transform frontier. Hypothesis: row 32 of the 33-row positional table is provably unused: teacher-forced inputs have length 32 after shifting, and the eleventh generation token is appended after the final length-32 forward pass. Cropping that row and attention masks exactly preserves every evaluated computation while yielding 2,128 parameters. This is more informative than the nearest untested lossy positional factorization because it removes a structurally unreachable parameter row with zero approximation error, crucial given the incumbent's narrow margin.	0	0
attempt-0031	a390a18a1713cc0e69ae8c548a97b295a4a48e11	45b925ebdb16adb119d086aa1ac8f1151cb28705	2026-08-16T06:40:13.240863+00:00			error	Train the fully shared transform at feed-forward width 15	Family: feed-forward width. Current retained frontier is 2,128 parameters at 99.140000%, a +0.140000 percentage-point margin over 99%. There have been 13 prior attempts in this family. The most recent accepted in-family result is attempt-0022, projection-free width 10 with independent feed-forward paths at 3,040 parameters and 99.85%; the most recent failed in-family result is attempt-0028, direct width-15 pruning under shared QKV but independent feed-forward paths, which scored 0.00%. Attempts 0029 and 0030 have since established a fully shared-transform architecture. Hypothesis: fresh training can distribute the recurrent feed-forward computation across 15 channels even though deleting a channel from a specialized independent-path checkpoint failed; reducing the single shared width 16->15 yields 2,096 parameters. This is more informative than width 14 because width 15 is the exact nearest capacity boundary, and more informative than another checkpoint prune because it tests learnability under the retained sharing topology.	1	
attempt-0032	579b9625292f189a9e6a73bae9df6c7d57522632	45b925ebdb16adb119d086aa1ac8f1151cb28705	2026-08-16T06:51:01.069603+00:00			error	Train shared width 15 with corrected shifted teacher forcing	Family: feed-forward width. Current retained frontier is 2,128 parameters at 99.140000%, a +0.140000 percentage-point margin over 99%. There have been 14 prior attempts in this family. The most recent accepted in-family result is attempt-0022 at width 10 under an older topology; the most recent failed result is attempt-0031, an execution error before optimization because fresh training forwarded 33 tokens after the model's exact maximum had become 32. The traceback was inspected and classified as a pipeline shape defect, not model evidence. Hypothesis: with intended shifted teacher forcing now forwarding the 32 input tokens and predicting the 32 following targets, the fully shared width-15 model can co-adapt and qualify at 2,096 parameters. This repaired executable test is more informative than the nearest untested width 14 because width 15 is the exact capacity boundary and attempt-0031 produced no accuracy observation.	0	
attempt-0033	3c5c19efeb4349d77f69ea2b28446231d3126b2b	45b925ebdb16adb119d086aa1ac8f1151cb28705	2026-08-16T07:01:24.547657+00:00			error	Share corresponding LayerNorm affines across recurrent depth	Family: parameter tying. Current retained frontier is 2,128 parameters at 99.140000%, a +0.140000 percentage-point margin over 99%. There have been 2 prior attempts in this family, both accepted: the most recent accepted result is attempt-0029, which shared QKV and both feed-forward matrices at 2,144 parameters and 99.14%; there is no failed in-family result. Attempt-0032 most recently showed shared feed-forward width 15 peaking at 98.75% internal validation, so width 16 is restored. Hypothesis: because both depth steps already reuse attention and feed-forward transforms, corresponding pre-attention and pre-FF LayerNorm affine parameters can also be shared while the residual state changes between applications; this yields a fully recurrent block with 2,064 unique parameters. This is more informative than the nearest untested partial tie of LayerNorm weights alone because it directly tests whether any depth-specific normalization affine state is required and realizes the complete 64-parameter saving.	0	
attempt-0034	2734bbfa9b9c35c8dd93151c1f9a2cd856f2a958	45b925ebdb16adb119d086aa1ac8f1151cb28705	2026-08-16T07:11:55.990173+00:00			error	Share only corresponding LayerNorm biases across depth	Family: parameter tying. Current retained frontier is 2,128 parameters at 99.140000%, a +0.140000 percentage-point margin over 99%. There have been 3 prior attempts in this family. The most recent accepted in-family result is attempt-0029, full attention/feed-forward sharing at 2,144 parameters and 99.14%; the most recent failed result is attempt-0033, which shared both LayerNorm scales and biases and peaked at 77.55% internal validation. Hypothesis: depth-specific normalization scale is necessary but additive offsets are less expressive and can be shared; tying only corresponding ln1 and ln2 bias vectors while retaining separate scale vectors yields 2,096 parameters. This is more informative than the nearest untested scale-only tie because the earlier successful deletion of the final LayerNorm bias suggests bias is the lower-risk affine component, while the full-affine failure establishes that both components cannot be tied together.	0	
attempt-0035	80276959207bddd03cef7f78c8ec911977d26515	45b925ebdb16adb119d086aa1ac8f1151cb28705	2026-08-16T07:22:55.201326+00:00			error	Reduce shared query-key width to 12 while retaining full values	Family: attention organization. Current retained frontier is 2,128 parameters at 99.140000%, a +0.140000 percentage-point margin over 99%. There has been 1 prior attempt in this family: attempt-0020 is the accepted projection-free attention result at 3,168 parameters and 99.94%, and there is no failed in-family result. The most recent experiment, attempt-0034 in parameter tying, peaked at 93.95% internal validation, closing LayerNorm bias sharing. Hypothesis: attention routing requires fewer features than the value/residual stream; reduce shared query and key width 16->12, retain the full 16D value stream and two heads, and save 128 parameters for a 2,000-parameter model. This is more informative than the nearest untested width 14 because a 25% routing-width reduction cleanly separates similarity capacity from value capacity while remaining conservative relative to halving query/key width to 8.	0	
attempt-0036	102b555caf1feb1b1a89c881e8df0dc9e6093587	45b925ebdb16adb119d086aa1ac8f1151cb28705	2026-08-16T07:33:40.328299+00:00			error	Test midpoint query-key width 14 with full values	Family: attention organization. Current retained frontier is 2,128 parameters at 99.140000%, a +0.140000 percentage-point margin over 99%. There have been 2 prior attempts in this family. The most recent accepted in-family result is attempt-0020, projection-free full-width attention at 3,168 parameters and 99.94%; the most recent failed result is attempt-0035, shared query/key width 12 with full values, which peaked at 97.85% internal validation. The retained full-width shared attention uses query/key width 16. Hypothesis: the routing-capacity transition lies between widths 12 and 16; width 14 restores one feature per head, saves 64 parameters, and yields 2,064. This parameterization-preserving midpoint is more informative than the nearest alternative because it exactly bisects the measured same-topology accepted/failed bracket while leaving values, residuals, normalizers, data, and training unchanged.	0	
attempt-0037	7f7ed20a5f9936e6c78725323a4e4c03c69c9abb	45b925ebdb16adb119d086aa1ac8f1151cb28705	2026-08-16T07:39:02.775478+00:00			error	Train shared width 15 on full-range operands	Family: training control. Current retained frontier is 2,128 parameters at 99.140000%, a +0.140000 percentage-point margin over 99%. There has been 1 prior attempt in this family: attempt-0002 is the accepted 45k-step schedule extension under an older architecture, and there is no failed in-family result. The most recent experiment, attempt-0036 in attention organization, peaked at 93.45% internal validation. Crucially, attempt-0032 showed the fully shared width-15 model reaching 98.75% while its training sampler chose operand digit lengths uniformly from 1 through 10, heavily overrepresenting short numbers relative to uniform sampling over the official 0..10^10 range. Hypothesis: training both operands directly over the full 10-digit range focuses limited width-15 capacity on the evaluated distribution and crosses 99%, yielding 2,096 parameters. This is more informative than simply extending the schedule because the prior curve had already annealed to zero learning rate; distribution alignment changes the information seen within the same bounded 45k budget.	0	
attempt-0038	082d5fe6487e0e907a3e1e1c2c176abf50094c7f	45b925ebdb16adb119d086aa1ac8f1151cb28705	2026-08-16T07:44:25.484140+00:00			error	Use mixed-length warmup then full-range curriculum at width 15	Family: training control. Current retained frontier is 2,128 parameters at 99.140000%, a +0.140000 percentage-point margin over 99%. There have been 2 prior attempts in this family. The most recent accepted in-family result is attempt-0002, the 45k schedule extension; the most recent failed result is attempt-0037, full-range-only width-15 training, which remained at 0% validation and hit the 20k abort. Attempt-0032 had previously reached 98.75% at width 15 using mixed digit lengths throughout. Hypothesis: mixed lengths for the first 20k steps teach local addition and carry mechanics, after which full-range sampling for 25k steps concentrates refinement on the evaluated scale; model size remains 2,096. This is more informative than the nearest untested fixed mixture because the two measured extremes identify distinct learnability and distribution-allocation phases, and the staged switch tests their causal combination within the same budget.	0	
attempt-0039	cd0312bf1963f4930b2658a8d9203391a947a9ee	45b925ebdb16adb119d086aa1ac8f1151cb28705	2026-08-16T07:46:56.548017+00:00	99.140000%	2127	keep	Zero the least-magnitude LayerNorm bias scalar	Family: scalar pruning. Current retained frontier is 2,128 parameters at 99.140000%, a +0.140000 percentage-point margin over 99%. There have been 0 prior attempts in this family, so there is no accepted or failed in-family result. The most recent experiment, attempt-0038 in training control, hit the 20k abort at 27.85% and was rolled back. Retained-checkpoint inspection finds the smallest absolute block-normalization bias is blocks.1.ln2 coordinate 9 at -0.0004392121, over eight times smaller than the next candidate. Hypothesis: fixing exactly this coordinate to zero while retaining the other 15 bias coordinates as trainable parameters preserves behavior above threshold and yields 2,127 parameters. This is more informative than the nearest untested second-smallest scalar because it tests the uniquely least-salient coordinate first with the smallest possible honest parameter reduction and no retraining variance.	0	0
attempt-0040	5884c9143b0adf9b79a126bf5af6baa2afb6f3d4	cd0312bf1963f4930b2658a8d9203391a947a9ee	2026-08-16T07:48:47.553989+00:00	99.170000%	2126	keep	Zero the second-smallest LayerNorm bias scalar	Family: scalar pruning. Current retained frontier is 2,127 parameters at 99.140000%, a +0.140000 percentage-point margin over 99%. There has been 1 prior attempt in this family: attempt-0039 is accepted after zeroing blocks.1.ln2 coordinate 9, with 2,127 parameters and unchanged 99.14%; there is no failed in-family result. Among remaining dense block-normalization biases, the smallest absolute value is blocks.1.ln1 coordinate 10 at +0.003641318. Hypothesis: fixing this second scalar to zero while preserving the already accepted first zero retains qualification and yields 2,126 parameters. This is more informative than the nearest untested third-smallest scalar because it follows the predeclared ascending-magnitude ordering, making each perturbation minimal and cumulative without retraining variance.	0	0
attempt-0041	c2edc32194dc5ec2a9e6f4c6915f4c5d6419bd67	5884c9143b0adf9b79a126bf5af6baa2afb6f3d4	2026-08-16T07:50:24.957678+00:00	99.220000%	2125	keep	Zero the third-smallest LayerNorm bias scalar	Family: scalar pruning. Current retained frontier is 2,126 parameters at 99.170000%, a +0.170000 percentage-point margin over 99%. There have been 2 prior attempts in this family, both accepted; the most recent accepted result is attempt-0040 at 2,126 parameters and 99.17%, and there is no failed in-family result. The next remaining scalar in the predeclared absolute-magnitude order is blocks.0.ln1 coordinate 8 at -0.006458512. Hypothesis: fixing this third coordinate to zero while retaining the two accepted zeros preserves qualification and yields 2,125 parameters. This is more informative than the nearest untested fourth scalar because it maintains the monotone salience sequence and applies the smallest remaining checkpoint perturbation without retraining variance.	0	0
attempt-0042	d73f640f45f7e910d5082c58da35222f7bc03a3d	c2edc32194dc5ec2a9e6f4c6915f4c5d6419bd67	2026-08-16T07:52:10.340879+00:00	99.230000%	2124	keep	Zero the fourth-smallest LayerNorm bias scalar	Family: scalar pruning. Current retained frontier is 2,125 parameters at 99.220000%, a +0.220000 percentage-point margin over 99%. There have been 3 prior attempts in this family, all accepted; the most recent accepted result is attempt-0041 at 2,125 parameters and 99.22%, and there is no failed in-family result. The next remaining scalar in ascending original absolute magnitude is blocks.0.ln1 coordinate 7 at -0.008146917. Hypothesis: fixing this fourth coordinate to zero, alongside the three accepted zeros, preserves qualification and yields 2,124 parameters. This is more informative than the nearest untested fifth scalar because it continues the minimal cumulative salience path and specifically validates sparse-to-sparser checkpoint migration without changing any other learned value.	0	0
attempt-0043	69d84aa9b9ee6032bb019fa7fd5dc396daa8cc87	d73f640f45f7e910d5082c58da35222f7bc03a3d	2026-08-16T07:53:47.635313+00:00	99.040000%	2123	keep	Zero the fifth-smallest LayerNorm bias scalar	Family: scalar pruning. Current retained frontier is 2,124 parameters at 99.230000%, a +0.230000 percentage-point margin over 99%. There have been 4 prior attempts in this family, all accepted; the most recent accepted result is attempt-0042 at 2,124 parameters and 99.23%, and there is no failed in-family result. The fifth scalar in ascending original absolute magnitude is blocks.1.ln1 coordinate 6 at -0.008413289. Hypothesis: fixing this coordinate to zero while retaining the four accepted zeros preserves qualification and yields 2,123 parameters. This is more informative than the nearest untested sixth scalar because it continues the deterministic least-magnitude sequence and changes exactly one additional trainable degree of freedom.	0	0
attempt-0044	41a50b18cac9e1fcb48aa61b5b330a449ebb48e3	69d84aa9b9ee6032bb019fa7fd5dc396daa8cc87	2026-08-16T07:55:31.381743+00:00	99.060000%	2122	keep	Zero the sixth-smallest LayerNorm bias scalar	Family: scalar pruning. Current retained frontier is 2,123 parameters at 99.040000%, a +0.040000 percentage-point margin over 99%. There have been 5 prior attempts in this family, all accepted; the most recent accepted result is attempt-0043 at 2,123 parameters and 99.04%, and there is no failed in-family result. The sixth scalar in ascending original absolute magnitude is blocks.1.ln1 coordinate 5 at +0.008873722. Hypothesis: fixing this one additional coordinate to zero may retain the four-correct-case qualification slack and yields 2,122 parameters; if it does not, the official runner will roll back to attempt-0043 and close this cumulative branch. This is more informative than the nearest untested seventh scalar because it is the smallest remaining perturbation and directly locates the first qualification boundary.	0	0
attempt-0045	fba7f87cf89c6f48104cee51c8e34718428614c8	41a50b18cac9e1fcb48aa61b5b330a449ebb48e3	2026-08-16T07:57:15.205831+00:00	97.630000%	2121	discard	Zero the seventh-smallest LayerNorm bias scalar	Family: scalar pruning. Current retained frontier is 2,122 parameters at 99.060000%, a +0.060000 percentage-point margin over 99%. There have been 6 prior attempts in this family, all accepted; the most recent accepted result is attempt-0044 at 2,122 parameters and 99.06%, and there is no failed in-family result. The seventh scalar in ascending original absolute magnitude is blocks.0.ln1 coordinate 3 at -0.010450120. Hypothesis: fixing this one additional coordinate to zero preserves qualification and yields 2,121 parameters. This is more informative than the nearest untested eighth scalar because it maintains the deterministic minimal-perturbation order while the runner can atomically roll back if the narrow margin is crossed.	0	0
attempt-0046	7bf4e50ce59a00d2e3c52643f2e39a3059771a58	41a50b18cac9e1fcb48aa61b5b330a449ebb48e3	2026-08-16T07:59:04.124326+00:00	98.990000%	2121	discard	Test next LayerNorm scalar after sensitive-coordinate rollback	Family: scalar pruning. Current retained frontier is 2,122 parameters at 99.060000%, a +0.060000 percentage-point margin over 99%. There have been 7 prior attempts in this family. The most recent accepted result is attempt-0044 with six cumulative zeros at 2,122 parameters and 99.06%; the most recent failed result is attempt-0045, where additionally zeroing blocks.0.ln1 coordinate 3 scored 97.63%. Hypothesis: that coordinate is specifically carry-sensitive rather than proving all further bias pruning impossible; independently zeroing the next-magnitude candidate, blocks.1.ln1 coordinate 13 at +0.011079432, while omitting the failed coordinate, may preserve qualification and yields 2,121 parameters. This is more informative than testing a still larger scalar because it is the closest untested alternative and separates magnitude ranking from coordinate-specific functional sensitivity.	0	0
attempt-0047	53085e94a1e6c7bb3ed7dff6dc074c6963f5c7c0	41a50b18cac9e1fcb48aa61b5b330a449ebb48e3	2026-08-16T08:00:49.155075+00:00	99.100000%	2121	keep	Test a block-1 pre-FF bias scalar independently	Family: scalar pruning. Current retained frontier is 2,122 parameters at 99.060000%, a +0.060000 percentage-point margin over 99%. There have been 8 prior attempts in this family. The most recent accepted result is attempt-0044 at 2,122 parameters and 99.06%; the most recent failed result is attempt-0046, where independently zeroing blocks.1.ln1 coordinate 13 scored 98.99%, one case below qualification. Hypothesis: blocks.1.ln2 coordinate 11 at -0.012189634 may be less functionally leveraged because it affects the pre-feed-forward rather than pre-attention normalization; zeroing it alongside only the six accepted coordinates yields 2,121 parameters. This is more informative than the nearest untested larger scalar because it is the next magnitude candidate and changes normalization site after two pre-attention failures.	0	0
attempt-0048	8e0176ef055a980f1adc4fc0a4cf765c353a5dac	53085e94a1e6c7bb3ed7dff6dc074c6963f5c7c0	2026-08-16T08:02:34.451196+00:00	99.200000%	2120	keep	Prune the next block-1 pre-attention bias scalar	Family: scalar pruning. Current retained frontier is 2,121 parameters at 99.100000%, a +0.100000 percentage-point margin over 99%. There have been 9 prior attempts in this family. The most recent accepted result is attempt-0047, which pruned blocks.1.ln2 coordinate 11 and retained 99.10% at 2,121 parameters; the most recent failed result is attempt-0046, where blocks.1.ln1 coordinate 13 scored 98.99%. The next untested scalar by original magnitude is blocks.1.ln1 coordinate 4 at +0.012331018. Hypothesis: coordinate-specific sensitivity varies within ln1, so this coordinate may preserve the ten-case slack while yielding 2,120 parameters. This is more informative than moving to a larger scalar or another family because it resolves the nearest untested coordinate under the improved attempt-0047 incumbent.	0	0
attempt-0049	b62783c72cc0bff314524a0dbb5c67fd31d33cbe	8e0176ef055a980f1adc4fc0a4cf765c353a5dac	2026-08-16T08:04:13.146324+00:00	81.600000%	2119	discard	Prune block-0 pre-attention bias coordinate 15	Family: scalar pruning. Current retained frontier is 2,120 parameters at 99.200000%, a +0.200000 percentage-point margin over 99%. There have been 10 prior attempts in this family. The most recent accepted result is attempt-0048 at 2,120 parameters and 99.20%; the most recent failed result is attempt-0046 at 2,121 parameters and 98.99%. The next untested scalar by original absolute magnitude is blocks.0.ln1 coordinate 15 at +0.014814317. Hypothesis: the larger recovered margin can absorb zeroing this coordinate, yielding 2,119 parameters while preserving all eight accepted zeros and excluding known-sensitive coordinates. This is more informative than the nearest untested larger scalar because it is the minimal remaining checkpoint perturbation in the ordered scan.	0	0
attempt-0050	a3677700225d2a7203381be8cc52c72f53ec1001	8e0176ef055a980f1adc4fc0a4cf765c353a5dac	2026-08-16T08:05:57.327591+00:00	98.680000%	2119	discard	Test block-0 pre-attention bias coordinate 4 independently	Family: scalar pruning. Current retained frontier is 2,120 parameters at 99.200000%, a +0.200000 percentage-point margin over 99%. There have been 11 prior attempts in this family. The most recent accepted result is attempt-0048 at 2,120 parameters and 99.20%; the most recent failed result is attempt-0049, where blocks.0.ln1 coordinate 15 caused a valid 81.60% score. The next original-magnitude candidate is blocks.0.ln1 coordinate 4 at -0.015220259. Hypothesis: coordinate 15 is uniquely sensitive and coordinate 4 can be fixed to zero alongside the eight accepted zeros, yielding 2,119 parameters. This is more informative than the next larger coordinate because it continues an independent coordinate scan after excluding the failed coordinate rather than assuming magnitude alone predicts function.	0	0
attempt-0051	41fbb1762e4df71c7026c2fc53766b3fab777072	8e0176ef055a980f1adc4fc0a4cf765c353a5dac	2026-08-16T08:07:46.012915+00:00	96.800000%	2119	discard	Test block-0 pre-attention bias coordinate 1 independently	Family: scalar pruning. Current retained frontier is 2,120 parameters at 99.200000%, a +0.200000 percentage-point margin over 99%. There have been 12 prior attempts in this family. The most recent accepted result is attempt-0048 at 2,120 parameters and 99.20%; the most recent failed result is attempt-0050, where blocks.0.ln1 coordinate 4 scored 98.68%. The next untested original-magnitude candidate is blocks.0.ln1 coordinate 1 at -0.016125478. Hypothesis: independently fixing coordinate 1 to zero may be less damaging than coordinates 15 and 4, yielding 2,119 parameters while preserving the eight accepted zeros. This is more informative than abandoning the site before testing its final low-magnitude candidate, because coordinate-specific results have already overturned a simple magnitude rule.	0	0
attempt-0052	66619dc9191d8f6a30dc90fe2dd83f2cb76621ba	8e0176ef055a980f1adc4fc0a4cf765c353a5dac	2026-08-16T08:09:40.305493+00:00	98.990000%	2119	discard	Test block-0 pre-FF bias coordinate 13	Family: scalar pruning. Current retained frontier is 2,120 parameters at 99.200000%, a +0.200000 percentage-point margin over 99%. There have been 13 prior attempts in this family. The most recent accepted result is attempt-0048 at 2,120 parameters and 99.20%; the most recent failed result is attempt-0051, where a third additional block-0 pre-attention coordinate scored 96.80%. Three failures now close further low-magnitude pruning at blocks.0.ln1. Hypothesis: blocks.0.ln2 coordinate 13 at +0.019908736 is less sensitive because it modulates the feed-forward path; independently zeroing it alongside the eight accepted coordinates yields 2,119 parameters. This is more informative than the slightly smaller untested scalar remaining at the repeatedly sensitive ln1 site because it tests the cross-site pattern suggested by attempt-0047's successful block-1 ln2 pruning.	0	0
attempt-0053	0f69341151b0b444c0933967201a5c26c658216c	8e0176ef055a980f1adc4fc0a4cf765c353a5dac	2026-08-16T08:11:22.490459+00:00	83.090000%	2119	discard	Test adjacent block-0 pre-FF bias coordinate 2	Family: scalar pruning. Current retained frontier is 2,120 parameters at 99.200000%, a +0.200000 percentage-point margin over 99%. There have been 14 prior attempts in this family. The most recent accepted result is attempt-0048 at 2,120 parameters and 99.20%; the most recent failed result is attempt-0052, where blocks.0.ln2 coordinate 13 scored 98.99%, one case below qualification. The adjacent original-magnitude candidate is blocks.0.ln2 coordinate 2 at -0.019955626. Hypothesis: nearly equal magnitude does not imply equal functional leverage, and independently zeroing coordinate 2 may preserve qualification while yielding 2,119 parameters. This is more informative than moving to a larger-magnitude site because it provides a controlled within-layer, within-normalizer comparison against attempt-0052.	0	0
attempt-0054	f4bb7d3bce6376145ff509c73c8f1a5e26ff3208	8e0176ef055a980f1adc4fc0a4cf765c353a5dac	2026-08-16T08:13:04.532975+00:00	98.370000%	2119	discard	Test block-1 pre-attention bias coordinate 8	Family: scalar pruning. Current retained frontier is 2,120 parameters at 99.200000%, a +0.200000 percentage-point margin over 99%. There have been 15 prior attempts in this family. The most recent accepted result is attempt-0048 at 2,120 parameters and 99.20%; the most recent failed result is attempt-0053, where blocks.0.ln2 coordinate 2 scored 83.09%, closing the second block-0 normalization site after repeated failures. The next untested scalar at a site with prior accepted removals is blocks.1.ln1 coordinate 8 at -0.020058658. Hypothesis: block-1 pre-attention normalization retains additional coordinate redundancy, and zeroing coordinate 8 alongside the eight accepted zeros yields 2,119 parameters. This is more informative than continuing at either failed block-0 site because it tests the site-specific redundancy pattern established by attempts 0040, 0043, and 0048.	0	0
attempt-0055	e98d2082b6b5a5d2cdc1238e364a02a10cc0b184	8e0176ef055a980f1adc4fc0a4cf765c353a5dac	2026-08-16T08:14:50.852409+00:00	97.530000%	2119	discard	Test block-1 pre-attention bias coordinate 14	Family: scalar pruning. Current retained frontier is 2,120 parameters at 99.200000%, a +0.200000 percentage-point margin over 99%. There have been 16 prior attempts in this family. The most recent accepted result is attempt-0048 at 2,120 parameters and 99.20%; the most recent failed result is attempt-0054, where blocks.1.ln1 coordinate 8 scored 98.37%. The next same-site candidate by original magnitude is blocks.1.ln1 coordinate 14 at -0.023484299. Hypothesis: coordinate 8 may be specifically sensitive and coordinate 14 can be zeroed alongside the eight accepted coordinates, yielding 2,119 parameters. This is more informative than the following coordinate 15 because it is the closest remaining same-site candidate and completes another local sensitivity comparison before closing the site.	0	0
attempt-0056	6c951306f0bac1dad9efa6f74913b52be372abea	8e0176ef055a980f1adc4fc0a4cf765c353a5dac	2026-08-16T08:16:37.995270+00:00	96.410000%	2119	discard	Test final nearby block-1 pre-attention bias coordinate 15	Family: scalar pruning. Current retained frontier is 2,120 parameters at 99.200000%, a +0.200000 percentage-point margin over 99%. There have been 17 prior attempts in this family. The most recent accepted result is attempt-0048 at 2,120 parameters and 99.20%; the most recent failed result is attempt-0055, where blocks.1.ln1 coordinate 14 scored 97.53%. The final nearby same-site candidate is blocks.1.ln1 coordinate 15 at -0.024701780. Hypothesis: coordinate 15 may be less leveraged than coordinates 8 and 14 and can be zeroed alongside the eight accepted coordinates, yielding 2,119 parameters. This is more informative than continuing to much larger magnitudes because it completes the contiguous low-magnitude scan at this site; another failure will close further block-1 ln1 pruning.	0	0
attempt-0057	123d3caa480794dcb15fb4260f447355a1cd0581	8e0176ef055a980f1adc4fc0a4cf765c353a5dac	2026-08-16T08:18:51.497454+00:00	99.190000%	2119	keep	Fix the closest-to-neutral LayerNorm scale at one	Family: scalar pruning. Current retained frontier is 2,120 parameters at 99.200000%, a +0.200000 percentage-point margin over 99%. There have been 18 prior attempts in this family. The most recent accepted result is attempt-0048 at 2,120 parameters and 99.20%; the most recent failed result is attempt-0056, the third consecutive additional block-1 ln1 bias failure, at 96.41%, closing further bias pruning there. Across all retained LayerNorm scales, blocks.1.ln1 coordinate 11 is uniquely closest to the neutral value 1.0 at 0.990370095, only 0.009629905 away; the next closest deviation is 0.04748. Hypothesis: fixing this scale exactly to one while retaining all eight accepted bias zeros preserves qualification and yields 2,119 parameters. This is more informative than testing any remaining bias because it changes scalar type and uses the smallest available neutralization perturbation.	0	0
attempt-0058	b331be0c6787df31cb819596d929e0b074169412	123d3caa480794dcb15fb4260f447355a1cd0581	2026-08-16T08:20:34.084538+00:00	97.600000%	2118	discard	Fix the second closest-to-neutral LayerNorm scale	Family: scalar pruning. Current retained frontier is 2,119 parameters at 99.190000%, a +0.190000 percentage-point margin over 99%. There have been 19 prior attempts in this family. The most recent accepted result is attempt-0057, which fixed blocks.1.ln1 scale coordinate 11 to one and retained 99.19% at 2,119 parameters; the most recent failed result is attempt-0056, a bias-coordinate failure at 96.41%. The second closest scale to neutral is blocks.1.ln1 coordinate 4 at 0.952516258, a deviation of 0.047483742. Hypothesis: fixing it to one cumulatively with coordinate 11 preserves qualification and yields 2,118 parameters. This is more informative than the next scale, whose neutral deviation is over twice as large, because it maintains the ordered minimal-perturbation scan in the newly successful scale-pruning subfamily.	0	0
attempt-0059	6ba42351b137fdbf1f4273a6321eeca6a55b57d2	123d3caa480794dcb15fb4260f447355a1cd0581	2026-08-16T08:22:13.807021+00:00	99.050000%	2118	keep	Fix block-1 pre-FF scale coordinate 12 to neutral	Family: scalar pruning. Current retained frontier is 2,119 parameters at 99.190000%, a +0.190000 percentage-point margin over 99%. There have been 20 prior attempts in this family. The most recent accepted result is attempt-0057 at 2,119 parameters and 99.19%; the most recent failed result is attempt-0058, where the second block-1 ln1 scale neutralization scored 97.60%. The next cross-site scale by neutral deviation is blocks.1.ln2 coordinate 12 at 1.113884449, a deviation of 0.113884449. Hypothesis: the failed coordinate was site-specific and fixing this pre-feed-forward scale to one, alongside the one accepted fixed scale and eight accepted bias zeros, preserves qualification at 2,118 parameters. This is more informative than another same-site ln1 scale because it tests the normalization-site distinction that also mattered for bias pruning.	0	0
attempt-0060	1f4ae09952d982f65a416fe6ee3bc59ad8482b1d	6ba42351b137fdbf1f4273a6321eeca6a55b57d2	2026-08-16T08:23:58.107211+00:00	92.290000%	2117	discard	Fix block-0 pre-attention scale coordinate 4 to neutral	Family: scalar pruning. Current retained frontier is 2,118 parameters at 99.050000%, a +0.050000 percentage-point margin over 99%. There have been 21 prior attempts in this family. The most recent accepted result is attempt-0059, which fixed blocks.1.ln2 scale coordinate 12 and retained 99.05% at 2,118 parameters; the most recent failed result is attempt-0058 at 97.60%. The next scale by neutral deviation is blocks.0.ln1 coordinate 4 at 1.143266320, a deviation of 0.143266320. Hypothesis: fixing this coordinate to one alongside the two accepted fixed scales and eight bias zeros preserves the five-case slack and yields 2,117 parameters. This is more informative than the next larger-deviation scale because it continues the global ordered neutralization scan with a new layer/site.	0	0
attempt-0061	13113cdb44ff74c0d2c83691499f09df3d5f0dae	6ba42351b137fdbf1f4273a6321eeca6a55b57d2	2026-08-16T08:25:40.298054+00:00	54.190000%	2117	discard	Fix a second block-1 pre-FF scale to neutral	Family: scalar pruning. Current retained frontier is 2,118 parameters at 99.050000%, a +0.050000 percentage-point margin over 99%. There have been 22 prior attempts in this family. The most recent accepted result is attempt-0059 at 2,118 parameters and 99.05%; the most recent failed result is attempt-0060, where a block-0 ln1 scale neutralization scored 92.29%. At the successful block-1 ln2 site, the next scale by neutral deviation is coordinate 5 at 0.747436225. Hypothesis: fixing it to one cumulatively with coordinate 12 preserves qualification and yields 2,117 parameters. This is more informative than another block-0 scale because attempt-0060 showed that site is highly sensitive, while this test directly probes remaining redundancy at the successful pre-feed-forward site.	0	0
attempt-0062	aa9ebf492e78ef171a0cb17dc0ac91a6ed6bf631	6ba42351b137fdbf1f4273a6321eeca6a55b57d2	2026-08-16T08:28:27.335711+00:00	99.050000%	2117	keep	Tie the closest pair of positional embedding scalars	Family: parameter tying. Current retained frontier is 2,118 parameters at 99.050000%, a +0.050000 percentage-point margin over 99%. There have been 4 prior attempts in this family. The most recent accepted in-family result is attempt-0029, which shared complete attention and feed-forward transforms and reached 99.14%; the most recent failed result is attempt-0034, bias-only LayerNorm sharing that peaked at 93.95% internal validation. The most recent overall attempt, 0061 in scalar pruning, scored 54.19% and closed further scale neutralization. In the retained 512-scalar positional table, flattened coordinates 77 and 498 are the closest pair, 0.00077429198 and 0.00077445369, differing by only 1.617e-7. Hypothesis: representing them with one shared trainable mean preserves qualification and yields 2,117 parameters. This is more informative than the next-closest positional pair because it is the minimal possible honest tying perturbation; the integer reconstruction map contains no learned values.	0	0
attempt-0063	83b639fc510eec5aa73699fe90bc77cedf8f8fa6	aa9ebf492e78ef171a0cb17dc0ac91a6ed6bf631	2026-08-16T08:30:37.100072+00:00	99.050000%	2116	keep	Tie the second-closest positional scalar pair	Family: parameter tying. Current retained frontier is 2,117 parameters at 99.050000%, a +0.050000 percentage-point margin over 99%. There have been 5 prior attempts in this family. The most recent accepted in-family result is attempt-0062, the first positional scalar tie at 2,117 parameters and unchanged 99.05%; the most recent failed in-family result is attempt-0034, LayerNorm bias sharing. Among the 511 retained positional value groups, the next closest pair has representatives 183 and 282, values 0.0132041322 and 0.0132047106, differing by 5.784e-7. Hypothesis: sharing their mean in addition to the accepted first pair preserves qualification and yields 2,116 parameters. This is more informative than the next untested pair because it follows the recomputed closest-group ordering after the first merge and uses a union index map with no learned buffer data.	0	0
attempt-0064	2b1679f9ab93e54217802b1ee0a2524f89df9800	83b639fc510eec5aa73699fe90bc77cedf8f8fa6	2026-08-16T08:32:24.048965+00:00	99.050000%	2115	keep	Tie the third-closest positional scalar pair	Family: parameter tying. Current retained frontier is 2,116 parameters at 99.050000%, a +0.050000 percentage-point margin over 99%. There have been 6 prior attempts in this family. The most recent accepted result is attempt-0063, the second positional scalar tie at 2,116 parameters and unchanged 99.05%; the most recent failed result is attempt-0034, LayerNorm bias sharing. Recomputing over the 510 retained positional groups identifies representatives 181 and 302 as closest, with values -0.0032600686 and -0.0032589545, differing by 1.114e-6. Hypothesis: sharing their mean cumulatively with the two accepted pairs preserves qualification and yields 2,115 parameters. This is more informative than any other untested pair because it is the current minimum-distortion union under the retained table.	0	0
attempt-0065	275f5a92c007fa1b30df65a72f279e3183de3473	2b1679f9ab93e54217802b1ee0a2524f89df9800	2026-08-16T08:34:03.722307+00:00	99.050000%	2114	keep	Tie the fourth-closest positional scalar pair	Family: parameter tying. Current retained frontier is 2,115 parameters at 99.050000%, a +0.050000 percentage-point margin over 99%. There have been 7 prior attempts in this family. The most recent accepted result is attempt-0064, the third positional scalar tie at 2,115 parameters and unchanged 99.05%; the most recent failed result is attempt-0034. Recomputing over the 509 retained positional groups identifies representatives 49 and 125 as closest, with values -0.0000943496 and -0.0000932168, differing by 1.133e-6. Hypothesis: sharing their mean cumulatively preserves qualification and yields 2,114 parameters. This is more informative than any other untested pair because it is the current minimum-distortion union after all retained merges.	0	0
attempt-0066	41c30c0f868c18729e67fc69dc46fc1c51c21a10	275f5a92c007fa1b30df65a72f279e3183de3473	2026-08-16T08:35:35.348895+00:00	99.050000%	2113	keep	Tie the fifth-closest positional scalar pair	Family: parameter tying. Current retained frontier is 2,114 parameters at 99.050000%, a +0.050000 percentage-point margin over 99%. There have been 8 prior attempts in this family. The most recent accepted result is attempt-0065, the fourth positional scalar tie at 2,114 parameters and unchanged 99.05%; the most recent failed result is attempt-0034. The closest current positional groups have representatives 388 and 250, values 0.0151332179 and 0.0151344296, differing by 1.212e-6. Hypothesis: sharing their mean cumulatively preserves qualification and yields 2,113 parameters. This is more informative than any other untested pair because it is the recomputed minimum-distortion union after four accepted merges.	0	0
attempt-0067	af7286709e2dfc1be9fc96de16b82fb5290f3922	41c30c0f868c18729e67fc69dc46fc1c51c21a10	2026-08-16T08:37:19.526262+00:00	99.050000%	2112	keep	Tie the sixth-closest positional scalar pair	Family: parameter tying. Current retained frontier is 2,113 parameters at 99.050000%, a +0.050000 percentage-point margin over 99%. There have been 9 prior attempts in this family. The most recent accepted result is attempt-0066, the fifth positional scalar tie at 2,113 parameters and unchanged 99.05%; the most recent failed result is attempt-0034. The closest current groups have representatives 451 and 367, values 0.0118175559 and 0.0118190972, differing by 1.541e-6. Hypothesis: sharing their mean cumulatively preserves qualification and yields 2,112 parameters. This is more informative than any other untested pair because it is the current minimum-distortion union after five accepted merges.	0	0
attempt-0068	6d4993b59910d42c21d88fff0913989339d44011	af7286709e2dfc1be9fc96de16b82fb5290f3922	2026-08-16T08:38:54.956646+00:00	99.050000%	2111	keep	Tie the seventh-closest positional scalar pair	Family: parameter tying. Current retained frontier is 2,112 parameters at 99.050000%, a +0.050000 percentage-point margin over 99%. There have been 10 prior attempts in this family. The most recent accepted result is attempt-0067, the sixth positional scalar tie at 2,112 parameters and unchanged 99.05%; the most recent failed result is attempt-0034. The closest current groups have representatives 450 and 418, values -0.0206597243 and -0.0206578653, differing by 1.859e-6. Hypothesis: sharing their mean cumulatively preserves qualification and yields 2,111 parameters. This is more informative than any other untested pair because it is the current minimum-distortion union after six accepted merges.	0	0
attempt-0069	a415980133a0df5625721cfe2125d6456b5d62ef	6d4993b59910d42c21d88fff0913989339d44011	2026-08-16T08:40:30.994481+00:00	99.050000%	2110	keep	Tie the eighth-closest positional scalar pair	Family: parameter tying. Current retained frontier is 2,111 parameters at 99.050000%, a +0.050000 percentage-point margin over 99%. There have been 11 prior attempts in this family. The most recent accepted result is attempt-0068, the seventh positional scalar tie at 2,111 parameters and unchanged 99.05%; the most recent failed result is attempt-0034. The closest current groups have representatives 237 and 222, values -0.0138146784 and -0.0138127590, differing by 1.919e-6. Hypothesis: sharing their mean cumulatively preserves qualification and yields 2,110 parameters. This is more informative than any other untested pair because it is the recomputed minimum-distortion union after seven accepted merges.	0	0
attempt-0070	ee3f9ce8e9dee19b1baf27556cd9b4d3b0b2e231	a415980133a0df5625721cfe2125d6456b5d62ef	2026-08-16T08:42:08.540677+00:00	99.040000%	2109	keep	Tie the ninth-closest positional scalar groups	Family: parameter tying. Current retained frontier is 2,110 parameters at 99.050000%, a +0.050000 percentage-point margin over 99%. There have been 12 prior attempts in this family. The most recent accepted result is attempt-0069, the eighth positional tie at 2,110 parameters and unchanged 99.05%; the most recent failed result is attempt-0034. The closest current groups have representatives 70 and 183, values 0.0132020144 and 0.0132044218, differing by 2.407e-6; representative 183 already denotes the accepted 183/282 group. Hypothesis: unioning coordinate 70 into that group with a multiplicity-weighted mean preserves qualification and yields 2,109 parameters. This is more informative than any other untested union because it is the current minimum-distortion group merge after eight accepted reductions.	0	0
attempt-0071	1940545d6bd9e98fc656a5cd4bc5a848a1dde80d	ee3f9ce8e9dee19b1baf27556cd9b4d3b0b2e231	2026-08-16T08:43:47.841107+00:00	99.050000%	2108	keep	Tie the tenth-closest positional scalar groups	Family: parameter tying. Current retained frontier is 2,109 parameters at 99.040000%, a +0.040000 percentage-point margin over 99%. There have been 13 prior attempts in this family. The most recent accepted result is attempt-0070, the ninth positional union at 2,109 parameters and 99.04%; the most recent failed result is attempt-0034. The closest current groups have representatives 409 and 208, values -0.0037917511 and -0.0037891832, differing by 2.568e-6. Hypothesis: sharing their mean cumulatively preserves the four-case qualification slack and yields 2,108 parameters; otherwise rollback closes this exact branch at attempt 70. This is more informative than any other untested union because it is the recomputed minimum-distortion merge.	0	0
attempt-0072	295e97256eee4dbd47eea72a7ddefba73d3ca849	1940545d6bd9e98fc656a5cd4bc5a848a1dde80d	2026-08-16T08:45:21.298851+00:00	99.040000%	2107	keep	Tie the eleventh-closest positional scalar groups	Family: parameter tying. Current retained frontier is 2,108 parameters at 99.050000%, a +0.050000 percentage-point margin over 99%. There have been 14 prior attempts in this family. The most recent accepted result is attempt-0071, the tenth positional union at 2,108 parameters and 99.05%; the most recent failed result is attempt-0034. The closest current groups have representatives 500 and 273, values 0.0105745886 and 0.0105778286, differing by 3.240e-6. Hypothesis: sharing their mean cumulatively preserves qualification and yields 2,107 parameters. This is more informative than any other untested union because it is the recomputed minimum-distortion merge after ten accepted positional reductions.	0	0
attempt-0073	e67d9f4043a9d2840e49e59fa14b5c52b918847e	295e97256eee4dbd47eea72a7ddefba73d3ca849	2026-08-16T08:47:02.446413+00:00	99.050000%	2106	keep	Tie the twelfth-closest positional scalar groups	Family: parameter tying. Current retained frontier is 2,107 parameters at 99.040000%, a +0.040000 percentage-point margin over 99%. There have been 15 prior attempts in this family. The most recent accepted result is attempt-0072, the eleventh positional union at 2,107 parameters and 99.04%; the most recent failed result is attempt-0034. The closest current groups have representatives 250 and 38, values 0.0151338242 and 0.0151371248, differing by 3.301e-6; representative 250 belongs to the accepted 388/250 group. Hypothesis: unioning coordinate 38 into that group with a multiplicity-weighted mean preserves qualification and yields 2,106 parameters. This is more informative than any other untested merge because it is the current minimum-distortion positional union.	0	0
attempt-0074	346d89912f272074b2f8878b19d2df19def9735e	e67d9f4043a9d2840e49e59fa14b5c52b918847e	2026-08-16T08:49:57.831162+00:00	99.050000%	2105	keep	Tie the thirteenth-closest positional scalar groups	Family: parameter tying. Current retained frontier is 2,106 parameters at 99.050000%, a +0.050000 percentage-point margin over 99%. There have been 16 prior attempts in this family. The most recent accepted result is attempt-0073, the twelfth positional union at 2,106 parameters and 99.05%; the most recent failed result is attempt-0034. The closest current groups have representatives 335 and 48, values 0.0029729181 and 0.0029764434, differing by 3.525e-6. Hypothesis: unioning these scalar groups with a multiplicity-weighted mean preserves qualification and yields 2,105 parameters. This is more informative than any other untested merge because it is the current minimum-distortion positional union.	0	0
attempt-0075	346d89912f272074b2f8878b19d2df19def9735e	346d89912f272074b2f8878b19d2df19def9735e	2026-08-16T08:52:25.747531+00:00			discard	[automation:nearest-position-unions] Greedily union the least-separated learned positional scalar groups | Ran 1 of 20 declared micro-trials and stopped immediately on the first error. The candidate was not trained or verified: an implementation error in the helper removed the closing parenthesis of the prior tied pair, producing a SyntaxError in src/model.py. Frontier remained 2,105 parameters at 99.05%; 0 accepted, 1 error, negligible training compute.	Family: parameter tying. Current retained frontier is 2,105 parameters at 99.050000%, a +0.050000 percentage-point margin over 99%. There have been 17 prior attempts in this family. The most recent accepted result is attempt-0074, the thirteenth positional union at 2,105 parameters and 99.05%; the most recent failed result is attempt-0034, shared normalization biases. Hypothesis: further parameterization-preserving unions of the numerically closest learned positional scalar groups can remove parameters while preserving the represented checkpoint closely enough to qualify. Candidate ordering is ascending absolute difference between current group values, excluding any group pair already rejected within this automation; this is more informative than the nearest untested alternative because each trial is by definition the minimum-distortion eligible union. Each micro-trial changes exactly one group union and is accepted or rolled back solely by run_attempt.py under the strict fewer-parameters and at-least-99% rule. Stop after 20 micro-trials, immediately on an execution error, or if no eligible pair remains. Compute budget: at most 20 checkpoint migrations and official verifications, 30 minutes wall-clock.		
attempt-0076	91c23347ef536d769ead1c1934017082ebad35e0	346d89912f272074b2f8878b19d2df19def9735e	2026-08-16T09:14:10.487162+00:00	99.040000%	2085	keep	[automation:nearest-position-unions-repair] Repair and resume greedy nearest positional scalar unions | Completed the declared 20 nearest-group positional unions in 20 minutes 53 seconds. All 20 micro-trials qualified and were retained; 0 discards and 0 errors. The frontier moved from 2,105 parameters at 99.05% to 2,085 parameters at 99.04%. Pairwise value differences rose from 4.198e-6 to 1.285e-5; stop reason was the fixed 20-micro-trial cap. Training used checkpoint migration rather than fresh optimization, followed by 20 official verifications.	Family: parameter tying. Current retained frontier is 2,105 parameters at 99.050000%, a +0.050000 percentage-point margin over 99%. There have been 18 prior attempts in this family. The most recent accepted result is attempt-0074 at 2,105 parameters and 99.05%; the most recent failed result is attempt-0075, whose only micro-trial was an implementation error before training because the helper removed a required closing parenthesis. This is the permitted repair of that reproducible implementation error: the source splice now retains the existing pair close, while the intended candidate and conditions are otherwise unchanged. Hypothesis: parameterization-preserving unions of the closest learned positional scalar groups can continue reducing count without losing qualification. Ordering is ascending absolute group-value difference, excluding exact rejected pairs; this is more informative than the nearest untested alternative because each selected pair is the minimum-distortion eligible union. The official runner alone accepts or rolls back each one-pair candidate. Stop after 20 micro-trials, immediately on any further execution error, or if no pair remains. Compute budget: at most 20 migrations and official verifications, 30 minutes wall-clock.		
attempt-0077	6edffd5ebc428d9bff44da2632a74481fa540447	6edffd5ebc428d9bff44da2632a74481fa540447	2026-08-16T20:55:37.671303+00:00			error	[automation:nearest-position-unions-exhaust] Continue minimum-distortion positional unions to the first scored boundary | No micro-trial was recorded. Before source archival, training, or verification, sandboxed Git-index access failed after the runner created micro-0001; the permitted rerun then encountered that pre-existing directory and could not reuse it. This is an infrastructure error, not capacity evidence. Frontier remained 2,085 parameters at 99.04%; 0 accepted, 0 scored failures, 0 training compute. Stop reason: the active automation could not legally advance without editing an archived runner artifact.	Family: parameter tying. Current retained frontier is 2,085 parameters at 99.040000%, a +0.040000 percentage-point margin over 99%. There have been 19 prior macro-attempts in this family and 21 prior micro-trials. The most recent accepted result is attempt-0076, whose 20 checkpoint-migrated nearest positional unions moved the frontier from 2,105 to 2,085 parameters while retaining 99.04%; the most recent failed result is attempt-0075/micro-0001, an implementation error before training or scoring caused by a malformed source splice, repaired in attempt-0076. Hypothesis: further parameterization-preserving unions of the numerically closest learned positional scalar groups can remove parameters while preserving the checkpoint closely enough to qualify. Candidate ordering is ascending absolute difference between current group values, recomputed after each accepted union; this is more informative than the nearest untested alternative because the selected candidate is the minimum-distortion remaining union. Each micro-trial changes one union and is accepted or rolled back solely by run_attempt.py. Stop on the first scored failure because it closes this declared greedy path, on any reproducible error for inspection, or when no pair remains. The cap of 478 covers all possible unions among the 479 current positional groups. Compute budget: at most 478 checkpoint migrations and official verifications or 10 wall-clock hours, with the first qualifying stop condition taking precedence.		
attempt-0078	e82d67b9e8675a7626c9ce5d730cdfc17cbac39d	6edffd5ebc428d9bff44da2632a74481fa540447	2026-08-17T02:25:39.172539+00:00	99.010000%	1793	keep	[automation:nearest-position-unions-infra-repair] Repair infrastructure launch and exhaust minimum-distortion positional unions | Evaluated 293 consecutive minimum-difference positional group unions (micro-0001 through micro-0293). The first 292 qualified and were retained, moving the frontier from 2,085 parameters at 99.04% to 1,793 parameters at 99.01%; micro-0293 proposed 1,792 parameters and scored 98.97%, so it was discarded and rolled back. There were 0 errors. Compute used checkpoint migration plus 293 official verifications, no fresh optimization, over 5h29m09s wall clock from automation start to the scored boundary. Stop reason: the first scored failure closed the declared greedy minimum-distortion path before the 478-trial/10-hour cap.	Family: parameter tying. Current retained frontier is 2,085 parameters at 99.040000%, a +0.040000 percentage-point margin over 99%. There have been 20 prior macro-attempts in this family and 21 prior micro-trials. The most recent accepted result is attempt-0076, whose 20 nearest positional unions reduced the frontier from 2,105 to 2,085 parameters at 99.04%; the most recent failed result is attempt-0077, an infrastructure error before source archival, training, scoring, or micro-trial recording because sandboxed Git access left an unusable micro directory. This is the permitted repair of the same intended candidate: run with repository-write permission established before the first micro-trial; architecture, candidate ordering, acceptance, and stopping conditions are unchanged. Hypothesis: further parameterization-preserving minimum-difference positional unions can reduce count while preserving qualification. Ordering is ascending absolute difference between current group values, recomputed after every accepted union, and is more informative than the nearest untested alternative because each chosen pair has minimum current distortion. The official runner alone accepts or rolls back. Stop at the first scored failure, any further reproducible error, or no remaining pair. The 478-trial cap covers all possible unions among 479 current groups. Compute budget: at most 478 checkpoint migrations and official verifications or 10 wall-clock hours, with the first stop condition taking precedence.		
attempt-0079	a041f63b9c301e072b092d01ff31751e6d6f1d54	e82d67b9e8675a7626c9ce5d730cdfc17cbac39d	2026-08-17T02:31:08.605954+00:00	99.010000%	1791	keep	[automation:next-position-unions-after-sensitive-pair] Test next-nearest positional unions after excluding the first scored-sensitive pair | Evaluated the three next-minimum-difference positional unions after excluding attempt-0078's rejected (1,244) pair. micro-0001 and micro-0002 qualified and were retained, moving the frontier from 1,793 parameters at 99.01% to 1,791 parameters at 99.01%; micro-0003 proposed 1,790 parameters and scored 98.91%, so it was discarded and rolled back. There were 2 accepts, 1 scored discard, and 0 errors. Compute used checkpoint migration plus 3 official verifications, no fresh optimization, over 3m32s wall clock. Stop reason: the first scored failure closed this revised nearest-eligible path before the 20-trial/30-minute cap.	Family: parameter tying. Current retained frontier is 1,793 parameters at 99.010000%, a +0.010000 percentage-point margin over 99%. There have been 21 prior macro-attempts and 314 prior micro-trials in this family. The most recent accepted result is attempt-0078/micro-0292, which retained 1,793 parameters at 99.01%; the most recent failed result is attempt-0078/micro-0293, whose union of positional groups represented by coordinates 244 and 1 produced 1,792 parameters but scored 98.97% and was rolled back. Hypothesis: that failure reflects coordinate-specific sensitivity rather than a universal pairwise-difference floor, so excluding exactly (1,244) and ordering all remaining candidates by ascending current absolute group-value difference can identify a still-neutral union. This parameterization-preserving compression is more informative than the nearest untested alternative of changing tensor family immediately because it directly discriminates pair sensitivity from the measured 4.202e-4 distortion boundary. Each micro-trial adds exactly one eligible union; the official runner alone accepts or rolls back. Stop at the first scored discard or error, at the 20-micro-trial cap, or if no eligible pair remains. Compute budget: at most 20 checkpoint migrations and official verifications or 30 wall-clock minutes, whichever boundary occurs first.		
attempt-0080	732b17f6e96b16a5d189c42a3dcb4e619ab13044	a041f63b9c301e072b092d01ff31751e6d6f1d54	2026-08-17T02:34:48.503456+00:00	99.010000%	1790	keep	[automation:nearest-token-matrix-unions] Reconstruct the tied token matrix from scalar groups and test nearest-value unions | Evaluated two nearest token-matrix scalar unions. micro-0001 qualified at 1,790 parameters and 99.01% and was retained. micro-0002 was not scored: training exited with a reproducible implementation error because checkpoint migration still indexed the removed dense token_emb.weight key after the first sparse token checkpoint; it is not capacity evidence. Frontier moved from 1,791 to 1,790 parameters; 1 accept, 1 implementation error, 0 scored discards. Compute used one checkpoint migration and one official verification plus a negligible failed launch over 1m17s wall clock. Stop reason: recorded implementation error before the 20-trial/30-minute cap.	Family: parameter tying. Current retained frontier is 1,791 parameters at 99.010000%, a +0.010000 percentage-point margin over 99%. There have been 22 prior macro-attempts and 317 prior micro-trials in this family. The most recent accepted result is attempt-0079/micro-0002 at 1,791 parameters and 99.01%; the most recent failed result is attempt-0079/micro-0003, a positional union candidate at 1,790 parameters that scored 98.91% and was rolled back. Hypothesis: scalar sensitivity is tensor-site-specific, so reconstructing the tied input/output token matrix from honestly counted scalar groups and unioning its closest values can compress a different representation without crossing the positional failure boundary. Ordering is ascending absolute difference among current token-matrix groups, recomputed after each keep. This parameterization-preserving compression is more informative than a third positional exclusion branch because it tests whether fragility is localized to position encoding while preserving the token matrix exactly before the first union. Each micro-trial changes exactly one union; the official runner alone accepts or rolls back. Stop at the first scored discard or error, after 20 micro-trials, or if no token pair remains. Compute budget: at most 20 checkpoint migrations and official verifications or 30 wall-clock minutes, whichever boundary occurs first.		
attempt-0081	76b797df9fd2d9b42b82d99720958d50ba25fc7e	732b17f6e96b16a5d189c42a3dcb4e619ab13044	2026-08-17T02:44:08.137784+00:00	99.000000%	1784	keep	[automation:nearest-token-matrix-unions-repair] Repair sparse-token checkpoint migration and resume nearest token scalar unions | Repaired sparse-token checkpoint migration and evaluated 7 nearest token-matrix unions. The first 6 qualified and were retained, moving the frontier from 1,790 parameters at 99.01% to 1,784 parameters at exactly 99.00%; micro-0007 proposed 1,783 parameters and scored 98.97%, so it was discarded and rolled back. There were 6 accepts, 1 scored discard, and 0 errors after repair. Compute used checkpoint migration plus 7 official verifications, no fresh optimization, over 8m38s wall clock. Stop reason: first scored failure closed the repaired nearest-token path before the 20-trial/30-minute cap.	Family: parameter tying. Current retained frontier is 1,790 parameters at 99.010000%, a +0.010000 percentage-point margin over 99%. There have been 23 prior macro-attempts and 319 prior micro-trials in this family. The most recent accepted result is attempt-0080/micro-0001, whose closest token-matrix scalar union retained 1,790 parameters at 99.01%; the most recent failed result is attempt-0080/micro-0002, an implementation error before verification because train.py indexed the obsolete dense token_emb.weight key after migration to token_emb.values. This is the permitted repair of the same intended candidate: checkpoint metadata now obtains vocabulary size from token_emb.value_indices when the incumbent is sparse; architecture, second union, ordering, acceptance, and stopping conditions are unchanged. Hypothesis: minimum-difference unions in the tied input/output token matrix preserve qualification beyond the first retained union. Ordering is ascending absolute current token-group difference and is more informative than the next untested alternative because repairing micro-0002 isolates implementation from capacity at the exact candidate that was never scored. The official runner alone accepts or rolls back. Stop at the first scored discard or further error, at 20 micro-trials, or if no pair remains. Compute budget: at most 20 checkpoint migrations and official verifications or 30 wall-clock minutes.		
attempt-0082	0adaf7fa3562f141d80ab9757d484949c2cd4d53	76b797df9fd2d9b42b82d99720958d50ba25fc7e	2026-08-17T03:10:41.701500+00:00	99.010000%	1764	keep	[automation:nearest-shared-qkv-unions] Reconstruct the depth-shared QKV matrix from scalar groups and test nearest-value unions | Completed the declared 20 nearest shared-QKV scalar unions. All 20 qualified and were retained, moving the frontier from 1,784 parameters at 99.00% to 1,764 parameters at 99.01%; 20 accepts, 0 discards, 0 errors. Pairwise differences rose through 1.892e-5. Compute used checkpoint migration plus 20 official verifications, no fresh optimization, over 24m37s wall clock. Stop reason: fixed 20-micro-trial cap; no scored boundary was reached.	Family: parameter tying. Current retained frontier is 1,784 parameters at 99.000000%, a +0.000000 percentage-point margin over 99%. There have been 24 prior macro-attempts and 326 prior micro-trials in this family. The most recent accepted result is attempt-0081/micro-0006 at 1,784 parameters and 99.00%; the most recent failed result is attempt-0081/micro-0007, whose next token-matrix union proposed 1,783 parameters and scored 98.97%. Hypothesis: the already depth-shared 768-scalar QKV transform contains much closer duplicate values than the token matrix, so reconstructing it from scalar groups and unioning the least-separated groups can compress the attention parameterization without the token site's measured sensitivity. Ordering is ascending absolute current QKV-group difference, recomputed after every keep. This parameterization-preserving attention substitution is more informative than excluding the failed token pair because it tests a new large tensor with smaller perturbations and separates tensor sensitivity from the zero observed accuracy margin. Each micro-trial changes one QKV union; the official runner alone accepts or rolls back. Stop on the first scored discard or error, at the 20-micro-trial cap, or when no group pair remains. Compute budget: at most 20 checkpoint migrations and official verifications or 30 wall-clock minutes.		
attempt-0083	8bc754bff8bd13f93e1726431a4973a0d16cf297	0adaf7fa3562f141d80ab9757d484949c2cd4d53	2026-08-17T03:35:44.826086+00:00	99.010000%	1744	keep	[automation:next-shared-qkv-union-band] Test the next 20 minimum-difference unions in the shared QKV matrix | Completed the second declared band of 20 nearest shared-QKV scalar unions. All 20 qualified and were retained, moving the frontier from 1,764 parameters at 99.01% to 1,744 parameters at 99.01%; 20 accepts, 0 discards, 0 errors. Pairwise differences rose through 4.096e-5. Compute used checkpoint migration plus 20 official verifications, no fresh optimization, over 24m01s wall clock. Stop reason: fixed 20-micro-trial cap; no scored QKV boundary was reached.	Family: parameter tying. Current retained frontier is 1,764 parameters at 99.010000%, a +0.010000 percentage-point margin over 99%. There have been 25 prior macro-attempts and 346 prior micro-trials in this family. The most recent accepted result is attempt-0082/micro-0020 at 1,764 parameters and 99.01%; the most recent failed result is attempt-0081/micro-0007, a token-matrix union at 1,783 parameters that scored 98.97%. Hypothesis: the shared QKV matrix contains a broader band of near-duplicate scalars beyond the first 20 accepted unions, so continuing the recomputed ascending-difference ordering for one additional fixed band can reduce count while preserving qualification. This parameterization-preserving compression is more informative than switching immediately to feed-forward scalars because it measures whether the prior cap, rather than a QKV sensitivity boundary, stopped progress; the next current QKV union is the nearest untested candidate in that site. Each micro-trial adds one union and the official runner alone accepts or rolls back. Stop on the first scored discard or error, at the 20-micro-trial cap, or if no pair remains. Compute budget: at most 20 checkpoint migrations and official verifications or 30 wall-clock minutes.		
attempt-0084	f2048e7224960779b1ee1f3f5cccc623f1392f07	8bc754bff8bd13f93e1726431a4973a0d16cf297	2026-08-17T04:01:51.562936+00:00	99.020000%	1724	keep	[automation:nearest-shared-ff-input-unions] Reconstruct the shared feed-forward input map from scalar groups and test nearest unions | Completed the declared 20 nearest shared feed-forward input scalar unions. All 20 qualified and were retained, moving the frontier from 1,744 parameters at 99.01% to 1,724 parameters at 99.02%; 20 accepts, 0 discards, 0 errors. Pairwise differences rose through 1.888e-4. Compute used checkpoint migration plus 20 official verifications, no fresh optimization, over 24m33s wall clock. Stop reason: fixed 20-micro-trial cap; no scored FF-input boundary was reached.	Family: parameter tying. Current retained frontier is 1,744 parameters at 99.010000%, a +0.010000 percentage-point margin over 99%. There have been 26 prior macro-attempts and 366 prior micro-trials in this family. The most recent accepted result is attempt-0083/micro-0020 at 1,744 parameters and 99.01%; the most recent failed result is attempt-0081/micro-0007, whose token-matrix union scored 98.97%. Hypothesis: the depth-shared feed-forward input map contains near-duplicate learned scalars independent of the two accepted QKV bands, so reconstructing only this nonlinear feature-construction matrix from scalar groups and greedily unioning its closest values can reduce count without perturbing attention or the FF output map. Ordering is ascending absolute current group-value difference, recomputed after every keep. This parameterization-preserving substitution is more informative than a third QKV band because it tests whether redundancy transfers to a different mechanism while isolating the input side of the FF path. Each micro-trial adds one union and the official runner alone accepts or rolls back. Stop on the first scored discard or error, at the 20-micro-trial cap, or if no pair remains. Compute budget: at most 20 checkpoint migrations and official verifications or 30 wall-clock minutes.		
attempt-0085	2753ce4cf4b2ae0a180c09885939688102954562	f2048e7224960779b1ee1f3f5cccc623f1392f07	2026-08-17T04:28:58.229000+00:00	99.010000%	1704	keep	[automation:nearest-shared-ff-output-unions] Reconstruct the shared feed-forward output map from scalar groups and test nearest unions | Completed the declared 20 nearest shared feed-forward output scalar unions. All 20 qualified and were retained, moving the frontier from 1,724 parameters at 99.02% to 1,704 parameters at 99.01%; 20 accepts, 0 discards, 0 errors. Pairwise differences rose through 1.006e-4. Compute used checkpoint migration plus 20 official verifications, no fresh optimization, over 25m41s wall clock. Stop reason: fixed 20-micro-trial cap; no scored FF-output boundary was reached.	Family: parameter tying. Current retained frontier is 1,724 parameters at 99.020000%, a +0.020000 percentage-point margin over 99%. There have been 27 prior macro-attempts and 386 prior micro-trials in this family. The most recent accepted result is attempt-0084/micro-0020 at 1,724 parameters and 99.02%; the most recent failed result is attempt-0081/micro-0007, whose token-matrix union scored 98.97%. Hypothesis: the depth-shared feed-forward output map contains near-duplicate scalars distinct from the accepted input-map band, so reconstructing only residual-stream synthesis from scalar groups and greedily unioning its closest values can reduce count without perturbing feature construction or attention. Ordering is ascending absolute current group-value difference, recomputed after every keep. This parameterization-preserving substitution is more informative than another FF-input band because it separates the complementary output transformation and identifies which side of the nonlinear path first becomes sensitive. Each micro-trial adds one union and the official runner alone accepts or rolls back. Stop on the first scored discard or error, at the 20-micro-trial cap, or if no pair remains. Compute budget: at most 20 checkpoint migrations and official verifications or 30 wall-clock minutes.		
attempt-0086	2753ce4cf4b2ae0a180c09885939688102954562	2753ce4cf4b2ae0a180c09885939688102954562	2026-08-17T04:31:15.739022+00:00			discard	[automation:next-shared-ff-input-union-band] Test the second 20-union difference band in the shared feed-forward input map | The second FF-input band stopped on its first micro-trial. Unioning the next closest FF-input groups proposed 1,703 parameters but scored 3.82%, so it was discarded and rolled back; the frontier remained 1,704 parameters at 99.01%. Outcomes: 0 accepts, 1 scored discard, 0 errors. Compute used one checkpoint migration and one official verification over 1m32s wall clock. Stop reason: the first scored failure closed this larger-difference FF-input path before the 20-trial/30-minute cap.	Family: parameter tying. Current retained frontier is 1,704 parameters at 99.010000%, a +0.010000 percentage-point margin over 99%. There have been 28 prior macro-attempts and 406 prior micro-trials in this family. The most recent accepted result is attempt-0085/micro-0020 at 1,704 parameters and 99.01%; the most recent failed result remains attempt-0081/micro-0007, whose token-matrix union scored 98.97%. The first FF-input band in attempt-0084 retained all 20 unions. Hypothesis: feature-construction redundancy extends into the next, larger-difference band, and continuing ascending current group difference for one fixed band will reveal its boundary while leaving QKV and FF-output groups unchanged. This parameterization-preserving compression is more informative than immediately taking a second FF-output band because its next untested difference scale is higher and therefore provides a stronger sensitivity test. Each micro-trial adds one FF-input union and the official runner alone accepts or rolls back. Stop on the first scored discard or error, at 20 micro-trials, or if no pair remains. Compute budget: at most 20 checkpoint migrations and official verifications or 30 wall-clock minutes.		
attempt-0087	28e517b2dcd2a7d2fa7f9b474399079bf38b15b2	2753ce4cf4b2ae0a180c09885939688102954562	2026-08-17T04:43:43.085909+00:00	99.030000%	1695	keep	[automation:next-shared-ff-output-union-band] Test the second 20-union difference band in the shared feed-forward output map | Evaluated 10 unions in the second FF-output band. The first 9 qualified and were retained, moving the frontier from 1,704 parameters at 99.01% to 1,695 parameters at 99.03%; micro-0010 proposed 1,694 parameters and scored 98.99%, so it was discarded and rolled back. Outcomes: 9 accepts, 1 scored discard, 0 errors. Compute used checkpoint migration plus 10 official verifications over 11m54s wall clock. Stop reason: first scored failure closed the FF-output path before the 20-trial/30-minute cap.	Family: parameter tying. Current retained frontier is 1,704 parameters at 99.010000%, a +0.010000 percentage-point margin over 99%. There have been 29 prior macro-attempts and 407 prior micro-trials in this family. The most recent accepted result is attempt-0085/micro-0020 at 1,704 parameters and 99.01%; the most recent failed result is attempt-0086/micro-0001, whose next FF-input union scored 3.82% at 1,703 parameters and was rolled back. Hypothesis: the sharp FF-input boundary is site-specific; the FF-output map's next pair has a lower distortion scale and residual reconstruction may tolerate a second band. Ordering remains ascending absolute current FF-output group difference, recomputed after each keep. This parameterization-preserving compression is more informative than excluding the failed FF-input pair because it tests the complementary path under a smaller perturbation and directly distinguishes input versus output sensitivity. Each micro-trial adds one FF-output union and the official runner alone accepts or rolls back. Stop on the first scored discard or error, at 20 micro-trials, or if no pair remains. Compute budget: at most 20 checkpoint migrations and official verifications or 30 wall-clock minutes.		
attempt-0088	28e517b2dcd2a7d2fa7f9b474399079bf38b15b2	28e517b2dcd2a7d2fa7f9b474399079bf38b15b2	2026-08-17T04:44:34.198742+00:00			discard	[automation:third-shared-qkv-union-band] Test a third 20-union difference band in the shared QKV transform | No candidate was scored. The first intended QKV union hit a reproducible implementation error during model construction because the QKV helper's source insertion boundary had become stale after adding FF scalar-pair constants and inserted QKV coordinates into the 256-entry FF-output list, causing an IndexError. This is not capacity evidence. Frontier remained 1,695 parameters at 99.03%; 0 accepts, 0 scored discards, 1 implementation error, negligible compute. Stop reason: recorded implementation error before the 20-trial/30-minute cap.	Family: parameter tying. Current retained frontier is 1,695 parameters at 99.030000%, a +0.030000 percentage-point margin over 99%. There have been 30 prior macro-attempts and 417 prior micro-trials in this family. The most recent accepted result is attempt-0087/micro-0009 at 1,695 parameters and 99.03%; the most recent failed result is attempt-0087/micro-0010, whose next FF-output union scored 98.99% at 1,694 parameters. Shared QKV has retained 40 ordered unions without a scored failure. Hypothesis: attention-transform redundancy extends beyond both measured feed-forward boundaries, so the next ascending-difference QKV band can still reduce parameters while preserving qualification. This parameterization-preserving compression is more informative than excluding either failed FF pair because it returns to the only large tensor site whose ordered path remains open and tests a new difference range. Each micro-trial adds one QKV union and the official runner alone accepts or rolls back. Stop on the first scored discard or error, at 20 micro-trials, or if no pair remains. Compute budget: at most 20 checkpoint migrations and official verifications or 30 wall-clock minutes.		
attempt-0089	971e8c08a289d9676a74c0fa343658ad82b76e2b	28e517b2dcd2a7d2fa7f9b474399079bf38b15b2	2026-08-17T04:56:13.537560+00:00	99.010000%	1687	keep	[automation:third-shared-qkv-union-band-repair] Repair the QKV source splice and resume the third nearest-union band | After repairing the splice, evaluated 9 unions in the third QKV band. The first 8 qualified and were retained, moving the frontier from 1,695 parameters at 99.03% to 1,687 parameters at 99.01%; micro-0009 proposed 1,686 parameters and scored 98.99%, so it was discarded and rolled back. Outcomes: 8 accepts, 1 scored discard, 0 errors after repair. Compute used checkpoint migration plus 9 official verifications over 10m56s wall clock. Stop reason: first scored failure closed the QKV path before the 20-trial/30-minute cap.	Family: parameter tying. Current retained frontier is 1,695 parameters at 99.030000%, a +0.030000 percentage-point margin over 99%. There have been 31 prior macro-attempts and 418 prior micro-trials in this family. The most recent accepted result is attempt-0087/micro-0009 at 1,695 parameters and 99.03%; the most recent failed result is attempt-0088/micro-0001, an implementation error with no score because the QKV helper inserted coordinates into the FF-output pair constant after the source layout changed, causing an IndexError before checkpoint migration. This is the permitted repair of the exact intended QKV candidate: the helper now terminates its splice at FF_IN_TIED_PAIRS; candidate (633,422), ordering, architecture, and official acceptance/rollback are unchanged. Hypothesis: the third nearest-difference QKV band continues the 40 accepted attention unions. Repairing the unscored candidate is more informative than the next alternative because it cleanly separates the implementation defect from QKV capacity at the exact minimum-difference pair. Stop on the first scored discard or further error, at 20 micro-trials, or if no pair remains. Compute budget: at most 20 checkpoint migrations and official verifications or 30 wall-clock minutes.		
attempt-0090	971e8c08a289d9676a74c0fa343658ad82b76e2b	971e8c08a289d9676a74c0fa343658ad82b76e2b	2026-08-17T04:58:18.618249+00:00			discard	[automation:token-unions-after-sensitive-pair] Resume nearest token-matrix unions after excluding its first scored-sensitive pair | The revised token branch stopped on its first eligible alternative. Excluding the prior (55,92) failure exposed groups (93,160); their union proposed 1,686 parameters but scored 0.77%, so it was discarded and rolled back. Frontier remained 1,687 parameters at 99.01%; 0 accepts, 1 scored discard, 0 errors. Compute used one checkpoint migration and one official verification over 1m19s wall clock. Stop reason: first scored failure closed the revised token path before the 20-trial/30-minute cap.	Family: parameter tying. Current retained frontier is 1,687 parameters at 99.010000%, a +0.010000 percentage-point margin over 99%. There have been 32 prior macro-attempts and 427 prior micro-trials in this family. The most recent accepted result is attempt-0089/micro-0008 at 1,687 parameters and 99.01%; the most recent failed result is attempt-0089/micro-0009, whose QKV union scored 98.99%. At the token site specifically, attempt-0081/micro-0006 retained 1,784 parameters and micro-0007's (55,92) union scored 98.97%. Hypothesis: that token failure is coordinate-specific rather than a universal token-difference boundary; excluding exactly (55,92) and resuming ascending current token-group difference can find a neutral alternative. This parameterization-preserving compression is more informative than another QKV exclusion branch because it revisits a distinct representation whose rejected pair and subsequent ordering have not been tested. Each micro-trial adds one eligible token union and the official runner alone accepts or rolls back. Stop on the first scored discard or error, at 20 micro-trials, or if no pair remains. Compute budget: at most 20 checkpoint migrations and official verifications or 30 wall-clock minutes.		
attempt-0091	dcb982756648394fef98bdcf433181b4e7385b32	971e8c08a289d9676a74c0fa343658ad82b76e2b	2026-08-17T05:01:27.193274+00:00	99.000000%	1686	keep	[automation:qkv-unions-after-sensitive-pair] Resume nearest QKV unions after excluding its first scored-sensitive pair | The revised QKV branch evaluated two eligible alternatives. The first qualified at 1,686 parameters and exactly 99.00% and was retained; the second proposed 1,685 parameters and scored 98.99%, so it was discarded and rolled back. Frontier moved from 1,687 to 1,686 parameters; 1 accept, 1 scored discard, 0 errors. Compute used two checkpoint migrations and two official verifications over 2m26s wall clock. Stop reason: first scored failure closed the revised QKV path before the 20-trial/30-minute cap.	Family: parameter tying. Current retained frontier is 1,687 parameters at 99.010000%, a +0.010000 percentage-point margin over 99%. There have been 33 prior macro-attempts and 428 prior micro-trials in this family. The most recent accepted result is attempt-0089/micro-0008 at 1,687 parameters and 99.01%; the most recent failed result is attempt-0090/micro-0001, whose revised token union scored 0.77%. At the QKV site, attempt-0089/micro-0009's (516,694) union scored 98.99%. Hypothesis: the first QKV failure is coordinate-specific rather than a global attention-difference boundary; excluding exactly that pair and resuming ascending current QKV-group difference can find a neutral alternative. This parameterization-preserving compression is more informative than further token exclusions because token alternatives now show a sharp repeated failure, whereas QKV has only one scored boundary after 48 accepted unions. Each micro-trial adds one eligible QKV union and the official runner alone accepts or rolls back. Stop on the first scored discard or error, at 20 micro-trials, or if no pair remains. Compute budget: at most 20 checkpoint migrations and official verifications or 30 wall-clock minutes.		
attempt-0092	e554eb1a7df61aea77cf31474dc370b1dfd7652c	dcb982756648394fef98bdcf433181b4e7385b32	2026-08-17T05:07:04.304930+00:00	99.000000%	1683	keep	[automation:position-unions-after-two-sensitive-pairs] Resume nearest positional unions after excluding both measured sensitive pairs | The positional branch beyond two excluded failures evaluated 4 alternatives. The first 3 qualified and were retained, moving the frontier from 1,686 parameters at 99.00% to 1,683 parameters at 99.00%; micro-0004 proposed 1,682 parameters and scored 98.98%, so it was discarded and rolled back. Outcomes: 3 accepts, 1 scored discard, 0 errors. Compute used four checkpoint migrations and official verifications over 5m01s wall clock. Stop reason: first scored failure closed this revised positional path before the 20-trial/30-minute cap.	Family: parameter tying. Current retained frontier is 1,686 parameters at 99.000000%, a +0.000000 percentage-point margin over 99%. There have been 34 prior macro-attempts and 430 prior micro-trials in this family. The most recent accepted result is attempt-0091/micro-0001 at 1,686 parameters and 99.00%; the most recent failed result is attempt-0091/micro-0002, whose next QKV union scored 98.99%. At the positional site, attempt-0079/micro-0002 retained the last eligible union and micro-0003's (263,315) pair scored 98.91%, following the earlier failed (1,244) pair. Hypothesis: after excluding both measured position-sensitive pairs, the next minimum-difference group union may affect a neutral coordinate set and preserve qualification. This parameterization-preserving compression is more informative than further QKV exclusions because QKV now has two nearby failures, while the positional search has not evaluated beyond its second site-specific boundary. Each micro-trial adds one eligible positional union and the official runner alone accepts or rolls back. Stop on the first scored discard or error, at 20 micro-trials, or if no pair remains. Compute budget: at most 20 checkpoint migrations and official verifications or 30 wall-clock minutes.		
attempt-0093	18a35879736439a6b66630cfa1c0127ae4ae019f	e554eb1a7df61aea77cf31474dc370b1dfd7652c	2026-08-17T05:20:48.469584+00:00	99.000000%	1674	keep	[automation:nearest-final-norm-scale-unions] Reconstruct final LayerNorm scales from groups and exhaust nearest-value unions | Evaluated 10 nearest unions in the complete final-LayerNorm scale search. The first 9 qualified and were retained, moving the frontier from 1,683 parameters at 99.00% to 1,674 parameters at 99.00%; micro-0010 proposed 1,673 parameters and scored 98.96%, so it was discarded and rolled back. Outcomes: 9 accepts, 1 scored discard, 0 errors. Compute used checkpoint migration plus 10 official verifications over 12m00s wall clock. Stop reason: first scored failure closed the final-scale path before the 15-trial/20-minute cap.	Family: parameter tying. Current retained frontier is 1,683 parameters at 99.000000%, a +0.000000 percentage-point margin over 99%. There have been 35 prior macro-attempts and 434 prior micro-trials in this family. The most recent accepted result is attempt-0092/micro-0003 at 1,683 parameters and 99.00%; the most recent failed result is attempt-0092/micro-0004, whose positional union scored 98.98%. Hypothesis: the final LayerNorm's 16 learned scales contain near-duplicate coordinate values independent of the now-bounded matrix, token, and position tensors; reconstructing this scale vector from groups and greedily unioning its closest values can remove parameters while preserving the exact normalization computation before the first union. Ordering is ascending absolute current scale-group difference. This parameterization-preserving normalization substitution is more informative than another exclusion branch because it opens a distinct complete 16-scalar site and can exhaust it within a valid 15-trial cap. Each micro-trial adds one scale union and the official runner alone accepts or rolls back. Stop on the first scored discard or error, at the complete-space cap of 15 micro-trials, or if no pair remains. Compute budget: at most 15 checkpoint migrations and official verifications or 20 wall-clock minutes.		
attempt-0094	df651e1438408b7b9cdfcedbc3b41f2c232aa812	18a35879736439a6b66630cfa1c0127ae4ae019f	2026-08-17T05:25:05.257413+00:00	99.040000%	1673	keep	[automation:nearest-block0-preff-scale-unions] Reconstruct block-0 pre-FF LayerNorm scales and exhaust nearest unions | The block-0 pre-FF scale search evaluated two nearest unions. The first qualified at 1,673 parameters and 99.04% and was retained; the second proposed 1,672 parameters and scored 97.90%, so it was discarded and rolled back. Frontier moved from 1,674 to 1,673 parameters; 1 accept, 1 scored discard, 0 errors. Compute used two checkpoint migrations and official verifications over 2m29s wall clock. Stop reason: first scored failure closed this scale path before the 15-trial/20-minute cap.	Family: parameter tying. Current retained frontier is 1,674 parameters at 99.000000%, a +0.000000 percentage-point margin over 99%. There have been 36 prior macro-attempts and 444 prior micro-trials in this family. The most recent accepted result is attempt-0093/micro-0009 at 1,674 parameters and 99.00%; the most recent failed result is attempt-0093/micro-0010, whose next final-normalization scale union scored 98.96%. Hypothesis: block 0's pre-feed-forward LayerNorm has local scale redundancy distinct from final rescaling; reconstructing its 16 scales from groups and unioning nearest values can reduce count while leaving all 16 biases independent. Ordering is ascending absolute current scale-group difference. This parameterization-preserving normalization substitution is more informative than excluding the failed final-scale pair because it opens a distinct upstream site and isolates scales from biases. Each micro-trial adds one scale union and the official runner alone accepts or rolls back. Stop on the first scored discard or error, at the complete-space cap of 15 micro-trials, or if no pair remains. Compute budget: at most 15 checkpoint migrations and official verifications or 20 wall-clock minutes.		
attempt-0095	a1dfac6cb503f577ebebcb35e93ea9788786fa40	df651e1438408b7b9cdfcedbc3b41f2c232aa812	2026-08-17T05:28:48.286694+00:00	99.010000%	1672	keep	[automation:nearest-block0-preff-bias-unions] Exhaust nearest unions in block-0 pre-FF LayerNorm biases with scales fixed | The block-0 pre-FF bias search evaluated two nearest unions. The first qualified at 1,672 parameters and 99.01% and was retained; the second proposed 1,671 parameters and scored 98.78%, so it was discarded and rolled back. Frontier moved from 1,673 to 1,672 parameters; 1 accept, 1 scored discard, 0 errors. Compute used two checkpoint migrations and official verifications over 2m33s wall clock. Stop reason: first scored failure closed this bias path before the 15-trial/20-minute cap.	Family: parameter tying. Current retained frontier is 1,673 parameters at 99.040000%, a +0.040000 percentage-point margin over 99%. There have been 37 prior macro-attempts and 446 prior micro-trials in this family. The most recent accepted result is attempt-0094/micro-0001 at 1,673 parameters and 99.04%; the most recent failed result is attempt-0094/micro-0002, whose second block-0 pre-FF scale union scored 97.90%. Hypothesis: the same LayerNorm's additive biases have local redundancy distinct from its sharp scale boundary; reconstructing the 16 biases from groups and unioning nearest values can reduce count while holding all learned scales fixed. Ordering is ascending absolute current bias-group difference. This parameterization-preserving normalization substitution is more informative than excluding the failed scale pair because it cleanly separates additive centering from multiplicative sensitivity. Each micro-trial adds one bias union and the official runner alone accepts or rolls back. Stop on the first scored discard or error, at the complete-space cap of 15 micro-trials, or if no pair remains. Compute budget: at most 15 checkpoint migrations and official verifications or 20 wall-clock minutes.		
attempt-0096	a1dfac6cb503f577ebebcb35e93ea9788786fa40	a1dfac6cb503f577ebebcb35e93ea9788786fa40	2026-08-17T05:32:13.746772+00:00			discard	[automation:nearest-block0-preattn-scale-unions] Reconstruct block-0 pre-attention LayerNorm scales and exhaust nearest unions | The block-0 pre-attention scale path stopped on its first union. The 1,671-parameter candidate scored 98.90%, so it was discarded and rolled back; frontier remained 1,672 parameters at 99.01%. Outcomes: 0 accepts, 1 scored discard, 0 errors. Compute used one checkpoint migration and official verification over 1m22s wall clock. Stop reason: first scored failure closed this scale path before the 15-trial/20-minute cap.	Family: parameter tying. Current retained frontier is 1,672 parameters at 99.010000%, a +0.010000 percentage-point margin over 99%. There have been 38 prior macro-attempts and 448 prior micro-trials in this family. The most recent accepted result is attempt-0095/micro-0001 at 1,672 parameters and 99.01%; the most recent failed result is attempt-0095/micro-0002, whose second block-0 pre-FF bias union scored 98.78%. Hypothesis: block 0's pre-attention LayerNorm has local scale redundancy distinct from the bounded pre-FF site; reconstructing its 16 scales from groups and unioning nearest values can reduce count while preserving its two already-fixed zero biases. Ordering is ascending absolute current scale-group difference. This parameterization-preserving normalization substitution is more informative than further pre-FF exclusions because it opens the complementary attention-input site and isolates scales. Each micro-trial adds one scale union and the official runner alone accepts or rolls back. Stop on the first scored discard or error, at the complete-space cap of 15 micro-trials, or if no pair remains. Compute budget: at most 15 checkpoint migrations and official verifications or 20 wall-clock minutes.		
attempt-0097	cbdac9b799e0090fae5f4aa80f151d046c06bb65	a1dfac6cb503f577ebebcb35e93ea9788786fa40	2026-08-17T05:37:13.288194+00:00	0.000000%	1481	discard	Repair ref collision and test per-head symmetric bilinear attention	Family: attention organization. Current retained frontier is 1,672 parameters at 99.010000%, a +0.010000 percentage-point margin over 99%. There have been 3 prior logged attempts in this family. The most recent accepted result is attempt-0020, which removed attention output projections and qualified at 3,168 parameters and 99.94%; the most recent failed result is attempt-0036, an optimization failure for a 14-dimensional query-key bottleneck with no official score. The immediately preceding launch of this exact candidate was an infrastructure failure before archival, training, scoring, result recording, or budget consumption: an unrelated stale attempt-0097/micro-0001 ref and empty directory blocked the regular attempt ref; its commit was preserved under refs/autoresearch/recovered and the conflicting artifacts were removed. Candidate and conditions are unchanged. Hypothesis: query/key factors primarily identify a per-head bilinear form, and constraining that form to be symmetric retains task-relevant compatibility geometry while removing factorization redundancy. This is a major representational change, not scalar pruning: each head stores 136 triangular bilinear coefficients plus a shared 16x16 value map, replacing 719 learned QKV groups and yielding 1,481 parameters by checkpoint projection. It is more informative than a full bilinear alternative because the full form would exceed the retained QKV count and could not satisfy strict reduction; symmetry is the least restrictive directly compressive bilinear substitution. Generic causal softmax self-attention and autoregressive decoding remain intact.	0	0
attempt-0098	74038cf0fae2538628bac01d72327f283d342726	a1dfac6cb503f577ebebcb35e93ea9788786fa40	2026-08-17T05:41:50.842258+00:00	0.030000%	1465	discard	Repair legacy refs and test head-shared asymmetric bilinear attention	Family: attention organization. Current retained frontier is 1,672 parameters at 99.010000%, a +0.010000 percentage-point margin over 99%. There have been 4 prior logged attempts in this family. The most recent accepted result is attempt-0020, which removed attention output projections and qualified at 3,168 parameters and 99.94%; the most recent failed result is attempt-0097, whose per-head symmetric bilinear substitution was a valid nonqualification at 1,481 parameters and 0.00%. The immediately preceding launch of this exact candidate was an infrastructure failure before archival, training, scoring, result recording, or budget consumption: a legacy attempt-0098/micro-0001 ref blocked the regular ref. An audit found the same unrecorded legacy pattern through attempt 0200; all 103 commits were atomically preserved under refs/autoresearch/recovered/legacy-* and only their conflicting names plus the empty attempt-0098 directory were removed. Candidate and conditions are unchanged. Hypothesis: attempt-0097 failed because addition requires directed query-to-key compatibility, not because separate Q/K factors or head-specific forms are essential. This major representational change preserves a full asymmetric 16x16 bilinear form, shares it across heads, retains the 16x16 value transform, and yields 1,465 parameters by averaging the checkpoint-derived head forms. It is more informative than a low-rank per-head alternative because it isolates head-specific geometry while restoring every asymmetric interaction removed by the failed symmetric candidate. Generic causal softmax self-attention and autoregressive greedy decoding remain intact.	0	0
attempt-0099	c4c2ffc99d9eda87d7f0c84c1c0de316bed4e36a	a1dfac6cb503f577ebebcb35e93ea9788786fa40	2026-08-17T05:44:23.436207+00:00	0.050000%	1585	discard	Share symmetric query-key geometry while retaining head-specific skew components	Family: attention organization. Current retained frontier is 1,672 parameters at 99.010000%, a +0.010000 percentage-point margin over 99%. There have been 5 prior attempts in this family. The most recent accepted result is attempt-0020, which removed attention output projections and qualified at 3,168 parameters and 99.94%; the most recent failed result is attempt-0098, whose fully head-shared asymmetric bilinear form scored 0.03% at 1,465 parameters. Together with attempt-0097's 0.00% symmetric per-head result, the evidence indicates both directionality and head identity matter. Hypothesis: head identity is carried primarily by the directed antisymmetric component, while undirected similarity geometry can be shared. This major representational change stores one shared 136-scalar symmetric form, two head-specific 120-scalar skew forms, and the 256-scalar value map, yielding 1,585 parameters by checkpoint decomposition. It is more informative than an arbitrary low-rank factorization because it preserves the two exact structural components separately falsified by attempts 0097 and 0098, changing only whether the symmetric component is head-specific. Generic causal softmax self-attention and autoregressive decoding remain intact.	0	0
attempt-0100	8c7aae2a7a347c9e72ccd2263f1a6e27c160c348	a1dfac6cb503f577ebebcb35e93ea9788786fa40	2026-08-17T05:46:45.221056+00:00	0.130000%	1601	discard	Retain head-specific symmetric geometry while sharing query-key skew	Family: attention organization. Current retained frontier is 1,672 parameters at 99.010000%, a +0.010000 percentage-point margin over 99%. There have been 6 prior attempts in this family. The most recent accepted result is attempt-0020, which removed attention output projections and qualified at 3,168 parameters and 99.94%; the most recent failed result is attempt-0099, whose shared-symmetric/head-specific-skew decomposition scored 0.05% at 1,585 parameters. Hypothesis: head identity is carried by undirected similarity geometry rather than by the directed component. This major representational change tests the exact complement of attempt-0099: two head-specific 136-scalar symmetric forms, one shared 120-scalar skew form, and the 256-scalar value map, yielding 1,601 parameters by checkpoint decomposition. It is more informative than another generic low-rank alternative because attempts 0097-0099 separately establish that symmetry-only, full head-sharing, and head-specific skew are insufficient; this candidate uniquely preserves head-specific symmetric structure while restoring directionality. Generic causal softmax self-attention and autoregressive decoding remain intact.	0	0
attempt-0101	99eb00d9b9b6eedb8d14a9a99bbdfa359031928c	a1dfac6cb503f577ebebcb35e93ea9788786fa40	2026-08-17T05:49:09.137935+00:00	0.000000%	1593	discard	Use block-diagonal per-head value maps with full retained query-key maps	Family: attention organization. Current retained frontier is 1,672 parameters at 99.010000%, a +0.010000 percentage-point margin over 99%. There have been 7 prior attempts in this family. The most recent accepted result is attempt-0020, which removed attention output projections and qualified at 3,168 parameters and 99.94%; the most recent failed result is attempt-0100, whose head-specific-symmetric/shared-skew QK decomposition scored 0.13% at 1,601 parameters. Attempts 0097-0100 collectively close direct Q/K bilinear compression. Hypothesis: each value head primarily reads its corresponding eight-dimensional residual subspace, so cross-half value weights are redundant even though full retained Q/K geometry is necessary. This major attention-organization change preserves the reconstructed 32x16 Q/K maps exactly, replaces the 16x16 value map with two learned 8x8 diagonal blocks migrated from the checkpoint, and yields 1,593 parameters. It is more informative than a diagonal value map because it retains all within-head mixing while isolating whether cross-head residual input mixing is needed. Generic two-head causal softmax self-attention and autoregressive decoding remain intact.	0	0
attempt-0102	d8e920be72655e23618bea7cdb13879570c3f5b4	a1dfac6cb503f577ebebcb35e93ea9788786fa40	2026-08-17T05:51:18.552919+00:00	0.000000%	1657	discard	Replace the value map with a global rank-6 SVD factorization	Family: attention organization. Current retained frontier is 1,672 parameters at 99.010000%, a +0.010000 percentage-point margin over 99%. There have been 8 prior attempts in this family. The most recent accepted result is attempt-0020, which removed attention output projections and qualified at 3,168 parameters and 99.94%; the most recent failed result is attempt-0101, whose block-diagonal per-head value maps scored 0.00% at 1,593 parameters. Hypothesis: attempt-0101 failed because it removed global cross-half value mixing, whereas the learned value transform may still have low intrinsic rank. This major representational change preserves the reconstructed 32x16 Q/K maps exactly and replaces the global 16x16 value map with its best rank-6 SVD factorization (16x6 and 6x16), yielding 1,657 parameters. It is more informative than a rank-5 candidate because rank 6 is the highest integer rank that produces a strict parameter reduction once full Q/K maps are retained; it therefore tests value-rank compression with minimum representational loss. Generic two-head causal softmax self-attention and autoregressive decoding remain intact.	0	0
attempt-0103	ec91a64554b3424ff8bd3bcc65770559361b0142	a1dfac6cb503f577ebebcb35e93ea9788786fa40	2026-08-17T05:53:31.175393+00:00	0.000000%	1465	discard	Use one transpose-tied square transform for both feed-forward projections	Family: parameter tying. Current retained frontier is 1,672 parameters at 99.010000%, a +0.010000 percentage-point margin over 99%. There have been 39 prior macro-attempts and 449 prior micro-trials in this family. The most recent accepted result is attempt-0095/micro-0001, a block-0 pre-FF bias union retained at 1,672 parameters and 99.01%; the most recent failed result is attempt-0096/micro-0001, whose pre-attention scale union scored 98.90%. Hypothesis: the square width-16 GELU feed-forward path can use one learned feature transform and its transpose for residual reconstruction, eliminating an independently learned output map while preserving nonlinear width and depth sharing. This is a major representational tying change, not scalar pruning: the two current grouped 16x16 maps are projected to one dense 16x16 matrix by averaging the input map with the output transpose, yielding 1,465 parameters. It is more informative than the nearest untested same-orientation tie because transpose tying aligns analysis and synthesis coordinates and is the least disruptive autoencoder-like constraint for a square bottleneck. Attention, normalization, autoregressive logits, and generic decoding remain unchanged.	0	0
attempt-0104	8abb8ff909c23b191aeda43f49879f0a3b3343b1	a1dfac6cb503f577ebebcb35e93ea9788786fa40	2026-08-17T05:55:30.349776+00:00	0.000000%	1465	discard	Reuse one square feed-forward map in the same orientation around GELU	Family: parameter tying. Current retained frontier is 1,672 parameters at 99.010000%, a +0.010000 percentage-point margin over 99%. There have been 40 prior macro-attempts and 449 prior micro-trials in this family. The most recent accepted result is attempt-0095/micro-0001 at 1,672 parameters and 99.01%; the most recent failed result is attempt-0103, whose transpose-tied feed-forward substitution scored 0.00% at 1,465 parameters. Hypothesis: attempt-0103 failed because transposition misaligned learned feature coordinates, while the same square transform may be reusable in the same orientation before and after GELU. This major representational tying change averages the two reconstructed 16x16 maps without transposition and reuses the resulting matrix twice, yielding 1,465 parameters while preserving nonlinear width and shared depth. It is more informative than an untied low-rank factorization because it is the exact categorical complement of the failed transpose geometry and directly tests whether independence or orientation caused the failure. Attention, normalization, autoregressive logits, and generic decoding remain unchanged.	0	0
attempt-0105	9eafb391bc0b1b7a8066b9135c4771d1dda50b32	a1dfac6cb503f577ebebcb35e93ea9788786fa40	2026-08-17T05:57:57.727278+00:00	0.010000%	1660	discard	Factor only the shared feed-forward input transform at rank 7	Family: feed-forward width. Current retained frontier is 1,672 parameters at 99.010000%, a +0.010000 percentage-point margin over 99%. There have been 15 prior attempts in this family. The most recent accepted result is attempt-0022, which retained projection-free feed-forward width 10 at 3,040 parameters and 99.85%; the most recent failed result is attempt-0032, an optimization failure with no official score for the fully shared width-15 model after correcting shifted teacher forcing. Hypothesis: the present width-16 nonlinear state is useful, but its shared input transform has intrinsic rank 7 and can be factorized without tying it to the independent output map. This is a representational rank change rather than unit deletion: replace the current 236-group 16x16 input map with its best rank-7 SVD factors (7x16 and 16x7), keep GELU width 16 and the retained output map unchanged, yielding 1,660 parameters. It is more informative than rank 8 because rank-8 factors require 256 parameters and would not be strictly smaller than the current grouped input map; rank 7 is the least lossy eligible factorization. Attention, output synthesis, normalization, and generic autoregressive decoding remain unchanged.	0	0
attempt-0106	368cd074c1634660a695d297c56324a81da68b77	a1dfac6cb503f577ebebcb35e93ea9788786fa40	2026-08-17T06:00:02.412687+00:00	0.010000%	1669	discard	Factor only the shared feed-forward output transform at rank 7	Family: feed-forward width. Current retained frontier is 1,672 parameters at 99.010000%, a +0.010000 percentage-point margin over 99%. There have been 16 prior attempts in this family. The most recent accepted result is attempt-0022, which retained projection-free feed-forward width 10 at 3,040 parameters and 99.85%; the most recent failed result is attempt-0105, whose rank-7 input-transform factorization validly scored 0.01% at 1,660 parameters. Hypothesis: feature construction is full-rank-sensitive, but residual reconstruction may tolerate a rank-7 output transform. This complementary representational change keeps the current 236-group input map and GELU width 16 exact, replacing only the 227-group output map with its best rank-7 SVD factors (7x16 and 16x7), yielding 1,669 parameters. It is more informative than rank 6 because rank 7 is the highest and least lossy factorization that is strictly smaller than the current output map, and it cleanly localizes rank sensitivity to the output side. Attention, normalization, token/position representations, and generic autoregressive decoding remain unchanged.	0	0
attempt-0107	d11b726d3e343b8141632221fd728bf3655f8730	a1dfac6cb503f577ebebcb35e93ea9788786fa40	2026-08-17T06:02:21.689717+00:00	0.020000%	1655	discard	Factor the tied token matrix through a learned rank-6 code	Family: token representation. Current retained frontier is 1,672 parameters at 99.010000%, a +0.010000 percentage-point margin over 99%. There have been 6 prior attempts in this family. The most recent accepted result is attempt-0016, which removed the fixed-length EOS row and unused final position at 3,376 parameters and 99.18%; the most recent failed result is attempt-0017, whose BOS removal scored 0.02%. Hypothesis: the 12 token vectors and tied output classifiers occupy a six-dimensional learned subspace even though the transformer residual stream remains 16-dimensional. This is a major token representational change: replace the current 185 grouped token scalars with a 12x6 code matrix and 6x16 shared projection initialized by the best rank-6 SVD, retaining exact input/output weight tying and yielding 1,655 parameters. It is more informative than rank 7 because rank-7 factors require 196 parameters and would not be strictly smaller than the current grouped matrix; rank 6 is the highest eligible subspace. Token streams, positional representation, attention, autoregressive logits, and generic greedy decoding remain otherwise unchanged.	0	0
attempt-0108	98e46ec87dfb3bf07e1d5bfbd40243324a1c7979	a1dfac6cb503f577ebebcb35e93ea9788786fa40	2026-08-17T06:04:39.593096+00:00	0.000000%	1634	discard	Factor learned absolute positions through a rank-3 code	Family: position representation. Current retained frontier is 1,672 parameters at 99.010000%, a +0.010000 percentage-point margin over 99%. There have been 5 prior attempts in this family. The most recent accepted result is attempt-0030, which removed the never-forwarded positional row and qualified at 2,128 parameters and 99.14%; the most recent failed result is attempt-0025, whose centered affine rank-10 positional SVD scored 32.44% at 3,018 parameters. Hypothesis: after 329 retained scalar unions have compressed the absolute table to 182 groups, its task-relevant geometry may now lie in a three-dimensional learned subspace even though earlier dense-table rank-10 projections failed. This is a major representational change: replace grouped absolute scalars with 32x3 learned codes and a 3x16 projection initialized by best rank-3 SVD, yielding 1,634 parameters. It is more informative than rank 4 because rank-4 factors require 192 parameters and are not strictly smaller than the current 182-group table; rank 3 is the highest eligible learned positional factorization under the current frontier. Token representation, attention, autoregressive logits, and generic decoding remain unchanged.	0	0
attempt-0109	207093e2d24e44f506926db172f2f078bebd15cf	a1dfac6cb503f577ebebcb35e93ea9788786fa40	2026-08-17T06:06:08.069820+00:00			error	Project eleven fixed Fourier and parity position features into the residual stream	Family: position representation. Current retained frontier is 1,672 parameters at 99.010000%, a +0.010000 percentage-point margin over 99%. There have been 6 prior attempts in this family. The most recent accepted result is attempt-0030, which removed the never-forwarded positional row and qualified at 2,128 parameters and 99.14%; the most recent failed result is attempt-0108, whose rank-3 learned positional factorization scored 0.00% at 1,634 parameters. Hypothesis: attempt-0108 failed because unconstrained low-rank codes erased smooth order and operand-pair parity, whereas addition positions can be represented by fixed multiscale phase plus parity features. This major positional substitution replaces 182 grouped scalars with eleven deterministic features (constant, linear phase, four sine/cosine pairs, parity) and one learned 11x16 projection fitted by least squares, yielding 1,666 parameters. It is more informative than a smaller Fourier basis because eleven is the largest feature count that remains strictly below the current position parameterization and therefore minimizes projection loss while directly encoding column alternation. Token streams, attention, autoregressive logits, and generic decoding remain unchanged.	1	
attempt-0110	740fcfff47af998c8741ac5a9be0c24ebfe85aea	a1dfac6cb503f577ebebcb35e93ea9788786fa40	2026-08-17T06:08:13.918397+00:00	0.000000%	1666	discard	Repair CPU projection fit for eleven-feature Fourier and parity positions	Family: position representation. Current retained frontier is 1,672 parameters at 99.010000%, a +0.010000 percentage-point margin over 99%. There have been 7 prior attempts in this family. The most recent accepted result is attempt-0030, which removed the never-forwarded positional row and qualified at 2,128 parameters and 99.14%; the most recent failed result is attempt-0109, an infrastructure error with no official score because MPS does not implement torch.linalg.lstsq. This is the permitted repair of the identical 1,666-parameter candidate: the same eleven-feature matrix and retained positional target are solved on CPU and transferred back to the training device; architecture, fitted objective, and evaluation are unchanged. Hypothesis: fixed multiscale phase plus parity preserves smooth order and operand-pair alternation better than attempt-0108's failed unconstrained rank-3 codes. Repairing the exact unscored candidate is more informative than a smaller basis because eleven features are the largest eligible projection and isolate infrastructure from representational capacity. Token streams, attention, autoregressive logits, and generic decoding remain unchanged.	0	0
attempt-0111	64c296768ca77f7d32ecc7e24c8076e5ddcaf55a	a1dfac6cb503f577ebebcb35e93ea9788786fa40	2026-08-17T06:10:23.774871+00:00	0.000000%	1629	discard	Replace all LayerNorm sites with per-coordinate RMSNorm	Family: normalization. Current retained frontier is 1,672 parameters at 99.010000%, a +0.010000 percentage-point margin over 99%. There have been 2 prior attempts in this family. The most recent accepted result is attempt-0018, which removed only the final LayerNorm bias and qualified at 3,360 parameters and 99.07%; the most recent failed result is attempt-0019, whose residual LayerNorm bias-group removal scored 0.01%. Hypothesis: learned per-coordinate scales are essential but explicit mean centering and additive shifts are redundant across the pre-normalized residual stack. This is a major normalization substitution, not scalar pruning: all four block normalizers and the final normalizer become RMSNorm with migrated dense scale vectors, removing every learned normalization bias and fixed/learned centering parameter while yielding 1,629 parameters. It is more informative than ScaleNorm because RMSNorm retains the full per-coordinate scaling capacity and changes only centering/bias behavior, the least restrictive operation-level alternative. Causal self-attention, feed-forward paths, token/position representations, autoregressive logits, and generic decoding remain unchanged.	0	0
attempt-0112	d268f8d6dff22b0aacfdb05826793cf4cd7045c0	a1dfac6cb503f577ebebcb35e93ea9788786fa40	2026-08-17T06:12:22.264557+00:00	0.000000%	1658	discard	Use RMSNorm only at block 0's pre-feed-forward site	Family: normalization. Current retained frontier is 1,672 parameters at 99.010000%, a +0.010000 percentage-point margin over 99%. There have been 3 prior attempts in this family. The most recent accepted result is attempt-0018, which removed the final LayerNorm bias and qualified at 3,360 parameters and 99.07%; the most recent failed result is attempt-0111, whose all-site RMSNorm substitution scored 0.00% at 1,629 parameters. Hypothesis: attempt-0111 failed because centering was removed globally, but block 0's pre-feed-forward site can use RMS normalization locally; this is the only site where both one scale tie and one bias tie qualified in attempts 0094-0095. This operation-level change restores retained LayerNorm at the other four sites, migrates the 16 reconstructed scales into one RMSNorm, removes its 15 learned bias groups, and yields 1,658 parameters. It is more informative than testing a less-supported site because prior local tying provides positive evidence specifically here and isolates whether mean centering, rather than affine redundancy, is essential. Attention, feed-forward transforms, representations, and generic autoregressive decoding remain unchanged.	0	0
attempt-0113	7bd05e4407c0e67d402605260185c40b8b7f2796	a1dfac6cb503f577ebebcb35e93ea9788786fa40	2026-08-17T06:14:30.055380+00:00	0.000000%	1465	discard	Use one eight-dimensional attention head with a learned residual projection	Family: attention organization. Current retained frontier is 1,672 parameters at 99.010000%, a +0.010000 percentage-point margin over 99%. There have been 9 prior attempts in this family. The most recent accepted result is attempt-0020, which removed attention output projections and qualified at 3,168 parameters and 99.94%; the most recent failed result is attempt-0102, whose global rank-6 value map scored 0.00% at 1,657 parameters. Hypothesis: two distinct attention maps may be redundant if one full eight-dimensional head can redistribute its attended values through a learned 8x16 residual projection. This major attention substitution retains the first checkpoint head's full Q/K/V rows, adds a learned output projection initialized as its original residual embedding, shares both transforms across depth, and yields 1,465 parameters. It is more informative than simply deleting a head because the learned projection preserves the ability to write into every residual coordinate and isolates the number of attention maps rather than output dimensionality. Causal softmax self-attention, feed-forward paths, representations, autoregressive logits, and generic decoding remain intact.	0	0
attempt-0114	05f98ca37a7da31e9c2be0a7e5c105bd7ddf58ad	a1dfac6cb503f577ebebcb35e93ea9788786fa40	2026-08-17T06:18:05.030754+00:00	28.800000%	1663	discard	Encode digits with Chebyshev features and independent control-token indicators	Family token representation (8 prior: attempts 0005, 0013-0017, 0107; current retained 1672 parameters at 99.01%, +0.01 over the 99% threshold). Most recent accepted same-family result was attempt 0016 at 3376 parameters/99.18%; most recent failed result was attempt 0107, whose rank-6 token factor scored 0.02% at 1655 parameters. Fit the retained 12x16 tied token matrix to an 11-feature task-aligned basis: digit rows use Chebyshev orders 0-8 and the two control tokens get independent indicators, giving 1663 total parameters. This is more informative than the nearest untested rank-7/8 generic factorization because it preserves rank up to 11, isolates whether numeric order is exploitable, and risks only nine parameters while directly addressing the rank-6 collapse.	0	0
attempt-0115	a1dfac6cb503f577ebebcb35e93ea9788786fa40	a1dfac6cb503f577ebebcb35e93ea9788786fa40	2026-08-17T06:23:42.760549+00:00			discard	[automation:nearest-block0-preattn-bias-pruning] Prune block-0 pre-attention LayerNorm biases in nearest-neutral order | One micro-trial attempted block-0 pre-attention bias coordinate 3, but training never started because the helper generated an invalid tuple by omitting a separator before the new coordinate. Outcomes: 0 accepts, 0 scored discards, 1 implementation error, no official verification, and no frontier change. Stop reason: the declared first-error boundary. The syntax defect is reproducible and has been corrected in the helper; architectural capacity remains untested.	Family: scalar pruning. Current retained frontier is 1,672 parameters at 99.010000%, a +0.010000 percentage-point margin over 99%. There have been 23 prior attempts in this family. The most recent accepted result was attempt-0059, which fixed block-1 pre-FF scale coordinate 12 at 2,118 parameters/99.05%; the most recent failed result was attempt-0061, whose second block-1 pre-FF scale prune scored 54.19% at 2,117 parameters. The current checkpoint's nearest remaining normalization bias to zero is block 0 pre-attention coordinate 3 at magnitude 1.045e-02, slightly below the nearest block-1 pre-attention alternative at 1.108e-02. Hypothesis: after later scalar unions changed the frontier, this isolated residual bias remains dispensable. The helper orders eligible coordinates by current absolute bias, fixes one to zero per micro-trial, and the official runner alone accepts or rolls back. Stop on the first scored discard or error, when no coordinate remains, at 14 micro-trials, or after 20 wall-clock minutes. This is more informative than opening block 1 first because it is the globally least checkpoint perturbation among untested sparse-normalization biases.		
attempt-0116	a1dfac6cb503f577ebebcb35e93ea9788786fa40	a1dfac6cb503f577ebebcb35e93ea9788786fa40	2026-08-17T06:26:11.709239+00:00			discard	[automation:repair-block0-preattn-bias-pruning] Repair tuple insertion and prune block-0 pre-attention LayerNorm biases | The repaired block-0 pre-attention bias policy evaluated its least-magnitude remaining coordinate, index 3 at -0.0104501. The 1,671-parameter candidate scored 97.30%, so it was discarded and rolled back. Outcomes: 0 accepts, 1 scored nonqualification, 0 errors after repair; frontier stayed 1,672 parameters/99.01%. Compute used one checkpoint migration and one official verification in about 1m23s. Stop reason: the first scored discard closed this site before the 14-trial/20-minute cap.	Family: scalar pruning. Current retained frontier is 1,672 parameters at 99.010000%, a +0.010000 percentage-point margin over 99%. There have been 24 prior macro-attempts in this family. The most recent accepted result is attempt-0059 at 2,118 parameters/99.05%; the most recent failed result is attempt-0115, an implementation error with no score because the helper omitted a tuple separator. This is the permitted exact repair: candidate, checkpoint, coordinate-3 zero constraint, ranking, and evaluation conditions are unchanged; only insertion syntax now emits a valid tuple. The helper orders remaining block-0 pre-attention biases by current absolute magnitude, fixes one per micro-trial, and the official runner alone accepts or rolls back. Stop at the first scored discard or error, no eligible coordinate, 14 micro-trials, or 20 wall-clock minutes. Repairing the unscored least-magnitude coordinate is more informative than moving to the next coordinate or another site because it isolates infrastructure from the original hypothesis.		
attempt-0117	a1dfac6cb503f577ebebcb35e93ea9788786fa40	a1dfac6cb503f577ebebcb35e93ea9788786fa40	2026-08-17T06:28:10.951150+00:00			discard	[automation:nearest-block1-preattn-bias-pruning] Prune block-1 pre-attention LayerNorm biases in nearest-neutral order | The block-1 pre-attention bias policy evaluated its least-magnitude remaining coordinate, index 13 at +0.0110794. The 1,671-parameter candidate scored 98.58% and was discarded. Outcomes: 0 accepts, 1 scored nonqualification, 0 errors; frontier remained 1,672/99.01%. Compute used one checkpoint migration and official verification in about 1m22s. Stop reason: first scored discard before the 12-trial/18-minute cap.	Family: scalar pruning. Current retained frontier is 1,672 parameters at 99.010000%, a +0.010000 percentage-point margin over 99%. There have been 25 prior macro-attempts in this family. The most recent accepted result is attempt-0059 at 2,118 parameters/99.05%; the most recent failed result is attempt-0116, whose block-0 pre-attention bias coordinate 3 scored 97.30% at 1,671 parameters. Hypothesis: sensitivity at block 0 does not imply the recurrent block-1 pre-attention site is equally sensitive; its nearest remaining bias, coordinate 13 at +0.0110794, was not part of the earlier pruning boundary and may be neutral. The helper orders the 12 eligible biases by current absolute magnitude, fixes one to zero per micro-trial, and the official runner alone accepts or rolls back. Stop on first scored discard or error, no coordinate, 12 micro-trials, or 18 wall-clock minutes. This is more informative than the nearest scale alternative because the bias perturbation is smaller and directly tests whether the block-0 failure is site-specific.		
attempt-0118	a1dfac6cb503f577ebebcb35e93ea9788786fa40	a1dfac6cb503f577ebebcb35e93ea9788786fa40	2026-08-17T06:30:17.461406+00:00			discard	[automation:nearest-block1-preff-bias-pruning] Prune block-1 pre-feed-forward LayerNorm biases in nearest-neutral order | The block-1 pre-FF bias policy evaluated its least-magnitude eligible coordinate, index 6 at -0.0638468. The 1,671-parameter candidate scored 95.22% and was discarded. Outcomes: 0 accepts, 1 scored nonqualification, 0 errors; frontier stayed 1,672/99.01%. Compute used one migration and one official verification in about 1m22s. Stop reason: first scored discard before the 14-trial/20-minute cap.	Family: scalar pruning. Current retained frontier is 1,672 parameters at 99.010000%, a +0.010000 percentage-point margin over 99%. There have been 26 prior macro-attempts in this family. The most recent accepted result is attempt-0059 at 2,118 parameters/99.05%; the most recent failed result is attempt-0117, whose block-1 pre-attention bias coordinate 13 scored 98.58% at 1,671 parameters. Block 1 pre-FF previously tolerated individual bias pruning, and its current nearest eligible coordinate is bias 6 at -0.0638468. Hypothesis: that downstream pre-FF centering site remains more redundant than either now-bounded pre-attention site. The helper orders its 14 eligible biases by current magnitude, fixes one per micro-trial, and uses only official runner acceptance/rollback. Stop on first scored discard or error, no candidate, 14 micro-trials, or 20 wall-clock minutes. This is more informative than revisiting a failed pre-attention coordinate because it changes site while following positive historical evidence.		
attempt-0119	a1dfac6cb503f577ebebcb35e93ea9788786fa40	a1dfac6cb503f577ebebcb35e93ea9788786fa40	2026-08-17T06:32:20.363418+00:00			discard	[automation:nearest-block1-preattn-scale-pruning] Prune block-1 pre-attention LayerNorm scales in nearest-neutral order | The block-1 pre-attention scale policy tested its closest-to-one eligible scale, coordinate 4 at 0.952516. The 1,671-parameter candidate scored 96.55% and was discarded. Outcomes: 0 accepts, 1 scored nonqualification, 0 errors; frontier remained 1,672/99.01%. Compute used one migration and official verification in about 1m22s. Stop reason: first scored discard before the 15-trial/20-minute cap.	Family: scalar pruning. Current retained frontier is 1,672 parameters at 99.010000%, a +0.010000 percentage-point margin over 99%. There have been 27 prior macro-attempts in this family. The most recent accepted result is attempt-0059 at 2,118 parameters/99.05%; the most recent failed result is attempt-0118, whose block-1 pre-FF bias coordinate 6 scored 95.22% at 1,671 parameters. The closest remaining learned normalization scale to neutral is block-1 pre-attention coordinate 4 at 0.952516, distance 0.047484 from one. Hypothesis: multiplicative scaling has a different sensitivity structure from the now-bounded additive biases. The helper orders 15 eligible scales by current distance to one, fixes one per micro-trial, and the official runner alone accepts or rolls back. Stop on first scored discard or error, no coordinate, 15 micro-trials, or 20 wall-clock minutes. This is more informative than block-0 scale coordinate 4 (distance 0.1433) because it is the minimum-neutral perturbation across remaining sparse normalization scales.		
attempt-0120	a1dfac6cb503f577ebebcb35e93ea9788786fa40	a1dfac6cb503f577ebebcb35e93ea9788786fa40	2026-08-17T06:34:18.533613+00:00			discard	[automation:nearest-block0-preattn-scale-neutral] Fix block-0 pre-attention LayerNorm scales to one in nearest-neutral order | The block-0 pre-attention scale policy tested closest-to-one coordinate 4 at 1.143266. The 1,671-parameter candidate scored 91.96% and was discarded. Outcomes: 0 accepts, 1 scored nonqualification, 0 errors; frontier stayed 1,672/99.01%. Compute used one migration and official verification in about 1m22s. Stop reason: first scored discard before the 16-trial/22-minute cap.	Family: scalar pruning. Current retained frontier is 1,672 parameters at 99.010000%, a +0.010000 percentage-point margin over 99%. There have been 28 prior macro-attempts in this family. The most recent accepted result is attempt-0059 at 2,118 parameters/99.05%; the most recent failed result is attempt-0119, whose block-1 pre-attention scale coordinate 4 scored 96.55% at 1,671 parameters. The block-0 site retains all 16 learned scales; its nearest-to-one coordinate is 4 at 1.143266. Hypothesis: block-specific scaling sensitivity may differ even though block 1 failed, and neutral fixing tests a different constraint from attempt-0096's failed pairwise scale union. The helper orders scales by distance to one, fixes one per micro-trial, and delegates all acceptance/rollback to the official runner. Stop on first scored discard or error, no coordinate, 16 micro-trials, or 22 wall-clock minutes. This is more informative than another block-1 coordinate because it isolates site and constraint type.		
attempt-0121	a1dfac6cb503f577ebebcb35e93ea9788786fa40	a1dfac6cb503f577ebebcb35e93ea9788786fa40	2026-08-17T06:36:31.399610+00:00			discard	[automation:next-block1-preff-scale-neutral] Fix remaining block-1 pre-feed-forward LayerNorm scales to one in nearest-neutral order | The block-1 pre-FF scale policy tested its nearest remaining scale to one, coordinate 5 at 0.747436. The 1,671-parameter candidate scored 53.38% and was discarded. Outcomes: 0 accepts, 1 scored nonqualification, 0 errors; frontier remained 1,672/99.01%. Compute used one migration and official verification in about 1m22s. Stop reason: first scored discard before the 15-trial/20-minute cap, closing the remaining sparse-normalization neutral-scale paths.	Family: scalar pruning. Current retained frontier is 1,672 parameters at 99.010000%, a +0.010000 percentage-point margin over 99%. There have been 29 prior macro-attempts in this family. The most recent accepted result is attempt-0059, which already fixed block-1 pre-FF scale coordinate 12 at 2,118 parameters/99.05%; the most recent failed result is attempt-0120, whose block-0 pre-attention scale coordinate 4 scored 91.96% at 1,671 parameters. The closest remaining scale in that positively supported block-1 pre-FF site is coordinate 5 at 0.747436. Hypothesis: a second neutral scale may remain dispensable specifically where one such prune already qualified. The helper orders the 15 remaining learned scales by distance to one, fixes one per micro-trial, and the official runner alone accepts or rolls back. Stop on first scored discard or error, no coordinate, 15 micro-trials, or 20 wall-clock minutes. This is more informative than another pre-attention scale because it is the only residual scale site with a prior accepted neutral constraint.		
attempt-0122	58e37360f583f4eda333346e5b4e5169b487d180	a1dfac6cb503f577ebebcb35e93ea9788786fa40	2026-08-17T06:38:39.214290+00:00	0.000000%	1593	discard	Share only the key map across two attention heads	Family: attention organization. Current retained frontier is 1,672 parameters at 99.010000%, a +0.010000 percentage-point margin over 99%. There have been 12 prior attempts in this family. The most recent accepted result is attempt-0020, which removed attention output projections at 3,168 parameters/99.94%; the most recent failed result is attempt-0113, whose single-head attention with learned output projection scored 0.00% at 1,465 parameters. Hypothesis: two query-dependent attention maps are essential, but their key feature map can be shared across heads. Keep both 8D query heads and the full 16D value transform, replace only the two key maps by their checkpoint-average 8x16 map, and share the resulting attention parameters across depth, yielding 1,593 parameters. This major attention-organization change is more informative than full multi-query sharing because it is the least restrictive head-sharing substitution and isolates key diversity from query and value diversity. Causal softmax attention and generic autoregressive decoding remain intact.	0	0
attempt-0123	3c6800ef5fe8c6fdcd683d483c43212449a9fa74	a1dfac6cb503f577ebebcb35e93ea9788786fa40	2026-08-17T06:40:41.744053+00:00	0.000000%	1593	discard	Share only the query map across two attention heads	Family: attention organization. Current retained frontier is 1,672 parameters at 99.010000%, a +0.010000 percentage-point margin over 99%. There have been 13 prior attempts in this family. The most recent accepted result is attempt-0020 at 3,168 parameters/99.94%; the most recent failed result is attempt-0122, whose key-shared two-head attention scored 0.00% at 1,593 parameters. Hypothesis: attempt-0122 failed specifically because distinct keys are needed to expose different memory features, while a shared query can still compare against both key heads. Preserve both full key heads and the full value transform, replace only the two query maps by their checkpoint-average 8x16 map, and share parameters across depth, yielding 1,593 parameters. This is more informative than sharing values next because it is the exact query/key complement of the measured failure at identical count and isolates which side of compatibility needs head-specific features. Causal softmax and generic decoding remain unchanged.	0	0
attempt-0124	6b5b7b11f720447fe61144da2e45c819a3443c22	a1dfac6cb503f577ebebcb35e93ea9788786fa40	2026-08-17T06:42:42.894944+00:00	0.000000%	1593	discard	Share only the value map across two attention heads	Family: attention organization. Current retained frontier is 1,672 parameters at 99.010000%, a +0.010000 percentage-point margin over 99%. There have been 14 prior attempts in this family. The most recent accepted result is attempt-0020 at 3,168 parameters/99.94%; the most recent failed result is attempt-0123, whose query-shared candidate scored 0.00% at 1,593 parameters. Hypothesis: both query and key maps require head-specific routing geometry, but the content feature map can be common because different attention weights still produce distinct head outputs. Preserve all 32 Q/K rows, replace the two value maps by their checkpoint-average 8x16 map broadcast across heads, and share across depth, yielding 1,593 parameters. This is more informative than full multi-query attention because attempts 0122-0123 already bound Q/K sharing and this exact complement isolates value-head diversity at the same parameter count. Causal softmax and generic autoregressive decoding remain unchanged.	0	0
attempt-0125	fbf57386fe0827b0991dffad87c3448dd2fac000	a1dfac6cb503f577ebebcb35e93ea9788786fa40	2026-08-17T06:44:38.144004+00:00	0.000000%	1465	discard	Keep only the second attention head with learned residual projection	Family: attention organization. Current retained frontier is 1,672 parameters at 99.010000%, a +0.010000 percentage-point margin over 99%. There have been 15 prior attempts in this family. The most recent accepted result is attempt-0020 at 3,168 parameters/99.94%; the most recent failed result is attempt-0124, whose value-shared two-head candidate scored 0.00% at 1,593 parameters. The nearest directly comparable failed result is attempt-0113, which kept only the first head and scored 0.00% at 1,465 parameters. Hypothesis: the two learned heads may be asymmetric and the second may carry the essential carry-routing pattern. Retain its Q/K/V rows, add an 8x16 learned output projection initialized into the second residual half, and share both across depth, yielding 1,465 parameters. This is more informative than another mixed head-sharing scheme because it is the exact untested categorical complement of attempt-0113; after it, single-head deletion is closed. Causal softmax and generic decoding remain intact.	0	0
attempt-0126	e3d1efabfb55b1648a78aab23878751c6f6d058c	a1dfac6cb503f577ebebcb35e93ea9788786fa40	2026-08-17T06:47:38.080863+00:00	0.010000%	1644	discard	Remove least-salient feed-forward hidden unit while preserving surviving ties	Family: feed-forward width. Current retained frontier is 1,672 parameters at 99.010000%, a +0.010000 percentage-point margin over 99%. There have been 17 prior attempts in this family. The most recent accepted result is attempt-0022, which retained projection-free feed-forward width 10 at 3,040 parameters/99.85%; the most recent failed result is attempt-0106, whose rank-7 output factorization scored 0.01% at 1,669 parameters. Hypothesis: full matrix rank is important, but one of the 16 nonlinear hidden units is redundant. Checkpoint inspection ranks unit 2 lowest by input-row norm times output-column norm (0.1482); delete exactly that row and column, remap all surviving scalar ties, retain GELU and the other 15 units, yielding 1,644 parameters. This is more informative than another low-rank factorization because it preserves unrestricted mixing among surviving features and tests nonlinear width rather than linear rank; it is more informative than deleting the next unit because it is the least-salient checkpoint-local perturbation.	0	0
attempt-0127	5d06d956d11848ff80b4ba81a169f7b902603784	a1dfac6cb503f577ebebcb35e93ea9788786fa40	2026-08-17T06:49:39.797327+00:00	0.000000%	1572	discard	Constrain the shared feed-forward input map to be symmetric	Family: parameter tying. Current retained frontier is 1,672 parameters at 99.010000%, a +0.010000 percentage-point margin over 99%. There have been 41 prior macro-attempts in this family. The most recent accepted result is attempt-0095/micro-0001 at 1,672 parameters/99.01%; the most recent failed result is attempt-0104, whose same-orientation whole-map FF reuse scored 0.00% at 1,465 parameters. Hypothesis: the input transform needs an independent output transform but not directed feature-to-feature coefficients. Constrain only the 16x16 shared FF input map to a learned symmetric matrix, initialized by averaging transpose pairs; retain all 16 GELU units and the independent retained output map, yielding 1,572 parameters. This is more informative than symmetric output first because feature construction precedes the nonlinearity and symmetry preserves reciprocal interactions without tying analysis to synthesis, directly separating matrix geometry from the failed whole-map reuse.	0	0
attempt-0128	0e23d257f88f5bdc008f0fbcb24cdc9ca3df7d2d	a1dfac6cb503f577ebebcb35e93ea9788786fa40	2026-08-17T06:51:54.201473+00:00	0.000000%	1581	discard	Constrain the shared feed-forward output map to be symmetric	Family: parameter tying. Current retained frontier is 1,672 parameters at 99.010000%, a +0.010000 percentage-point margin over 99%. There have been 42 prior macro-attempts in this family. The most recent accepted result is attempt-0095/micro-0001 at 1,672 parameters/99.01%; the most recent failed result is attempt-0127, whose symmetric FF input map scored 0.00% at 1,572 parameters. Hypothesis: directed feature construction is essential, but residual reconstruction after GELU may tolerate reciprocal feature geometry. Preserve the current 236-group input transform exactly, constrain only the 16x16 output transform to a learned symmetric matrix initialized by transpose-pair averaging, and retain width 16, yielding 1,581 parameters. This is more informative than a triangular output map because it is the exact input/output complement of attempt-0127 at comparable capacity and tests geometry without deleting one direction outright.	0	0
attempt-0129	632710ffa9e596c0ed494247c27ec35cfe1c8219	a1dfac6cb503f577ebebcb35e93ea9788786fa40	2026-08-17T06:55:07.667831+00:00	0.000000%	1669	discard	Model FF output as input transpose plus rank-7 residual	Family: parameter tying. Current retained frontier is 1,672 parameters at 99.010000%, a +0.010000 percentage-point margin over 99%. There have been 43 prior macro-attempts in this family. The most recent accepted result is attempt-0095/micro-0001 at 1,672 parameters/99.01%; the most recent failed result is attempt-0128, whose symmetric output map scored 0.00% at 1,581 parameters. Hypothesis: attempts 0103 and 0128 failed because a pure transpose/symmetric relation erased directional synthesis, but the two FF maps share a transpose-aligned base plus a lower-rank directional correction. Preserve the retained 236-group input map exactly and reconstruct output as its transpose plus the best rank-7 SVD correction of the checkpoint residual; 224 correction parameters replace 227 output groups, yielding 1,669 total. This is more informative than rank 6 because rank 7 is the largest eligible correction and therefore the minimum-loss test of cross-map structure, while all 16 GELU units remain.	0	0
attempt-0130	b0e802ec504e4e64f5d43fce8d5c61edcab20df0	a1dfac6cb503f577ebebcb35e93ea9788786fa40	2026-08-17T06:57:15.210558+00:00	0.000000%	1669	discard	Model FF output as input map plus rank-7 residual	Family: parameter tying. Current retained frontier is 1,672 parameters at 99.010000%, a +0.010000 percentage-point margin over 99%. There have been 44 prior macro-attempts in this family. The most recent accepted result is attempt-0095/micro-0001 at 1,672 parameters/99.01%; the most recent failed result is attempt-0129, whose transpose-base plus rank-7 residual scored 0.00% at 1,669 parameters. Hypothesis: the correction rank was adequate but transposition selected the wrong shared coordinate geometry. Preserve the retained input map exactly and reconstruct output as the same-orientation input map plus the best rank-7 SVD residual, again replacing 227 output groups with 224 correction parameters for 1,669 total. This is more informative than lowering residual rank because it is the exact orientation complement at identical capacity and minimum eligible compression; all nonlinear width remains intact.	0	0
attempt-0131	3951626769f538627125498fc399519d29cbe192	a1dfac6cb503f577ebebcb35e93ea9788786fa40	2026-08-17T06:59:15.707122+00:00	15.910000%	1656	discard	Tie the first aligned operand-position pair coordinate-wise	Family: position representation. Current retained frontier is 1,672 parameters at 99.010000%, a +0.010000 percentage-point margin over 99%. There have been 8 prior attempts in this family. The most recent accepted result is attempt-0030, which removed the unused final positional row at 2,128 parameters/99.14%; the most recent failed result is attempt-0110, whose fixed Fourier/parity basis scored 0.00% at 1,666 parameters. Hypothesis: the model needs absolute column identity but not separate positional vectors for the two operand roles within an aligned digit column. Tie only positions 1 and 2 coordinate-wise, corresponding to a0 and b0, by checkpoint averaging while leaving the other 30 positions exact; scalar groups already common to both are deduplicated, yielding 1,656 parameters. This is more informative than tying all ten operand pairs because it is the least extensive role-invariance probe and localizes the first carry column before imposing a global symmetry.	0	0
attempt-0132	a1dfac6cb503f577ebebcb35e93ea9788786fa40	a1dfac6cb503f577ebebcb35e93ea9788786fa40	2026-08-17T07:01:55.190077+00:00			discard	[automation:remaining-operand-position-row-ties] Test remaining aligned operand-position row ties by checkpoint distance | The distance-ordered operand-row policy tested positions 19/20, the nearest remaining aligned pair (L2 distance 0.007489). The 1,659-parameter candidate scored 98.44% and was discarded. Outcomes: 0 accepts, 1 scored nonqualification, 0 errors; frontier remained 1,672/99.01%. Compute used one checkpoint migration and official verification in about 1m22s. Stop reason: first scored discard before the 9-trial/14-minute cap, showing even the closest remaining operand-role pair is sensitive.	Family: position representation. Current retained frontier is 1,672 parameters at 99.010000%, a +0.010000 percentage-point margin over 99%. There have been 9 prior macro-attempts in this family. The most recent accepted result is attempt-0030 at 2,128 parameters/99.14%; the most recent failed result is attempt-0131, whose first-column operand-position tie scored 15.91% at 1,656 parameters. Hypothesis: operand-role identity may be critical at the least-significant carry origin but redundant in a later column. The helper excludes measured rows 1/2, orders the nine remaining aligned operand row pairs by current L2 distance, ties one full 16D pair per micro-trial, and uses only official runner acceptance/rollback. Stop at first scored discard or error, no pair, nine micro-trials, or 14 wall-clock minutes. This is more informative than selecting the next numeric column because checkpoint distance gives the least disruptive remaining categorical test.		
attempt-0133	e43cc02981a5eda6e227692b2ab1957a03ca6eff	a1dfac6cb503f577ebebcb35e93ea9788786fa40	2026-08-17T07:03:53.798822+00:00	16.350000%	1663	discard	Preserve digit rows and merge only the two control-token embeddings	Family: token representation. Current retained frontier is 1,672 parameters at 99.010000%, a +0.010000 percentage-point margin over 99%. There have been 9 prior attempts in this family. The most recent accepted result is attempt-0016 at 3,376 parameters/99.18%; the most recent failed result is attempt-0114, whose Chebyshev digit basis scored 28.80% at 1,663 parameters. Hypothesis: attempt-0114 failed because it projected the ten digit classifier rows, while the BOS and equals controls—which are never target outputs—can share one input feature. Use ten one-hot digit features plus one shared control feature and fit the 11x16 projection by least squares; this preserves every digit row exactly and averages only control rows, yielding 1,663 parameters. This is more informative than another polynomial digit basis because it isolates control-token identity without altering digit geometry at the same count.	0	0
attempt-0134	9eaf040753f938f1bf3de8372691150f59acfd2c	a1dfac6cb503f577ebebcb35e93ea9788786fa40	2026-08-17T07:06:14.209337+00:00	0.030000%	1658	discard	Use RMSNorm only at block 0 pre-attention	Family: normalization. Current retained frontier is 1,672 parameters at 99.010000%, a +0.010000 percentage-point margin over 99%. There have been 4 prior attempts in this family. The most recent accepted result is attempt-0018, which removed the final LayerNorm bias at 3,360 parameters/99.07%; the most recent failed result is attempt-0112, whose block-0 pre-FF-only RMSNorm scored 0.00% at 1,658 parameters. Hypothesis: mean centering may be essential for nonlinear feature construction but redundant before the first attention routing operation. Replace only block 0 pre-attention LayerNorm with per-coordinate RMSNorm, migrate its 16 scales, retain all other LayerNorm sites, and remove its 14 learned bias values for 1,658 parameters. This is more informative than block 1 first because block 0 directly processes token-plus-position inputs and cleanly isolates whether initial attention needs centering, complementing attempt-0112 at identical count.	0	0
attempt-0135	3473e7bdf5f14a10cac50a93c5ea91ac1ed2e1f2	a1dfac6cb503f577ebebcb35e93ea9788786fa40	2026-08-17T07:08:05.263144+00:00	0.000000%	1661	discard	Use RMSNorm only at block 1 pre-attention	Family: normalization. Current retained frontier is 1,672 parameters at 99.010000%, a +0.010000 percentage-point margin over 99%. There have been 5 prior attempts in this family. The most recent accepted result is attempt-0018 at 3,360 parameters/99.07%; the most recent failed result is attempt-0134, whose block-0 pre-attention RMSNorm scored 0.03% at 1,658 parameters. Hypothesis: centering is essential when attention first consumes token-plus-position embeddings, but may be redundant after one complete transformer block. Replace only block 1 pre-attention LayerNorm with per-coordinate RMSNorm, reconstruct its 16 scales including the one fixed-neutral coordinate, retain all other sites, and remove the 12 learned biases net of the restored scale for 1,661 parameters. This is more informative than block-1 pre-FF because depth is the only changed factor relative to attempt-0134.	0	0
attempt-0136	85beeb53f54fea830ff5430cb7ea952128c60ad8	a1dfac6cb503f577ebebcb35e93ea9788786fa40	2026-08-17T07:10:11.892645+00:00	0.000000%	1659	discard	Use RMSNorm only at block 1 pre-feed-forward	Family: normalization. Current retained frontier is 1,672 parameters at 99.010000%, a +0.010000 percentage-point margin over 99%. There have been 6 prior attempts in this family. The most recent accepted result is attempt-0018 at 3,360 parameters/99.07%; the most recent failed result is attempt-0135, whose block-1 pre-attention RMSNorm scored 0.00% at 1,661 parameters. The nearest same-operation failed result is attempt-0112, block-0 pre-FF RMSNorm at 0.00%. Hypothesis: the second block's nonlinear path may tolerate uncentered normalization because its scale coordinate 12 was previously fixed to one successfully and it operates on a more processed residual stream. Replace only that LayerNorm by RMSNorm, reconstruct 16 scales, remove 14 biases net of one restored scale, yielding 1,659 parameters. This completes the untested depth complement and is more informative than a global normalization retry because every other site remains exact.	0	0
attempt-0137	7b6daba497b49534052db09f50f5829619b8fc71	a1dfac6cb503f577ebebcb35e93ea9788786fa40	2026-08-17T07:12:48.089996+00:00	0.010000%	1671	discard	Use SiLU with one new FF-output scalar union	Family: feed-forward width. Current retained frontier is 1,672 parameters at 99.010000%, a +0.010000 percentage-point margin over 99%. There have been 18 prior attempts in this family. The most recent accepted result is attempt-0022 at 3,040 parameters/99.85%; the most recent failed result is attempt-0126, whose least-salient hidden-unit deletion scored 0.01% at 1,644 parameters. In the adjacent tying evidence, attempt-0087's next GELU output union (143,100) failed at 1,694, while current checkpoint pair (82,85) is the least-difference untested output union (1.454e-4). Hypothesis: SiLU's smooth multiplicative gate can tolerate this one-scalar synthesis compression better than GELU while preserving width 16. Replace GELU by SiLU and union only output coordinates 82/85, yielding 1,671 parameters. This is more informative than ReLU because SiLU is the closest smooth, nonmonotonicity-reduced alternative and changes activation geometry minimally.	0	0
attempt-0138	bde6e5a305f2ea78ff72bd9a40753118835e4421	a1dfac6cb503f577ebebcb35e93ea9788786fa40	2026-08-17T07:14:38.686678+00:00	98.990000%	1671	discard	Use tanh-approximated GELU with one FF-output scalar union	Family: feed-forward width. Current retained frontier is 1,672 parameters at 99.010000%, a +0.010000 percentage-point margin over 99%. There have been 19 prior attempts in this family. The most recent accepted result is attempt-0022 at 3,040 parameters/99.85%; the most recent failed result is attempt-0137, whose SiLU plus output union 82/85 scored 0.01% at 1,671 parameters. Hypothesis: the failure was caused by changing to SiLU's qualitatively different gate, while the standard tanh approximation to GELU preserves the incumbent activation shape closely enough to absorb the same minimum-difference output union. Keep width 16, change only exact GELU to its tanh approximation, union coordinates 82/85, and yield 1,671 parameters. This is more informative than ReLU because it is the nearest functional activation alternative and cleanly tests curve-level robustness under identical compression.	0	0
attempt-0139	06d88307073db782499be4f6c2ff2d17294940e2	a1dfac6cb503f577ebebcb35e93ea9788786fa40	2026-08-17T07:18:09.313138+00:00	99.000000%	1671	keep	[automation:gelu-blend-with-output-union] Bracket exact-to-tanh GELU interpolation with one FF-output union | The monotone GELU interpolation tested alpha=0.5 first with FF-output union 82/85. It qualified at exactly 99.00% with 1,671 parameters and was retained, moving the frontier down by one parameter. Outcomes: 1 accept, 0 scored discards, 0 errors; one official checkpoint migration and verification in about 1m22s. Stop reason: after acceptance, every remaining blend had the same 1,671 count and therefore no eligible strict frontier improvement remained, before the four-trial/eight-minute cap.	Family: feed-forward width. Current retained frontier is 1,672 parameters at 99.010000%, a +0.010000 percentage-point margin over 99%. There have been 20 prior macro-attempts in this family. The most recent accepted result is attempt-0022 at 3,040 parameters/99.85%; the most recent failed result is attempt-0138, whose alpha=1 tanh-GELU plus output union 82/85 scored 98.99% at 1,671 parameters, while alpha=0 without that new union is the retained exact-GELU frontier. Hypothesis: reducing activation perturbation inside this measured bracket can recover one example while retaining the scalar union. The helper tests alpha 0.5, 0.25, 0.125, then 0 in decreasing order; one candidate per official micro-trial, same 1,671 count, same checkpoint migration. A scored failure makes the next smaller alpha eligible. Stop on the first accepted candidate because equal-count alternatives can no longer improve it, after all four trials, on error, or after eight wall-clock minutes. This is more informative than a new activation because it resolves the near-threshold local boundary.		
attempt-0140	06d88307073db782499be4f6c2ff2d17294940e2	06d88307073db782499be4f6c2ff2d17294940e2	2026-08-17T07:20:58.494968+00:00			discard	[automation:ff-output-unions-under-blended-gelu] Test nearest FF-output scalar unions under retained blended GELU | Under retained blended GELU, the nearest FF-output union 143/100 produced a 1,670-parameter candidate at 98.97%, versus 98.96% under exact GELU, and was discarded. Outcomes: 0 accepts, 1 scored nonqualification, 0 errors; frontier remained 1,671/99.00%. Compute used one migration and official verification in about 1m22s. Stop reason: first scored discard before the 20-trial/25-minute cap, so the FF-output path remains bounded.	Family: parameter tying. Current retained frontier is 1,671 parameters at 99.000000%, exactly the 99% threshold (+0.000000 margin). There have been 45 prior macro-attempts and 449 prior micro-trials in this family. The most recent accepted relevant result is attempt-0139/micro-0001, which retained blended GELU plus output union 82/85 at 1,671/99.00%; the most recent failed same-tensor result is attempt-0087/micro-0010, where pair 143/100 scored 98.96% under exact GELU. Hypothesis: the retained half-tanh GELU changes output sensitivity enough for the current nearest FF-output pair to qualify. The helper orders adjacent learned scalar groups by absolute current difference, adds one union per official micro-trial, and accepts/rolls back only through the runner. Stop on first scored discard or error, no pair, 20 micro-trials, or 25 wall-clock minutes. This is more informative than the next pair because it tests the minimum-distortion candidate under the newly retained activation conditions.		
attempt-0141	06d88307073db782499be4f6c2ff2d17294940e2	06d88307073db782499be4f6c2ff2d17294940e2	2026-08-17T07:23:09.593396+00:00			discard	[automation:qkv-unions-under-blended-gelu] Retest nearest QKV scalar unions under retained blended GELU | Under retained blended GELU, QKV pair 555/517 again scored 98.99% at 1,670 parameters and was discarded. Outcomes: 0 accepts, 1 scored nonqualification, 0 errors; frontier remained 1,671/99.00%. Compute used one migration and official verification in about 1m22s. Stop reason: first scored discard before the 20-trial/25-minute cap; the activation change did not shift this one-example QKV boundary.	Family: parameter tying. Current retained frontier is 1,671 parameters at 99.000000%, exactly threshold (+0.000000 margin). There have been 46 prior macro-attempts and 450 prior micro-trials in this family. The most recent accepted relevant result is attempt-0139/micro-0001 at 1,671/99.00%; the most recent failed QKV result is attempt-0091/micro-0002, where pair 555/517 scored 98.99% under exact GELU. Hypothesis: the retained activation blend changes downstream residual reconstruction enough to recover that one-example QKV boundary. The helper excludes already measured pair 516/694, orders remaining QKV group pairs by absolute current difference, adds one union per official micro-trial, and relies exclusively on runner retention/rollback. Stop on first scored discard or error, no pair, 20 micro-trials, or 25 wall-clock minutes. This is more informative than the next QKV pair because 555/517 is both minimum-distortion and previously only one example below qualification.		
attempt-0142	06d88307073db782499be4f6c2ff2d17294940e2	06d88307073db782499be4f6c2ff2d17294940e2	2026-08-17T07:29:32.938215+00:00			discard	[automation:qkv-union-gelu-compensation] Scan four GELU blends around the one-example QKV-union boundary | Tested QKV union 555/517 with GELU-blend alphas 0.25, 0.75, 0.125, and 0.875. Every 1,670-parameter candidate scored exactly 98.99%, so all were discarded and rolled back; frontier stayed 1,671/99.00%. Outcomes: 0 accepts, 4 scored nonqualifications, 0 errors. Compute used four migrations and official verifications over about 5m10s. Stop reason: reached the declared four-point/eight-minute boundary, demonstrating this failed example is insensitive to the tested activation blend.	Family: feed-forward width. Current retained frontier is 1,671 parameters at 99.000000%, exactly threshold (+0.000000 margin). There have been 21 prior macro-attempts in this family. The most recent accepted result is attempt-0139/micro-0001 at 1,671/99.00%; the most recent failed result is attempt-0141/micro-0001, where QKV pair 555/517 scored 98.99% at 1,670 under alpha=0.5; the same pair scored 98.99% under exact GELU in attempt-0091. Hypothesis: a modest off-center activation blend can compensate the single changed QKV scalar while preserving the learned function. The helper tests fixed alphas 0.25, 0.75, 0.125, 0.875, one official micro-trial each. Stop on first acceptance because all candidates share 1,670 parameters, after four trials, on error, or after eight wall-clock minutes. This is more informative than a dense activation grid because the symmetric widening order samples the largest distinct offsets around measured alpha=0/0.5 failures within a strict cap.		
attempt-0143	5eb6f5782a6c1c8479afa160ec16cf74dda506a3	06d88307073db782499be4f6c2ff2d17294940e2	2026-08-17T07:33:08.873956+00:00	99.040000%	1670	keep	[automation:qkv-union-temperature-compensation] Scan attention temperature around one-example QKV-union boundary | Tested attention-temperature multipliers 0.99 and 1.01 with QKV union 555/517. The 0.99 candidate scored 98.89% and was discarded; 1.01 scored 99.04% at 1,670 parameters and was retained, moving the frontier down one parameter and restoring +0.04 points of margin. Outcomes: 1 accept, 1 scored nonqualification, 0 errors. Compute used two migrations/verifications over about 2m35s. Stop reason: acceptance left no eligible equal-count multiplier before the eight-trial/12-minute cap.	Family: attention organization. Current retained frontier is 1,671 parameters at 99.000000%, exactly threshold (+0.000000 margin). There have been 17 prior macro-attempts in this family. The most recent accepted result is attempt-0020 at 3,168 parameters/99.94%; the most recent failed result is attempt-0142, where four activation blends with QKV union 555/517 all scored 98.99% at 1,670. Hypothesis: that stable single failure reflects an attention-routing margin that a small temperature change can correct. The helper tests fixed logit multipliers 0.99, 1.01, 0.98, 1.02, 0.95, 1.05, 0.90, 1.10, alternating outward from one; each uses the identical QKV union and official runner. Stop on first acceptance because all share 1,670 parameters, after eight trials, on error, or after 12 wall-clock minutes. This is more informative than changing another model component because it directly calibrates the mechanism affected by the tie.		
attempt-0144	8e78fee8a3ce57b537915369632113a02c38470e	5eb6f5782a6c1c8479afa160ec16cf74dda506a3	2026-08-17T07:57:59.017524+00:00	99.020000%	1652	keep	[automation:next-qkv-unions-at-temperature-101] Continue nearest QKV unions at retained 1.01 attention temperature | At retained 1.01 attention temperature, the minimum-difference QKV policy evaluated 19 pairs. The first 18 qualified and reduced the frontier from 1,670 to 1,652 parameters; retained accuracy ended at 99.02%. Micro-0019, pair 564/699 (difference 6.846e-05), proposed 1,651 and scored 98.99%, so it was discarded and rolled back. Outcomes: 18 accepts, 1 scored nonqualification, 0 errors. Compute used 19 migrations/verifications over about 24 minutes. Stop reason: first scored discard, just before the 20-trial/25-minute cap.	Family: parameter tying. Current retained frontier is 1,670 parameters at 99.040000%, a +0.040000 percentage-point margin over 99%. There have been 47 prior macro-attempts and 451 prior micro-trials in this family. The most recent accepted relevant result is attempt-0143/micro-0002 at 1,670/99.04%; the most recent failed result is attempt-0143/micro-0001, where temperature 0.99 scored 98.89%. QKV pair 555/517 is now retained, and previously failed pair 516/694 remains excluded. Hypothesis: the calibrated 1.01 temperature and restored margin make the next minimum-difference QKV groups compressible. The helper orders adjacent current scalar groups by absolute difference, adds one union per official micro-trial, and relies only on runner acceptance/rollback. Stop on first scored discard or error, no pair, 20 trials, or 25 wall-clock minutes. The next pair is more informative than any later alternative because it is the least checkpoint perturbation under the new retained conditions.		
attempt-0145	826490268493d9f986aab30be6f6e73cbe5374c3	8e78fee8a3ce57b537915369632113a02c38470e	2026-08-17T08:01:59.457916+00:00	99.020000%	1651	keep	[automation:next-qkv-temperature-calibration] Calibrate temperature around QKV pair 564/699 boundary | Calibrated QKV pair 564/699 around temperature 1.01. Absolute multiplier 1.005 scored 98.98% and was discarded; 1.015 scored 99.02% at 1,651 parameters and was retained. Frontier improved by one parameter with unchanged retained accuracy. Outcomes: 1 accept, 1 scored nonqualification, 0 errors; two migrations/verifications over about 2m35s. Stop reason: acceptance exhausted equal-count eligibility before the six-trial/nine-minute cap.	Family: attention organization. Current retained frontier is 1,652 parameters at 99.020000%, a +0.020000 percentage-point margin over 99%. There have been 18 prior macro-attempts in this family. The most recent accepted relevant result is attempt-0144/micro-0018 at 1,652/99.02%; the most recent failed result is attempt-0144/micro-0019, where QKV pair 564/699 scored 98.99% at 1,651 under temperature 1.01. Hypothesis: the next tied scalar shifts one routing margin that a local temperature adjustment can restore. The helper tests absolute multipliers 1.005, 1.015, 1.000, 1.020, 0.995, 1.025, ordered outward around 1.01, using the identical tie and official runner. Stop on first acceptance because all share 1,651 parameters, after six trials, on error, or after nine wall-clock minutes. This is more informative than a wider temperature because it resolves the measured local boundary with the smallest changes first.		
attempt-0146	462c6c42e25b52b5c63baa6f55133167cf5e9205	826490268493d9f986aab30be6f6e73cbe5374c3	2026-08-17T08:17:47.674943+00:00	99.000000%	1640	keep	[automation:next-qkv-unions-at-temperature-1015] Continue nearest QKV unions at retained 1.015 temperature | At retained temperature 1.015, the next QKV band evaluated 12 pairs. Eleven qualified, reducing the frontier from 1,651 to 1,640 parameters; retained accuracy ended exactly at 99.00%. Micro-0012, pair 608/539 (difference 7.761e-05), proposed 1,639 and scored 98.99%, so it was discarded. Outcomes: 11 accepts, 1 scored nonqualification, 0 errors. Compute used 12 migrations/verifications over about 15m30s. Stop reason: first scored discard before the 20-trial/25-minute cap.	Family: parameter tying. Current retained frontier is 1,651 parameters at 99.020000%, a +0.020000 percentage-point margin over 99%. There have been 48 prior macro-attempts and 470 prior micro-trials in this family. The most recent accepted relevant result is attempt-0145/micro-0002 at 1,651/99.02%; the most recent failed result is attempt-0145/micro-0001 at 98.98% with temperature 1.005. QKV pair 564/699 is now retained and pair 516/694 remains excluded. Hypothesis: the calibrated 1.015 temperature supports another bounded band of minimum-difference QKV unions. The helper adds one nearest adjacent scalar-group union per official micro-trial with runner-only retention/rollback. Stop on first scored discard or error, no pair, 20 trials, or 25 wall-clock minutes. The next pair is more informative than later alternatives because it is the least checkpoint perturbation under current retained conditions.		
attempt-0147	462c6c42e25b52b5c63baa6f55133167cf5e9205	462c6c42e25b52b5c63baa6f55133167cf5e9205	2026-08-17T08:26:22.425688+00:00			discard	[automation:qkv-608-539-temperature-calibration] Calibrate temperature around QKV pair 608/539 boundary | Tested QKV pair 608/539 at absolute temperatures 1.0125, 1.0175, 1.010, 1.020, 1.005, and 1.025. Scores ranged from 98.92% to 98.99%; none qualified, so all were discarded and the 1,640/99.00% incumbent was restored. Outcomes: 0 accepts, 6 scored nonqualifications, 0 errors. Compute used six migrations/verifications over about 7m45s. Stop reason: reached the declared six-trial/nine-minute boundary, closing local temperature compensation for this pair.	Family: attention organization. Current retained frontier is 1,640 parameters at 99.000000%, exactly threshold (+0.000000 margin). There have been 19 prior macro-attempts in this family. The most recent accepted relevant result is attempt-0146/micro-0011 at 1,640/99.00%; the most recent failed result is attempt-0146/micro-0012, where QKV pair 608/539 scored 98.99% at 1,639 under temperature 1.015. Hypothesis: a local upward or downward temperature shift can recover the single routing error. The helper tests 1.0125, 1.0175, 1.010, 1.020, 1.005, 1.025, ordered outward around 1.015, with the identical tie and official runner. Stop on first acceptance because all share 1,639 parameters, after six trials, on error, or after nine wall-clock minutes. This is more informative than a new tensor tie because it resolves the measured boundary with smaller functional changes first.		
attempt-0148	462c6c42e25b52b5c63baa6f55133167cf5e9205	462c6c42e25b52b5c63baa6f55133167cf5e9205	2026-08-17T08:28:44.238366+00:00			discard	[automation:ff-output-after-attention-calibration] Retest nearest FF-output unions after retained attention recalibration | Retested FF-output pair 143/100 after attention recalibration. The 1,639-parameter candidate scored 98.95%, lower than its prior 98.97%, so it was discarded. Outcomes: 0 accepts, 1 scored nonqualification, 0 errors; frontier remained 1,640/99.00%. Compute used one migration/verification in about 1m22s. Stop reason: first scored discard before the 20-trial/25-minute cap; this cross-tensor path is closed.	Family: parameter tying. Current retained frontier is 1,640 parameters at 99.000000%, exactly threshold (+0.000000 margin). There have been 49 prior macro-attempts and 482 prior micro-trials in this family. The most recent accepted result is attempt-0146/micro-0011 at 1,640/99.00%; the most recent failed same-tensor result is attempt-0140/micro-0001, where FF-output pair 143/100 scored 98.97% before 31 additional QKV unions and temperature 1.015 were retained. Hypothesis: the recalibrated attention residual changes downstream synthesis sensitivity enough for the nearest FF-output union to qualify. The helper orders current scalar pairs by absolute difference, adds one union per official micro-trial, and uses runner-only retention/rollback. Stop on first scored discard or error, no pair, 20 trials, or 25 wall-clock minutes. Retesting the minimum-difference prior boundary is more informative than a later FF pair because conditions have materially changed.		
attempt-0149	462c6c42e25b52b5c63baa6f55133167cf5e9205	462c6c42e25b52b5c63baa6f55133167cf5e9205	2026-08-17T08:31:17.047281+00:00			discard	[automation:qkv-after-two-sensitive-pairs] Continue nearest QKV unions excluding two measured sensitive pairs | The intended revised QKV path did not reach a new candidate: the exclusion set stored pair 608/539 unsorted while the helper compares sorted coordinate tuples, so micro-0001 redundantly rescored the known 1,639-parameter pair at 98.99% and discarded it. Outcomes: 0 accepts, 1 scored duplicate nonqualification, 0 runner errors; frontier unchanged at 1,640/99.00%. Stop reason: first discard. This is an automation-policy implementation error; the sorted exclusion has been repaired and no new architectural inference is drawn.	Family: parameter tying. Current retained frontier is 1,640 parameters at 99.000000%, exactly threshold (+0.000000 margin). There have been 50 prior macro-attempts and 483 prior micro-trials in this family. The most recent accepted result is attempt-0146/micro-0011 at 1,640/99.00%; the most recent failed QKV path is attempt-0147, where six temperatures could not make pair 608/539 qualify (best 98.99%). Pairs 516/694 and 608/539 are now excluded under unchanged grouping. Hypothesis: those are pair-specific sensitivity boundaries rather than a global QKV floor, so the next-nearest eligible group union can qualify. The helper orders remaining adjacent groups by absolute difference, one official micro-trial per union, with runner-only retention/rollback. Stop on first scored discard or error, no pair, 20 trials, or 25 wall-clock minutes. This is more informative than another calibration because it changes the tied coordinates while preserving the retained temperature.		
attempt-0150	462c6c42e25b52b5c63baa6f55133167cf5e9205	462c6c42e25b52b5c63baa6f55133167cf5e9205	2026-08-17T08:33:37.306678+00:00			discard	[automation:repair-qkv-sensitive-pair-filter] Repair sorted QKV exclusions and test next eligible unions | The repaired eligibility filter reached the intended next pair, QKV coordinates 766/708 (difference 7.888e-05). Its 1,639-parameter candidate scored 98.97% and was discarded. Outcomes: 0 accepts, 1 scored nonqualification, 0 errors after repair; frontier remained 1,640/99.00%. Compute used one migration/verification in about 1m22s. Stop reason: first scored discard before the 20-trial/25-minute cap, showing the next eligible pair is also sensitive.	Family: parameter tying. Current retained frontier is 1,640 parameters at 99.000000%, exactly threshold (+0.000000 margin). There have been 51 prior macro-attempts and 484 prior micro-trials in this family. The most recent accepted result is attempt-0146/micro-0011 at 1,640/99.00%; the most recent failed result is attempt-0149/micro-0001, a redundant 98.99% score caused by an exclusion-order implementation error. This is the permitted exact repair of the intended policy: store sensitive pair 608/539 in the sorted form the helper compares; retained model, temperature, ranking, and all candidate conditions are unchanged. The helper now excludes 516/694 and 539/608, adds the next minimum-difference eligible QKV union per official micro-trial, and uses runner-only retention/rollback. Stop on first scored discard/error, no pair, 20 trials, or 25 minutes. Repairing the filter is more informative than choosing a different tensor because the prior macro never evaluated its intended candidate.		
attempt-0151	70ab4d89352dd2037d480ad682cc2dab79dec27a	462c6c42e25b52b5c63baa6f55133167cf5e9205	2026-08-17T08:35:45.819698+00:00	0.000000%	1639	discard	Use cosine-normalized attention with one QKV union	Family: attention organization. Current retained frontier is 1,640 parameters at 99.000000%, exactly threshold (+0.000000 margin). There have been 20 prior macro-attempts in this family. The most recent accepted relevant result is attempt-0146/micro-0011 at 1,640/99.00%; the most recent failed result is attempt-0150/micro-0001, whose next QKV union scored 98.97% at 1,639. The nearest same-pair boundary is QKV 608/539 at best 98.99%. Hypothesis: learned query/key vector norms amplify sensitivity to one tied scalar; cosine-normalizing Q and K preserves angular routing while removing norm dependence. Add pair 608/539, normalize each head's Q/K vectors, retain causal softmax and values, yielding 1,639 parameters. This is more informative than another temperature calibration because it changes the score geometry directly after six local temperatures failed.	0	0
attempt-0152	030c69efdeec3874cbf84a5b61fa6f4c7da87f0b	462c6c42e25b52b5c63baa6f55133167cf5e9205	2026-08-17T08:37:39.125315+00:00	0.000000%	1639	discard	Use normalized sigmoid attention with one QKV union	Family: attention organization. Current retained frontier is 1,640 parameters at 99.000000%, exactly threshold. There have been 21 prior macro-attempts in this family. The most recent accepted result is attempt-0146/micro-0011 at 1,640/99.00%; the most recent failed result is attempt-0151, whose cosine-normalized Q/K attention scored 0.00% at 1,639. Hypothesis: vector norms are essential but exponential winner competition may not be; normalized sigmoid gates preserve incumbent dot products while bounding each causal compatibility weight. Add QKV pair 608/539 and replace only softmax with sigmoid followed by row normalization, yielding 1,639 parameters. This is more informative than ReLU-normalized attention because sigmoid is smooth and strictly positive, making it the closest non-exponential normalized alternative.	0	0
attempt-0153	8b6b888e1466efd780835be48bf3bc9695e24c55	462c6c42e25b52b5c63baa6f55133167cf5e9205	2026-08-17T08:39:31.354419+00:00	0.000000%	1639	discard	Use squared-ReLU normalized attention with one QKV union	Family: attention organization. Current retained frontier is 1,640 parameters at 99.000000%, exactly threshold. There have been 22 prior macro-attempts in this family. The most recent accepted result is attempt-0146/micro-0011 at 1,640/99.00%; the most recent failed result is attempt-0152, whose normalized sigmoid attention scored 0.00% at 1,639. Hypothesis: sigmoid failed because it compresses strong compatibilities, while squared ReLU preserves positive score magnitude and sparsifies negative routes. Add QKV pair 608/539, keep incumbent dot products and temperature, replace softmax by squared-ReLU row normalization, yielding 1,639 parameters. This is more informative than plain ReLU because squaring restores a sharper winner preference closer to softmax.	0	0
attempt-0154	d4346a239d584b8a3794f4de96922a57d39bb81b	462c6c42e25b52b5c63baa6f55133167cf5e9205	2026-08-17T08:42:02.082535+00:00	1.240000%	1639	discard	Keep only top-eight causal attention logits with one QKV union	Family: attention organization. Current retained frontier is 1,640 parameters at 99.000000%, exactly threshold. There have been 23 prior macro-attempts in this family. The most recent accepted result is attempt-0146/micro-0011 at 1,640/99.00%; the most recent failed result is attempt-0153, whose squared-ReLU attention scored 0.00% at 1,639. Hypothesis: exponential competition is essential, but its diffuse low-probability tail is redundant; retaining the top eight causal logits preserves the strongest column/carry routes. Add QKV pair 608/539, mask all but the top eight available logits when T>8, and retain incumbent softmax/temperature, yielding 1,639 parameters. This is more informative than top four because eight is the least restrictive sparsification that materially affects later sequence positions.	0	0
attempt-0155	db610ca4aaa64dc28219aa2cb651cbc6cb13d242	462c6c42e25b52b5c63baa6f55133167cf5e9205	2026-08-17T08:47:22.543894+00:00	99.000000%	1639	keep	[automation:qkv-after-three-sensitive-pairs] Continue nearest QKV unions excluding three measured sensitive pairs | The revised QKV path evaluated two eligible nearest unions. Pair 650/50 qualified at 1,639 parameters and 99.00% and was retained; pair 597/734 then proposed 1,638 parameters, scored 98.95%, and was discarded and rolled back. Outcomes: 1 accept, 1 scored nonqualification, 0 runner errors. Compute used two checkpoint migrations and official verifications over about 2m45s. Stop reason: first scored discard before the 20-trial/25-minute cap, supporting a coordinate-specific rather than tensor-wide boundary.	Family: parameter tying. Current retained frontier is 1,640 parameters at 99.000000%, exactly threshold (+0.000000 margin). There have been 52 prior macro-attempts and 485 prior micro-trials in this family. The most recent accepted result is attempt-0146/micro-0011 at 1,640/99.00%; the most recent failed same-family result is attempt-0150/micro-0001, where QKV pair 766/708 scored 98.97% at 1,639. The earlier sensitive pairs 516/694 and 608/539 are also excluded. Hypothesis: the three failures are coordinate-specific routing boundaries rather than a tensor-wide compression floor, so the next minimum-difference eligible QKV union may qualify. The helper orders current adjacent scalar groups by absolute difference, adds one union per official micro-trial, and relies exclusively on runner retention and rollback. Stop on first scored discard or error, no eligible pair, 20 trials, or 25 wall-clock minutes. This is more informative than another attention-function substitution because it preserves the retained computation and tests the nearest unmeasured parameterization change.		
attempt-0156	db610ca4aaa64dc28219aa2cb651cbc6cb13d242	db610ca4aaa64dc28219aa2cb651cbc6cb13d242	2026-08-17T08:49:13.656975+00:00			discard	[automation:qkv-skip-four-sensitive-pairs] Continue nearest QKV unions after one skip-path success | The next eligible QKV union was evaluated once and did not qualify at 1,638 parameters, so it was discarded and the 1,639/99.00% incumbent restored. Outcomes: 0 accepts, 1 scored nonqualification, 0 errors; one official migration/verification over about 1m20s. Stop reason: first scored discard before the 20-trial/25-minute cap.	Family: parameter tying. Current retained frontier is 1,639 parameters at 99.000000%, exactly threshold (+0.000000 margin). There have been 53 prior macro-attempts and 487 prior micro-trials in this family. The most recent accepted result is attempt-0155/micro-0001, where QKV pair 650/50 qualified at 1,639/99.00%; the most recent failed result is attempt-0155/micro-0002, where pair 597/734 scored 98.95% at 1,638. Four measured sensitive pairs are excluded. Hypothesis: attempt 155 demonstrates that sensitivity is nonmonotonic in scalar difference, so the next minimum-difference unmeasured QKV union may yield another valid reduction. The helper adds one ordered eligible union per official micro-trial with runner-only retention/rollback. Stop on first scored discard or error, no pair, 20 trials, or 25 minutes. This is more informative than switching tensors immediately because it directly replicates the successful skip-and-continue policy at the next boundary.		
attempt-0157	0f9beef324b4e76535fbcb6cae8ee334f4231d64	db610ca4aaa64dc28219aa2cb651cbc6cb13d242	2026-08-17T08:55:55.831704+00:00	99.000000%	1635	keep	[automation:qkv-skip-five-sensitive-pairs] Probe the next QKV union after a one-example miss | The skip-path QKV automation evaluated five ordered unions. Four consecutive pairs qualified and reduced the retained frontier from 1,639 to 1,635 parameters; the fifth proposed 1,634 parameters, failed qualification, and was rolled back. Outcomes: 4 accepts, 1 scored nonqualification, 0 errors. Compute used five official checkpoint migrations/verifications over about 6m50s. Stop reason: first scored discard before the 20-trial/25-minute cap, confirming nonmonotonic coordinate sensitivity.	Family: parameter tying. Current retained frontier is 1,639 parameters at 99.000000%, exactly threshold. There have been 54 prior macro-attempts and 488 prior micro-trials in this family. The most recent accepted result is attempt-0155/micro-0001 at 1,639/99.00%; the most recent failed result is attempt-0156/micro-0001, where QKV pair 672/271 missed qualification by one example at 1,638/98.99%. Five sensitive pairs are excluded. Hypothesis: the one-example miss is pair-specific, as attempt 155 already found a qualifying pair after three failures, so the next unmeasured minimum-difference union can still qualify. The helper uses one official runner trial per ordered union with exact rollback. Stop at first scored failure/error, 20 trials, no pair, or 25 minutes. This is more informative than recalibrating temperature around the failed pair because the earlier six-point calibration showed that local compensation is low-yield.		
attempt-0158	4d43f93bc2f7b5700cd11d798359bbce90568b25	0f9beef324b4e76535fbcb6cae8ee334f4231d64	2026-08-17T09:00:21.846184+00:00	99.000000%	1633	keep	[automation:qkv-skip-six-sensitive-pairs] Continue QKV unions after four skip-path reductions | The next QKV band evaluated three ordered unions. Two qualified and reduced the frontier from 1,635 to 1,633 parameters; the third proposed 1,632, failed qualification, and was rolled back. Outcomes: 2 accepts, 1 scored nonqualification, 0 errors. Compute used three official migrations/verifications over about 4 minutes. Stop reason: first scored discard before the 20-trial/25-minute cap.	Family: parameter tying. Current retained frontier is 1,635 parameters at 99.000000%, exactly threshold. There have been 55 prior macro-attempts and 493 prior micro-trials in this family. The most recent accepted result is attempt-0157/micro-0004 at 1,635/99.00%; the most recent failed result is attempt-0157/micro-0005, where pair 422/723 scored 98.97% at 1,634. Six measured sensitive pairs are excluded. Hypothesis: four consecutive valid reductions after the preceding exclusion establish remaining local redundancy, so the next minimum-difference eligible QKV groups may compress further despite the latest coordinate-specific failure. One ordered union is added per official micro-trial with runner-only retention/rollback. Stop at first scored discard/error, no pair, 20 trials, or 25 minutes. This is more informative than a functional attention change because it exploits a just-replicated parameterization-preserving mechanism.		
attempt-0159	f31daa12280e567d436cf95821d1f46eebd80dfc	4d43f93bc2f7b5700cd11d798359bbce90568b25	2026-08-17T09:22:11.156966+00:00	99.020000%	1617	keep	[automation:qkv-skip-seven-sensitive-pairs] Continue QKV unions after two more retained reductions | The seventh skip-path QKV band evaluated 17 ordered unions. Sixteen consecutive pairs qualified and reduced the frontier from 1,633 to 1,617 parameters, all at the 99.00% threshold; micro-0017 proposed 1,616 parameters, failed qualification, and was rolled back. Outcomes: 16 accepts, 1 scored nonqualification, 0 errors. Compute used 17 official migrations/verifications over about 20m30s. Stop reason: first scored discard before the 20-trial/25-minute cap.	Family: parameter tying. Current retained frontier is 1,633 parameters at 99.000000%, exactly threshold. There have been 56 prior macro-attempts and 496 prior micro-trials in this family. The most recent accepted result is attempt-0158/micro-0002 at 1,633/99.00%; the most recent failed result is attempt-0158/micro-0003, where pair 722/588 scored 98.97% at 1,632. Seven measured sensitive pairs are excluded. Hypothesis: the skip-path has now retained seven total scalar reductions across three macros, so remaining nearest unmeasured QKV pairs are still a higher-yield compression target than structural substitutions. The helper adds one ordered union per official micro-trial with runner-only retention/rollback. Stop at first scored discard/error, no pair, 20 trials, or 25 minutes. This is more informative than a farther pair because it is the least checkpoint perturbation not already falsified.		
attempt-0160	b745eb878220230c4ebe1d26cccb201e66793380	f31daa12280e567d436cf95821d1f46eebd80dfc	2026-08-17T09:39:15.224317+00:00	99.010000%	1605	keep	[automation:qkv-skip-eight-sensitive-pairs] Continue QKV unions with recovered accuracy margin | The eighth skip-path QKV band evaluated 13 ordered unions. Twelve qualified and reduced the frontier from 1,617 to 1,605 parameters; micro-0013 proposed 1,604 parameters, failed qualification, and was rolled back. Outcomes: 12 accepts, 1 scored nonqualification, 0 errors. Compute used 13 official migrations/verifications over about 16m20s. Stop reason: first scored discard before the 20-trial/25-minute cap.	Family: parameter tying. Current retained frontier is 1,617 parameters at 99.020000%, a +0.020000-point margin. There have been 57 prior macro-attempts and 513 prior micro-trials in this family. The most recent accepted result is attempt-0159/micro-0016 at 1,617/99.02%; the most recent failed result is attempt-0159/micro-0017, where pair 564/572 scored 98.99% at 1,616. Eight measured sensitive pairs are excluded. Hypothesis: the recovered margin plus 16 consecutive prior accepts indicates another ordered band of near-duplicate QKV groups can qualify after skipping the isolated failure. The helper adds one minimum-difference eligible union per official micro-trial with runner-only retention/rollback. Stop at first scored discard/error, no pair, 20 trials, or 25 minutes. This is more informative than switching family because it continues the run’s strongest recently validated reduction mechanism under slightly improved margin.		
attempt-0161	b745eb878220230c4ebe1d26cccb201e66793380	b745eb878220230c4ebe1d26cccb201e66793380	2026-08-17T09:41:12.456816+00:00			discard	[automation:qkv-skip-nine-sensitive-pairs] Continue productive QKV compression past the ninth sensitive pair | The next eligible QKV union was tested once at 1,604 parameters and did not qualify, so it was discarded and the 1,605/99.01% incumbent restored. Outcomes: 0 accepts, 1 scored nonqualification, 0 errors; one official migration/verification in about 1m15s. Stop reason: first scored discard before the 20-trial/25-minute cap.	Family: parameter tying. Current retained frontier is 1,605 parameters at 99.010000%, a +0.010000-point margin. There have been 58 prior macro-attempts and 526 prior micro-trials in this family. The most recent accepted result is attempt-0160/micro-0012 at 1,605/99.01%; the most recent failed result is attempt-0160/micro-0013, where pair 598/610 scored 98.99% at 1,604. Nine measured sensitive pairs are excluded. Hypothesis: the two previous exclusions exposed 28 qualifying unions, so the latest failure is again likely coordinate-specific and the next ordered unmeasured QKV band can reduce the count. The helper adds one minimum-difference union per official micro-trial with runner-only retention/rollback. Stop at first scored discard/error, no pair, 20 trials, or 25 minutes. This is more informative than a tensor switch because recent QKV yield remains high and directly replicated.		
attempt-0162	603ab4fb2f1ceaea587f5d00ffaf9684846ac2c9	b745eb878220230c4ebe1d26cccb201e66793380	2026-08-17T09:50:45.843351+00:00	99.000000%	1599	keep	[automation:qkv-plateau-check-after-ten-skips] Check one more QKV skip before declaring a local plateau | The QKV plateau-check band evaluated seven ordered unions. Six qualified and reduced the frontier from 1,605 to 1,599 parameters; micro-0007 proposed 1,598, failed qualification, and was rolled back. Outcomes: 6 accepts, 1 scored nonqualification, 0 errors. Compute used seven official migrations/verifications over about 8m30s. Stop reason: first scored discard before the 20-trial/25-minute cap; the proposed two-failure plateau was falsified by the first six accepts.	Family: parameter tying. Current retained frontier is 1,605 parameters at 99.010000%, a +0.010000-point margin. There have been 59 prior macro-attempts and 527 prior micro-trials in this family. The most recent accepted result is attempt-0160/micro-0012 at 1,605/99.01%; the most recent failed result is attempt-0161/micro-0001, where pair 648/538 scored 98.99% at 1,604. Ten measured sensitive pairs are excluded. Hypothesis: one additional nearest unmeasured pair may reopen the long qualifying bands seen after earlier skips; if the first candidate also fails, two consecutive no-accept macros will define a bounded local plateau. The helper adds one ordered union per official micro-trial with runner-only retention/rollback. Stop at first scored discard/error, no pair, 20 trials, or 25 minutes. This is more informative than an immediate switch because it distinguishes an isolated failure from the predeclared two-failure plateau criterion.		
attempt-0163	b807f6751d082ea554b2ca8915aa2b99df9e0299	603ab4fb2f1ceaea587f5d00ffaf9684846ac2c9	2026-08-17T09:55:07.370849+00:00	99.000000%	1597	keep	[automation:qkv-skip-eleven-sensitive-pairs] Continue QKV unions below 1,600 parameters | The eleventh-skip QKV band evaluated three ordered unions. Two qualified and reduced the frontier from 1,599 to 1,597 parameters; micro-0003 proposed 1,596, failed qualification, and was rolled back. Outcomes: 2 accepts, 1 scored nonqualification, 0 errors. Compute used three official migrations/verifications over about 3m50s. Stop reason: first scored discard before the 20-trial/25-minute cap.	Family: parameter tying. Current retained frontier is 1,599 parameters at 99.000000%, exactly threshold. There have been 60 prior macro-attempts and 534 prior micro-trials in this family. The most recent accepted result is attempt-0162/micro-0006 at 1,599/99.00%; the most recent failed result is attempt-0162/micro-0007, where pair 644/708 scored 98.89% at 1,598. Eleven measured sensitive pairs are excluded. Hypothesis: the sharp last failure identifies another specific routing coordinate, while six preceding accepts show adjacent unmeasured groups remain compressible. The helper adds one nearest eligible union per official micro-trial with runner-only retention/rollback. Stop at first scored discard/error, no pair, 20 trials, or 25 minutes. This is more informative than another temperature scan because prior calibration could not repair even a one-example miss and this path preserves the retained computation.		
attempt-0164	b807f6751d082ea554b2ca8915aa2b99df9e0299	b807f6751d082ea554b2ca8915aa2b99df9e0299	2026-08-17T09:56:55.855162+00:00			discard	[automation:qkv-skip-twelve-sensitive-pairs] Continue QKV unions after the twelfth sensitive coordinate | The next eligible QKV union was tested once at 1,596 parameters and did not qualify, so it was discarded and the 1,597/99.00% incumbent restored. Outcomes: 0 accepts, 1 scored nonqualification, 0 errors; one official migration/verification in about 1m15s. Stop reason: first scored discard before the 20-trial/25-minute cap.	Family: parameter tying. Current retained frontier is 1,597 parameters at 99.000000%, exactly threshold. There have been 61 prior macro-attempts and 537 prior micro-trials in this family. The most recent accepted result is attempt-0163/micro-0002 at 1,597/99.00%; the most recent failed result is attempt-0163/micro-0003, where pair 651/596 scored 98.95% at 1,596. Twelve measured sensitive pairs are excluded. Hypothesis: the latest failure is another isolated coordinate boundary, while the two preceding accepts show the nearest unmeasured QKV region still contains redundancy. The helper adds one minimum-difference eligible union per official micro-trial with runner-only retention/rollback. Stop at first scored discard/error, no pair, 20 trials, or 25 minutes. This is more informative than moving to a farther candidate because it is the least-distorting unfalsified compression.		
attempt-0165	0748239d07dcc503cb5d2ba9c8e254545ad32520	b807f6751d082ea554b2ca8915aa2b99df9e0299	2026-08-17T10:00:07.620903+00:00	99.000000%	1596	keep	[automation:qkv-final-two-failure-plateau-check] Run the final QKV plateau check after one empty band | The final QKV plateau check evaluated two ordered unions. The first qualified at 1,596 parameters and was retained; the second proposed 1,595, failed qualification, and was rolled back. Outcomes: 1 accept, 1 scored nonqualification, 0 errors. Compute used two official migrations/verifications over about 2m25s. Stop reason: first scored discard; the proposed two-empty-band plateau was falsified by the first accept.	Family: parameter tying. Current retained frontier is 1,597 parameters at 99.000000%, exactly threshold. There have been 62 prior macro-attempts and 538 prior micro-trials in this family. The most recent accepted result is attempt-0163/micro-0002 at 1,597/99.00%; the most recent failed result is attempt-0164/micro-0001, where pair 661/747 scored 98.99% at 1,596. Thirteen measured sensitive pairs are excluded. Hypothesis: one more skip may expose a qualifying band, as it did after earlier isolated failures; if its first candidate fails, two consecutive no-accept macros establish the predeclared local plateau. The helper adds one ordered eligible union per official micro-trial with runner-only retention/rollback. Stop at first scored discard/error, no pair, 20 trials, or 25 minutes. This is more informative than prematurely abandoning the high-yield QKV family because it applies an explicit replication-based stopping criterion.		
attempt-0166	a7cc9394a6258e9e469ff4e65bb344b32b3eb7ec	0748239d07dcc503cb5d2ba9c8e254545ad32520	2026-08-17T10:09:35.600360+00:00	99.020000%	1590	keep	[automation:ff-output-skip-sensitive-pair] Probe FF-output unions beyond its measured sensitive pair | The FF-output skip-path evaluated seven ordered unions. Six qualified and reduced the frontier from 1,596 to 1,590 parameters; micro-0007 proposed 1,589, failed qualification, and was rolled back. Outcomes: 6 accepts, 1 scored nonqualification, 0 errors. Compute used seven official migrations/verifications over about 8m40s. Stop reason: first scored discard before the 20-trial/25-minute cap, showing the earlier nearest-pair failure was coordinate-specific.	Family: parameter tying. Current retained frontier is 1,596 parameters at 99.000000%, exactly threshold. There have been 63 prior macro-attempts and 540 prior micro-trials in this family. The most recent accepted result is attempt-0165/micro-0001 at 1,596/99.00%; the most recent failed result is attempt-0165/micro-0002, where a QKV union scored 98.99%. In this tensor, FF-output pair 143/100 most recently scored 98.95% in attempt-0148 after attention recalibration and is excluded. Hypothesis: sensitivity is coordinate-specific in the shared FF-output map too, so the next-nearest unmeasured scalar pair can qualify under the now 44-parameter-smaller attention frontier. The helper orders eligible adjacent groups by absolute difference and adds one union per official micro-trial. Stop at first scored discard/error, no pair, 20 trials, or 25 minutes. This is more informative than retesting 143/100 again because that exact pair has failed twice under materially different attention states.		
attempt-0167	a7cc9394a6258e9e469ff4e65bb344b32b3eb7ec	a7cc9394a6258e9e469ff4e65bb344b32b3eb7ec	2026-08-17T10:11:27.047181+00:00			discard	[automation:ff-output-skip-two-sensitive-pairs] Continue FF-output unions with recovered margin | The next eligible FF-output union was tested once at 1,589 parameters and did not qualify, so it was discarded and the 1,590/99.02% incumbent restored. Outcomes: 0 accepts, 1 scored nonqualification, 0 errors; one official migration/verification in about 1m10s. Stop reason: first scored discard before the 20-trial/25-minute cap.	Family: parameter tying. Current retained frontier is 1,590 parameters at 99.020000%, a +0.020000-point margin. There have been 64 prior macro-attempts and 547 prior micro-trials in this family. The most recent accepted result is attempt-0166/micro-0006 at 1,590/99.02%; the most recent failed result is attempt-0166/micro-0007, where FF-output pair 13/188 scored 98.98% at 1,589. Pairs 143/100 and 13/188 are excluded. Hypothesis: the first skip exposed six qualifying FF-output unions and recovered margin, so another ordered band may survive after excluding the second sensitive coordinate. The helper adds one nearest eligible scalar union per official micro-trial with runner-only retention/rollback. Stop at first scored discard/error, no pair, 20 trials, or 25 minutes. This is more informative than returning to QKV immediately because it replicates a newly successful mechanism in the complementary feed-forward map.		
attempt-0168	3bd65bc6a0e8f2d103841ceb9048b6ce68906426	a7cc9394a6258e9e469ff4e65bb344b32b3eb7ec	2026-08-17T10:18:38.342282+00:00	99.020000%	1586	keep	[automation:ff-output-final-plateau-check] Check one more FF-output skip before switching tensors | The FF-output plateau check evaluated five ordered unions. Four qualified and reduced the frontier from 1,590 to 1,586 parameters; micro-0005 proposed 1,585, failed qualification, and was rolled back. Outcomes: 4 accepts, 1 scored nonqualification, 0 errors. Compute used five official migrations/verifications over about 6m20s. Stop reason: first scored discard; the proposed two-empty-band plateau was falsified.	Family: parameter tying. Current retained frontier is 1,590 parameters at 99.020000%, a +0.020000-point margin. There have been 65 prior macro-attempts and 548 prior micro-trials in this family. The most recent accepted result is attempt-0166/micro-0006 at 1,590/99.02%; the most recent failed result is attempt-0167/micro-0001, where FF-output pair 180/59 scored 98.96% at 1,589. Three measured FF-output sensitive pairs are excluded. Hypothesis: one further skip may reopen the qualifying band; if its first pair also fails, two consecutive no-accept macros define a bounded local plateau. The helper adds one nearest eligible union per official micro-trial with runner-only retention/rollback. Stop at first discard/error, no pair, 20 trials, or 25 minutes. This is more informative than switching now because it applies the same replication-based stopping criterion that previously avoided a false QKV plateau.		
attempt-0169	f2c8c1d61ff77b8a26d1c24035b599960fc4616f	3bd65bc6a0e8f2d103841ceb9048b6ce68906426	2026-08-17T10:44:38.740319+00:00	99.020000%	1566	keep	[automation:ff-output-skip-four-sensitive-pairs] Continue FF-output unions after four retained reductions | The fourth-skip FF-output band reached its declared 20-trial cap with all 20 ordered unions qualifying. The retained frontier moved from 1,586 to 1,566 parameters; no scored discards or errors occurred. Compute used 20 official migrations/verifications over about 24m40s. Stop reason: hard micro-trial cap, not a measured failure boundary.	Family: parameter tying. Current retained frontier is 1,586 parameters at 99.020000%, a +0.020000-point margin. There have been 66 prior macro-attempts and 553 prior micro-trials in this family. The most recent accepted result is attempt-0168/micro-0004 at 1,586/99.02%; the most recent failed result is attempt-0168/micro-0005, where FF-output pair 183/223 scored 98.99% at 1,585. Four measured FF-output sensitive pairs are excluded. Hypothesis: four preceding accepts and recovered margin indicate another adjacent band of unmeasured FF-output groups can qualify after skipping this isolated boundary. The helper adds one nearest eligible scalar union per official micro-trial with runner-only retention/rollback. Stop at first scored discard/error, no pair, 20 trials, or 25 minutes. This is more informative than moving to FF input because the current tensor still has replicated positive yield.		
attempt-0170	ae5fb49ae4d2ed0cd73cfd14d49c3f14c583446d	f2c8c1d61ff77b8a26d1c24035b599960fc4616f	2026-08-17T11:03:52.859415+00:00	99.010000%	1552	keep	[automation:ff-output-continuation-after-cap] Continue FF-output unions after a fully qualifying capped band | The FF-output continuation evaluated 15 ordered unions. Fourteen qualified and reduced the frontier from 1,566 to 1,552 parameters; micro-0015 proposed 1,551, failed qualification, and was rolled back. Outcomes: 14 accepts, 1 scored nonqualification, 0 errors. Compute used 15 official migrations/verifications over about 18m30s. Stop reason: first scored discard before the 20-trial/25-minute cap.	Family: parameter tying. Current retained frontier is 1,566 parameters at 99.020000%, a +0.020000-point margin. There have been 67 prior macro-attempts and 573 prior micro-trials in this family. The most recent accepted result is attempt-0169/micro-0020 at 1,566/99.02%; the most recent failed result remains attempt-0168/micro-0005, where FF-output pair 183/223 scored 98.99% at 1,585, because attempt 169 had no failures. Four measured sensitive FF-output pairs remain excluded. Hypothesis: the fully qualifying 20-trial band ended only at its hard cap, so the next minimum-difference unions should be tested under a new bounded macro rather than treating the administrative cap as a scientific boundary. The helper adds one ordered union per official micro-trial with runner-only retention/rollback. Stop at first scored discard/error, no pair, 20 trials, or 25 minutes. This is more informative than switching tensors because the immediately preceding policy had 100% yield.		
attempt-0171	2b3ee03870671d541c7c99f7f7ce0851420f6080	ae5fb49ae4d2ed0cd73cfd14d49c3f14c583446d	2026-08-17T11:21:11.751211+00:00	99.020000%	1540	keep	[automation:ff-output-skip-five-sensitive-pairs] Continue high-yield FF-output compression after its fifth failure | The fifth-skip FF-output band evaluated 13 ordered unions. Twelve qualified and reduced the frontier from 1,552 to 1,540 parameters; micro-0013 proposed 1,539, failed qualification, and was rolled back. Outcomes: 12 accepts, 1 scored nonqualification, 0 errors. Compute used 13 official migrations/verifications over about 16m15s. Stop reason: first scored discard before the 20-trial/25-minute cap.	Family: parameter tying. Current retained frontier is 1,552 parameters at 99.010000%, a +0.010000-point margin. There have been 68 prior macro-attempts and 588 prior micro-trials in this family. The most recent accepted result is attempt-0170/micro-0014 at 1,552/99.01%; the most recent failed result is attempt-0170/micro-0015, where FF-output pair 10/223 scored 98.95% at 1,551. Five measured FF-output sensitive pairs are excluded. Hypothesis: the preceding 14/15 yield shows substantial remaining local redundancy, so the next eligible minimum-difference groups can qualify after skipping this isolated failure. The helper adds one ordered scalar union per official micro-trial with runner-only retention/rollback. Stop at first scored discard/error, no pair, 20 trials, or 25 minutes. This is more informative than switching tensors while current positive yield remains high.		
attempt-0172	b771b38e65ae8311a1b237b5497159b3fde5ce4d	2b3ee03870671d541c7c99f7f7ce0851420f6080	2026-08-17T11:46:52.122437+00:00	99.120000%	1520	keep	[automation:ff-output-skip-six-sensitive-pairs] Continue FF-output unions after twelve more reductions | The sixth-skip FF-output band reached its declared 20-trial cap with all 20 ordered unions qualifying. The retained frontier moved from 1,540 to 1,520 parameters; no scored discards or errors occurred. Compute used 20 official migrations/verifications over about 24m45s. Stop reason: hard micro-trial cap, not a measured failure boundary.	Family: parameter tying. Current retained frontier is 1,540 parameters at 99.020000%, a +0.020000-point margin. There have been 69 prior macro-attempts and 601 prior micro-trials in this family. The most recent accepted result is attempt-0171/micro-0012 at 1,540/99.02%; the most recent failed result is attempt-0171/micro-0013, where FF-output pair 236/180 scored 98.98% at 1,539. Six measured sensitive FF-output pairs are excluded. Hypothesis: the preceding 12/13 yield and retained margin indicate another unmeasured band can qualify after skipping the isolated failure. The helper adds one nearest eligible scalar union per official micro-trial with runner-only retention/rollback. Stop at first scored discard/error, no pair, 20 trials, or 25 minutes. This is more informative than switching tensors because the current policy continues to demonstrate high replicated yield.		
attempt-0173	496e414bb0fce193091d544e161282ead684ff5c	b771b38e65ae8311a1b237b5497159b3fde5ce4d	2026-08-17T11:51:10.177365+00:00	99.010000%	1518	keep	[automation:ff-output-second-cap-continuation] Continue FF-output unions after a second fully qualifying capped band | The second-cap FF-output continuation evaluated three ordered unions. Two qualified and reduced the frontier from 1,520 to 1,518 parameters; micro-0003 proposed 1,517, failed qualification, and was rolled back. Outcomes: 2 accepts, 1 scored nonqualification, 0 errors. Compute used three official migrations/verifications over about 3m10s. Stop reason: first scored discard before the 20-trial/25-minute cap.	Family: parameter tying. Current retained frontier is 1,520 parameters at 99.120000%, a +0.120000-point margin. There have been 70 prior macro-attempts and 621 prior micro-trials in this family. The most recent accepted result is attempt-0172/micro-0020 at 1,520/99.12%; the most recent failed result remains attempt-0171/micro-0013, where FF-output pair 236/180 scored 98.98%, because attempt 172 had no failures. Six measured sensitive pairs remain excluded. Hypothesis: the second fully qualifying 20-trial band and increased accuracy margin indicate additional nearest FF-output groups can be merged; an administrative cap is not a scientific boundary. The helper adds one ordered scalar union per official micro-trial with runner-only retention/rollback. Stop at first scored discard/error, no pair, 20 trials, or 25 minutes. This is more informative than switching tensors because the immediately preceding policy again had 100% yield.		
attempt-0174	496e414bb0fce193091d544e161282ead684ff5c	496e414bb0fce193091d544e161282ead684ff5c	2026-08-17T11:53:07.283281+00:00			discard	[automation:ff-output-skip-seven-sensitive-pairs] Probe FF-output unions beyond the seventh sensitive pair | The next eligible FF-output union was tested once at 1,517 parameters and did not qualify, so it was discarded and the 1,518/99.01% incumbent restored. Outcomes: 0 accepts, 1 scored nonqualification, 0 errors; one official migration/verification in about 1m10s. Stop reason: first scored discard before the 20-trial/25-minute cap.	Family: parameter tying. Current retained frontier is 1,518 parameters at 99.010000%, a +0.010000-point margin. There have been 71 prior macro-attempts and 624 prior micro-trials in this family. The most recent accepted result is attempt-0173/micro-0002 at 1,518/99.01%; the most recent failed result is attempt-0173/micro-0003, where FF-output pair 124/234 scored 98.96% at 1,517. Seven measured FF-output sensitive pairs are excluded. Hypothesis: the latest failure is coordinate-specific and the next minimum-difference groups may reopen another qualifying band, as observed after previous skips. The helper adds one ordered union per official micro-trial with runner-only retention/rollback. Stop at first scored discard/error, no pair, 20 trials, or 25 minutes. This is more informative than abandoning the tensor after a single failure because multiple earlier skips exposed long accepted bands.		
attempt-0175	496e414bb0fce193091d544e161282ead684ff5c	496e414bb0fce193091d544e161282ead684ff5c	2026-08-17T11:54:31.812483+00:00			discard	[automation:ff-input-skip-sensitive-pair] Probe FF-input unions beyond its measured sensitive pair | The intended FF-input candidate did not reach official verification. The helper searched for the final constant-list boundary before the first class and inserted pair 147/40 into the block-0 LayerNorm bias list rather than FF_IN_TIED_PAIRS, causing a training-time IndexError. Outcomes: 0 accepts, 0 scored nonqualifications, 1 automation implementation error. The official runner recorded the error and restored the 1,518/99.01% incumbent. Stop reason: first error. No architectural inference is drawn; the boundary selector will be repaired exactly before retrying the unchanged candidate.	Family: parameter tying. Current retained frontier is 1,518 parameters at 99.010000%, a +0.010000-point margin. There have been 72 prior macro-attempts and 625 prior micro-trials in this family. The most recent accepted result is attempt-0173/micro-0002 at 1,518/99.01%; the most recent failed result is attempt-0174/micro-0001, where an FF-output union scored 98.98%. In FF input, pair 233/91 scored 3.82% in attempt-0086 and is excluded. Hypothesis: that catastrophic pair was coordinate-specific; after 186 further retained parameter reductions, the next-nearest unmeasured FF-input scalar groups may still be redundant. The helper orders eligible adjacent groups by absolute difference and adds one union per official micro-trial with runner-only retention/rollback. Stop at first scored discard/error, no pair, 20 trials, or 25 minutes. This is more informative than another FF-output skip because its last band produced no accepts, while FF input has not received the successful skip-path treatment.		
attempt-0176	7046765701f2fd2b3d886ae4cb6bf9c886b58d0e	496e414bb0fce193091d544e161282ead684ff5c	2026-08-17T12:20:05.008835+00:00	99.010000%	1498	keep	[automation:repair-ff-input-boundary-selector] Repair FF-input insertion boundary and retry the unchanged pair | After the exact boundary repair, all 20 ordered FF-input unions in the capped band qualified. The retained frontier moved from 1,518 to 1,498 parameters; no scored discards or runner errors occurred in the repaired macro. Compute used 20 official migrations/verifications over about 24m30s. Stop reason: hard micro-trial cap, not a measured failure boundary. This confirms attempt 175 was an automation-only error.	Family: parameter tying. Current retained frontier is 1,518 parameters at 99.010000%, a +0.010000-point margin. There have been 73 prior macro-attempts and 626 prior micro-trials in this family. The most recent accepted result is attempt-0173/micro-0002 at 1,518/99.01%; the most recent failed result is attempt-0175/micro-0001, an unscored automation error caused by inserting candidate pair 147/40 into the LayerNorm bias tie list. This is the permitted exact repair: change only the helper boundary to the closing delimiter immediately before FF_OUT_TIED_PAIRS, while retaining pair ranking, exclusion set, incumbent, and candidate conditions. Hypothesis remains that FF-input pair 147/40 can qualify after excluding catastrophic pair 233/91. The helper adds one ordered FF-input union per official micro-trial with runner-only retention/rollback. Stop at first scored discard/error, no pair, 20 trials, or 25 minutes. Repairing the untested candidate is more informative than choosing a new pair because attempt 175 produced no architectural evidence.		
attempt-0177	f5fbfe4c5bf44d8f04dc99a08c312805e89b29e8	7046765701f2fd2b3d886ae4cb6bf9c886b58d0e	2026-08-17T12:23:11.357459+00:00	99.000000%	1497	keep	[automation:ff-input-continuation-after-cap] Continue FF-input unions after a fully qualifying repaired band | The FF-input continuation evaluated two ordered unions. The first qualified and reduced the frontier from 1,498 to 1,497 parameters; the second proposed 1,496, failed qualification, and was rolled back. Outcomes: 1 accept, 1 scored nonqualification, 0 errors. Compute used two official migrations/verifications over about 2m25s. Stop reason: first scored discard before the 20-trial/25-minute cap.	Family: parameter tying. Current retained frontier is 1,498 parameters at 99.010000%, a +0.010000-point margin. There have been 74 prior macro-attempts and 646 prior micro-trials in this family. The most recent accepted result is attempt-0176/micro-0020 at 1,498/99.01%; the most recent failed result is attempt-0175/micro-0001, an unscored helper error, while the most recent scored failure is attempt-0174/micro-0001 at 98.98%. FF-input pair 233/91 remains excluded. Hypothesis: all 20 repaired FF-input candidates qualified, so the next minimum-difference groups should be tested under a new macro rather than treating the cap as a boundary. The helper adds one ordered union per official micro-trial with runner-only retention/rollback. Stop at first scored discard/error, no pair, 20 trials, or 25 minutes. This is more informative than switching tensors because the immediately preceding repaired policy had 100% yield.		
attempt-0178	693827426022588c59b4db6defe4efb7725c8c57	f5fbfe4c5bf44d8f04dc99a08c312805e89b29e8	2026-08-17T12:26:26.066804+00:00	99.010000%	1496	keep	[automation:ff-input-skip-two-sensitive-pairs] Continue FF-input unions after the second sensitive pair | The second-skip FF-input band evaluated two ordered unions. The first qualified and reduced the frontier from 1,497 to 1,496 parameters; the second proposed 1,495, failed qualification, and was rolled back. Outcomes: 1 accept, 1 scored nonqualification, 0 errors. Compute used two official migrations/verifications over about 2m20s. Stop reason: first scored discard before the 20-trial/25-minute cap; recent one-accept yield supports rotating tensors.	Family: parameter tying. Current retained frontier is 1,497 parameters at 99.000000%, exactly threshold. There have been 75 prior macro-attempts and 648 prior micro-trials in this family. The most recent accepted result is attempt-0177/micro-0001 at 1,497/99.00%; the most recent failed result is attempt-0177/micro-0002, where FF-input pair 231/0 scored 98.99% at 1,496. FF-input pairs 233/91 and 231/0 are excluded. Hypothesis: the one-example failure is coordinate-specific and the next minimum-difference groups may reopen a qualifying band, as in the other shared tensors. The helper adds one ordered union per official micro-trial with runner-only retention/rollback. Stop at first scored discard/error, no pair, 20 trials, or 25 minutes. This is more informative than switching immediately because it directly tests whether the newly measured failure is isolated.		
attempt-0179	693827426022588c59b4db6defe4efb7725c8c57	693827426022588c59b4db6defe4efb7725c8c57	2026-08-17T12:28:31.533099+00:00			discard	[automation:position-skip-two-sensitive-pairs] Reopen positional scalar unions beyond two measured failures | The next eligible positional scalar union was tested once at 1,495 parameters and did not qualify, so it was discarded and the 1,496/99.01% incumbent restored. Outcomes: 0 accepts, 1 scored nonqualification, 0 errors; one official migration/verification in about 1m10s. Stop reason: first scored discard before the 20-trial/25-minute cap. The positional skip-path showed no immediate yield, so the search will rotate tensors.	Family: parameter tying. Current retained frontier is 1,496 parameters at 99.010000%, a +0.010000-point margin. There have been 76 prior macro-attempts and 650 prior micro-trials in this family. The most recent accepted result is attempt-0178/micro-0001 at 1,496/99.01%; the most recent failed result is attempt-0178/micro-0002, where an FF-input union scored 98.99%. In positional scalars, pairs 1/244 and 263/315 are measured sensitive pairs and remain excluded. Hypothesis: as in QKV and both FF maps, those positional failures may be coordinate-specific, so the next minimum-difference unmeasured position groups can qualify under the much smaller retained model. The helper adds one ordered position-group union per official micro-trial with runner-only retention/rollback. Stop at first scored discard/error, no pair, 20 trials, or 25 minutes. This is more informative than another FF-input skip because recent FF-input yield fell to one accept per macro while positional skip-path breadth is untested.		
attempt-0180	e722928891750bf9d4919708e3b08852d99a3b79	693827426022588c59b4db6defe4efb7725c8c57	2026-08-17T12:35:44.916711+00:00	99.000000%	1492	keep	[automation:token-skip-two-sensitive-pairs] Reopen token scalar unions beyond two measured failures | The token skip-path evaluated five ordered unions. Four qualified and reduced the frontier from 1,496 to 1,492 parameters; micro-0005 proposed 1,491, failed qualification, and was rolled back. Outcomes: 4 accepts, 1 scored nonqualification, 0 errors. Compute used five official migrations/verifications over about 5m40s. Stop reason: first scored discard before the 20-trial/25-minute cap.	Family: parameter tying. Current retained frontier is 1,496 parameters at 99.010000%, a +0.010000-point margin. There have been 77 prior macro-attempts and 651 prior micro-trials in this family. The most recent accepted result is attempt-0178/micro-0001 at 1,496/99.01%; the most recent failed result is attempt-0179/micro-0001, where a positional union scored 98.97%. Token pairs 92/55 and 93/160 are measured sensitive pairs and remain excluded. Hypothesis: those failures are coordinate-specific, so the next minimum-difference unmeasured token groups can qualify under the much smaller retained model. The helper’s insertion boundary is proactively corrected to the delimiter before QKV_TIED_PAIRS; no candidate condition changes. It adds one ordered token union per official micro-trial with runner-only retention/rollback. Stop at first scored discard/error, no pair, 20 trials, or 25 minutes. This is more informative than extending the zero-yield positional path because token skip-path breadth beyond its second failure has not been tested.		
attempt-0181	42fddbcd6337a8107d10fb87d967c054ecc5afcc	e722928891750bf9d4919708e3b08852d99a3b79	2026-08-17T12:45:42.834965+00:00	99.010000%	1486	keep	[automation:token-skip-three-sensitive-pairs] Continue token unions after four retained reductions | The third-skip token band evaluated seven ordered unions. Six qualified and reduced the frontier from 1,492 to 1,486 parameters; micro-0007 proposed 1,485, failed qualification, and was rolled back. Outcomes: 6 accepts, 1 scored nonqualification, 0 errors. Compute used seven official migrations/verifications over about 8m20s. Stop reason: first scored discard before the 20-trial/25-minute cap.	Family: parameter tying. Current retained frontier is 1,492 parameters at 99.000000%, exactly threshold. There have been 78 prior macro-attempts and 656 prior micro-trials in this family. The most recent accepted result is attempt-0180/micro-0004 at 1,492/99.00%; the most recent failed result is attempt-0180/micro-0005, where token pair 142/164 scored 98.99% at 1,491. Three measured token sensitive pairs are excluded. Hypothesis: the preceding four accepts show remaining token redundancy, so the next minimum-difference groups may qualify after skipping the one-example failure. The helper adds one ordered token union per official micro-trial with runner-only retention/rollback. Stop at first scored discard/error, no pair, 20 trials, or 25 minutes. This is more informative than changing mechanism immediately because the token skip-path just demonstrated positive yield.		
attempt-0182	42fddbcd6337a8107d10fb87d967c054ecc5afcc	42fddbcd6337a8107d10fb87d967c054ecc5afcc	2026-08-17T12:47:40.188995+00:00			discard	[automation:token-skip-four-sensitive-pairs] Continue token unions after six retained reductions | The next eligible token union was tested once at 1,485 parameters and did not qualify, so it was discarded and the 1,486/99.01% incumbent restored. Outcomes: 0 accepts, 1 scored nonqualification, 0 errors; one official migration/verification in about 1m10s. Stop reason: first scored discard before the 20-trial/25-minute cap. The zero-yield band closes the immediate token path and motivates a normalization-tensor rotation.	Family: parameter tying. Current retained frontier is 1,486 parameters at 99.010000%, a +0.010000-point margin. There have been 79 prior macro-attempts and 663 prior micro-trials in this family. The most recent accepted result is attempt-0181/micro-0006 at 1,486/99.01%; the most recent failed result is attempt-0181/micro-0007, where token pair 21/44 scored 98.98% at 1,485. Four measured token sensitive pairs are excluded. Hypothesis: the preceding six accepts show another adjacent token band may qualify after skipping this isolated failure. The helper adds one minimum-difference token union per official micro-trial with runner-only retention/rollback. Stop at first scored discard/error, no pair, 20 trials, or 25 minutes. This is more informative than rotating after one failure because current token yield remains high.		
attempt-0183	b4fadadb0c015d081ae83a98708d3ee4027f54bf	42fddbcd6337a8107d10fb87d967c054ecc5afcc	2026-08-17T12:55:16.903803+00:00	99.110000%	1481	keep	[automation:final-norm-skip-sensitive-pair] Probe final-normalization scales beyond the measured failure | The final-normalization skip-path evaluated four eligible scale unions; all four qualified, reducing the frontier from 1,486 to 1,482 parameters. No scored discards or errors occurred. After micro-0004, no eligible adjacent scale pair remained because the only remaining boundary is the excluded measured failure. Compute used four official migrations/verifications over about 5m10s. Stop reason: exhausted the declared eligible search space before the six-trial cap.	Family: parameter tying. Current retained frontier is 1,486 parameters at 99.010000%, a +0.010000-point margin. There have been 80 prior macro-attempts and 664 prior micro-trials in this family. The most recent accepted result is attempt-0181/micro-0006 at 1,486/99.01%; the most recent failed result is attempt-0182/micro-0001, where a token union scored 98.99%. In final normalization, pair 0/2 scored 98.96% in attempt-0093/micro-0010 and is excluded. Hypothesis: that failure is coordinate-specific, so another remaining final-scale group pair may qualify after the model’s extensive matrix compression. The helper’s insertion boundary is proactively corrected to the delimiter before BLOCK0_LN2_WEIGHT_TIED_PAIRS, then it adds one ordered scale union per official micro-trial with runner-only retention/rollback. Stop at first scored discard/error, no pair, six trials (the complete remaining group-pair path), or 10 minutes. This is more informative than another zero-yield token skip because it opens a small, exactly bounded normalization site.		
attempt-0184	b4fadadb0c015d081ae83a98708d3ee4027f54bf	b4fadadb0c015d081ae83a98708d3ee4027f54bf	2026-08-17T12:57:30.284322+00:00			discard	[automation:block0-preff-scale-skip-sensitive-pair] Probe block-0 pre-FF scales beyond their measured failure | The next eligible block-0 pre-FF scale union was tested once at 1,480 parameters and did not qualify, so it was discarded and the corrected 1,481/99.11% incumbent restored. Outcomes: 0 accepts, 1 scored nonqualification, 0 errors; one official migration/verification in about 1m05s. Stop reason: first scored discard before the 14-trial/18-minute cap.	Family: parameter tying. Corrected current retained frontier is 1,481 parameters at 99.110000%, a +0.110000-point margin; attempt 183 retained five unions despite its end summary understating four. There have been 81 prior macro-attempts and 669 prior micro-trials in this family. The most recent accepted result is attempt-0183/micro-0005 at 1,481/99.11%; the most recent failed result is attempt-0182/micro-0001, where a token union scored 98.99%. In block-0 pre-FF scales, pair 2/8 scored 97.90% in attempt-0094 and is excluded. Hypothesis: the recovered margin and changed matrix frontier make another scale pair compressible while the prior failure remains coordinate-specific. The helper adds one ordered scale union per official micro-trial with runner-only retention/rollback. Stop at first scored discard/error, no pair, 14 trials, or 18 minutes. This is more informative than revisiting exhausted final scales because it opens a distinct normalization site with one prior accept.		
attempt-0185	05875f033cfc959c59f855cfc2b634ebb11116fc	b4fadadb0c015d081ae83a98708d3ee4027f54bf	2026-08-17T13:02:00.934052+00:00	99.200000%	1479	keep	[automation:block0-preff-bias-skip-sensitive-pair] Probe block-0 pre-FF biases beyond their measured failure | The block-0 pre-FF bias skip-path evaluated three ordered unions. Two qualified and reduced the frontier from 1,481 to 1,479 parameters; micro-0003 proposed 1,478, failed qualification, and was rolled back. Outcomes: 2 accepts, 1 scored nonqualification, 0 errors. Compute used three official migrations/verifications over about 3m10s. Stop reason: first scored discard before the 13-trial/17-minute cap.	Family: parameter tying. Current retained frontier is 1,481 parameters at 99.110000%, a +0.110000-point margin. There have been 82 prior macro-attempts and 670 prior micro-trials in this family. The most recent accepted result is attempt-0183/micro-0005 at 1,481/99.11%; the most recent failed result is attempt-0184/micro-0001, where a block-0 pre-FF scale union scored 98.04%. In this bias tensor, pair 5/8 scored 98.78% in attempt-0095 and is excluded. Hypothesis: additive centering has a different sensitivity structure from scales, and the recovered margin may support the next bias union. The helper adds one ordered bias union per official micro-trial with runner-only retention/rollback. Stop at first scored discard/error, no pair, 13 trials, or 17 minutes. This is more informative than another scale skip because the last scale candidate failed by nearly a full point.		
attempt-0186	05875f033cfc959c59f855cfc2b634ebb11116fc	05875f033cfc959c59f855cfc2b634ebb11116fc	2026-08-17T13:03:53.300501+00:00			discard	[automation:block0-preff-bias-skip-two-sensitive-pairs] Continue block-0 pre-FF bias unions with recovered margin | The next eligible block-0 pre-FF bias union was tested once at 1,478 parameters and did not qualify, so it was discarded and the 1,479/99.20% incumbent restored. Outcomes: 0 accepts, 1 scored nonqualification, 0 errors; one official migration/verification in about 1m05s. Stop reason: first scored discard before the 12-trial/16-minute cap.	Family: parameter tying. Current retained frontier is 1,479 parameters at 99.200000%, a +0.200000-point margin. There have been 83 prior macro-attempts and 673 prior micro-trials in this family. The most recent accepted result is attempt-0185/micro-0002 at 1,479/99.20%; the most recent failed result is attempt-0185/micro-0003, where bias pair 14/1 scored 98.75% at 1,478. Two measured sensitive bias pairs are excluded. Hypothesis: the large recovered margin and two prior accepts support another distinct bias union after skipping the sharp coordinate-specific failure. The helper adds one ordered bias union per official micro-trial with runner-only retention/rollback. Stop at first scored discard/error, no pair, 12 trials, or 16 minutes. This is more informative than switching immediately because current conditions changed accuracy by +0.09 points within the last macro.		
attempt-0187	a86d68b523740a382c63e2c86f61f40af5539686	05875f033cfc959c59f855cfc2b634ebb11116fc	2026-08-17T13:31:29.379834+00:00	99.210000%	1459	keep	[automation:qkv-revisit-after-cross-tensor-compression] Revisit QKV unions after 117 cross-tensor reductions | The QKV revisit reached its declared 20-trial cap with all 20 ordered unions qualifying. The retained frontier moved from 1,479 to 1,459 parameters; no scored discards or errors occurred. Compute used 20 official migrations/verifications over about 24m20s. Stop reason: hard micro-trial cap, not a measured failure boundary. This confirms cross-tensor compression materially reopened QKV redundancy.	Family: parameter tying. Current retained frontier is 1,479 parameters at 99.200000%, a +0.200000-point margin. There have been 84 prior macro-attempts and 674 prior micro-trials in this family. The most recent accepted result is attempt-0185/micro-0002 at 1,479/99.20%; the most recent failed result is attempt-0186/micro-0001, where a normalization-bias union scored 98.08%. The most recent QKV band ended in attempt-0165 after pair 571/651 scored 98.99%; that pair and all earlier sensitive QKV pairs are excluded. Hypothesis: 117 retained reductions in FF, token, and normalization tensors plus recovered margin materially changed residual routing enough to reopen QKV compression. The helper adds one minimum-difference eligible QKV union per official micro-trial with runner-only retention/rollback. Stop at first scored discard/error, no pair, 20 trials, or 25 minutes. This is more informative than another normalization variant because it retests a high-capacity tensor only after materially changed conditions.		
attempt-0188	e3da88bd751cbdc51b33f9fe0c581ac995dc0c90	a86d68b523740a382c63e2c86f61f40af5539686	2026-08-17T13:38:30.728446+00:00	99.210000%	1454	keep	[automation:qkv-five-trial-continuation] Continue reopened QKV compression in a five-trial band | All five QKV unions in the shortened continuation qualified, reducing the frontier from 1,459 to 1,454 parameters. No scored discards or errors occurred. Compute used five official migrations/verifications over about 6m10s. Stop reason: predeclared five-trial cap, preserving remaining macro budget for cross-tensor tests.	Family: parameter tying. Current retained frontier is 1,459 parameters at 99.210000%, a +0.210000-point margin. There have been 85 prior macro-attempts and 694 prior micro-trials in this family. The most recent accepted result is attempt-0187/micro-0020 at 1,459/99.21%; the most recent failed result remains attempt-0186/micro-0001 because attempt 187 had no failures. Hypothesis: the fully qualifying prior band indicates the next QKV groups remain compressible. The helper adds one ordered eligible union per official micro-trial with runner-only retention/rollback. Stop at first scored discard/error, no pair, five trials, or seven minutes. The shorter cap is more informative for the remaining run budget than another 20-trial band because it preserves room to test reopened FF and token tensors while still sampling the strongest current path.		
attempt-0189	d0fc15a7c5df0b40e5a915af616d83a5a4575072	e3da88bd751cbdc51b33f9fe0c581ac995dc0c90	2026-08-17T13:46:09.467123+00:00	99.040000%	1450	keep	[automation:ff-output-five-trial-revisit] Revisit FF-output unions in a five-trial cross-tensor band | The five-trial FF-output revisit evaluated five ordered unions. Four qualified and reduced the frontier from 1,454 to 1,450 parameters; the fifth proposed 1,449, failed qualification, and was rolled back. Outcomes: 4 accepts, 1 scored nonqualification, 0 errors. Compute used five official migrations/verifications over about 6m05s. Stop reason: first scored discard on the final scheduled trial.	Family: parameter tying. Current retained frontier is 1,454 parameters at 99.210000%, a +0.210000-point margin. There have been 86 prior macro-attempts and 699 prior micro-trials in this family. The most recent accepted result is attempt-0188/micro-0005 at 1,454/99.21%; the most recent failed result is attempt-0186/micro-0001, while the last FF-output failure was attempt-0174/micro-0001 pair 109/123 at 98.98%. That pair and seven earlier sensitive FF-output pairs are excluded. Hypothesis: 64 cross-tensor reductions and recovered margin reopen the next FF-output band. The helper adds one ordered eligible union per official micro-trial with runner-only retention/rollback. Stop at first scored discard/error, no pair, five trials, or seven minutes. This is more informative than another longer QKV band because it tests whether reopening generalizes across tensors within the remaining macro budget.		
attempt-0190	00947b23ac6e15be44538474fa0868c7504e55fe	d0fc15a7c5df0b40e5a915af616d83a5a4575072	2026-08-17T13:53:36.128911+00:00	99.040000%	1445	keep	[automation:ff-input-five-trial-revisit] Revisit FF-input unions in a five-trial cross-tensor band | All five FF-input revisit unions qualified, reducing the frontier from 1,450 to 1,445 parameters. No scored discards or errors occurred. Compute used five official migrations/verifications over about 6m10s. Stop reason: predeclared five-trial cap, preserving the final ten macro-attempts for alternating boundary probes.	Family: parameter tying. Current retained frontier is 1,450 parameters at 99.040000%, a +0.040000-point margin. There have been 87 prior macro-attempts and 704 prior micro-trials in this family. The most recent accepted result is attempt-0189/micro-0004 at 1,450/99.04%; the most recent failed result is attempt-0189/micro-0005, while the last FF-input failure was attempt-0178/micro-0002 pair 153/71 at 98.99%. That pair and two earlier sensitive FF-input pairs are excluded. Hypothesis: 46 subsequent cross-tensor reductions reopen FF-input redundancy. The helper adds one ordered eligible union per official micro-trial with runner-only retention/rollback. Stop at first scored discard/error, no pair, five trials, or seven minutes. This is more informative than immediately continuing FF output because it tests the generality of reopening within the final macro budget.		
attempt-0191	923ed6b3d0d7741d502c582ed5656aecf15c37a0	00947b23ac6e15be44538474fa0868c7504e55fe	2026-08-17T13:58:28.248249+00:00	99.060000%	1442	keep	[automation:token-three-trial-revisit] Revisit token unions in a three-trial cross-tensor band | All three token revisit unions qualified, reducing the frontier from 1,445 to 1,442 parameters. No scored discards or errors occurred. Compute used three official migrations/verifications over about 3m40s. Stop reason: predeclared three-trial cap.	Family: parameter tying. Current retained frontier is 1,445 parameters at 99.040000%, a +0.040000-point margin. There have been 88 prior macro-attempts and 709 prior micro-trials in this family. The most recent accepted result is attempt-0190/micro-0005 at 1,445/99.04%; the most recent failed result is attempt-0189/micro-0005, while the last token failure was attempt-0182/micro-0001 pair 16/18 at 98.99%. That pair and four earlier token failures are excluded. Hypothesis: 41 cross-tensor reductions reopen the next token boundary. The helper adds one ordered eligible token union per official micro-trial with runner-only retention/rollback. Stop at first scored discard/error, no pair, three trials, or five minutes. The three-trial cap balances direct boundary evidence with breadth across the final macro budget.		
attempt-0192	08de250fbf12c37ab353e602a524027af53cbbc7	923ed6b3d0d7741d502c582ed5656aecf15c37a0	2026-08-17T14:04:03.930665+00:00	99.060000%	1439	keep	[automation:position-three-trial-revisit] Revisit position unions in a three-trial cross-tensor band | All three positional revisit unions qualified, reducing the frontier from 1,442 to 1,439 parameters. No scored discards or errors occurred. Compute used three official migrations/verifications over about 3m40s. Stop reason: predeclared three-trial cap; cross-tensor reopening generalized to the positional table.	Family: parameter tying. Current retained frontier is 1,442 parameters at 99.060000%, a +0.060000-point margin. There have been 89 prior macro-attempts and 712 prior micro-trials in this family. The most recent accepted result is attempt-0191/micro-0003 at 1,442/99.06%; the most recent failed result is attempt-0189/micro-0005, while the last positional failure was attempt-0179/micro-0001 pair 182/70 at 98.97%. That pair and two earlier positional failures are excluded. Hypothesis: 54 intervening cross-tensor reductions reopen positional scalar redundancy. The helper adds one ordered eligible position union per official micro-trial with runner-only retention/rollback. Stop at first scored discard/error, no pair, three trials, or five minutes. This is more informative than repeating another already-positive tensor because it tests the generality of boundary reopening.		
attempt-0193	4741929407b3884858779a29fc2c44f701564092	08de250fbf12c37ab353e602a524027af53cbbc7	2026-08-17T14:09:51.923665+00:00	99.130000%	1436	keep	[automation:qkv-final-band-one] Run the first final three-trial QKV band | Three bounded QKV trials all qualified, reducing the observed retained frontier from 1,439 to 1,436 parameters; the last trial retained 99.130000%. The cap stopped the automation after exactly three official micro-trials.	Family: parameter tying. Current retained frontier is 1,439 parameters at 99.060000%, a +0.060000-point margin. There have been 90 prior macro-attempts and 715 prior micro-trials in this family. The most recent accepted result is attempt-0192/micro-0003 at 1,439/99.06%; the most recent failed result remains attempt-0189/micro-0005 because attempts 190-192 had no failures. Hypothesis: QKV remains compressible after another 20 cross-tensor reductions. The helper adds one ordered eligible QKV union per official micro-trial with runner-only retention/rollback. Stop at first scored discard/error, no pair, three trials, or five minutes. This is more informative than a longer band because the final macro budget is explicitly alternating sites to measure breadth.		
attempt-0194	52b4742d0d8905544e124e414cde7543004cb092	4741929407b3884858779a29fc2c44f701564092	2026-08-17T14:14:02.262206+00:00	99.090000%	1435	keep	[automation:ffout-final-band-one] Bounded three-trial nearest-union probe of the shared FF-output map | The first FF-output union qualified at 1,435 parameters and 99.090000%; the next minimum-distance eligible union was discarded at 1,434 parameters and 98.910000%. The official runner restored the accepted 1,435-parameter incumbent and the stop-on-discard rule closed this path after two trials.	Family: parameter tying. Current retained frontier is 1,436 parameters at 99.130000%, a +0.130000 percentage-point margin over 99%. There have been 91 prior macro-attempts in this family and 718 prior micro-trials. The most recent accepted result is attempt-0193/micro-0003 at 1,436 parameters and 99.13%; the most recent failed result is attempt-0189/micro-0005, an FF-output union discarded at 98.96%. This macro tests at most three sequential minimum-distance scalar unions in the depth-shared FF-output map, excluding every unchanged pair already rejected. Hypothesis: cross-tensor compression since the earlier FF-output boundary may have altered the verification realization enough to expose a narrow remaining redundancy band. This is more informative than the nearest untested alternative because each micro-trial selects the least-distorting eligible FF-output union before the runner result is known, directly measuring the current local boundary while limiting adaptive multiplicity to three. Stop at the first discard/error, exhaustion, or the declared cap; official acceptance and rollback remain solely controlled by the runner.		
attempt-0195	1e7f82f56cad50c70442178db8ace6201121936d	52b4742d0d8905544e124e414cde7543004cb092	2026-08-17T14:19:42.221153+00:00	99.060000%	1432	keep	[automation:ffin-final-band-one] Bounded three-trial nearest-union probe of the shared FF-input map | All three bounded FF-input unions qualified, reducing the retained frontier from 1,435 to 1,432 parameters; the final authorized trial retained 99.060000%. The automation stopped exactly at its declared three-trial cap.	Family: parameter tying. Current retained frontier is 1,435 parameters at 99.090000%, a +0.090000 percentage-point margin over 99%. There have been 92 prior macro-attempts in this family and 720 prior micro-trials. The most recent accepted result is attempt-0194/micro-0001 at 1,435 parameters and 99.09%; the most recent failed result is attempt-0194/micro-0002, an FF-output union discarded at 98.91%. This macro tests at most three sequential minimum-distance scalar unions in the depth-shared FF-input map, excluding every unchanged pair already rejected at this site. Hypothesis: nonlinear feature construction may retain near-duplicate scalars after the complementary FF-output boundary was reached. This is more informative than the nearest untested alternative because each micro-trial selects the least-distorting eligible FF-input union, separating this tensor site from the just-observed FF-output failure while bounding adaptation to three official trials. Stop at the first discard/error, exhaustion, or declared cap; official acceptance and rollback remain solely controlled by the runner.		
attempt-0196	57876961063cdf322f8b6f115306c220088b0df0	1e7f82f56cad50c70442178db8ace6201121936d	2026-08-17T14:24:57.791694+00:00	99.080000%	1429	keep	[automation:token-final-band-one] Bounded three-trial nearest-union probe of the tied token matrix | All three bounded token-matrix unions qualified, reducing the retained frontier from 1,432 to 1,429 parameters; the final authorized trial retained 99.080000%. The automation stopped exactly at its declared three-trial cap.	Family: parameter tying. Current retained frontier is 1,432 parameters at 99.060000%, a +0.060000 percentage-point margin over 99%. There have been 93 prior macro-attempts in this family and 723 prior micro-trials. The most recent accepted result is attempt-0195/micro-0003 at 1,432 parameters and 99.06%; the most recent failed result is attempt-0194/micro-0002, an FF-output union discarded at 98.91%. This macro tests at most three sequential minimum-distance scalar unions in the tied input/output token matrix, excluding unchanged token pairs already rejected. Hypothesis: the embedding matrix may retain a small redundancy band independent of the two shared FF maps. This is more informative than the nearest untested alternative because each candidate is the current least-distorting eligible token union, directly contrasting tensor-specific sensitivity with the preceding FF-input successes under a strict three-trial bound. Stop on the first discard/error, exhaustion, or cap; official acceptance and rollback remain solely controlled by the runner.		
attempt-0197	34420fca22080a8b9a0270fe9d1b03dd30ab5081	57876961063cdf322f8b6f115306c220088b0df0	2026-08-17T14:30:58.575771+00:00	99.100000%	1426	keep	[automation:position-final-band-two] Bounded three-trial nearest-union probe of the tied positional table | All three bounded positional unions qualified, reducing the retained frontier from 1,429 to 1,426 parameters; the final authorized trial retained 99.100000%. The automation stopped exactly at its declared three-trial cap.	Family: parameter tying. Current retained frontier is 1,429 parameters at 99.080000%, a +0.080000 percentage-point margin over 99%. There have been 94 prior macro-attempts in this family and 726 prior micro-trials. The most recent accepted result is attempt-0196/micro-0003 at 1,429 parameters and 99.08%; the most recent failed result is attempt-0194/micro-0002, an FF-output union discarded at 98.91%. This macro tests at most three sequential minimum-distance scalar unions in the tied positional table, excluding unchanged positional pairs already rejected. Hypothesis: the positional encoding has a distinct sensitivity profile and may contain additional low-distortion redundancy after token and FF-input compression. This is more informative than the nearest untested alternative because each trial selects the current least-distorting eligible positional union, offering a tensor-site contrast with the token successes under a strict three-trial adaptive bound. Stop at the first discard/error, exhaustion, or cap; official acceptance and rollback remain solely controlled by the runner.		
attempt-0198	70c2609476d6ccaa4c1c3308ba011571d88a7f23	34420fca22080a8b9a0270fe9d1b03dd30ab5081	2026-08-17T14:35:57.738150+00:00	99.080000%	1423	keep	[automation:qkv-final-band-two] Second bounded three-trial nearest-union probe of the shared QKV map | All three bounded QKV unions qualified, reducing the retained frontier from 1,426 to 1,423 parameters; the final authorized trial retained 99.080000%. The automation stopped exactly at its declared three-trial cap.	Family: parameter tying. Current retained frontier is 1,426 parameters at 99.100000%, a +0.100000 percentage-point margin over 99%. There have been 95 prior macro-attempts in this family and 729 prior micro-trials. The most recent accepted result is attempt-0197/micro-0003 at 1,426 parameters and 99.10%; the most recent failed result is attempt-0194/micro-0002, an FF-output union discarded at 98.91%. This macro tests at most three sequential minimum-distance scalar unions in the depth-shared QKV transform, excluding unchanged QKV pairs already rejected. Hypothesis: the largest tied tensor may still contain very close scalar groups after embedding-site compression. This is more informative than the nearest untested alternative because each candidate is the current minimum-distortion eligible QKV union and directly tests whether the earlier QKV success band continues after independent positional reductions, while bounding adaptation to three trials. Stop on the first discard/error, exhaustion, or cap; official acceptance and rollback remain solely controlled by the runner.		
attempt-0199	66e7669074bd7d135324b92fc42925a7c95dd86f	70c2609476d6ccaa4c1c3308ba011571d88a7f23	2026-08-17T14:40:54.277659+00:00	99.050000%	1420	keep	[automation:ffout-final-band-two] Second bounded three-trial nearest-union probe of the shared FF-output map | All three bounded FF-output unions qualified after excluding the earlier rejected exact pair, reducing the retained frontier from 1,423 to 1,420 parameters; the final authorized trial retained 99.050000%. The automation stopped exactly at its declared cap.	Family: parameter tying. Current retained frontier is 1,423 parameters at 99.080000%, a +0.080000 percentage-point margin over 99%. There have been 96 prior macro-attempts in this family and 732 prior micro-trials. The most recent accepted result is attempt-0198/micro-0003 at 1,423 parameters and 99.08%; the most recent failed result is attempt-0194/micro-0002, FF-output pair 106/12 discarded at 98.91%. This macro tests at most three sequential minimum-distance scalar unions in the depth-shared FF-output map, excluding every unchanged FF-output pair already rejected, including 106/12. Hypothesis: subsequent FF-input, token, positional, and QKV compression may reveal another isolated admissible FF-output union beyond the earlier local failure. This is more informative than the nearest untested alternative because the rejected exact pair is held out and each trial selects the next least-distorting eligible FF-output union, directly separating pair-specific sensitivity from a global tensor boundary under a three-trial cap. Stop at the first discard/error, exhaustion, or cap; official acceptance and rollback remain solely controlled by the runner.		
attempt-0200	553f9516e9e7deed44b63d56a58f41296dc07460	66e7669074bd7d135324b92fc42925a7c95dd86f	2026-08-17T14:45:23.883436+00:00	99.030000%	1417	keep	[automation:ffin-final-band-two] Second bounded three-trial nearest-union probe of the shared FF-input map | All three bounded FF-input unions qualified, reducing the retained frontier from 1,420 to 1,417 parameters; the final authorized trial retained 99.030000%. The automation stopped exactly at its declared three-trial cap, completing macro attempt 200.	Family: parameter tying. Current retained frontier is 1,420 parameters at 99.050000%, a +0.050000 percentage-point margin over 99%. There have been 97 prior macro-attempts in this family and 735 prior micro-trials. The most recent accepted result is attempt-0199/micro-0003 at 1,420 parameters and 99.05%; the most recent failed result is attempt-0194/micro-0002, an FF-output union discarded at 98.91%. This final macro tests at most three sequential minimum-distance scalar unions in the depth-shared FF-input map, excluding every unchanged FF-input pair previously rejected. Hypothesis: FF-input feature construction may retain another narrow redundancy band after the later QKV and FF-output reductions. This is more informative than the nearest untested alternative because each trial selects the current least-distorting eligible FF-input union, complementing the immediately preceding FF-output band while keeping adaptive multiplicity strictly bounded. Stop at the first discard/error, exhaustion, or declared cap; official acceptance and rollback remain solely controlled by the runner.		
