attempt_id	commit	parent_commit	timestamp_utc	accuracy	parameters	status	description	proposal	train_exit	verify_exit
baseline	ac36a7fbf6ea91da448fe589a8e346719276db59		2026-08-15T02:38:45.010584+00:00	100.000000%	6080	keep	initial 6080-parameter pretrained starting model	baseline qualification check		0
attempt-0001	186053097768e743c237d850b2e941c69f4299c1	ac36a7fbf6ea91da448fe589a8e346719276db59	2026-08-15T03:11:43.068272+00:00			error	replace learned positions with fixed sinusoidal features	Representational substitution: fixed operand and output columns require distinguishable positions but may not require learned position vectors; replace the 35x16 learned table with deterministic sinusoidal features, reducing 560 parameters while retaining absolute and relative position signals.	0	
attempt-0002	232ebfcfadb1f01b563a3f32f85ed9f1199ffd4e	ac36a7fbf6ea91da448fe589a8e346719276db59	2026-08-15T03:17:48.875193+00:00	100.000000%	6016	keep	prune one low-score FF neuron per block with incumbent transfer	Parameterization-preserving structured compression: reduce each feed-forward layer from 48 to 47 units, rank incumbent neurons by input-row norm times output-column norm, copy the 47 strongest per block plus all shape-compatible weights, and fine-tune only if inherited sequence accuracy is insufficient.	0	0
attempt-0003	211543a0fd736f1502450273b29b040685283418	232ebfcfadb1f01b563a3f32f85ed9f1199ffd4e	2026-08-15T03:36:40.206882+00:00	99.990000%	5824	keep	prune FF width from 47 to 44 with structured transfer	Parameterization-preserving structured compression: test a larger local prune by reducing each block's feed-forward width from 47 to 44, retaining the highest incumbent row/column norm-product neurons and briefly fine-tuning the transferred network.	0	0
attempt-0004	bf5ac53e6d301db58302881c63388d836c77e4ee	211543a0fd736f1502450273b29b040685283418	2026-08-15T03:38:35.767219+00:00	99.970000%	5568	keep	prune FF width from 44 to 40 with structured transfer	Parameterization-preserving structured compression: reduce each feed-forward layer from 44 to 40 units using the same incumbent importance ranking and short fine-tuning, testing whether four further neurons per block are redundant despite the prior overflow edge-case miss.	0	0
attempt-0005	ae7557c3ddcf5520342e3f10feb66efc9cd098a9	bf5ac53e6d301db58302881c63388d836c77e4ee	2026-08-15T03:40:15.220850+00:00	99.980000%	5312	keep	prune FF width from 40 to 36 with structured transfer	Parameterization-preserving structured compression: remove four additional feed-forward neurons per block (40 to 36) with norm-product survivor transfer and brief fine-tuning, probing whether the growing leading-carry error remains below qualification.	0	0
attempt-0006	dd8de89c14b8df74c57098b90720b6f5cad10310	ae7557c3ddcf5520342e3f10feb66efc9cd098a9	2026-08-15T03:41:59.519966+00:00	99.860000%	5056	keep	prune FF width from 36 to 32 with structured transfer	Parameterization-preserving structured compression: reduce each block's feed-forward width from 36 to 32 by retaining the highest norm-product incumbent neurons and fine-tuning, testing a conventional 2x expansion ratio while current errors remain confined to the leading carry.	0	0
attempt-0007	10a4eea842457910e9cae758b528b36cfa65e53a	dd8de89c14b8df74c57098b90720b6f5cad10310	2026-08-15T03:44:41.620879+00:00	100.000000%	4800	keep	prune FF width from 32 to 28 with exact-test fine-tuning	Parameterization-preserving structured compression: reduce feed-forward width from 32 to 28 with norm-product survivor transfer; because width-32 stopped early yet missed rare leading carries officially, require 100% on the fixed internal test before ending the same bounded fine-tuning run.	0	0
attempt-0008	a96f0941ae7e876ddffb9ce63d274c84ffd34994	10a4eea842457910e9cae758b528b36cfa65e53a	2026-08-15T03:46:31.447046+00:00	99.990000%	4544	keep	prune FF width from 28 to 24 with structured transfer	Parameterization-preserving structured compression: reduce both feed-forward layers from width 28 to 24 using incumbent norm-product neuron selection, with the established 5,000-step fine-tuning budget and exact internal-test stopping criterion.	0	0
attempt-0009	fa3b4342da1c799451ca7cccde2bb44ed57ac681	a96f0941ae7e876ddffb9ce63d274c84ffd34994	2026-08-15T03:49:19.498759+00:00	99.990000%	4288	keep	prune FF width from 24 to 20 with structured transfer	Parameterization-preserving structured compression: reduce both feed-forward layers from width 24 to 20, transfer the top norm-product neurons and all compatible incumbent tensors, then fine-tune under the unchanged exact-test bounded protocol.	0	0
attempt-0010	37e16eaf4b97c48fc534e66d545a4e04d6c407eb	fa3b4342da1c799451ca7cccde2bb44ed57ac681	2026-08-15T03:50:57.521616+00:00			error	prune FF width from 20 to 16 with structured transfer	Parameterization-preserving structured compression: reduce feed-forward width from 20 to the 16-dimensional residual width, copying the highest norm-product incumbent neurons and testing whether the unchanged 5,000-step exact-test adaptation budget can recover qualification.	0	
attempt-0011	62929939e0c44ebba17c48f14a7ae11b43bbb842	fa3b4342da1c799451ca7cccde2bb44ed57ac681	2026-08-15T03:53:00.798193+00:00	99.990000%	4160	keep	prune FF width from 20 to 18 with extended adaptation	Parameterization-preserving structured compression: bisect the observed width-16/20 transition at width 18 using the same incumbent neuron transfer; extend the bounded fine-tuning cap to 10,000 steps because width 16 was still improving at the prior cap, while retaining exact-test early stopping.	0	0
attempt-0012	8b7fd7f14485eab91e86622b9e9cd398e41525c2	62929939e0c44ebba17c48f14a7ae11b43bbb842	2026-08-15T03:55:24.172771+00:00	99.990000%	4096	keep	prune FF width from 18 to 17 with structured transfer	Parameterization-preserving structured compression: remove one further neuron per block from the qualified width-18 incumbent, preserving the 10,000-step exact-test adaptation protocol to isolate whether width 17 remains viable just above the failed width-16 candidate.	0	0
attempt-0013	a93148480beaab8d6b137577f92492d591ef9e03	8b7fd7f14485eab91e86622b9e9cd398e41525c2	2026-08-15T03:57:55.675261+00:00	99.990000%	4032	keep	staged prune FF width from 17 to 16	Parameterization-preserving structured compression: revisit width 16 by pruning only one neuron per block from the qualified width-17 incumbent and using the established 10,000-step exact-test cap, testing whether staged transfer avoids attempt 10's optimization failure.	0	0
attempt-0014	43c724c7514f5cc4f16537ef9dca354f78c2c940	a93148480beaab8d6b137577f92492d591ef9e03	2026-08-15T04:02:32.996735+00:00	99.990000%	3968	keep	staged prune FF width from 16 to 15	Parameterization-preserving structured compression: remove the single lowest norm-product feed-forward neuron per block from the qualified width-16 incumbent, preserving the 10,000-step exact-test adaptation protocol to continue the staged frontier search.	0	0
attempt-0015	ae0dae9db7304f74048f6746c84de4e63f98be8f	43c724c7514f5cc4f16537ef9dca354f78c2c940	2026-08-15T04:06:40.812236+00:00	99.990000%	3904	keep	staged prune FF width from 15 to 14	Parameterization-preserving structured compression: remove the single lowest-ranked feed-forward neuron per block from width 15 to 14 while holding the 10,000-step exact-test schedule fixed, isolating capacity effects at the emerging adaptation boundary.	0	0
attempt-0016	1bc3a0ba26aefe7b0dd7bb5ddf105f9aa89f8ccf	ae0dae9db7304f74048f6746c84de4e63f98be8f	2026-08-15T04:10:09.070080+00:00	99.990000%	3840	keep	staged prune FF width from 14 to 13	Parameterization-preserving structured compression: remove one lowest norm-product feed-forward neuron per block from the qualified width-14 incumbent, holding the 10,000-step exact-test schedule fixed while recovery time approaches the cap.	0	0
attempt-0017	fe76f2c43e9810347771fde28cda260a0a1db717	1bc3a0ba26aefe7b0dd7bb5ddf105f9aa89f8ccf	2026-08-15T04:13:59.498962+00:00	99.990000%	3776	keep	staged prune FF width from 13 to 12	Parameterization-preserving structured compression: remove one lowest-ranked feed-forward neuron per block from width 13 to 12, using the unchanged incumbent-transfer and 10,000-step exact-test protocol after width 13 recovered by step 6,000.	0	0
attempt-0018	7d7d4d085b088407e2698c3b9d798f1ae489101a	fe76f2c43e9810347771fde28cda260a0a1db717	2026-08-15T04:16:52.706836+00:00	99.990000%	3712	keep	staged prune FF width from 12 to 11	Parameterization-preserving structured compression: remove one lowest norm-product feed-forward neuron per block from width 12 to 11, retaining the same incumbent transfer, optimizer, 10,000-step cap, and exact internal-test stopping rule.	0	0
attempt-0019	293cc4511ec2cf58f6cb367136ad0ab4969efe67	7d7d4d085b088407e2698c3b9d798f1ae489101a	2026-08-15T04:21:10.013080+00:00	99.360000%	3648	keep	staged prune FF width from 11 to 10	Parameterization-preserving structured compression: reduce each feed-forward layer from 11 to 10 neurons by pruning its lowest incumbent norm-product unit, with all transfer and bounded fine-tuning controls unchanged.	0	0
attempt-0020	61bc959d8e77e544f89d83c840171dd3af5cdaa3	293cc4511ec2cf58f6cb367136ad0ab4969efe67	2026-08-15T04:26:46.303877+00:00			error	staged prune FF width from 10 to 9 with extended schedule	Parameterization-preserving structured compression with optimization adaptation: prune one lowest-ranked neuron per block from width 10 to 9 and extend the cosine fine-tuning cap from 10,000 to 20,000 steps because the width-10 curve was still improving as its learning rate vanished near the qualification boundary.	0	
attempt-0021	08b833e43ae5503ee848d3e9c15cbc3d4c725003	293cc4511ec2cf58f6cb367136ad0ab4969efe67	2026-08-15T04:29:42.853148+00:00	100.000000%	3632	keep	remove unused PAD vocabulary entry with exact row remap	Representational vocabulary simplification: fixed-length training and decoding never use PAD, so delete that token, remap the incumbent BOS/EOS embedding and tied-output rows exactly, and preserve all other learned tensors; this removes 16 real parameters without reducing transformer width.	0	0
attempt-0022	517684210e90a814f8c645dc75100b8bf8489336	08b833e43ae5503ee848d3e9c15cbc3d4c725003	2026-08-15T04:32:42.680694+00:00			error	retry staged FF width 9 from repaired vocabulary incumbent	Parameterization-preserving structured compression: prune one lowest-ranked neuron per block from the newly 100%-verified width-10, 14-token incumbent and use the standard 10,000-step cap, testing whether width 9 is recoverable from a stronger trajectory than the failed attempt 20.	0	
attempt-0023	584c39cd436d03ec4395ed42a31b0b5437a808c4	08b833e43ae5503ee848d3e9c15cbc3d4c725003	2026-08-15T04:35:52.412929+00:00	99.990000%	3552	keep	remove all LayerNorm bias vectors	Parameterization-preserving normalization compression: retain learned LayerNorm scales but fix all five additive normalization offsets to zero by using bias-free LayerNorm, copying every remaining incumbent tensor and fine-tuning; this removes 80 parameters without changing attention or feed-forward width.	0	0
attempt-0024	0067245d099c79392ae9df7e1d55ca7eb223122d	584c39cd436d03ec4395ed42a31b0b5437a808c4	2026-08-15T04:38:40.998170+00:00			error	make all LayerNorms non-affine	Representational normalization substitution: replace the five learned-scale, bias-free LayerNorms with fixed non-affine LayerNorms, preserving centering and variance normalization while removing 80 scale parameters; transfer every remaining incumbent tensor and fine-tune under the same bound.	0	
attempt-0025	657cd988887780d44853724124ccc98d96939f05	584c39cd436d03ec4395ed42a31b0b5437a808c4	2026-08-15T04:40:19.705410+00:00	100.000000%	3536	keep	fix final LayerNorm scale to one	Layer-local normalization compression: remove only the 16 learned gain parameters from the final LayerNorm while retaining all four block LayerNorm gains, isolating whether the all-norm failure came from the output normalization or cumulative internal scale removal.	0	0
attempt-0026	ac5fe7779cc6b0e1e21f20bcad2aff779aad645e	657cd988887780d44853724124ccc98d96939f05	2026-08-15T04:43:11.783417+00:00			error	fix second block ln2 scale to one	Layer-local normalization compression: the retained blocks.1.ln2 gain is closest to identity among internal norms, so replace only that 16-parameter scale vector with fixed unit gain while retaining the already fixed final norm and all other learned scales.	0	
attempt-0027	806b6891727f1d4ec3a278f1f3d04dde181a7902	657cd988887780d44853724124ccc98d96939f05	2026-08-15T04:46:32.878830+00:00			error	factor learned position table to rank 10	Representational positional compression: replace the 35x16 learned position embedding with trainable 35x10 and 10x16 factors, initialize them from the incumbent table's rank-10 truncated SVD, and fine-tune; this preserves learned column identity while reducing position parameters from 560 to 510.	0	
attempt-0028	a397cefd4f4ea8622197dee522d766528ff825c8	657cd988887780d44853724124ccc98d96939f05	2026-08-15T04:50:05.719768+00:00			error	tie corresponding operand position embeddings	Representational positional integration: tie the ten A-digit position vectors to their aligned B-digit counterparts while retaining distinct BOS, separator, equals, and output positions; initialize each shared row by averaging its incumbent pair, reducing the learned position table from 35 to 25 rows.	0	
attempt-0029	bb13666c7f0a4fd7a8e799740c1cbd444d36e490	657cd988887780d44853724124ccc98d96939f05	2026-08-15T04:52:07.469105+00:00	100.000000%	3520	keep	remove unused final context position	Dead-parameter elimination: greedy decoding predicts EOS from position 33 and never forwards position 34; shifted training likewise has no target after the final EOS input. Shorten context and learned positions from 35 to 34, copy rows 0-33 exactly, and omit only the loss-irrelevant final input token.	0	0
attempt-0030	95676fa3f9c5720702e7aac38277514fdef98153	bb13666c7f0a4fd7a8e799740c1cbd444d36e490	2026-08-15T04:57:04.974532+00:00	99.470000%	3488	keep	remove explicit BOS token and its context row	Representational sequence simplification: absolute position zero already marks sequence start, so delete BOS from training and greedy prompts, remap the incumbent EOS row, shift learned positions 1-33 to new positions 0-32, and retain the same predictive targets; this removes one tied token row and one context row.	0	0
attempt-0031	1167065a6205560927835832b35b3874b67426d2	95676fa3f9c5720702e7aac38277514fdef98153	2026-08-15T05:02:00.456379+00:00	99.860000%	3456	keep	remove EOS token and EOS-only context row	Representational sequence simplification: output length is fixed at 11 digits, so delete EOS from the vocabulary and training sequence, decode exactly 11 greedy tokens, and remove the final position used only to predict EOS; copy all digit/separator and surviving position tensors exactly.	0	0
attempt-0032	70444a09c3d104b3d298bcfd6d12dd22de93f078	1167065a6205560927835832b35b3874b67426d2	2026-08-15T05:04:41.785148+00:00			error	retry FF width 9 from control-token-free incumbent	Parameterization-preserving structured compression: prune one lowest norm-product feed-forward neuron per block from the 99.86%-verified BOS/EOS-free width-10 incumbent, using the same 10,000-step schedule to test whether the improved sequence representation changes width-9 recoverability.	0	
attempt-0033	863da4344bfafa4e49ca4445b707150050ad4a1a	1167065a6205560927835832b35b3874b67426d2	2026-08-15T05:07:49.304067+00:00			error	remove fixed-field delimiter tokens	Representational sequence simplification: operand widths are always ten digits, so remove '+' and '=' tokens, concatenate the two operands, remap surviving position rows around the deleted delimiters, and retain digit-only greedy output; this removes two tied token vectors and two context rows without narrowing transformer layers.	0	
attempt-0034	e4050dc57c741ec3973c0d50d0493d10593f4970	1167065a6205560927835832b35b3874b67426d2	2026-08-15T05:11:12.539810+00:00			error	factor both QKV projections to rank 11	Parameterization-preserving matrix compression: both retained 48x16 QKV maps have at least 99.7% squared singular energy at rank 11, so replace each with trainable 16-to-11-to-48 factors initialized by truncated SVD, preserving head organization and output projections while saving 128 parameters.	0	
attempt-0035	ed079882f37ca8c5cdea6a305f3c9cbba2fffb00	1167065a6205560927835832b35b3874b67426d2	2026-08-15T05:16:07.210251+00:00	99.940000%	3392	keep	factor block-0 QKV projection to rank 11	Layer-local matrix compression: factor only block 0's 48x16 QKV map to rank 11, where truncated SVD retains 99.88% squared energy, while leaving block 1 full-rank; initialize the two factors by SVD and preserve every other incumbent tensor.	0	0
attempt-0036	fe53582825697cc860581352bef019284369c57a	ed079882f37ca8c5cdea6a305f3c9cbba2fffb00	2026-08-15T05:19:22.217992+00:00	99.990000%	3328	keep	reduce block-0 QKV rank from 11 to 10	Parameterization-preserving staged matrix compression: reconstruct block 0's dense QKV map from the qualified rank-11 factors, truncate it to rank 10 by SVD, transfer all other tensors, and fine-tune under the unchanged bound, removing another 64 parameters.	0	0
attempt-0037	0d906e4dd547bf85ea8444ccd15795528f1fc977	fe53582825697cc860581352bef019284369c57a	2026-08-15T05:21:06.796535+00:00	100.000000%	3264	keep	reduce block-0 QKV rank from 10 to 9	Parameterization-preserving staged matrix compression: reconstruct block 0's QKV map from the qualified rank-10 factors, truncate to rank 9 by SVD, transfer all other tensors, and fine-tune under unchanged controls, removing 64 further parameters.	0	0
attempt-0038	4276ea551934fbecfd6a585a621c189334bd0cd1	0d906e4dd547bf85ea8444ccd15795528f1fc977	2026-08-15T05:23:06.547835+00:00	100.000000%	3200	keep	reduce block-0 QKV rank from 9 to 8	Parameterization-preserving staged matrix compression: reconstruct the 100%-verified rank-9 block-0 QKV map, truncate it to rank 8 by SVD, retain all other tensors and the same fine-tuning protocol, and test another 64-parameter reduction.	0	0
attempt-0039	1b31639f44fba05fc7adbfd14ee298f5262a898b	4276ea551934fbecfd6a585a621c189334bd0cd1	2026-08-15T05:24:58.503634+00:00	100.000000%	3136	keep	reduce block-0 QKV rank from 8 to 7	Parameterization-preserving staged matrix compression: reconstruct the qualified rank-8 block-0 QKV map, truncate it to rank 7 by SVD, transfer all other tensors, and fine-tune under the unchanged 10,000-step exact-test protocol.	0	0
attempt-0040	8c0add2f9690ff92dbfa47caa067f0248f24f076	1b31639f44fba05fc7adbfd14ee298f5262a898b	2026-08-15T05:26:39.904612+00:00	100.000000%	3072	keep	reduce block-0 QKV rank from 7 to 6	Parameterization-preserving staged matrix compression: reconstruct the 100%-verified rank-7 block-0 QKV map, truncate to rank 6 by SVD, preserve the full-rank second attention block and all other tensors, and fine-tune under unchanged controls.	0	0
attempt-0041	a098983ad0795175a1380e7c0a9bccb49c90bb23	8c0add2f9690ff92dbfa47caa067f0248f24f076	2026-08-15T05:28:29.398506+00:00	100.000000%	3008	keep	reduce block-0 QKV rank from 6 to 5	Parameterization-preserving staged matrix compression: reconstruct the qualified rank-6 block-0 QKV map, truncate it to rank 5 by SVD, transfer the remaining incumbent exactly, and fine-tune under the same bounded protocol.	0	0
attempt-0042	10e15f4fe9462d4efcdd414a3f282e34313a4816	a098983ad0795175a1380e7c0a9bccb49c90bb23	2026-08-15T05:30:09.366822+00:00	100.000000%	2944	keep	reduce block-0 QKV rank from 5 to 4	Parameterization-preserving staged matrix compression: reconstruct the 100%-verified rank-5 block-0 QKV map, truncate it to rank 4 by SVD, preserve block 1 at full rank and all other tensors, then fine-tune under unchanged controls.	0	0
attempt-0043	17b3e3e07941669a372fdd29d1ebfa061d6a5711	10e15f4fe9462d4efcdd414a3f282e34313a4816	2026-08-15T05:31:47.742954+00:00	99.980000%	2880	keep	reduce block-0 QKV rank from 4 to 3	Parameterization-preserving staged matrix compression: reconstruct the qualified rank-4 block-0 QKV map, truncate it to rank 3 by SVD, transfer all remaining incumbent tensors, and fine-tune under unchanged bounded controls.	0	0
attempt-0044	12cffa66fbf958cba142f7348f4ce7c992983513	17b3e3e07941669a372fdd29d1ebfa061d6a5711	2026-08-15T05:33:36.871245+00:00	100.000000%	2816	keep	reduce block-0 QKV rank from 3 to 2	Parameterization-preserving staged matrix compression: reconstruct the qualified rank-3 block-0 QKV map, truncate it to a two-dimensional shared projection subspace by SVD, leave block 1 full-rank, and fine-tune under unchanged controls.	0	0
attempt-0045	1f85afab75a7bf55db236ab0d7de093d576fefe0	12cffa66fbf958cba142f7348f4ce7c992983513	2026-08-15T05:35:15.950272+00:00	100.000000%	2752	keep	reduce block-0 QKV rank from 2 to 1	Parameterization-preserving staged matrix compression: reconstruct the 100%-verified rank-2 block-0 QKV map, truncate it to rank 1 by SVD, retain the full-rank second self-attention layer and all other tensors, and fine-tune under unchanged controls.	0	0
attempt-0046	5cd2f0cc65bfd9485fc05e4512cfa6f260968ed5	1f85afab75a7bf55db236ab0d7de093d576fefe0	2026-08-15T05:36:49.008669+00:00	100.000000%	2432	keep	ablate first block attention branch	Representational attention-organization change: the qualified first QKV path has only rank 1, so replace the entire first attention residual branch with a parameter-free zero map while retaining that block's feed-forward branch and the full causal self-attention layer in block 1; fine-tune all surviving tensors.	0	0
attempt-0047	6937849dafdc76df8b3f34a40446baf1ea8ffdfa	5cd2f0cc65bfd9485fc05e4512cfa6f260968ed5	2026-08-15T05:38:02.419924+00:00	100.000000%	2416	keep	remove dead pre-attention norm in block 0	Exact dead-parameter elimination: block 0's attention branch is a parameter-free zero map, so its ln1 output cannot affect any residual state; replace that learned-scale LayerNorm with identity, removing 16 actual parameters without changing the model function.	0	0
attempt-0048	765e96480b4363ecd7d531c89ad9fd6d1ed0d91d	6937849dafdc76df8b3f34a40446baf1ea8ffdfa	2026-08-15T05:40:40.411342+00:00			error	prune block-0 FF width from 10 to 9	Layer-local structured compression: with block 0 attention ablated, reduce only its remaining feed-forward branch from width 10 to 9 by retaining the highest incumbent norm-product neurons; keep block 1 feed-forward width 10 and its full self-attention unchanged.	0	
attempt-0049	3edc01be5b430cbcc7ab43d00afd0360b0a66af4	6937849dafdc76df8b3f34a40446baf1ea8ffdfa	2026-08-15T05:44:34.707927+00:00	99.920000%	2384	keep	prune block-1 FF width from 10 to 9	Layer-local structured compression: retain the critical block-0 feed-forward branch at width 10 and reduce only block 1's FF width to 9 using norm-product survivor transfer, with the sole self-attention layer unchanged.	0	0
attempt-0050	f67d775c938bbe4835763aa8985a54a05bd6feb7	3edc01be5b430cbcc7ab43d00afd0360b0a66af4	2026-08-15T05:48:02.194419+00:00	99.050000%	2352	keep	prune block-1 FF width from 9 to 8	Layer-local staged compression: remove one additional low norm-product neuron from block 1's feed-forward branch (9 to 8), keep the sensitive block-0 FF at width 10 and the sole self-attention layer full-rank, and use the unchanged 10,000-step bound.	0	0
attempt-0051	68f78bdda99610fed8b7f60c345ec7f849d0caab	f67d775c938bbe4835763aa8985a54a05bd6feb7	2026-08-15T05:52:33.245433+00:00			error	prune block-1 FF width to 7 with extended schedule	Layer-local structured compression with optimization adaptation: reduce block 1 FF from width 8 to 7, keep block 0 FF and the sole attention layer unchanged, and extend the cosine cap to 20,000 steps because the width-8 parent finished only 0.05 points above qualification.	0	
attempt-0052	fbb15022908b207da03e3da45743562068c86480	f67d775c938bbe4835763aa8985a54a05bd6feb7	2026-08-15T05:56:32.034962+00:00	99.560000%	2320	keep	factor sole attention output projection to rank 7	Parameterization-preserving attention compression: replace block 1's 16x16 attention output projection with trainable rank-7 factors initialized by truncated SVD, restoring its qualified FF width 8 and leaving QKV full-rank; this removes 32 parameters.	0	0
attempt-0053	4bff7a87a5cbbdb60cbd981d2dae075ea907ff16	fbb15022908b207da03e3da45743562068c86480	2026-08-15T05:59:02.405725+00:00			error	reduce attention output rank from 7 to 6	Parameterization-preserving staged attention compression: reconstruct block 1's accepted rank-7 output projection, truncate it to rank 6 by SVD, preserve QKV and both feed-forward branches, and fine-tune under the unchanged 10,000-step bound.	0	
attempt-0054	b66257663fbb58e61f120696245b40b04d8edf36	fbb15022908b207da03e3da45743562068c86480	2026-08-15T06:02:02.016661+00:00			error	share block-1 LayerNorm gain vectors	Representational normalization sharing: tie block 1's pre-attention and pre-feed-forward LayerNorm gain vectors into one 16-parameter vector initialized as their incumbent average, retaining both normalization operations and all attention/FF widths while reducing unique parameters by 16.	0	
attempt-0055	0206802987d287a90b3aea8e66c9febd0ce2ee3a	fbb15022908b207da03e3da45743562068c86480	2026-08-15T06:05:16.351414+00:00			error	tie query and key projections in sole attention	Representational attention-organization change: replace the sole layer's distinct 16x16 query and key maps with one shared map initialized from their average, retain a separate value map and the accepted rank-7 output factors, and preserve causal masking; this saves 256 unique parameters.	0	
attempt-0056	ef6684b454e726b35ccb601de3a16e83afab2b37	fbb15022908b207da03e3da45743562068c86480	2026-08-15T06:08:15.152304+00:00			error	use multi-query sole attention	Representational attention-organization change: keep separate 16-dimensional queries for both heads but share one 8-dimensional key and one value projection across them, initialized by averaging incumbent K/V heads; retain causal masking and the accepted rank-7 output factors, saving 256 parameters.	0	
attempt-0057	3a6ed8a6f7f88499675cdf60fcd01c413ab83f1b	fbb15022908b207da03e3da45743562068c86480	2026-08-15T06:11:14.890516+00:00			error	share only value projection across attention heads	Representational attention-organization change: retain full distinct query and key maps for both heads but replace their two value projections with one shared 8-dimensional value map initialized by head averaging; keep causal masking and the accepted rank-7 output factors, saving 128 parameters.	0	
attempt-0058	b70117c43004412996c4d34107eb8df973bf1733	fbb15022908b207da03e3da45743562068c86480	2026-08-15T06:14:06.267342+00:00			error	share only key projection across attention heads	Representational attention-organization change: retain full per-head query and value projections but replace the two key maps with one shared 8-dimensional key projection initialized by head averaging; keep causal masking and rank-7 output factors, saving 128 parameters.	0	
attempt-0059	92a47cfc41473c482aa0848024c4ab7b63d43974	fbb15022908b207da03e3da45743562068c86480	2026-08-15T06:16:50.102555+00:00			error	share only query projection across attention heads	Representational attention-organization change: replace the two query maps with one shared 8-dimensional query projection initialized by head averaging, while retaining full per-head key and value maps, causal masking, and the accepted rank-7 output factors; this saves 128 parameters.	0	
attempt-0060	639f4105f08f3c70bddbfb3e1a0af62195c47522	fbb15022908b207da03e3da45743562068c86480	2026-08-15T06:20:28.849593+00:00			error	use fixed input-only separator embeddings	Representational token substitution: retain ten learned digit embeddings tied to a ten-logit digit output head, but replace input-only '+' and '=' vectors with fixed orthogonal basis features; explicit delimiters remain in the prompt while their two learned/output rows are removed, saving 32 parameters.	0	
attempt-0061	7f41b1923a6719efeff1367bb11494092c712fd8	fbb15022908b207da03e3da45743562068c86480	2026-08-15T15:57:57.067173+00:00	99.900000%	2304	keep	freeze input-only equals embedding row	Parameterization-preserving token compression: equals is consumed once in the fixed prompt but is never a target, so retain its incumbent vector exactly as a non-parameter buffer and remove only its tied output class; keep the other eleven learned rows unchanged, saving 16 parameters without altering prompt activations.	0	0
attempt-0062	eeda9dd15a743f3dc0ca6667ee23a4e6ecb1e5c7	7f41b1923a6719efeff1367bb11494092c712fd8	2026-08-15T15:58:32.582454+00:00			error	freeze input-only plus embedding row	Parameterization-preserving token compression: after exact freezing of the equals row qualified, also move the input-only plus vector from the learned tied table into a checkpointed non-parameter buffer copied exactly from the incumbent; keep all ten digit rows learned and tied, saving 16 more parameters without changing prompt embeddings.	1	
attempt-0063	c2d380a77df8cf61fc15e90c59d76eaf3e356835	7f41b1923a6719efeff1367bb11494092c712fd8	2026-08-15T16:02:47.887533+00:00	99.980000%	2288	keep	retry exact freezing of input-only plus row	Parameterization-preserving token compression retry after fixing a stale initializer guard: copy the incumbent plus vector exactly into a checkpointed buffer, retain the already fixed equals buffer and all ten learned tied digit rows, and remove the plus output class for a 16-parameter reduction with unchanged prompt activations.	0	0
attempt-0064	e6edcc9959cda095dbb8db1e22d1ee2ba3a6f6c8	c2d380a77df8cf61fc15e90c59d76eaf3e356835	2026-08-15T16:03:49.381133+00:00			error	tie nearest aligned operand position pair	Representational positional integration: incumbent positions 4 and 15 are aligned A/B digit columns and their learned vectors differ by only 0.0026 in L2 norm, the closest distinct pair; make just those positions share their averaged row while leaving the other 30 rows independent, saving 16 parameters and isolating one-column tying from the earlier failed all-column tie.	1	
attempt-0065	9633502d316cd6fc4c88d15a7855cf4f8fbc39c6	c2d380a77df8cf61fc15e90c59d76eaf3e356835	2026-08-15T16:07:59.061157+00:00	99.980000%	2272	keep	retry tying nearest operand position pair	Representational positional integration retry after repairing the accepted separator-buffer transition: positions 4 and 15 are aligned operand columns and the closest incumbent pair at L2 distance 0.0026, so share only their averaged row and leave all other positions independent, saving 16 parameters.	0	0
attempt-0066	32a18f8bb8a7bc5f6dd4666399b030d40cf5f83c	9633502d316cd6fc4c88d15a7855cf4f8fbc39c6	2026-08-15T16:10:54.252090+00:00	99.990000%	2256	keep	tie second-nearest aligned operand positions	Representational positional integration: preserve the accepted 4/15 shared row and additionally tie aligned operand positions 7 and 18, the next-closest incumbent pair (prior L2 distance 0.0057), initializing the new shared row by averaging while leaving 28 other position rows independent; this staged change saves 16 parameters.	0	0
attempt-0067	9ac41cb463057b253eb69b62a6d695768e9c1600	32a18f8bb8a7bc5f6dd4666399b030d40cf5f83c	2026-08-15T16:11:58.565067+00:00	99.990000%	2240	keep	tie third aligned operand position pair	Representational positional integration: preserve the two qualified shared operand-column rows and add only positions 5 and 16, the next-nearest aligned incumbent pair (prior L2 distance 0.0070), initialized by their average; this reduces the learned position table by one 16-parameter row.	0	0
attempt-0068	8d2384b6fb179213a233850864c0626a2500a0d4	9ac41cb463057b253eb69b62a6d695768e9c1600	2026-08-15T16:13:01.629319+00:00	99.990000%	2224	keep	tie fourth aligned operand position pair	Representational positional integration: add only the aligned positions 3 and 14 to the three qualified shared operand-column pairs; their incumbent vectors were the next-nearest pair (prior L2 distance 0.0072), so average them into one learned row and save 16 parameters while retaining all other rows.	0	0
attempt-0069	c63870566f467a18e7f5923d8958ab9f25323512	8d2384b6fb179213a233850864c0626a2500a0d4	2026-08-15T16:14:06.649984+00:00	99.990000%	2208	keep	tie fifth aligned operand position pair	Representational positional integration: add aligned positions 2 and 13 to the four accepted shared operand-column rows; their prior L2 separation was 0.0110, and averaging this single pair removes one 16-parameter position row while preserving independent representations elsewhere.	0	0
attempt-0070	55c0046c5ac3f2e06e9bc019d51fef1fb0900ef7	c63870566f467a18e7f5923d8958ab9f25323512	2026-08-15T16:15:10.480917+00:00	99.990000%	2192	keep	tie sixth aligned operand position pair	Representational positional integration: extend the qualified staged sharing to aligned positions 8 and 19, whose prior vectors differed by L2 0.0115; average only this new pair, preserve the five accepted ties and every other row, and test the resulting 16-parameter reduction.	0	0
attempt-0071	2e4d6a0218bf9560c245ef303185a166bad1993d	55c0046c5ac3f2e06e9bc019d51fef1fb0900ef7	2026-08-15T16:16:17.733261+00:00	99.990000%	2176	keep	tie seventh aligned operand position pair	Representational positional integration: add one shared row for aligned operand positions 6 and 17 (prior L2 distance 0.0120) on top of the six accepted pairs, initialized by their mean; all other architecture and training controls remain fixed for a 16-parameter test.	0	0
attempt-0072	488309755f04f0515bdd84fe13776c3164461c37	2e4d6a0218bf9560c245ef303185a166bad1993d	2026-08-15T16:17:24.228379+00:00	99.990000%	2160	keep	tie eighth aligned operand position pair	Representational positional integration: add aligned operand positions 1 and 12 (prior L2 distance 0.0192) as the eighth shared row, initialized by their average while preserving the seven qualified ties and all remaining independent positions; this tests another isolated 16-parameter reduction.	0	0
attempt-0073	9284e50982c3f0de8964d86bab3e13b9f4ba0a87	488309755f04f0515bdd84fe13776c3164461c37	2026-08-15T16:18:28.710684+00:00	99.990000%	2144	keep	tie ninth aligned operand position pair	Representational positional integration: add aligned most-significant operand positions 0 and 11 as the ninth shared row (prior L2 distance 0.0192), averaging only this pair and preserving the eight qualified ties; test the resulting 16-parameter reduction under unchanged controls.	0	0
attempt-0074	4db6945bda97e30a1f3e9b5f35a05fa156a1e84c	9284e50982c3f0de8964d86bab3e13b9f4ba0a87	2026-08-15T16:19:36.795325+00:00	99.990000%	2128	keep	tie final aligned operand position pair	Representational positional integration: complete the staged operand-column sharing by tying positions 9 and 20, the farthest original aligned pair (L2 distance 0.0355), while preserving the nine qualified shared rows and every delimiter/output position; this removes one final 16-parameter operand-position row.	0	0
attempt-0075	a2448270e43184f8c61fa69abf9f826013b5295e	4db6945bda97e30a1f3e9b5f35a05fa156a1e84c	2026-08-15T16:23:39.985554+00:00	99.990000%	2112	keep	interpolate answer position 23	Representational positional substitution: the retained answer-position trajectory is locally smooth, and row 23 has the smallest midpoint residual (0.0165); remove that learned row and reconstruct it deterministically as the average of learned rows 22 and 24, preserving all ten qualified operand ties and saving 16 parameters.	0	0
attempt-0076	f2045bcd9f210ecaf17c684eca50032098be1a97	a2448270e43184f8c61fa69abf9f826013b5295e	2026-08-15T16:25:56.653538+00:00	99.990000%	2096	keep	extend answer interpolation through position 24	Representational positional substitution: after row 23 interpolation qualified, remove adjacent learned row 24 so positions 23 and 24 are reconstructed at one-third and two-thirds between learned anchors 22 and 25; this tests one additional 16-parameter reduction while retaining all other learned anchors.	0	0
attempt-0077	d1e7a6432d730870d99e740b67737d808363c073	f2045bcd9f210ecaf17c684eca50032098be1a97	2026-08-15T16:29:44.523328+00:00	99.910000%	2080	keep	extend answer interpolation through position 25	Representational positional substitution: remove one more answer-position anchor, row 25, extending the qualified linear segment so rows 23-25 interpolate between learned endpoints 22 and 26; all operand ties and remaining position anchors are unchanged, for a further 16-parameter test.	0	0
attempt-0078	aa82fe842ea3239ece77af2273eb9cab2476b619	d1e7a6432d730870d99e740b67737d808363c073	2026-08-15T16:33:35.016173+00:00	99.760000%	2064	keep	extend answer interpolation through position 26	Representational positional substitution: extend the accepted interpolated answer segment by removing learned row 26, so positions 23-26 are linearly reconstructed between anchors 22 and 27; this is one additional 16-parameter change, tested despite the prior accuracy decline to locate the segment boundary.	0	0
attempt-0079	764b9d3b12c8d6cab60948d8029aa436a85583ca	aa82fe842ea3239ece77af2273eb9cab2476b619	2026-08-15T16:37:19.286775+00:00	99.460000%	2048	keep	extend answer interpolation through position 27	Representational positional substitution: remove answer-position anchor 27 after the four-row segment qualified, making positions 23-27 a deterministic linear path between learned anchors 22 and 28; this isolates one additional 16-parameter reduction while the incumbent remains above the official threshold.	0	0
attempt-0080	f40ea8b552eb8197e1225139fba664c3991315eb	764b9d3b12c8d6cab60948d8029aa436a85583ca	2026-08-15T16:51:37.265909+00:00			error	extend answer interpolation through position 28	Representational positional substitution: remove learned row 28 and extend the answer-position line so positions 23-28 interpolate between anchors 22 and 29; this is a single 16-parameter boundary test motivated by the still-qualified but declining accuracy of the five-row segment.	0	
attempt-0081	6a5dfbe026c9889b70d6396712f2a9036b0acefb	764b9d3b12c8d6cab60948d8029aa436a85583ca	2026-08-15T16:57:38.232966+00:00			error	interpolate answer position 29 separately	Representational positional substitution: retain the qualified 23-27 segment and leave its anchor 28 intact; independently remove row 29 and reconstruct it as the midpoint of learned rows 28 and 30, targeting its modest original midpoint residual without crossing the failed row-28 boundary, for a 16-parameter reduction.	0	
attempt-0082	a83a530bab135502af5ce0ae03b52f877e0884cb	764b9d3b12c8d6cab60948d8029aa436a85583ca	2026-08-15T17:48:22.687478+00:00	99.590000%	2047	keep	prune smallest QKV scalar weight	Parameterization-preserving structured sparsity: replace the sole dense 48x16 QKV map with an exact sparse parameterization that fixes only flattened weight 558—the incumbent's smallest-magnitude scalar at 6.3e-06—to zero and stores all 767 survivors; attention organization is unchanged and the actual parameter count falls by one.	0	0
attempt-0083	03b2ae5fef25c3d6bc398a186d224eb3bb799208	a83a530bab135502af5ce0ae03b52f877e0884cb	2026-08-15T17:50:34.102105+00:00	99.610000%	2046	keep	prune next-smallest surviving QKV scalar	Parameterization-preserving staged sparsity with bounded optimization: add exactly the incumbent's smallest-magnitude surviving QKV scalar to the fixed-zero set, retain all other weights, and stop adaptation once the fixed internal test reaches 99.5%, a threshold motivated by the prior run's 99.59% official result and early best checkpoint.	0	0
attempt-0084	942e1d6d4c562f361333c37b3a1ffa4aea68fe7e	03b2ae5fef25c3d6bc398a186d224eb3bb799208	2026-08-15T17:51:43.894182+00:00	99.610000%	2045	keep	stage one additional smallest QKV scalar prune	Parameterization-preserving staged sparsity: select exactly the smallest-magnitude surviving scalar in the retained sole QKV projection, fix it to zero, store every other scalar as a real parameter, and use the accepted 99.5% internal early-stop protocol; stop this bounded sequence at the first non-accepted logged result.	0	0
attempt-0085	670792c822fe5566afae62bebfe87a11fd622956	942e1d6d4c562f361333c37b3a1ffa4aea68fe7e	2026-08-15T18:07:33.378269+00:00	99.590000%	2044	keep	stage one additional smallest QKV scalar prune	Parameterization-preserving staged sparsity: select exactly the smallest-magnitude surviving scalar in the retained sole QKV projection, fix it to zero, store every other scalar as a real parameter, and use the accepted 99.5% internal early-stop protocol; stop this bounded sequence at the first non-accepted logged result.	0	0
attempt-0086	0a5c0579cf3fecafc93db0f1e1bdceb4b218ced9	670792c822fe5566afae62bebfe87a11fd622956	2026-08-15T18:08:24.031722+00:00	99.610000%	2043	keep	stage one additional smallest QKV scalar prune	Parameterization-preserving staged sparsity: select exactly the smallest-magnitude surviving scalar in the retained sole QKV projection, fix it to zero, store every other scalar as a real parameter, and use the accepted 99.5% internal early-stop protocol; stop this bounded sequence at the first non-accepted logged result.	0	0
attempt-0087	7c9cff88937ea2e0dc33835ee0ea7668849cd1e8	0a5c0579cf3fecafc93db0f1e1bdceb4b218ced9	2026-08-15T18:09:14.560730+00:00	99.610000%	2042	keep	stage one additional smallest QKV scalar prune	Parameterization-preserving staged sparsity: select exactly the smallest-magnitude surviving scalar in the retained sole QKV projection, fix it to zero, store every other scalar as a real parameter, and use the accepted 99.5% internal early-stop protocol; stop this bounded sequence at the first non-accepted logged result.	0	0
attempt-0088	ffad9f80f0f49f6bb93abedda8e1c60871f90172	7c9cff88937ea2e0dc33835ee0ea7668849cd1e8	2026-08-15T18:14:27.177868+00:00	99.510000%	2041	keep	stage one additional smallest QKV scalar prune	Parameterization-preserving staged sparsity: select exactly the smallest-magnitude surviving scalar in the retained sole QKV projection, fix it to zero, store every other scalar as a real parameter, and use the accepted 99.5% internal early-stop protocol; stop this bounded sequence at the first non-accepted logged result.	0	0
attempt-0089	ccd727f0d2c7329e666895bbf76d5296d87d2135	ffad9f80f0f49f6bb93abedda8e1c60871f90172	2026-08-15T18:15:49.039646+00:00	99.620000%	2040	keep	stage one additional smallest QKV scalar prune	Parameterization-preserving staged sparsity: select exactly the smallest-magnitude surviving scalar in the retained sole QKV projection, fix it to zero, store every other scalar as a real parameter, and use the accepted 99.5% internal early-stop protocol; stop this bounded sequence at the first non-accepted logged result.	0	0
attempt-0090	2b219e4e3d67d2f5988a0d27109c76d655d3ac73	ccd727f0d2c7329e666895bbf76d5296d87d2135	2026-08-15T18:16:38.544214+00:00	99.540000%	2039	keep	stage one additional smallest QKV scalar prune	Parameterization-preserving staged sparsity: select exactly the smallest-magnitude surviving scalar in the retained sole QKV projection, fix it to zero, store every other scalar as a real parameter, and use the accepted 99.5% internal early-stop protocol; stop this bounded sequence at the first non-accepted logged result.	0	0
attempt-0091	e3dd6114a673a020381ee29eec5c69b96f173b90	2b219e4e3d67d2f5988a0d27109c76d655d3ac73	2026-08-15T18:25:37.823383+00:00	99.560000%	2038	keep	stage one additional smallest QKV scalar prune	Parameterization-preserving staged sparsity: select exactly the smallest-magnitude surviving scalar in the retained sole QKV projection, fix it to zero, store every other scalar as a real parameter, and use the accepted 99.5% internal early-stop protocol; stop this bounded sequence at the first non-accepted logged result.	0	0
attempt-0092	3267592628088767607af3b42c535398081f1468	e3dd6114a673a020381ee29eec5c69b96f173b90	2026-08-15T18:26:29.214908+00:00	99.600000%	2037	keep	stage one additional smallest QKV scalar prune	Parameterization-preserving staged sparsity: select exactly the smallest-magnitude surviving scalar in the retained sole QKV projection, fix it to zero, store every other scalar as a real parameter, and use the accepted 99.5% internal early-stop protocol; stop this bounded sequence at the first non-accepted logged result.	0	0
attempt-0093	60d68188fc1e5a1f2bc8d0eaab9da23b146cda62	3267592628088767607af3b42c535398081f1468	2026-08-15T18:27:27.745742+00:00	99.620000%	2036	keep	stage one additional smallest QKV scalar prune	Parameterization-preserving staged sparsity: select exactly the smallest-magnitude surviving scalar in the retained sole QKV projection, fix it to zero, store every other scalar as a real parameter, and use the accepted 99.5% internal early-stop protocol; stop this bounded sequence at the first non-accepted logged result.	0	0
attempt-0094	a2377b6f37c56050dc431cbc12a00b5526f992cc	60d68188fc1e5a1f2bc8d0eaab9da23b146cda62	2026-08-15T18:28:18.723826+00:00	99.630000%	2035	keep	stage one additional smallest QKV scalar prune	Parameterization-preserving staged sparsity: select exactly the smallest-magnitude surviving scalar in the retained sole QKV projection, fix it to zero, store every other scalar as a real parameter, and use the accepted 99.5% internal early-stop protocol; stop this bounded sequence at the first non-accepted logged result.	0	0
attempt-0095	29c55b9507f5ff9aa24dc4ba3c0571775da80613	a2377b6f37c56050dc431cbc12a00b5526f992cc	2026-08-15T18:29:09.742017+00:00	99.610000%	2034	keep	stage one additional smallest QKV scalar prune	Parameterization-preserving staged sparsity: select exactly the smallest-magnitude surviving scalar in the retained sole QKV projection, fix it to zero, store every other scalar as a real parameter, and use the accepted 99.5% internal early-stop protocol; stop this bounded sequence at the first non-accepted logged result.	0	0
attempt-0096	7b8bbf11b6278a33508203d853b558f26a1672d1	29c55b9507f5ff9aa24dc4ba3c0571775da80613	2026-08-15T18:30:23.337842+00:00	99.570000%	2033	keep	stage one additional smallest QKV scalar prune	Parameterization-preserving staged sparsity: select exactly the smallest-magnitude surviving scalar in the retained sole QKV projection, fix it to zero, store every other scalar as a real parameter, and use the accepted 99.5% internal early-stop protocol; stop this bounded sequence at the first non-accepted logged result.	0	0
attempt-0097	390b9c4c4b2004eb331126166b4fe835d7820036	7b8bbf11b6278a33508203d853b558f26a1672d1	2026-08-15T18:31:15.113323+00:00	99.570000%	2032	keep	stage one additional smallest QKV scalar prune	Parameterization-preserving staged sparsity: select exactly the smallest-magnitude surviving scalar in the retained sole QKV projection, fix it to zero, store every other scalar as a real parameter, and use the accepted 99.5% internal early-stop protocol; stop this bounded sequence at the first non-accepted logged result.	0	0
attempt-0098	41dd68bafd9c73664a470e01fcc6b7bf1cad5d6c	390b9c4c4b2004eb331126166b4fe835d7820036	2026-08-15T18:32:23.360569+00:00	99.780000%	2031	keep	stage one additional smallest QKV scalar prune	Parameterization-preserving staged sparsity: select exactly the smallest-magnitude surviving scalar in the retained sole QKV projection, fix it to zero, store every other scalar as a real parameter, and use the accepted 99.5% internal early-stop protocol; stop this bounded sequence at the first non-accepted logged result.	0	0
attempt-0099	e3f9f06aef31a978a87535b0a3f52ae438e3fc61	41dd68bafd9c73664a470e01fcc6b7bf1cad5d6c	2026-08-15T18:33:14.570023+00:00	99.780000%	2030	keep	stage one additional smallest QKV scalar prune	Parameterization-preserving staged sparsity: select exactly the smallest-magnitude surviving scalar in the retained sole QKV projection, fix it to zero, store every other scalar as a real parameter, and use the accepted 99.5% internal early-stop protocol; stop this bounded sequence at the first non-accepted logged result.	0	0
attempt-0100	641268de6ba7d8605b312f9febe079836093e8e1	e3f9f06aef31a978a87535b0a3f52ae438e3fc61	2026-08-15T18:34:05.445259+00:00	99.740000%	2029	keep	stage one additional smallest QKV scalar prune	Parameterization-preserving staged sparsity: select exactly the smallest-magnitude surviving scalar in the retained sole QKV projection, fix it to zero, store every other scalar as a real parameter, and use the accepted 99.5% internal early-stop protocol; stop this bounded sequence at the first non-accepted logged result.	0	0
attempt-0101	1c051be5a5b9592f8a36e43afe942df6c3f6fc17	641268de6ba7d8605b312f9febe079836093e8e1	2026-08-15T18:36:06.819317+00:00	99.580000%	2028	keep	stage one additional smallest QKV scalar prune	Parameterization-preserving staged sparsity: select exactly the smallest-magnitude surviving scalar in the retained sole QKV projection, fix it to zero, store every other scalar as a real parameter, and use the accepted 99.5% internal early-stop protocol; stop this bounded sequence at the first non-accepted logged result.	0	0
attempt-0102	67afd8d634be78cff52c8d9fdf381484afdbb10d	1c051be5a5b9592f8a36e43afe942df6c3f6fc17	2026-08-15T18:36:57.811264+00:00	99.580000%	2027	keep	stage one additional smallest QKV scalar prune	Parameterization-preserving staged sparsity: select exactly the smallest-magnitude surviving scalar in the retained sole QKV projection, fix it to zero, store every other scalar as a real parameter, and use the accepted 99.5% internal early-stop protocol; stop this bounded sequence at the first non-accepted logged result.	0	0
attempt-0103	43293bcaa3c6843b6dd7b7060651b5c218ef7cbb	67afd8d634be78cff52c8d9fdf381484afdbb10d	2026-08-15T18:37:48.649637+00:00	99.580000%	2026	keep	stage one additional smallest QKV scalar prune	Parameterization-preserving staged sparsity: select exactly the smallest-magnitude surviving scalar in the retained sole QKV projection, fix it to zero, store every other scalar as a real parameter, and use the accepted 99.5% internal early-stop protocol; stop this bounded sequence at the first non-accepted logged result.	0	0
attempt-0104	4a06df167722624a995f4959af18569352881fc9	43293bcaa3c6843b6dd7b7060651b5c218ef7cbb	2026-08-15T18:39:00.410456+00:00	99.580000%	2025	keep	stage one additional smallest QKV scalar prune	Parameterization-preserving staged sparsity: select exactly the smallest-magnitude surviving scalar in the retained sole QKV projection, fix it to zero, store every other scalar as a real parameter, and use the accepted 99.5% internal early-stop protocol; stop this bounded sequence at the first non-accepted logged result.	0	0
attempt-0105	7307817ae6b6e947d524b9834b4cf8535066c4d6	4a06df167722624a995f4959af18569352881fc9	2026-08-15T18:39:52.139516+00:00	99.530000%	2024	keep	stage one additional smallest QKV scalar prune	Parameterization-preserving staged sparsity: select exactly the smallest-magnitude surviving scalar in the retained sole QKV projection, fix it to zero, store every other scalar as a real parameter, and use the accepted 99.5% internal early-stop protocol; stop this bounded sequence at the first non-accepted logged result.	0	0
attempt-0106	16fe5fee63ff3d5a1e1ae9dc5f5feb5d1f90a565	7307817ae6b6e947d524b9834b4cf8535066c4d6	2026-08-15T18:40:49.996728+00:00	99.710000%	2023	keep	stage one additional smallest QKV scalar prune	Parameterization-preserving staged sparsity: select exactly the smallest-magnitude surviving scalar in the retained sole QKV projection, fix it to zero, store every other scalar as a real parameter, and use the accepted 99.5% internal early-stop protocol; stop this bounded sequence at the first non-accepted logged result.	0	0
attempt-0107	edd2e66e7ce4f66bbceb47bd472c135da0a26608	16fe5fee63ff3d5a1e1ae9dc5f5feb5d1f90a565	2026-08-15T18:41:40.553843+00:00	99.700000%	2022	keep	stage one additional smallest QKV scalar prune	Parameterization-preserving staged sparsity: select exactly the smallest-magnitude surviving scalar in the retained sole QKV projection, fix it to zero, store every other scalar as a real parameter, and use the accepted 99.5% internal early-stop protocol; stop this bounded sequence at the first non-accepted logged result.	0	0
attempt-0108	42eeb23f18da2daaf79c23bae7fa74b4f3205d5c	edd2e66e7ce4f66bbceb47bd472c135da0a26608	2026-08-15T18:42:39.239117+00:00	99.800000%	2021	keep	stage one additional smallest QKV scalar prune	Parameterization-preserving staged sparsity: select exactly the smallest-magnitude surviving scalar in the retained sole QKV projection, fix it to zero, store every other scalar as a real parameter, and use the accepted 99.5% internal early-stop protocol; stop this bounded sequence at the first non-accepted logged result.	0	0
attempt-0109	08733e153a8097c8eefadaf167138f4fe3d1e99c	42eeb23f18da2daaf79c23bae7fa74b4f3205d5c	2026-08-15T18:43:30.908958+00:00	99.800000%	2020	keep	stage one additional smallest QKV scalar prune	Parameterization-preserving staged sparsity: select exactly the smallest-magnitude surviving scalar in the retained sole QKV projection, fix it to zero, store every other scalar as a real parameter, and use the accepted 99.5% internal early-stop protocol; stop this bounded sequence at the first non-accepted logged result.	0	0
attempt-0110	0d3b875f1cb0bb319dca1f622ac2e56b1791998e	08733e153a8097c8eefadaf167138f4fe3d1e99c	2026-08-15T18:44:40.959237+00:00	99.760000%	2019	keep	stage one additional smallest QKV scalar prune	Parameterization-preserving staged sparsity: select exactly the smallest-magnitude surviving scalar in the retained sole QKV projection, fix it to zero, store every other scalar as a real parameter, and use the accepted 99.5% internal early-stop protocol; stop this bounded sequence at the first non-accepted logged result.	0	0
attempt-0111	1dba4f4384215d9760254f99cf4054a70917b8c9	0d3b875f1cb0bb319dca1f622ac2e56b1791998e	2026-08-15T18:45:32.250081+00:00	99.870000%	2018	keep	stage one additional smallest QKV scalar prune	Parameterization-preserving staged sparsity: select exactly the smallest-magnitude surviving scalar in the retained sole QKV projection, fix it to zero, store every other scalar as a real parameter, and use the accepted 99.5% internal early-stop protocol; stop this bounded sequence at the first non-accepted logged result.	0	0
attempt-0112	20e17152482f9653c7e28fa877fbbaaa393faf8e	1dba4f4384215d9760254f99cf4054a70917b8c9	2026-08-15T18:46:22.558076+00:00	99.870000%	2017	keep	stage one additional smallest QKV scalar prune	Parameterization-preserving staged sparsity: select exactly the smallest-magnitude surviving scalar in the retained sole QKV projection, fix it to zero, store every other scalar as a real parameter, and use the accepted 99.5% internal early-stop protocol; stop this bounded sequence at the first non-accepted logged result.	0	0
attempt-0113	3ecb72562fe1a00db0f52ee1e7a0173c32389492	20e17152482f9653c7e28fa877fbbaaa393faf8e	2026-08-15T18:47:20.613990+00:00	99.860000%	2016	keep	stage one additional smallest QKV scalar prune	Parameterization-preserving staged sparsity: select exactly the smallest-magnitude surviving scalar in the retained sole QKV projection, fix it to zero, store every other scalar as a real parameter, and use the accepted 99.5% internal early-stop protocol; stop this bounded sequence at the first non-accepted logged result.	0	0
attempt-0114	83eaba1ec45f5676ce82cd1f23fd3b8190cf76e1	3ecb72562fe1a00db0f52ee1e7a0173c32389492	2026-08-15T18:48:44.652851+00:00	99.860000%	2015	keep	stage one additional smallest QKV scalar prune	Parameterization-preserving staged sparsity: select exactly the smallest-magnitude surviving scalar in the retained sole QKV projection, fix it to zero, store every other scalar as a real parameter, and use the accepted 99.5% internal early-stop protocol; stop this bounded sequence at the first non-accepted logged result.	0	0
attempt-0115	510ba33cc998c23c7b4feffcc6f34cb961d59b03	83eaba1ec45f5676ce82cd1f23fd3b8190cf76e1	2026-08-15T18:49:36.575758+00:00	99.860000%	2014	keep	stage one additional smallest QKV scalar prune	Parameterization-preserving staged sparsity: select exactly the smallest-magnitude surviving scalar in the retained sole QKV projection, fix it to zero, store every other scalar as a real parameter, and use the accepted 99.5% internal early-stop protocol; stop this bounded sequence at the first non-accepted logged result.	0	0
attempt-0116	f58f7f5fb7e9a9c6e8efeaf91c668c4391a80998	510ba33cc998c23c7b4feffcc6f34cb961d59b03	2026-08-15T18:50:27.243890+00:00	99.730000%	2013	keep	stage one additional smallest QKV scalar prune	Parameterization-preserving staged sparsity: select exactly the smallest-magnitude surviving scalar in the retained sole QKV projection, fix it to zero, store every other scalar as a real parameter, and use the accepted 99.5% internal early-stop protocol; stop this bounded sequence at the first non-accepted logged result.	0	0
attempt-0117	849908b019ff0b0132e63f1c7aaf631e6bc8ac9e	f58f7f5fb7e9a9c6e8efeaf91c668c4391a80998	2026-08-15T18:51:24.552234+00:00	99.910000%	2012	keep	stage one additional smallest QKV scalar prune	Parameterization-preserving staged sparsity: select exactly the smallest-magnitude surviving scalar in the retained sole QKV projection, fix it to zero, store every other scalar as a real parameter, and use the accepted 99.5% internal early-stop protocol; stop this bounded sequence at the first non-accepted logged result.	0	0
attempt-0118	72962ac17c3f0123f78ffb45d0e70a5f868f408a	849908b019ff0b0132e63f1c7aaf631e6bc8ac9e	2026-08-15T18:52:37.603548+00:00	99.710000%	2011	keep	stage one additional smallest QKV scalar prune	Parameterization-preserving staged sparsity: select exactly the smallest-magnitude surviving scalar in the retained sole QKV projection, fix it to zero, store every other scalar as a real parameter, and use the accepted 99.5% internal early-stop protocol; stop this bounded sequence at the first non-accepted logged result.	0	0
attempt-0119	bb2ed8c889e87d374a6dde0035c3f691d847ddda	72962ac17c3f0123f78ffb45d0e70a5f868f408a	2026-08-15T18:53:49.184585+00:00	99.650000%	2010	keep	stage one additional smallest QKV scalar prune	Parameterization-preserving staged sparsity: select exactly the smallest-magnitude surviving scalar in the retained sole QKV projection, fix it to zero, store every other scalar as a real parameter, and use the accepted 99.5% internal early-stop protocol; stop this bounded sequence at the first non-accepted logged result.	0	0
attempt-0120	dcb60bd529b0faee7a6c6afd0e4e07bad38d29cf	bb2ed8c889e87d374a6dde0035c3f691d847ddda	2026-08-15T18:54:46.732735+00:00	99.710000%	2009	keep	stage one additional smallest QKV scalar prune	Parameterization-preserving staged sparsity: select exactly the smallest-magnitude surviving scalar in the retained sole QKV projection, fix it to zero, store every other scalar as a real parameter, and use the accepted 99.5% internal early-stop protocol; stop this bounded sequence at the first non-accepted logged result.	0	0
attempt-0121	565f98c863d40e7d4d827bb9c4624fc7645038ab	dcb60bd529b0faee7a6c6afd0e4e07bad38d29cf	2026-08-15T18:55:55.494465+00:00	99.770000%	2008	keep	stage one additional smallest QKV scalar prune	Parameterization-preserving staged sparsity: select exactly the smallest-magnitude surviving scalar in the retained sole QKV projection, fix it to zero, store every other scalar as a real parameter, and use the accepted 99.5% internal early-stop protocol; stop this bounded sequence at the first non-accepted logged result.	0	0
attempt-0122	eb0ac137955a742a90aa039827a0ff01f0d8b235	565f98c863d40e7d4d827bb9c4624fc7645038ab	2026-08-15T18:56:46.407311+00:00	99.770000%	2007	keep	stage one additional smallest QKV scalar prune	Parameterization-preserving staged sparsity: select exactly the smallest-magnitude surviving scalar in the retained sole QKV projection, fix it to zero, store every other scalar as a real parameter, and use the accepted 99.5% internal early-stop protocol; stop this bounded sequence at the first non-accepted logged result.	0	0
attempt-0123	e04ddb786b3a920be6aa50c6e594b972e511a110	eb0ac137955a742a90aa039827a0ff01f0d8b235	2026-08-15T18:57:53.667867+00:00	99.920000%	2006	keep	stage one additional smallest QKV scalar prune	Parameterization-preserving staged sparsity: select exactly the smallest-magnitude surviving scalar in the retained sole QKV projection, fix it to zero, store every other scalar as a real parameter, and use the accepted 99.5% internal early-stop protocol; stop this bounded sequence at the first non-accepted logged result.	0	0
attempt-0124	32cfeacc1a12f88669a090ae30ef7be9f10c3101	e04ddb786b3a920be6aa50c6e594b972e511a110	2026-08-15T18:58:44.715255+00:00	99.920000%	2005	keep	stage one additional smallest QKV scalar prune	Parameterization-preserving staged sparsity: select exactly the smallest-magnitude surviving scalar in the retained sole QKV projection, fix it to zero, store every other scalar as a real parameter, and use the accepted 99.5% internal early-stop protocol; stop this bounded sequence at the first non-accepted logged result.	0	0
attempt-0125	e2f50a45fb49c7bdee64fc15c8ab992cb29c4088	32cfeacc1a12f88669a090ae30ef7be9f10c3101	2026-08-15T18:59:36.154194+00:00	99.920000%	2004	keep	stage one additional smallest QKV scalar prune	Parameterization-preserving staged sparsity: select exactly the smallest-magnitude surviving scalar in the retained sole QKV projection, fix it to zero, store every other scalar as a real parameter, and use the accepted 99.5% internal early-stop protocol; stop this bounded sequence at the first non-accepted logged result.	0	0
attempt-0126	1047230b33396d521f43891626a35a3d8faeb7f7	e2f50a45fb49c7bdee64fc15c8ab992cb29c4088	2026-08-15T19:00:27.553666+00:00	99.920000%	2003	keep	stage one additional smallest QKV scalar prune	Parameterization-preserving staged sparsity: select exactly the smallest-magnitude surviving scalar in the retained sole QKV projection, fix it to zero, store every other scalar as a real parameter, and use the accepted 99.5% internal early-stop protocol; stop this bounded sequence at the first non-accepted logged result.	0	0
attempt-0127	3fac69d7816f91977feb29d2644969a582171dbd	1047230b33396d521f43891626a35a3d8faeb7f7	2026-08-15T19:01:18.653623+00:00	99.930000%	2002	keep	stage one additional smallest QKV scalar prune	Parameterization-preserving staged sparsity: select exactly the smallest-magnitude surviving scalar in the retained sole QKV projection, fix it to zero, store every other scalar as a real parameter, and use the accepted 99.5% internal early-stop protocol; stop this bounded sequence at the first non-accepted logged result.	0	0
attempt-0128	1cd7c2cf19de9e87c60e5ae41ae87224087aaf2f	3fac69d7816f91977feb29d2644969a582171dbd	2026-08-15T19:02:16.995665+00:00	99.880000%	2001	keep	stage one additional smallest QKV scalar prune	Parameterization-preserving staged sparsity: select exactly the smallest-magnitude surviving scalar in the retained sole QKV projection, fix it to zero, store every other scalar as a real parameter, and use the accepted 99.5% internal early-stop protocol; stop this bounded sequence at the first non-accepted logged result.	0	0
attempt-0129	323c6c33a2ac89a779c27f156d39020772716a4e	1cd7c2cf19de9e87c60e5ae41ae87224087aaf2f	2026-08-15T19:03:08.783837+00:00	99.780000%	2000	keep	stage one additional smallest QKV scalar prune	Parameterization-preserving staged sparsity: select exactly the smallest-magnitude surviving scalar in the retained sole QKV projection, fix it to zero, store every other scalar as a real parameter, and use the accepted 99.5% internal early-stop protocol; stop this bounded sequence at the first non-accepted logged result.	0	0
attempt-0130	a3bd2753ce688832b847b64e3aaec37153cdbae1	323c6c33a2ac89a779c27f156d39020772716a4e	2026-08-15T19:04:00.433662+00:00	99.780000%	1999	keep	stage one additional smallest QKV scalar prune	Parameterization-preserving staged sparsity: select exactly the smallest-magnitude surviving scalar in the retained sole QKV projection, fix it to zero, store every other scalar as a real parameter, and use the accepted 99.5% internal early-stop protocol; stop this bounded sequence at the first non-accepted logged result.	0	0
attempt-0131	586e2da08813f85409f51dcf6d3e9a1e79dead18	a3bd2753ce688832b847b64e3aaec37153cdbae1	2026-08-15T19:05:00.886041+00:00	99.850000%	1998	keep	stage one additional smallest QKV scalar prune	Parameterization-preserving staged sparsity: select exactly the smallest-magnitude surviving scalar in the retained sole QKV projection, fix it to zero, store every other scalar as a real parameter, and use the accepted 99.5% internal early-stop protocol; stop this bounded sequence at the first non-accepted logged result.	0	0
attempt-0132	e2cabde64029c673ad7e1ffbea0c4a7192694ea6	586e2da08813f85409f51dcf6d3e9a1e79dead18	2026-08-15T19:06:08.515285+00:00	99.550000%	1997	keep	stage one additional smallest QKV scalar prune	Parameterization-preserving staged sparsity: select exactly the smallest-magnitude surviving scalar in the retained sole QKV projection, fix it to zero, store every other scalar as a real parameter, and use the accepted 99.5% internal early-stop protocol; stop this bounded sequence at the first non-accepted logged result.	0	0
attempt-0133	71946a0abd7f048cdccc6f1a630ad90e90e51227	e2cabde64029c673ad7e1ffbea0c4a7192694ea6	2026-08-15T19:07:06.657729+00:00	99.860000%	1996	keep	stage one additional smallest QKV scalar prune	Parameterization-preserving staged sparsity: select exactly the smallest-magnitude surviving scalar in the retained sole QKV projection, fix it to zero, store every other scalar as a real parameter, and use the accepted 99.5% internal early-stop protocol; stop this bounded sequence at the first non-accepted logged result.	0	0
attempt-0134	fe081867155b949950655223bb0e6e5a6dbd0237	71946a0abd7f048cdccc6f1a630ad90e90e51227	2026-08-15T19:08:04.655302+00:00	99.750000%	1995	keep	stage one additional smallest QKV scalar prune	Parameterization-preserving staged sparsity: select exactly the smallest-magnitude surviving scalar in the retained sole QKV projection, fix it to zero, store every other scalar as a real parameter, and use the accepted 99.5% internal early-stop protocol; stop this bounded sequence at the first non-accepted logged result.	0	0
attempt-0135	bdb3f180129674bf3a031b7d7bf504286638074a	fe081867155b949950655223bb0e6e5a6dbd0237	2026-08-15T19:08:55.360452+00:00	99.740000%	1994	keep	stage one additional smallest QKV scalar prune	Parameterization-preserving staged sparsity: select exactly the smallest-magnitude surviving scalar in the retained sole QKV projection, fix it to zero, store every other scalar as a real parameter, and use the accepted 99.5% internal early-stop protocol; stop this bounded sequence at the first non-accepted logged result.	0	0
attempt-0136	69cbf031b82c4610492220f316677be1e8974667	bdb3f180129674bf3a031b7d7bf504286638074a	2026-08-15T19:10:04.801628+00:00	99.790000%	1993	keep	stage one additional smallest QKV scalar prune	Parameterization-preserving staged sparsity: select exactly the smallest-magnitude surviving scalar in the retained sole QKV projection, fix it to zero, store every other scalar as a real parameter, and use the accepted 99.5% internal early-stop protocol; stop this bounded sequence at the first non-accepted logged result.	0	0
attempt-0137	0632b827b0aab84466a86d64ab94dbd84374cd0f	69cbf031b82c4610492220f316677be1e8974667	2026-08-15T19:11:11.629057+00:00	99.670000%	1992	keep	stage one additional smallest QKV scalar prune	Parameterization-preserving staged sparsity: select exactly the smallest-magnitude surviving scalar in the retained sole QKV projection, fix it to zero, store every other scalar as a real parameter, and use the accepted 99.5% internal early-stop protocol; stop this bounded sequence at the first non-accepted logged result.	0	0
attempt-0138	e0105c599284f3c9c5491089bdc4cfc4270fd777	0632b827b0aab84466a86d64ab94dbd84374cd0f	2026-08-15T19:12:02.097655+00:00	99.680000%	1991	keep	stage one additional smallest QKV scalar prune	Parameterization-preserving staged sparsity: select exactly the smallest-magnitude surviving scalar in the retained sole QKV projection, fix it to zero, store every other scalar as a real parameter, and use the accepted 99.5% internal early-stop protocol; stop this bounded sequence at the first non-accepted logged result.	0	0
attempt-0139	7a45653f1b47265517384608e6caa65bab0e0fce	e0105c599284f3c9c5491089bdc4cfc4270fd777	2026-08-15T19:12:52.735619+00:00	99.650000%	1990	keep	stage one additional smallest QKV scalar prune	Parameterization-preserving staged sparsity: select exactly the smallest-magnitude surviving scalar in the retained sole QKV projection, fix it to zero, store every other scalar as a real parameter, and use the accepted 99.5% internal early-stop protocol; stop this bounded sequence at the first non-accepted logged result.	0	0
attempt-0140	bca3bdaa325e2955881d487049a969ecf19889d4	7a45653f1b47265517384608e6caa65bab0e0fce	2026-08-15T19:13:44.111290+00:00	99.670000%	1989	keep	stage one additional smallest QKV scalar prune	Parameterization-preserving staged sparsity: select exactly the smallest-magnitude surviving scalar in the retained sole QKV projection, fix it to zero, store every other scalar as a real parameter, and use the accepted 99.5% internal early-stop protocol; stop this bounded sequence at the first non-accepted logged result.	0	0
attempt-0141	0a31196eda7cef2fd39df7cce5624d6ae1af1bc7	bca3bdaa325e2955881d487049a969ecf19889d4	2026-08-15T19:14:53.889760+00:00	99.730000%	1988	keep	stage one additional smallest QKV scalar prune	Parameterization-preserving staged sparsity: select exactly the smallest-magnitude surviving scalar in the retained sole QKV projection, fix it to zero, store every other scalar as a real parameter, and use the accepted 99.5% internal early-stop protocol; stop this bounded sequence at the first non-accepted logged result.	0	0
attempt-0142	c53f2a0e986c887a4ee9be5620e9fe540890c947	0a31196eda7cef2fd39df7cce5624d6ae1af1bc7	2026-08-15T19:15:52.243520+00:00	99.750000%	1987	keep	stage one additional smallest QKV scalar prune	Parameterization-preserving staged sparsity: select exactly the smallest-magnitude surviving scalar in the retained sole QKV projection, fix it to zero, store every other scalar as a real parameter, and use the accepted 99.5% internal early-stop protocol; stop this bounded sequence at the first non-accepted logged result.	0	0
attempt-0143	2da054f110a40a2ced5c1569c0b6834da482c35b	c53f2a0e986c887a4ee9be5620e9fe540890c947	2026-08-15T19:16:43.799182+00:00	99.850000%	1986	keep	stage one additional smallest QKV scalar prune	Parameterization-preserving staged sparsity: select exactly the smallest-magnitude surviving scalar in the retained sole QKV projection, fix it to zero, store every other scalar as a real parameter, and use the accepted 99.5% internal early-stop protocol; stop this bounded sequence at the first non-accepted logged result.	0	0
attempt-0144	232465cdd03738768c6d818c8e5033b136920ab9	2da054f110a40a2ced5c1569c0b6834da482c35b	2026-08-15T19:17:35.960755+00:00	99.720000%	1985	keep	stage one additional smallest QKV scalar prune	Parameterization-preserving staged sparsity: select exactly the smallest-magnitude surviving scalar in the retained sole QKV projection, fix it to zero, store every other scalar as a real parameter, and use the accepted 99.5% internal early-stop protocol; stop this bounded sequence at the first non-accepted logged result.	0	0
attempt-0145	f65a20b934897d3adf4789fd6bbb3a74df897ba2	232465cdd03738768c6d818c8e5033b136920ab9	2026-08-15T19:18:39.234492+00:00	99.780000%	1984	keep	stage one additional smallest QKV scalar prune	Parameterization-preserving staged sparsity: select exactly the smallest-magnitude surviving scalar in the retained sole QKV projection, fix it to zero, store every other scalar as a real parameter, and use the accepted 99.5% internal early-stop protocol; stop this bounded sequence at the first non-accepted logged result.	0	0
attempt-0146	d7eadc80b9111dfe3d8426461589e92010023dce	f65a20b934897d3adf4789fd6bbb3a74df897ba2	2026-08-15T19:19:39.177581+00:00	99.830000%	1983	keep	stage one additional smallest QKV scalar prune	Parameterization-preserving staged sparsity: select exactly the smallest-magnitude surviving scalar in the retained sole QKV projection, fix it to zero, store every other scalar as a real parameter, and use the accepted 99.5% internal early-stop protocol; stop this bounded sequence at the first non-accepted logged result.	0	0
attempt-0147	79a7a4eadbc862c453ab8d28aff59e78af85efc9	d7eadc80b9111dfe3d8426461589e92010023dce	2026-08-15T19:20:38.773568+00:00	99.910000%	1982	keep	stage one additional smallest QKV scalar prune	Parameterization-preserving staged sparsity: select exactly the smallest-magnitude surviving scalar in the retained sole QKV projection, fix it to zero, store every other scalar as a real parameter, and use the accepted 99.5% internal early-stop protocol; stop this bounded sequence at the first non-accepted logged result.	0	0
attempt-0148	e678eaf206000bbf75d487f3fe02904134d56d73	79a7a4eadbc862c453ab8d28aff59e78af85efc9	2026-08-15T19:21:37.880775+00:00	99.680000%	1981	keep	stage one additional smallest QKV scalar prune	Parameterization-preserving staged sparsity: select exactly the smallest-magnitude surviving scalar in the retained sole QKV projection, fix it to zero, store every other scalar as a real parameter, and use the accepted 99.5% internal early-stop protocol; stop this bounded sequence at the first non-accepted logged result.	0	0
attempt-0149	2d7efab1cc4a738fd92b60b3db628bcfbb2e4ac5	e678eaf206000bbf75d487f3fe02904134d56d73	2026-08-15T19:22:29.509535+00:00	99.690000%	1980	keep	stage one additional smallest QKV scalar prune	Parameterization-preserving staged sparsity: select exactly the smallest-magnitude surviving scalar in the retained sole QKV projection, fix it to zero, store every other scalar as a real parameter, and use the accepted 99.5% internal early-stop protocol; stop this bounded sequence at the first non-accepted logged result.	0	0
attempt-0150	b426854dd95b2b8cd3d143c340b80d03556f49b5	2d7efab1cc4a738fd92b60b3db628bcfbb2e4ac5	2026-08-15T19:23:20.163960+00:00	99.690000%	1979	keep	stage one additional smallest QKV scalar prune	Parameterization-preserving staged sparsity: select exactly the smallest-magnitude surviving scalar in the retained sole QKV projection, fix it to zero, store every other scalar as a real parameter, and use the accepted 99.5% internal early-stop protocol; stop this bounded sequence at the first non-accepted logged result.	0	0
attempt-0151	fa191d4b120fb8eac181f1bef891d78508f44fbe	b426854dd95b2b8cd3d143c340b80d03556f49b5	2026-08-15T19:24:20.515739+00:00	99.900000%	1978	keep	stage one additional smallest QKV scalar prune	Parameterization-preserving staged sparsity: select exactly the smallest-magnitude surviving scalar in the retained sole QKV projection, fix it to zero, store every other scalar as a real parameter, and use the accepted 99.5% internal early-stop protocol; stop this bounded sequence at the first non-accepted logged result.	0	0
attempt-0152	9c57d7c3cd464af07dc7c68f94c55028bfb2dd08	fa191d4b120fb8eac181f1bef891d78508f44fbe	2026-08-15T19:25:21.040351+00:00	99.810000%	1977	keep	stage one additional smallest QKV scalar prune	Parameterization-preserving staged sparsity: select exactly the smallest-magnitude surviving scalar in the retained sole QKV projection, fix it to zero, store every other scalar as a real parameter, and use the accepted 99.5% internal early-stop protocol; stop this bounded sequence at the first non-accepted logged result.	0	0
attempt-0153	5126dc72ef94f7eeb67012610e0c41f6c40a25d2	9c57d7c3cd464af07dc7c68f94c55028bfb2dd08	2026-08-15T19:26:28.509457+00:00	99.920000%	1976	keep	stage one additional smallest QKV scalar prune	Parameterization-preserving staged sparsity: select exactly the smallest-magnitude surviving scalar in the retained sole QKV projection, fix it to zero, store every other scalar as a real parameter, and use the accepted 99.5% internal early-stop protocol; stop this bounded sequence at the first non-accepted logged result.	0	0
attempt-0154	8a8cdfd061782e6ae7a26b3dbece4516a345b5d9	5126dc72ef94f7eeb67012610e0c41f6c40a25d2	2026-08-15T19:27:42.777431+00:00	99.900000%	1975	keep	stage one additional smallest QKV scalar prune	Parameterization-preserving staged sparsity: select exactly the smallest-magnitude surviving scalar in the retained sole QKV projection, fix it to zero, store every other scalar as a real parameter, and use the accepted 99.5% internal early-stop protocol; stop this bounded sequence at the first non-accepted logged result.	0	0
attempt-0155	f8e98d14346d28a83cab16210c554e659cce1e1f	8a8cdfd061782e6ae7a26b3dbece4516a345b5d9	2026-08-15T19:28:34.256860+00:00	99.900000%	1974	keep	stage one additional smallest QKV scalar prune	Parameterization-preserving staged sparsity: select exactly the smallest-magnitude surviving scalar in the retained sole QKV projection, fix it to zero, store every other scalar as a real parameter, and use the accepted 99.5% internal early-stop protocol; stop this bounded sequence at the first non-accepted logged result.	0	0
attempt-0156	caadf0b03684d4b1c9ba7d30f9b960bc9c370829	f8e98d14346d28a83cab16210c554e659cce1e1f	2026-08-15T19:29:32.620209+00:00	99.830000%	1973	keep	stage one additional smallest QKV scalar prune	Parameterization-preserving staged sparsity: select exactly the smallest-magnitude surviving scalar in the retained sole QKV projection, fix it to zero, store every other scalar as a real parameter, and use the accepted 99.5% internal early-stop protocol; stop this bounded sequence at the first non-accepted logged result.	0	0
attempt-0157	cb432a1a3c34aa5d23f245c05f871f15c7e0bbf5	caadf0b03684d4b1c9ba7d30f9b960bc9c370829	2026-08-15T19:30:23.874793+00:00	99.450000%	1972	keep	stage one additional smallest QKV scalar prune	Parameterization-preserving staged sparsity: select exactly the smallest-magnitude surviving scalar in the retained sole QKV projection, fix it to zero, store every other scalar as a real parameter, and use the accepted 99.5% internal early-stop protocol; stop this bounded sequence at the first non-accepted logged result.	0	0
attempt-0158	391201e09d21cedff796d6258dd2f302eab20a24	cb432a1a3c34aa5d23f245c05f871f15c7e0bbf5	2026-08-15T19:31:21.675226+00:00	99.970000%	1971	keep	stage one additional smallest QKV scalar prune	Parameterization-preserving staged sparsity: select exactly the smallest-magnitude surviving scalar in the retained sole QKV projection, fix it to zero, store every other scalar as a real parameter, and use the accepted 99.5% internal early-stop protocol; stop this bounded sequence at the first non-accepted logged result.	0	0
attempt-0159	7a4ac2a45182ca8ca849581f55ab11925f2d900d	391201e09d21cedff796d6258dd2f302eab20a24	2026-08-15T19:32:11.674582+00:00	99.730000%	1970	keep	stage one additional smallest QKV scalar prune	Parameterization-preserving staged sparsity: select exactly the smallest-magnitude surviving scalar in the retained sole QKV projection, fix it to zero, store every other scalar as a real parameter, and use the accepted 99.5% internal early-stop protocol; stop this bounded sequence at the first non-accepted logged result.	0	0
attempt-0160	be8024fcf568f1ef25c17230bed5026ffe82c37c	7a4ac2a45182ca8ca849581f55ab11925f2d900d	2026-08-15T19:33:02.283621+00:00	99.740000%	1969	keep	stage one additional smallest QKV scalar prune	Parameterization-preserving staged sparsity: select exactly the smallest-magnitude surviving scalar in the retained sole QKV projection, fix it to zero, store every other scalar as a real parameter, and use the accepted 99.5% internal early-stop protocol; stop this bounded sequence at the first non-accepted logged result.	0	0
attempt-0161	a51c3fa11a52c608d4da6297007ff12cc083a93f	be8024fcf568f1ef25c17230bed5026ffe82c37c	2026-08-15T19:33:59.992008+00:00	99.890000%	1968	keep	stage one additional smallest QKV scalar prune	Parameterization-preserving staged sparsity: select exactly the smallest-magnitude surviving scalar in the retained sole QKV projection, fix it to zero, store every other scalar as a real parameter, and use the accepted 99.5% internal early-stop protocol; stop this bounded sequence at the first non-accepted logged result.	0	0
attempt-0162	24f808509c353d573863952b94bb2adb1417a058	a51c3fa11a52c608d4da6297007ff12cc083a93f	2026-08-15T19:34:50.834134+00:00	99.650000%	1967	keep	stage one additional smallest QKV scalar prune	Parameterization-preserving staged sparsity: select exactly the smallest-magnitude surviving scalar in the retained sole QKV projection, fix it to zero, store every other scalar as a real parameter, and use the accepted 99.5% internal early-stop protocol; stop this bounded sequence at the first non-accepted logged result.	0	0
attempt-0163	4ba86ec00945efd2d8c9262d950091e9e4c0117b	24f808509c353d573863952b94bb2adb1417a058	2026-08-15T19:35:48.081674+00:00	99.920000%	1966	keep	stage one additional smallest QKV scalar prune	Parameterization-preserving staged sparsity: select exactly the smallest-magnitude surviving scalar in the retained sole QKV projection, fix it to zero, store every other scalar as a real parameter, and use the accepted 99.5% internal early-stop protocol; stop this bounded sequence at the first non-accepted logged result.	0	0
attempt-0164	de93f8baf2c6b8f0dad0067d8fd806668c11e7cd	4ba86ec00945efd2d8c9262d950091e9e4c0117b	2026-08-15T19:36:45.773921+00:00	99.970000%	1965	keep	stage one additional smallest QKV scalar prune	Parameterization-preserving staged sparsity: select exactly the smallest-magnitude surviving scalar in the retained sole QKV projection, fix it to zero, store every other scalar as a real parameter, and use the accepted 99.5% internal early-stop protocol; stop this bounded sequence at the first non-accepted logged result.	0	0
attempt-0165	c23416de67fe1e55feb3497fb19fdce8a53222c0	de93f8baf2c6b8f0dad0067d8fd806668c11e7cd	2026-08-15T19:37:51.949434+00:00	99.760000%	1964	keep	stage one additional smallest QKV scalar prune	Parameterization-preserving staged sparsity: select exactly the smallest-magnitude surviving scalar in the retained sole QKV projection, fix it to zero, store every other scalar as a real parameter, and use the accepted 99.5% internal early-stop protocol; stop this bounded sequence at the first non-accepted logged result.	0	0
attempt-0166	1168304b2b0246062eed0cafb1f378162444ddeb	c23416de67fe1e55feb3497fb19fdce8a53222c0	2026-08-15T19:38:41.473422+00:00	99.760000%	1963	keep	stage one additional smallest QKV scalar prune	Parameterization-preserving staged sparsity: select exactly the smallest-magnitude surviving scalar in the retained sole QKV projection, fix it to zero, store every other scalar as a real parameter, and use the accepted 99.5% internal early-stop protocol; stop this bounded sequence at the first non-accepted logged result.	0	0
attempt-0167	dece4f89ef85d1a9a6157ae9e732b02e3ffac4d5	1168304b2b0246062eed0cafb1f378162444ddeb	2026-08-15T19:39:37.633319+00:00	99.890000%	1962	keep	stage one additional smallest QKV scalar prune	Parameterization-preserving staged sparsity: select exactly the smallest-magnitude surviving scalar in the retained sole QKV projection, fix it to zero, store every other scalar as a real parameter, and use the accepted 99.5% internal early-stop protocol; stop this bounded sequence at the first non-accepted logged result.	0	0
attempt-0168	b73cec6600cb923279198f57b57f83bc416cc119	dece4f89ef85d1a9a6157ae9e732b02e3ffac4d5	2026-08-15T19:40:34.963771+00:00	99.520000%	1961	keep	stage one additional smallest QKV scalar prune	Parameterization-preserving staged sparsity: select exactly the smallest-magnitude surviving scalar in the retained sole QKV projection, fix it to zero, store every other scalar as a real parameter, and use the accepted 99.5% internal early-stop protocol; stop this bounded sequence at the first non-accepted logged result.	0	0
attempt-0169	f5e8c0cad15d8d6cb31f2f29067411969a7b5c73	b73cec6600cb923279198f57b57f83bc416cc119	2026-08-15T19:41:32.953854+00:00	99.650000%	1960	keep	stage one additional smallest QKV scalar prune	Parameterization-preserving staged sparsity: select exactly the smallest-magnitude surviving scalar in the retained sole QKV projection, fix it to zero, store every other scalar as a real parameter, and use the accepted 99.5% internal early-stop protocol; stop this bounded sequence at the first non-accepted logged result.	0	0
attempt-0170	be574abc2cd113a0ba67156a31b9fd5a12851e36	f5e8c0cad15d8d6cb31f2f29067411969a7b5c73	2026-08-15T19:42:33.087763+00:00	99.650000%	1959	keep	stage one additional smallest QKV scalar prune	Parameterization-preserving staged sparsity: select exactly the smallest-magnitude surviving scalar in the retained sole QKV projection, fix it to zero, store every other scalar as a real parameter, and use the accepted 99.5% internal early-stop protocol; stop this bounded sequence at the first non-accepted logged result.	0	0
attempt-0171	03700ca893b76ee2a12ca94d71130e01a98d39bd	be574abc2cd113a0ba67156a31b9fd5a12851e36	2026-08-15T19:43:24.223603+00:00	99.650000%	1958	keep	stage one additional smallest QKV scalar prune	Parameterization-preserving staged sparsity: select exactly the smallest-magnitude surviving scalar in the retained sole QKV projection, fix it to zero, store every other scalar as a real parameter, and use the accepted 99.5% internal early-stop protocol; stop this bounded sequence at the first non-accepted logged result.	0	0
attempt-0172	0956b0cf555860f66fc6b7c021a4454a178fde9a	03700ca893b76ee2a12ca94d71130e01a98d39bd	2026-08-15T19:44:32.253172+00:00	99.700000%	1957	keep	stage one additional smallest QKV scalar prune	Parameterization-preserving staged sparsity: select exactly the smallest-magnitude surviving scalar in the retained sole QKV projection, fix it to zero, store every other scalar as a real parameter, and use the accepted 99.5% internal early-stop protocol; stop this bounded sequence at the first non-accepted logged result.	0	0
attempt-0173	20af94faf72082139f5d54d1e37784677bc163bd	0956b0cf555860f66fc6b7c021a4454a178fde9a	2026-08-15T19:45:38.949836+00:00	99.880000%	1956	keep	stage one additional smallest QKV scalar prune	Parameterization-preserving staged sparsity: select exactly the smallest-magnitude surviving scalar in the retained sole QKV projection, fix it to zero, store every other scalar as a real parameter, and use the accepted 99.5% internal early-stop protocol; stop this bounded sequence at the first non-accepted logged result.	0	0
attempt-0174	d5fbee3d4668ae236709edb36b255efd9b8c46f7	20af94faf72082139f5d54d1e37784677bc163bd	2026-08-15T19:46:29.772144+00:00	99.850000%	1955	keep	stage one additional smallest QKV scalar prune	Parameterization-preserving staged sparsity: select exactly the smallest-magnitude surviving scalar in the retained sole QKV projection, fix it to zero, store every other scalar as a real parameter, and use the accepted 99.5% internal early-stop protocol; stop this bounded sequence at the first non-accepted logged result.	0	0
attempt-0175	e6f2e5e5e890226da4657ba35dcd6430fa3b95d0	d5fbee3d4668ae236709edb36b255efd9b8c46f7	2026-08-15T19:47:27.730767+00:00	99.910000%	1954	keep	stage one additional smallest QKV scalar prune	Parameterization-preserving staged sparsity: select exactly the smallest-magnitude surviving scalar in the retained sole QKV projection, fix it to zero, store every other scalar as a real parameter, and use the accepted 99.5% internal early-stop protocol; stop this bounded sequence at the first non-accepted logged result.	0	0
attempt-0176	d571acdcb6ff1f06575b4b10618b6451f9a36543	e6f2e5e5e890226da4657ba35dcd6430fa3b95d0	2026-08-15T19:48:27.903958+00:00	99.790000%	1953	keep	stage one additional smallest QKV scalar prune	Parameterization-preserving staged sparsity: select exactly the smallest-magnitude surviving scalar in the retained sole QKV projection, fix it to zero, store every other scalar as a real parameter, and use the accepted 99.5% internal early-stop protocol; stop this bounded sequence at the first non-accepted logged result.	0	0
attempt-0177	6fff3467a8096e3c35a27f485ef615a0be95b70b	d571acdcb6ff1f06575b4b10618b6451f9a36543	2026-08-15T19:49:20.230472+00:00	99.830000%	1952	keep	stage one additional smallest QKV scalar prune	Parameterization-preserving staged sparsity: select exactly the smallest-magnitude surviving scalar in the retained sole QKV projection, fix it to zero, store every other scalar as a real parameter, and use the accepted 99.5% internal early-stop protocol; stop this bounded sequence at the first non-accepted logged result.	0	0
attempt-0178	9f8aaebc06550e3d648299866e4eac4d921f96aa	6fff3467a8096e3c35a27f485ef615a0be95b70b	2026-08-15T19:50:12.453767+00:00	99.760000%	1951	keep	stage one additional smallest QKV scalar prune	Parameterization-preserving staged sparsity: select exactly the smallest-magnitude surviving scalar in the retained sole QKV projection, fix it to zero, store every other scalar as a real parameter, and use the accepted 99.5% internal early-stop protocol; stop this bounded sequence at the first non-accepted logged result.	0	0
attempt-0179	67ec2f917abb2d13a11adb4acf23ab18e1d87f23	9f8aaebc06550e3d648299866e4eac4d921f96aa	2026-08-15T19:51:13.464826+00:00	100.000000%	1950	keep	stage one additional smallest QKV scalar prune	Parameterization-preserving staged sparsity: select exactly the smallest-magnitude surviving scalar in the retained sole QKV projection, fix it to zero, store every other scalar as a real parameter, and use the accepted 99.5% internal early-stop protocol; stop this bounded sequence at the first non-accepted logged result.	0	0
attempt-0180	adc24767f19d776631211105e1cc90db34b81b87	67ec2f917abb2d13a11adb4acf23ab18e1d87f23	2026-08-15T19:52:13.492891+00:00	99.700000%	1949	keep	stage one additional smallest QKV scalar prune	Parameterization-preserving staged sparsity: select exactly the smallest-magnitude surviving scalar in the retained sole QKV projection, fix it to zero, store every other scalar as a real parameter, and use the accepted 99.5% internal early-stop protocol; stop this bounded sequence at the first non-accepted logged result.	0	0
attempt-0181	a3a80cebd20d4169693ff0aa121f303732de7749	adc24767f19d776631211105e1cc90db34b81b87	2026-08-15T19:53:11.521449+00:00	99.730000%	1948	keep	stage one additional smallest QKV scalar prune	Parameterization-preserving staged sparsity: select exactly the smallest-magnitude surviving scalar in the retained sole QKV projection, fix it to zero, store every other scalar as a real parameter, and use the accepted 99.5% internal early-stop protocol; stop this bounded sequence at the first non-accepted logged result.	0	0
attempt-0182	ecd9f51100eaf96c6650df029b1d9acb6624e07a	a3a80cebd20d4169693ff0aa121f303732de7749	2026-08-15T19:54:10.120899+00:00	99.930000%	1947	keep	stage one additional smallest QKV scalar prune	Parameterization-preserving staged sparsity: select exactly the smallest-magnitude surviving scalar in the retained sole QKV projection, fix it to zero, store every other scalar as a real parameter, and use the accepted 99.5% internal early-stop protocol; stop this bounded sequence at the first non-accepted logged result.	0	0
attempt-0183	39a0faa2cec08b4104fd40b63e93b5165cc9763d	ecd9f51100eaf96c6650df029b1d9acb6624e07a	2026-08-15T19:55:01.216006+00:00	99.940000%	1946	keep	stage one additional smallest QKV scalar prune	Parameterization-preserving staged sparsity: select exactly the smallest-magnitude surviving scalar in the retained sole QKV projection, fix it to zero, store every other scalar as a real parameter, and use the accepted 99.5% internal early-stop protocol; stop this bounded sequence at the first non-accepted logged result.	0	0
attempt-0184	7a986b2c9e96f8dba1a8c1b2906fdff50ecfbb6e	39a0faa2cec08b4104fd40b63e93b5165cc9763d	2026-08-15T19:55:51.968857+00:00	99.950000%	1945	keep	stage one additional smallest QKV scalar prune	Parameterization-preserving staged sparsity: select exactly the smallest-magnitude surviving scalar in the retained sole QKV projection, fix it to zero, store every other scalar as a real parameter, and use the accepted 99.5% internal early-stop protocol; stop this bounded sequence at the first non-accepted logged result.	0	0
attempt-0185	83c1a5d1f00fee94e09824a986825ff4d69fbb01	7a986b2c9e96f8dba1a8c1b2906fdff50ecfbb6e	2026-08-15T19:56:42.544875+00:00	99.920000%	1944	keep	stage one additional smallest QKV scalar prune	Parameterization-preserving staged sparsity: select exactly the smallest-magnitude surviving scalar in the retained sole QKV projection, fix it to zero, store every other scalar as a real parameter, and use the accepted 99.5% internal early-stop protocol; stop this bounded sequence at the first non-accepted logged result.	0	0
attempt-0186	b709ce09c0fa3ac93ba5e82bc4ff7cb0bb2d7765	83c1a5d1f00fee94e09824a986825ff4d69fbb01	2026-08-15T19:57:40.340734+00:00	99.960000%	1943	keep	stage one additional smallest QKV scalar prune	Parameterization-preserving staged sparsity: select exactly the smallest-magnitude surviving scalar in the retained sole QKV projection, fix it to zero, store every other scalar as a real parameter, and use the accepted 99.5% internal early-stop protocol; stop this bounded sequence at the first non-accepted logged result.	0	0
attempt-0187	0aa2499726331dbedc7a9791d7f84570af6dd939	b709ce09c0fa3ac93ba5e82bc4ff7cb0bb2d7765	2026-08-15T19:58:30.657154+00:00	99.810000%	1942	keep	stage one additional smallest QKV scalar prune	Parameterization-preserving staged sparsity: select exactly the smallest-magnitude surviving scalar in the retained sole QKV projection, fix it to zero, store every other scalar as a real parameter, and use the accepted 99.5% internal early-stop protocol; stop this bounded sequence at the first non-accepted logged result.	0	0
attempt-0188	4c4f96816ccca7fcb534752acf827457d002bb58	0aa2499726331dbedc7a9791d7f84570af6dd939	2026-08-15T19:59:28.668274+00:00	99.830000%	1941	keep	stage one additional smallest QKV scalar prune	Parameterization-preserving staged sparsity: select exactly the smallest-magnitude surviving scalar in the retained sole QKV projection, fix it to zero, store every other scalar as a real parameter, and use the accepted 99.5% internal early-stop protocol; stop this bounded sequence at the first non-accepted logged result.	0	0
attempt-0189	992ea9fd7db3084ab490351f3ceb501b8720f1d6	4c4f96816ccca7fcb534752acf827457d002bb58	2026-08-15T20:01:32.790949+00:00			error	stage one additional smallest QKV scalar prune	Parameterization-preserving staged sparsity: select exactly the smallest-magnitude surviving scalar in the retained sole QKV projection, fix it to zero, store every other scalar as a real parameter, and use the accepted 99.5% internal early-stop protocol; stop this bounded sequence at the first non-accepted logged result.	0	
attempt-0190	e7e27c0b9087fbc4eb2ba37255fe0888b91e88a5	4c4f96816ccca7fcb534752acf827457d002bb58	2026-08-15T20:03:34.884687+00:00	99.900000%	1940	keep	skip critical QKV scalar and prune next-smallest	Parameterization-preserving structured sparsity with boundary feedback: blacklist QKV index 746 because its isolated removal failed at 94.7% validation, then fix exactly the next-smallest surviving scalar to zero while retaining all 107 accepted zeros and every other coefficient; use the same bounded adaptation protocol.	0	0
attempt-0191	314540b3c47a8195ee84dec45c62e68931299529	e7e27c0b9087fbc4eb2ba37255fe0888b91e88a5	2026-08-15T20:04:46.396509+00:00	99.770000%	1939	keep	stage next eligible smallest QKV scalar prune	Parameterization-preserving staged sparsity with boundary feedback: preserve the accepted fixed-zero set and failed-index blacklist, select exactly the smallest-magnitude eligible QKV survivor, fix only it to zero, and use the accepted 99.5% internal early-stop protocol; stop at the first non-accepted logged result.	0	0
attempt-0192	cc792f81ecbdd3ade21b62ca511578f315bd807c	314540b3c47a8195ee84dec45c62e68931299529	2026-08-15T20:05:46.302203+00:00	99.990000%	1938	keep	stage next eligible smallest QKV scalar prune	Parameterization-preserving staged sparsity with boundary feedback: preserve the accepted fixed-zero set and failed-index blacklist, select exactly the smallest-magnitude eligible QKV survivor, fix only it to zero, and use the accepted 99.5% internal early-stop protocol; stop at the first non-accepted logged result.	0	0
attempt-0193	d5f35ca63098ed776d8d1e3a154fdb6fa4095a46	cc792f81ecbdd3ade21b62ca511578f315bd807c	2026-08-15T20:06:37.979238+00:00	99.990000%	1937	keep	stage next eligible smallest QKV scalar prune	Parameterization-preserving staged sparsity with boundary feedback: preserve the accepted fixed-zero set and failed-index blacklist, select exactly the smallest-magnitude eligible QKV survivor, fix only it to zero, and use the accepted 99.5% internal early-stop protocol; stop at the first non-accepted logged result.	0	0
attempt-0194	414938c5170a9b171a5fb0915675de1c1f33140c	d5f35ca63098ed776d8d1e3a154fdb6fa4095a46	2026-08-15T20:07:45.570428+00:00	99.880000%	1936	keep	stage next eligible smallest QKV scalar prune	Parameterization-preserving staged sparsity with boundary feedback: preserve the accepted fixed-zero set and failed-index blacklist, select exactly the smallest-magnitude eligible QKV survivor, fix only it to zero, and use the accepted 99.5% internal early-stop protocol; stop at the first non-accepted logged result.	0	0
attempt-0195	9795f4f247510b925b47152d1829c51e2ab5bc96	414938c5170a9b171a5fb0915675de1c1f33140c	2026-08-15T20:08:36.664097+00:00	99.880000%	1935	keep	stage next eligible smallest QKV scalar prune	Parameterization-preserving staged sparsity with boundary feedback: preserve the accepted fixed-zero set and failed-index blacklist, select exactly the smallest-magnitude eligible QKV survivor, fix only it to zero, and use the accepted 99.5% internal early-stop protocol; stop at the first non-accepted logged result.	0	0
attempt-0196	d8acf9918a5ec6c27e65b36b479b476657c1ce90	9795f4f247510b925b47152d1829c51e2ab5bc96	2026-08-15T20:09:34.975118+00:00	99.760000%	1934	keep	stage next eligible smallest QKV scalar prune	Parameterization-preserving staged sparsity with boundary feedback: preserve the accepted fixed-zero set and failed-index blacklist, select exactly the smallest-magnitude eligible QKV survivor, fix only it to zero, and use the accepted 99.5% internal early-stop protocol; stop at the first non-accepted logged result.	0	0
attempt-0197	860b292f5de0acec2bcd7d56f07b0b50e63108e9	d8acf9918a5ec6c27e65b36b479b476657c1ce90	2026-08-15T20:10:34.227259+00:00	99.850000%	1933	keep	stage next eligible smallest QKV scalar prune	Parameterization-preserving staged sparsity with boundary feedback: preserve the accepted fixed-zero set and failed-index blacklist, select exactly the smallest-magnitude eligible QKV survivor, fix only it to zero, and use the accepted 99.5% internal early-stop protocol; stop at the first non-accepted logged result.	0	0
attempt-0198	64923e5a7e6f0298b6d0e49ad90045bedca37819	860b292f5de0acec2bcd7d56f07b0b50e63108e9	2026-08-15T20:11:25.117563+00:00	99.850000%	1932	keep	stage next eligible smallest QKV scalar prune	Parameterization-preserving staged sparsity with boundary feedback: preserve the accepted fixed-zero set and failed-index blacklist, select exactly the smallest-magnitude eligible QKV survivor, fix only it to zero, and use the accepted 99.5% internal early-stop protocol; stop at the first non-accepted logged result.	0	0
attempt-0199	5a8226949624e59376b31be6afe79d392b1d4832	64923e5a7e6f0298b6d0e49ad90045bedca37819	2026-08-15T20:12:15.731209+00:00	99.680000%	1931	keep	stage next eligible smallest QKV scalar prune	Parameterization-preserving staged sparsity with boundary feedback: preserve the accepted fixed-zero set and failed-index blacklist, select exactly the smallest-magnitude eligible QKV survivor, fix only it to zero, and use the accepted 99.5% internal early-stop protocol; stop at the first non-accepted logged result.	0	0
attempt-0200	c4256beaac608ed543ce775936c3fa35aee3b12d	5a8226949624e59376b31be6afe79d392b1d4832	2026-08-15T20:13:23.136523+00:00	99.790000%	1930	keep	stage next eligible smallest QKV scalar prune	Parameterization-preserving staged sparsity with boundary feedback: preserve the accepted fixed-zero set and failed-index blacklist, select exactly the smallest-magnitude eligible QKV survivor, fix only it to zero, and use the accepted 99.5% internal early-stop protocol; stop at the first non-accepted logged result.	0	0
attempt-0201	a744ea6dcf385cd4b3b811e97944fd51fece9b64	c4256beaac608ed543ce775936c3fa35aee3b12d	2026-08-15T20:14:21.175369+00:00	99.800000%	1929	keep	stage next eligible smallest QKV scalar prune	Parameterization-preserving staged sparsity with boundary feedback: preserve the accepted fixed-zero set and failed-index blacklist, select exactly the smallest-magnitude eligible QKV survivor, fix only it to zero, and use the accepted 99.5% internal early-stop protocol; stop at the first non-accepted logged result.	0	0
attempt-0202	5c89a4c2d930e29b9bfccac4d89dc6a66ab94e61	a744ea6dcf385cd4b3b811e97944fd51fece9b64	2026-08-15T20:15:18.763838+00:00	99.510000%	1928	keep	stage next eligible smallest QKV scalar prune	Parameterization-preserving staged sparsity with boundary feedback: preserve the accepted fixed-zero set and failed-index blacklist, select exactly the smallest-magnitude eligible QKV survivor, fix only it to zero, and use the accepted 99.5% internal early-stop protocol; stop at the first non-accepted logged result.	0	0
attempt-0203	902eafad443db25a031b9306f1e6dda2104ac040	5c89a4c2d930e29b9bfccac4d89dc6a66ab94e61	2026-08-15T20:16:19.396981+00:00	99.870000%	1927	keep	stage next eligible smallest QKV scalar prune	Parameterization-preserving staged sparsity with boundary feedback: preserve the accepted fixed-zero set and failed-index blacklist, select exactly the smallest-magnitude eligible QKV survivor, fix only it to zero, and use the accepted 99.5% internal early-stop protocol; stop at the first non-accepted logged result.	0	0
attempt-0204	9ac4910b9ee7ac2635700e7b1e1b8eac51a0db51	902eafad443db25a031b9306f1e6dda2104ac040	2026-08-15T20:17:17.961441+00:00	99.830000%	1926	keep	stage next eligible smallest QKV scalar prune	Parameterization-preserving staged sparsity with boundary feedback: preserve the accepted fixed-zero set and failed-index blacklist, select exactly the smallest-magnitude eligible QKV survivor, fix only it to zero, and use the accepted 99.5% internal early-stop protocol; stop at the first non-accepted logged result.	0	0
attempt-0205	5c5de073f631ca9ecf983834b860da300c65b8c9	9ac4910b9ee7ac2635700e7b1e1b8eac51a0db51	2026-08-15T20:18:08.572597+00:00	99.840000%	1925	keep	stage next eligible smallest QKV scalar prune	Parameterization-preserving staged sparsity with boundary feedback: preserve the accepted fixed-zero set and failed-index blacklist, select exactly the smallest-magnitude eligible QKV survivor, fix only it to zero, and use the accepted 99.5% internal early-stop protocol; stop at the first non-accepted logged result.	0	0
attempt-0206	9b504ae9de82aae60a4a033f7812621f7c6095b1	5c5de073f631ca9ecf983834b860da300c65b8c9	2026-08-15T20:18:59.268409+00:00	99.830000%	1924	keep	stage next eligible smallest QKV scalar prune	Parameterization-preserving staged sparsity with boundary feedback: preserve the accepted fixed-zero set and failed-index blacklist, select exactly the smallest-magnitude eligible QKV survivor, fix only it to zero, and use the accepted 99.5% internal early-stop protocol; stop at the first non-accepted logged result.	0	0
attempt-0207	ca3d37ff634c1b70f053bff072fd9f4fefd6f09f	9b504ae9de82aae60a4a033f7812621f7c6095b1	2026-08-15T20:19:49.941744+00:00	99.850000%	1923	keep	stage next eligible smallest QKV scalar prune	Parameterization-preserving staged sparsity with boundary feedback: preserve the accepted fixed-zero set and failed-index blacklist, select exactly the smallest-magnitude eligible QKV survivor, fix only it to zero, and use the accepted 99.5% internal early-stop protocol; stop at the first non-accepted logged result.	0	0
attempt-0208	d6af3aad1e0fbc2375d7bcd8475ddb92e0cff3fd	ca3d37ff634c1b70f053bff072fd9f4fefd6f09f	2026-08-15T20:20:41.261845+00:00	99.850000%	1922	keep	stage next eligible smallest QKV scalar prune	Parameterization-preserving staged sparsity with boundary feedback: preserve the accepted fixed-zero set and failed-index blacklist, select exactly the smallest-magnitude eligible QKV survivor, fix only it to zero, and use the accepted 99.5% internal early-stop protocol; stop at the first non-accepted logged result.	0	0
attempt-0209	55443547910fbe94d23151cf7503873130b660cc	d6af3aad1e0fbc2375d7bcd8475ddb92e0cff3fd	2026-08-15T20:21:40.740487+00:00	99.660000%	1921	keep	stage next eligible smallest QKV scalar prune	Parameterization-preserving staged sparsity with boundary feedback: preserve the accepted fixed-zero set and failed-index blacklist, select exactly the smallest-magnitude eligible QKV survivor, fix only it to zero, and use the accepted 99.5% internal early-stop protocol; stop at the first non-accepted logged result.	0	0
attempt-0210	29a786fec331f8a34465e6e4e7baf4ffcaa75191	55443547910fbe94d23151cf7503873130b660cc	2026-08-15T20:22:32.881128+00:00	99.660000%	1920	keep	stage next eligible smallest QKV scalar prune	Parameterization-preserving staged sparsity with boundary feedback: preserve the accepted fixed-zero set and failed-index blacklist, select exactly the smallest-magnitude eligible QKV survivor, fix only it to zero, and use the accepted 99.5% internal early-stop protocol; stop at the first non-accepted logged result.	0	0
attempt-0211	9fa4fe48b2db60174f2a9c08072ab467d36da8ee	29a786fec331f8a34465e6e4e7baf4ffcaa75191	2026-08-15T20:23:25.995894+00:00	99.660000%	1919	keep	stage next eligible smallest QKV scalar prune	Parameterization-preserving staged sparsity with boundary feedback: preserve the accepted fixed-zero set and failed-index blacklist, select exactly the smallest-magnitude eligible QKV survivor, fix only it to zero, and use the accepted 99.5% internal early-stop protocol; stop at the first non-accepted logged result.	0	0
attempt-0212	da00f3c3418fcb9bdfdd2c8f48277937a2a98ea6	9fa4fe48b2db60174f2a9c08072ab467d36da8ee	2026-08-15T20:24:24.559242+00:00	99.750000%	1918	keep	stage next eligible smallest QKV scalar prune	Parameterization-preserving staged sparsity with boundary feedback: preserve the accepted fixed-zero set and failed-index blacklist, select exactly the smallest-magnitude eligible QKV survivor, fix only it to zero, and use the accepted 99.5% internal early-stop protocol; stop at the first non-accepted logged result.	0	0
attempt-0213	eb1e03ac371d8bca71a3c3ce03470344ab84771f	da00f3c3418fcb9bdfdd2c8f48277937a2a98ea6	2026-08-15T20:25:22.850902+00:00	99.990000%	1917	keep	stage next eligible smallest QKV scalar prune	Parameterization-preserving staged sparsity with boundary feedback: preserve the accepted fixed-zero set and failed-index blacklist, select exactly the smallest-magnitude eligible QKV survivor, fix only it to zero, and use the accepted 99.5% internal early-stop protocol; stop at the first non-accepted logged result.	0	0
attempt-0214	d4bf8691d40cc70dc2f136dc91df467ffeaa6aaa	eb1e03ac371d8bca71a3c3ce03470344ab84771f	2026-08-15T20:26:21.426043+00:00	99.960000%	1916	keep	stage next eligible smallest QKV scalar prune	Parameterization-preserving staged sparsity with boundary feedback: preserve the accepted fixed-zero set and failed-index blacklist, select exactly the smallest-magnitude eligible QKV survivor, fix only it to zero, and use the accepted 99.5% internal early-stop protocol; stop at the first non-accepted logged result.	0	0
attempt-0215	2e5f4651d468d045c4c87fd19a1fec059855c82a	d4bf8691d40cc70dc2f136dc91df467ffeaa6aaa	2026-08-15T20:27:19.287398+00:00	99.610000%	1915	keep	stage next eligible smallest QKV scalar prune	Parameterization-preserving staged sparsity with boundary feedback: preserve the accepted fixed-zero set and failed-index blacklist, select exactly the smallest-magnitude eligible QKV survivor, fix only it to zero, and use the accepted 99.5% internal early-stop protocol; stop at the first non-accepted logged result.	0	0
attempt-0216	89bf2a5e1b772a306eb038ffb661ef40a9a375c0	2e5f4651d468d045c4c87fd19a1fec059855c82a	2026-08-15T20:28:10.596434+00:00	99.590000%	1914	keep	stage next eligible smallest QKV scalar prune	Parameterization-preserving staged sparsity with boundary feedback: preserve the accepted fixed-zero set and failed-index blacklist, select exactly the smallest-magnitude eligible QKV survivor, fix only it to zero, and use the accepted 99.5% internal early-stop protocol; stop at the first non-accepted logged result.	0	0
attempt-0217	a6d4e720f35714ecd76061c6a8a3f95ffbe2a90c	89bf2a5e1b772a306eb038ffb661ef40a9a375c0	2026-08-15T20:29:09.615448+00:00	99.760000%	1913	keep	stage next eligible smallest QKV scalar prune	Parameterization-preserving staged sparsity with boundary feedback: preserve the accepted fixed-zero set and failed-index blacklist, select exactly the smallest-magnitude eligible QKV survivor, fix only it to zero, and use the accepted 99.5% internal early-stop protocol; stop at the first non-accepted logged result.	0	0
attempt-0218	107c9923b1a36ea41806a4f7bd3081af5aaa5e3c	a6d4e720f35714ecd76061c6a8a3f95ffbe2a90c	2026-08-15T20:30:08.411176+00:00	99.940000%	1912	keep	stage next eligible smallest QKV scalar prune	Parameterization-preserving staged sparsity with boundary feedback: preserve the accepted fixed-zero set and failed-index blacklist, select exactly the smallest-magnitude eligible QKV survivor, fix only it to zero, and use the accepted 99.5% internal early-stop protocol; stop at the first non-accepted logged result.	0	0
attempt-0219	2138b7feea1fc8e685f4f125a3059e5b776604c7	107c9923b1a36ea41806a4f7bd3081af5aaa5e3c	2026-08-15T20:31:00.404813+00:00	99.940000%	1911	keep	stage next eligible smallest QKV scalar prune	Parameterization-preserving staged sparsity with boundary feedback: preserve the accepted fixed-zero set and failed-index blacklist, select exactly the smallest-magnitude eligible QKV survivor, fix only it to zero, and use the accepted 99.5% internal early-stop protocol; stop at the first non-accepted logged result.	0	0
attempt-0220	ae7db8a8204270eceef8318b3c95adbc9a7a44e0	2138b7feea1fc8e685f4f125a3059e5b776604c7	2026-08-15T20:31:59.047079+00:00	99.890000%	1910	keep	stage next eligible smallest QKV scalar prune	Parameterization-preserving staged sparsity with boundary feedback: preserve the accepted fixed-zero set and failed-index blacklist, select exactly the smallest-magnitude eligible QKV survivor, fix only it to zero, and use the accepted 99.5% internal early-stop protocol; stop at the first non-accepted logged result.	0	0
attempt-0221	21bb894708fc23affdb42ec856ac4f7868453810	ae7db8a8204270eceef8318b3c95adbc9a7a44e0	2026-08-15T20:32:56.912384+00:00	99.790000%	1909	keep	stage next eligible smallest QKV scalar prune	Parameterization-preserving staged sparsity with boundary feedback: preserve the accepted fixed-zero set and failed-index blacklist, select exactly the smallest-magnitude eligible QKV survivor, fix only it to zero, and use the accepted 99.5% internal early-stop protocol; stop at the first non-accepted logged result.	0	0
attempt-0222	b9724221885c41729c5d6016e9ca6129f4d7b515	21bb894708fc23affdb42ec856ac4f7868453810	2026-08-15T20:33:54.426713+00:00	99.850000%	1908	keep	stage next eligible smallest QKV scalar prune	Parameterization-preserving staged sparsity with boundary feedback: preserve the accepted fixed-zero set and failed-index blacklist, select exactly the smallest-magnitude eligible QKV survivor, fix only it to zero, and use the accepted 99.5% internal early-stop protocol; stop at the first non-accepted logged result.	0	0
attempt-0223	2d7c83385aae922eb03d83c7a5f9a7eb2d52f949	b9724221885c41729c5d6016e9ca6129f4d7b515	2026-08-15T20:34:52.486709+00:00	99.810000%	1907	keep	stage next eligible smallest QKV scalar prune	Parameterization-preserving staged sparsity with boundary feedback: preserve the accepted fixed-zero set and failed-index blacklist, select exactly the smallest-magnitude eligible QKV survivor, fix only it to zero, and use the accepted 99.5% internal early-stop protocol; stop at the first non-accepted logged result.	0	0
attempt-0224	b2163993eaa028d18cf4a060f90c5a87edc7dac1	2d7c83385aae922eb03d83c7a5f9a7eb2d52f949	2026-08-15T20:35:43.013682+00:00	99.630000%	1906	keep	stage next eligible smallest QKV scalar prune	Parameterization-preserving staged sparsity with boundary feedback: preserve the accepted fixed-zero set and failed-index blacklist, select exactly the smallest-magnitude eligible QKV survivor, fix only it to zero, and use the accepted 99.5% internal early-stop protocol; stop at the first non-accepted logged result.	0	0
attempt-0225	eeaf10dea7d79720c8344c6a79b19f6da94efdad	b2163993eaa028d18cf4a060f90c5a87edc7dac1	2026-08-15T20:36:41.111663+00:00	99.880000%	1905	keep	stage next eligible smallest QKV scalar prune	Parameterization-preserving staged sparsity with boundary feedback: preserve the accepted fixed-zero set and failed-index blacklist, select exactly the smallest-magnitude eligible QKV survivor, fix only it to zero, and use the accepted 99.5% internal early-stop protocol; stop at the first non-accepted logged result.	0	0
attempt-0226	6215957736233353158d34d078424c44568fac64	eeaf10dea7d79720c8344c6a79b19f6da94efdad	2026-08-15T20:37:38.841536+00:00	99.880000%	1904	keep	stage next eligible smallest QKV scalar prune	Parameterization-preserving staged sparsity with boundary feedback: preserve the accepted fixed-zero set and failed-index blacklist, select exactly the smallest-magnitude eligible QKV survivor, fix only it to zero, and use the accepted 99.5% internal early-stop protocol; stop at the first non-accepted logged result.	0	0
attempt-0227	ae8458a87379c04dd55d026caa1e66a228751e61	6215957736233353158d34d078424c44568fac64	2026-08-15T20:38:36.941798+00:00	99.630000%	1903	keep	stage next eligible smallest QKV scalar prune	Parameterization-preserving staged sparsity with boundary feedback: preserve the accepted fixed-zero set and failed-index blacklist, select exactly the smallest-magnitude eligible QKV survivor, fix only it to zero, and use the accepted 99.5% internal early-stop protocol; stop at the first non-accepted logged result.	0	0
attempt-0228	144c4524a166cbbb3d7f59b22ae5add0dd76bbca	ae8458a87379c04dd55d026caa1e66a228751e61	2026-08-15T20:39:27.138041+00:00	99.620000%	1902	keep	stage next eligible smallest QKV scalar prune	Parameterization-preserving staged sparsity with boundary feedback: preserve the accepted fixed-zero set and failed-index blacklist, select exactly the smallest-magnitude eligible QKV survivor, fix only it to zero, and use the accepted 99.5% internal early-stop protocol; stop at the first non-accepted logged result.	0	0
attempt-0229	bb96c9cd0ff89d5452bf767101fe5d5f7b018a9c	144c4524a166cbbb3d7f59b22ae5add0dd76bbca	2026-08-15T20:40:26.625140+00:00	99.590000%	1901	keep	stage next eligible smallest QKV scalar prune	Parameterization-preserving staged sparsity with boundary feedback: preserve the accepted fixed-zero set and failed-index blacklist, select exactly the smallest-magnitude eligible QKV survivor, fix only it to zero, and use the accepted 99.5% internal early-stop protocol; stop at the first non-accepted logged result.	0	0
attempt-0230	c453c1e10de9ace89b0c23619204437b9c1ecc56	bb96c9cd0ff89d5452bf767101fe5d5f7b018a9c	2026-08-15T20:41:24.995325+00:00	99.890000%	1900	keep	stage next eligible smallest QKV scalar prune	Parameterization-preserving staged sparsity with boundary feedback: preserve the accepted fixed-zero set and failed-index blacklist, select exactly the smallest-magnitude eligible QKV survivor, fix only it to zero, and use the accepted 99.5% internal early-stop protocol; stop at the first non-accepted logged result.	0	0
attempt-0231	b10da4824b6d936e3553e5009f33e6f60dc55e4a	c453c1e10de9ace89b0c23619204437b9c1ecc56	2026-08-15T20:42:16.239826+00:00	99.910000%	1899	keep	stage next eligible smallest QKV scalar prune	Parameterization-preserving staged sparsity with boundary feedback: preserve the accepted fixed-zero set and failed-index blacklist, select exactly the smallest-magnitude eligible QKV survivor, fix only it to zero, and use the accepted 99.5% internal early-stop protocol; stop at the first non-accepted logged result.	0	0
attempt-0232	89ab1ebb26f32762d39304d7dea89d0e8ab78d0a	b10da4824b6d936e3553e5009f33e6f60dc55e4a	2026-08-15T20:43:16.653190+00:00	99.680000%	1898	keep	stage next eligible smallest QKV scalar prune	Parameterization-preserving staged sparsity with boundary feedback: preserve the accepted fixed-zero set and failed-index blacklist, select exactly the smallest-magnitude eligible QKV survivor, fix only it to zero, and use the accepted 99.5% internal early-stop protocol; stop at the first non-accepted logged result.	0	0
attempt-0233	d05c5b02e5f9a4160fdc1db0a10819a1a36fc438	89ab1ebb26f32762d39304d7dea89d0e8ab78d0a	2026-08-15T20:44:14.635377+00:00	99.740000%	1897	keep	stage next eligible smallest QKV scalar prune	Parameterization-preserving staged sparsity with boundary feedback: preserve the accepted fixed-zero set and failed-index blacklist, select exactly the smallest-magnitude eligible QKV survivor, fix only it to zero, and use the accepted 99.5% internal early-stop protocol; stop at the first non-accepted logged result.	0	0
attempt-0234	e9c0a684ae425d2cc1ae14a7b94773e7e94927cc	d05c5b02e5f9a4160fdc1db0a10819a1a36fc438	2026-08-15T20:45:06.124764+00:00	99.740000%	1896	keep	stage next eligible smallest QKV scalar prune	Parameterization-preserving staged sparsity with boundary feedback: preserve the accepted fixed-zero set and failed-index blacklist, select exactly the smallest-magnitude eligible QKV survivor, fix only it to zero, and use the accepted 99.5% internal early-stop protocol; stop at the first non-accepted logged result.	0	0
attempt-0235	ef40f274e6362e39ce528ab81a43918037d1f66a	e9c0a684ae425d2cc1ae14a7b94773e7e94927cc	2026-08-15T20:46:04.736931+00:00	99.640000%	1895	keep	stage next eligible smallest QKV scalar prune	Parameterization-preserving staged sparsity with boundary feedback: preserve the accepted fixed-zero set and failed-index blacklist, select exactly the smallest-magnitude eligible QKV survivor, fix only it to zero, and use the accepted 99.5% internal early-stop protocol; stop at the first non-accepted logged result.	0	0
attempt-0236	b5aec85bb8d2b32b3a907e19819af01174cd5e84	ef40f274e6362e39ce528ab81a43918037d1f66a	2026-08-15T20:47:02.743393+00:00	99.760000%	1894	keep	stage next eligible smallest QKV scalar prune	Parameterization-preserving staged sparsity with boundary feedback: preserve the accepted fixed-zero set and failed-index blacklist, select exactly the smallest-magnitude eligible QKV survivor, fix only it to zero, and use the accepted 99.5% internal early-stop protocol; stop at the first non-accepted logged result.	0	0
attempt-0237	ec7dd720787c693a8f7fdc863a3427c6004bf4c1	b5aec85bb8d2b32b3a907e19819af01174cd5e84	2026-08-15T20:48:01.098824+00:00	99.910000%	1893	keep	stage next eligible smallest QKV scalar prune	Parameterization-preserving staged sparsity with boundary feedback: preserve the accepted fixed-zero set and failed-index blacklist, select exactly the smallest-magnitude eligible QKV survivor, fix only it to zero, and use the accepted 99.5% internal early-stop protocol; stop at the first non-accepted logged result.	0	0
attempt-0238	86a11975b7370ebb5b827482a93499b06f21dfa4	ec7dd720787c693a8f7fdc863a3427c6004bf4c1	2026-08-15T20:48:51.970635+00:00	99.910000%	1892	keep	stage next eligible smallest QKV scalar prune	Parameterization-preserving staged sparsity with boundary feedback: preserve the accepted fixed-zero set and failed-index blacklist, select exactly the smallest-magnitude eligible QKV survivor, fix only it to zero, and use the accepted 99.5% internal early-stop protocol; stop at the first non-accepted logged result.	0	0
attempt-0239	71b6f4c3486d986f0a41bc84c229f1f1b801ddaa	86a11975b7370ebb5b827482a93499b06f21dfa4	2026-08-15T20:49:50.478568+00:00	99.820000%	1891	keep	stage next eligible smallest QKV scalar prune	Parameterization-preserving staged sparsity with boundary feedback: preserve the accepted fixed-zero set and failed-index blacklist, select exactly the smallest-magnitude eligible QKV survivor, fix only it to zero, and use the accepted 99.5% internal early-stop protocol; stop at the first non-accepted logged result.	0	0
attempt-0240	8b9edb7cad087998887eb137807f1be2fbe813ed	71b6f4c3486d986f0a41bc84c229f1f1b801ddaa	2026-08-15T20:50:49.891610+00:00	99.800000%	1890	keep	stage next eligible smallest QKV scalar prune	Parameterization-preserving staged sparsity with boundary feedback: preserve the accepted fixed-zero set and failed-index blacklist, select exactly the smallest-magnitude eligible QKV survivor, fix only it to zero, and use the accepted 99.5% internal early-stop protocol; stop at the first non-accepted logged result.	0	0
attempt-0241	fd194df1f57adb42e2e17cd7ded509f80c623eb9	8b9edb7cad087998887eb137807f1be2fbe813ed	2026-08-15T20:52:06.304374+00:00	99.980000%	1889	keep	stage next eligible smallest QKV scalar prune	Parameterization-preserving staged sparsity with boundary feedback: preserve the accepted fixed-zero set and failed-index blacklist, select exactly the smallest-magnitude eligible QKV survivor, fix only it to zero, and use the accepted 99.5% internal early-stop protocol; stop at the first non-accepted logged result.	0	0
attempt-0242	f1202ea119c16e7a514004c51ecebe2a02c488cd	fd194df1f57adb42e2e17cd7ded509f80c623eb9	2026-08-15T20:53:04.268307+00:00	99.710000%	1888	keep	stage next eligible smallest QKV scalar prune	Parameterization-preserving staged sparsity with boundary feedback: preserve the accepted fixed-zero set and failed-index blacklist, select exactly the smallest-magnitude eligible QKV survivor, fix only it to zero, and use the accepted 99.5% internal early-stop protocol; stop at the first non-accepted logged result.	0	0
attempt-0243	cef1ae5cfdbfe6c0395220d9255ea7922ee332f9	f1202ea119c16e7a514004c51ecebe2a02c488cd	2026-08-15T20:54:02.000570+00:00	99.990000%	1887	keep	stage next eligible smallest QKV scalar prune	Parameterization-preserving staged sparsity with boundary feedback: preserve the accepted fixed-zero set and failed-index blacklist, select exactly the smallest-magnitude eligible QKV survivor, fix only it to zero, and use the accepted 99.5% internal early-stop protocol; stop at the first non-accepted logged result.	0	0
attempt-0244	b14925a7b63613fd080ca3e42781be9b9284cce3	cef1ae5cfdbfe6c0395220d9255ea7922ee332f9	2026-08-15T20:54:52.819791+00:00	99.990000%	1886	keep	stage next eligible smallest QKV scalar prune	Parameterization-preserving staged sparsity with boundary feedback: preserve the accepted fixed-zero set and failed-index blacklist, select exactly the smallest-magnitude eligible QKV survivor, fix only it to zero, and use the accepted 99.5% internal early-stop protocol; stop at the first non-accepted logged result.	0	0
attempt-0245	5586a5196761b9088857dfdc6cc6f6490b0e288e	b14925a7b63613fd080ca3e42781be9b9284cce3	2026-08-15T20:55:51.857248+00:00	99.860000%	1885	keep	stage next eligible smallest QKV scalar prune	Parameterization-preserving staged sparsity with boundary feedback: preserve the accepted fixed-zero set and failed-index blacklist, select exactly the smallest-magnitude eligible QKV survivor, fix only it to zero, and use the accepted 99.5% internal early-stop protocol; stop at the first non-accepted logged result.	0	0
attempt-0246	31ac53c0440de3bdbf63252ac62e5aa9a9ae8318	5586a5196761b9088857dfdc6cc6f6490b0e288e	2026-08-15T20:56:49.657852+00:00	99.950000%	1884	keep	stage next eligible smallest QKV scalar prune	Parameterization-preserving staged sparsity with boundary feedback: preserve the accepted fixed-zero set and failed-index blacklist, select exactly the smallest-magnitude eligible QKV survivor, fix only it to zero, and use the accepted 99.5% internal early-stop protocol; stop at the first non-accepted logged result.	0	0
attempt-0247	2411b0c0da5e25085cef9fadc1c19d274303891d	31ac53c0440de3bdbf63252ac62e5aa9a9ae8318	2026-08-15T20:57:48.309046+00:00	99.970000%	1883	keep	stage next eligible smallest QKV scalar prune	Parameterization-preserving staged sparsity with boundary feedback: preserve the accepted fixed-zero set and failed-index blacklist, select exactly the smallest-magnitude eligible QKV survivor, fix only it to zero, and use the accepted 99.5% internal early-stop protocol; stop at the first non-accepted logged result.	0	0
attempt-0248	4fdac25300ce4775c87cf9e5d1104cba547e17ae	2411b0c0da5e25085cef9fadc1c19d274303891d	2026-08-15T20:58:45.758375+00:00	99.980000%	1882	keep	stage next eligible smallest QKV scalar prune	Parameterization-preserving staged sparsity with boundary feedback: preserve the accepted fixed-zero set and failed-index blacklist, select exactly the smallest-magnitude eligible QKV survivor, fix only it to zero, and use the accepted 99.5% internal early-stop protocol; stop at the first non-accepted logged result.	0	0
attempt-0249	48d2ff70c2da37f4567ea612ba6c948e079b1ee5	4fdac25300ce4775c87cf9e5d1104cba547e17ae	2026-08-15T20:59:43.392097+00:00	99.980000%	1881	keep	stage next eligible smallest QKV scalar prune	Parameterization-preserving staged sparsity with boundary feedback: preserve the accepted fixed-zero set and failed-index blacklist, select exactly the smallest-magnitude eligible QKV survivor, fix only it to zero, and use the accepted 99.5% internal early-stop protocol; stop at the first non-accepted logged result.	0	0
attempt-0250	d0e33aa4f99650b55674c337c19a2850c07fd4c8	48d2ff70c2da37f4567ea612ba6c948e079b1ee5	2026-08-15T21:00:41.051034+00:00	99.740000%	1880	keep	stage next eligible smallest QKV scalar prune	Parameterization-preserving staged sparsity with boundary feedback: preserve the accepted fixed-zero set and failed-index blacklist, select exactly the smallest-magnitude eligible QKV survivor, fix only it to zero, and use the accepted 99.5% internal early-stop protocol; stop at the first non-accepted logged result.	0	0
attempt-0251	b92dc3ae3c4c693ce6fd867c3c25fc2aa0bed11d	d0e33aa4f99650b55674c337c19a2850c07fd4c8	2026-08-15T21:01:46.251097+00:00	99.630000%	1879	keep	stage next eligible smallest QKV scalar prune	Parameterization-preserving staged sparsity with boundary feedback: preserve the accepted fixed-zero set and failed-index blacklist, select exactly the smallest-magnitude eligible QKV survivor, fix only it to zero, and use the accepted 99.5% internal early-stop protocol; stop at the first non-accepted logged result.	0	0
attempt-0252	b4160b3979f83e223bf58e7c53c9dcf117be5794	b92dc3ae3c4c693ce6fd867c3c25fc2aa0bed11d	2026-08-15T21:02:36.240424+00:00	99.630000%	1878	keep	stage next eligible smallest QKV scalar prune	Parameterization-preserving staged sparsity with boundary feedback: preserve the accepted fixed-zero set and failed-index blacklist, select exactly the smallest-magnitude eligible QKV survivor, fix only it to zero, and use the accepted 99.5% internal early-stop protocol; stop at the first non-accepted logged result.	0	0
attempt-0253	fa0b2855b5710318620c4f545a4a456c292f39dc	b4160b3979f83e223bf58e7c53c9dcf117be5794	2026-08-15T21:03:34.135952+00:00	99.820000%	1877	keep	stage next eligible smallest QKV scalar prune	Parameterization-preserving staged sparsity with boundary feedback: preserve the accepted fixed-zero set and failed-index blacklist, select exactly the smallest-magnitude eligible QKV survivor, fix only it to zero, and use the accepted 99.5% internal early-stop protocol; stop at the first non-accepted logged result.	0	0
attempt-0254	85d87f0393ba3688b9aff07d74707ceff5ea390e	fa0b2855b5710318620c4f545a4a456c292f39dc	2026-08-15T21:04:31.880394+00:00	99.970000%	1876	keep	stage next eligible smallest QKV scalar prune	Parameterization-preserving staged sparsity with boundary feedback: preserve the accepted fixed-zero set and failed-index blacklist, select exactly the smallest-magnitude eligible QKV survivor, fix only it to zero, and use the accepted 99.5% internal early-stop protocol; stop at the first non-accepted logged result.	0	0
attempt-0255	d57eaa336d45c3e6ebd99d58a1570f5be0d6a5fd	85d87f0393ba3688b9aff07d74707ceff5ea390e	2026-08-15T21:05:30.881394+00:00	99.820000%	1875	keep	stage next eligible smallest QKV scalar prune	Parameterization-preserving staged sparsity with boundary feedback: preserve the accepted fixed-zero set and failed-index blacklist, select exactly the smallest-magnitude eligible QKV survivor, fix only it to zero, and use the accepted 99.5% internal early-stop protocol; stop at the first non-accepted logged result.	0	0
attempt-0256	c833993df6d6b81c0dbc95949d264448a5614bbf	d57eaa336d45c3e6ebd99d58a1570f5be0d6a5fd	2026-08-15T21:07:39.116765+00:00			error	stage next eligible smallest QKV scalar prune	Parameterization-preserving staged sparsity with boundary feedback: preserve the accepted fixed-zero set and failed-index blacklist, select exactly the smallest-magnitude eligible QKV survivor, fix only it to zero, and use the accepted 99.5% internal early-stop protocol; stop at the first non-accepted logged result.	0	
attempt-0257	9ce4025853cf61ea121d859676685d191dc32e3f	d57eaa336d45c3e6ebd99d58a1570f5be0d6a5fd	2026-08-15T21:09:09.088990+00:00	99.920000%	1874	keep	skip second critical QKV scalar and prune next-smallest	Parameterization-preserving sparsity with boundary feedback: add QKV index 742 to the failed-index blacklist after its isolated removal peaked at 94.2% validation, retain the earlier blacklist entry 746 and all 173 accepted zeros, then fix exactly the next-smallest eligible survivor to zero.	0	0
attempt-0258	48f89253fea5294f8aa47b41b5eecf74e8e5cca4	9ce4025853cf61ea121d859676685d191dc32e3f	2026-08-15T21:10:20.645529+00:00	99.840000%	1873	keep	stage next eligible smallest QKV scalar prune	Parameterization-preserving staged sparsity with boundary feedback: preserve the accepted fixed-zero set and two-index failed blacklist, select exactly the smallest-magnitude eligible QKV survivor, fix only it to zero, and use the accepted 99.5% internal early-stop protocol; stop at the first non-accepted logged result.	0	0
attempt-0259	0dd8ad9e02520b8a752b6699ca259580e2576f8a	48f89253fea5294f8aa47b41b5eecf74e8e5cca4	2026-08-15T21:11:18.777107+00:00	99.740000%	1872	keep	stage next eligible smallest QKV scalar prune	Parameterization-preserving staged sparsity with boundary feedback: preserve the accepted fixed-zero set and two-index failed blacklist, select exactly the smallest-magnitude eligible QKV survivor, fix only it to zero, and use the accepted 99.5% internal early-stop protocol; stop at the first non-accepted logged result.	0	0
attempt-0260	d7b5567419cfa99f38ca45181738ece84fa5a4e7	0dd8ad9e02520b8a752b6699ca259580e2576f8a	2026-08-15T21:12:10.166402+00:00	99.750000%	1871	keep	stage next eligible smallest QKV scalar prune	Parameterization-preserving staged sparsity with boundary feedback: preserve the accepted fixed-zero set and two-index failed blacklist, select exactly the smallest-magnitude eligible QKV survivor, fix only it to zero, and use the accepted 99.5% internal early-stop protocol; stop at the first non-accepted logged result.	0	0
attempt-0261	14c1473aceb189b3703d108164bf9d087e46ed35	d7b5567419cfa99f38ca45181738ece84fa5a4e7	2026-08-15T21:13:01.486642+00:00	99.750000%	1870	keep	stage next eligible smallest QKV scalar prune	Parameterization-preserving staged sparsity with boundary feedback: preserve the accepted fixed-zero set and two-index failed blacklist, select exactly the smallest-magnitude eligible QKV survivor, fix only it to zero, and use the accepted 99.5% internal early-stop protocol; stop at the first non-accepted logged result.	0	0
attempt-0262	8d28d7464ea64b790519c9803d13ba55f19d0700	14c1473aceb189b3703d108164bf9d087e46ed35	2026-08-15T21:14:00.330236+00:00	99.760000%	1869	keep	stage next eligible smallest QKV scalar prune	Parameterization-preserving staged sparsity with boundary feedback: preserve the accepted fixed-zero set and two-index failed blacklist, select exactly the smallest-magnitude eligible QKV survivor, fix only it to zero, and use the accepted 99.5% internal early-stop protocol; stop at the first non-accepted logged result.	0	0
attempt-0263	58b6436f313d0477b0aa565e6bf850792ca9611d	8d28d7464ea64b790519c9803d13ba55f19d0700	2026-08-15T21:14:51.407862+00:00	99.780000%	1868	keep	stage next eligible smallest QKV scalar prune	Parameterization-preserving staged sparsity with boundary feedback: preserve the accepted fixed-zero set and two-index failed blacklist, select exactly the smallest-magnitude eligible QKV survivor, fix only it to zero, and use the accepted 99.5% internal early-stop protocol; stop at the first non-accepted logged result.	0	0
attempt-0264	4c8e8c4a65bd27d61e9649773b1d678b58a89177	58b6436f313d0477b0aa565e6bf850792ca9611d	2026-08-15T21:15:50.186761+00:00	99.810000%	1867	keep	stage next eligible smallest QKV scalar prune	Parameterization-preserving staged sparsity with boundary feedback: preserve the accepted fixed-zero set and two-index failed blacklist, select exactly the smallest-magnitude eligible QKV survivor, fix only it to zero, and use the accepted 99.5% internal early-stop protocol; stop at the first non-accepted logged result.	0	0
attempt-0265	07c52475b31bb697b52a00da2875da90a962b204	4c8e8c4a65bd27d61e9649773b1d678b58a89177	2026-08-15T21:16:48.948909+00:00	99.950000%	1866	keep	stage next eligible smallest QKV scalar prune	Parameterization-preserving staged sparsity with boundary feedback: preserve the accepted fixed-zero set and two-index failed blacklist, select exactly the smallest-magnitude eligible QKV survivor, fix only it to zero, and use the accepted 99.5% internal early-stop protocol; stop at the first non-accepted logged result.	0	0
attempt-0266	c5ced72e71b8e17e71e974884a901151af0e46ac	07c52475b31bb697b52a00da2875da90a962b204	2026-08-15T21:17:48.291200+00:00	99.690000%	1865	keep	stage next eligible smallest QKV scalar prune	Parameterization-preserving staged sparsity with boundary feedback: preserve the accepted fixed-zero set and two-index failed blacklist, select exactly the smallest-magnitude eligible QKV survivor, fix only it to zero, and use the accepted 99.5% internal early-stop protocol; stop at the first non-accepted logged result.	0	0
attempt-0267	1b73779e9229fda919d20b6d2df096470645c8fe	c5ced72e71b8e17e71e974884a901151af0e46ac	2026-08-15T21:18:47.973304+00:00	99.810000%	1864	keep	stage next eligible smallest QKV scalar prune	Parameterization-preserving staged sparsity with boundary feedback: preserve the accepted fixed-zero set and two-index failed blacklist, select exactly the smallest-magnitude eligible QKV survivor, fix only it to zero, and use the accepted 99.5% internal early-stop protocol; stop at the first non-accepted logged result.	0	0
attempt-0268	7d10d0c6cdabd4a8f8c989a389125bef749454f7	1b73779e9229fda919d20b6d2df096470645c8fe	2026-08-15T21:19:46.427169+00:00	99.850000%	1863	keep	stage next eligible smallest QKV scalar prune	Parameterization-preserving staged sparsity with boundary feedback: preserve the accepted fixed-zero set and two-index failed blacklist, select exactly the smallest-magnitude eligible QKV survivor, fix only it to zero, and use the accepted 99.5% internal early-stop protocol; stop at the first non-accepted logged result.	0	0
attempt-0269	592d01538b1812b2cbf7104fd9754d9ccfbfefd7	7d10d0c6cdabd4a8f8c989a389125bef749454f7	2026-08-15T21:20:38.200053+00:00	99.740000%	1862	keep	stage next eligible smallest QKV scalar prune	Parameterization-preserving staged sparsity with boundary feedback: preserve the accepted fixed-zero set and two-index failed blacklist, select exactly the smallest-magnitude eligible QKV survivor, fix only it to zero, and use the accepted 99.5% internal early-stop protocol; stop at the first non-accepted logged result.	0	0
attempt-0270	54a726afbc2f2827278d5ff8239bb0aa7374bb79	592d01538b1812b2cbf7104fd9754d9ccfbfefd7	2026-08-15T21:21:29.747684+00:00	99.690000%	1861	keep	stage next eligible smallest QKV scalar prune	Parameterization-preserving staged sparsity with boundary feedback: preserve the accepted fixed-zero set and two-index failed blacklist, select exactly the smallest-magnitude eligible QKV survivor, fix only it to zero, and use the accepted 99.5% internal early-stop protocol; stop at the first non-accepted logged result.	0	0
attempt-0271	06b7dec87707ab784596d3a76f8cfe7731d079c9	54a726afbc2f2827278d5ff8239bb0aa7374bb79	2026-08-15T21:22:27.848060+00:00	99.890000%	1860	keep	stage next eligible smallest QKV scalar prune	Parameterization-preserving staged sparsity with boundary feedback: preserve the accepted fixed-zero set and two-index failed blacklist, select exactly the smallest-magnitude eligible QKV survivor, fix only it to zero, and use the accepted 99.5% internal early-stop protocol; stop at the first non-accepted logged result.	0	0
attempt-0272	79431215cba67cbf21288aa6404c3af224d102b5	06b7dec87707ab784596d3a76f8cfe7731d079c9	2026-08-15T21:23:26.484788+00:00	99.820000%	1859	keep	stage next eligible smallest QKV scalar prune	Parameterization-preserving staged sparsity with boundary feedback: preserve the accepted fixed-zero set and two-index failed blacklist, select exactly the smallest-magnitude eligible QKV survivor, fix only it to zero, and use the accepted 99.5% internal early-stop protocol; stop at the first non-accepted logged result.	0	0
attempt-0273	1185833c518206c5578c965e4a44424d4113119d	79431215cba67cbf21288aa6404c3af224d102b5	2026-08-15T21:24:18.277946+00:00	99.770000%	1858	keep	stage next eligible smallest QKV scalar prune	Parameterization-preserving staged sparsity with boundary feedback: preserve the accepted fixed-zero set and two-index failed blacklist, select exactly the smallest-magnitude eligible QKV survivor, fix only it to zero, and use the accepted 99.5% internal early-stop protocol; stop at the first non-accepted logged result.	0	0
attempt-0274	3cdd41a1ff03a17bfe3775d66167b10240e9e56c	1185833c518206c5578c965e4a44424d4113119d	2026-08-15T21:25:18.089855+00:00	99.880000%	1857	keep	stage next eligible smallest QKV scalar prune	Parameterization-preserving staged sparsity with boundary feedback: preserve the accepted fixed-zero set and two-index failed blacklist, select exactly the smallest-magnitude eligible QKV survivor, fix only it to zero, and use the accepted 99.5% internal early-stop protocol; stop at the first non-accepted logged result.	0	0
attempt-0275	cdaf03facd894bbb9311bab906018d89336fc0f8	3cdd41a1ff03a17bfe3775d66167b10240e9e56c	2026-08-15T21:26:16.225211+00:00	99.970000%	1856	keep	stage next eligible smallest QKV scalar prune	Parameterization-preserving staged sparsity with boundary feedback: preserve the accepted fixed-zero set and two-index failed blacklist, select exactly the smallest-magnitude eligible QKV survivor, fix only it to zero, and use the accepted 99.5% internal early-stop protocol; stop at the first non-accepted logged result.	0	0
attempt-0276	4f181688d592efc178d0103fc69425057dd61854	cdaf03facd894bbb9311bab906018d89336fc0f8	2026-08-15T21:27:14.517021+00:00	99.980000%	1855	keep	stage next eligible smallest QKV scalar prune	Parameterization-preserving staged sparsity with boundary feedback: preserve the accepted fixed-zero set and two-index failed blacklist, select exactly the smallest-magnitude eligible QKV survivor, fix only it to zero, and use the accepted 99.5% internal early-stop protocol; stop at the first non-accepted logged result.	0	0
attempt-0277	88648f4f0c3964a42f2fc9cf09295c657d1564cc	4f181688d592efc178d0103fc69425057dd61854	2026-08-15T21:28:06.370601+00:00	99.980000%	1854	keep	stage next eligible smallest QKV scalar prune	Parameterization-preserving staged sparsity with boundary feedback: preserve the accepted fixed-zero set and two-index failed blacklist, select exactly the smallest-magnitude eligible QKV survivor, fix only it to zero, and use the accepted 99.5% internal early-stop protocol; stop at the first non-accepted logged result.	0	0
attempt-0278	678c448a00860c9552f6dcd01185ddab29452ead	88648f4f0c3964a42f2fc9cf09295c657d1564cc	2026-08-15T21:29:05.854325+00:00	99.750000%	1853	keep	stage next eligible smallest QKV scalar prune	Parameterization-preserving staged sparsity with boundary feedback: preserve the accepted fixed-zero set and two-index failed blacklist, select exactly the smallest-magnitude eligible QKV survivor, fix only it to zero, and use the accepted 99.5% internal early-stop protocol; stop at the first non-accepted logged result.	0	0
attempt-0279	7bbb3406f7d72db02e3680e85c1498d50bb6d6df	678c448a00860c9552f6dcd01185ddab29452ead	2026-08-15T21:30:05.489777+00:00	99.870000%	1852	keep	stage next eligible smallest QKV scalar prune	Parameterization-preserving staged sparsity with boundary feedback: preserve the accepted fixed-zero set and two-index failed blacklist, select exactly the smallest-magnitude eligible QKV survivor, fix only it to zero, and use the accepted 99.5% internal early-stop protocol; stop at the first non-accepted logged result.	0	0
attempt-0280	d0d4265f5a70088b550595fbc2778440c6c96e9f	7bbb3406f7d72db02e3680e85c1498d50bb6d6df	2026-08-15T21:30:57.867188+00:00	99.920000%	1851	keep	stage next eligible smallest QKV scalar prune	Parameterization-preserving staged sparsity with boundary feedback: preserve the accepted fixed-zero set and two-index failed blacklist, select exactly the smallest-magnitude eligible QKV survivor, fix only it to zero, and use the accepted 99.5% internal early-stop protocol; stop at the first non-accepted logged result.	0	0
attempt-0281	1167b0a620048640420f920889cab8c04813ae6f	d0d4265f5a70088b550595fbc2778440c6c96e9f	2026-08-15T21:31:57.958066+00:00	99.740000%	1850	keep	stage next eligible smallest QKV scalar prune	Parameterization-preserving staged sparsity with boundary feedback: preserve the accepted fixed-zero set and two-index failed blacklist, select exactly the smallest-magnitude eligible QKV survivor, fix only it to zero, and use the accepted 99.5% internal early-stop protocol; stop at the first non-accepted logged result.	0	0
attempt-0282	6e52088d0b9eccb9e2295ec05ca21ca71e429a58	1167b0a620048640420f920889cab8c04813ae6f	2026-08-15T21:32:48.447273+00:00	99.740000%	1849	keep	stage next eligible smallest QKV scalar prune	Parameterization-preserving staged sparsity with boundary feedback: preserve the accepted fixed-zero set and two-index failed blacklist, select exactly the smallest-magnitude eligible QKV survivor, fix only it to zero, and use the accepted 99.5% internal early-stop protocol; stop at the first non-accepted logged result.	0	0
attempt-0283	1d812dd67168bbac4f0e936f74f951fee015980a	6e52088d0b9eccb9e2295ec05ca21ca71e429a58	2026-08-15T21:33:47.752478+00:00	99.910000%	1848	keep	stage next eligible smallest QKV scalar prune	Parameterization-preserving staged sparsity with boundary feedback: preserve the accepted fixed-zero set and two-index failed blacklist, select exactly the smallest-magnitude eligible QKV survivor, fix only it to zero, and use the accepted 99.5% internal early-stop protocol; stop at the first non-accepted logged result.	0	0
attempt-0284	d08cedcf86cd12f3dd92668f59f4d11183317223	1d812dd67168bbac4f0e936f74f951fee015980a	2026-08-15T21:34:46.158638+00:00	99.840000%	1847	keep	stage next eligible smallest QKV scalar prune	Parameterization-preserving staged sparsity with boundary feedback: preserve the accepted fixed-zero set and two-index failed blacklist, select exactly the smallest-magnitude eligible QKV survivor, fix only it to zero, and use the accepted 99.5% internal early-stop protocol; stop at the first non-accepted logged result.	0	0
attempt-0285	bec7d034b79e4852dfb7926384496b09a3c9d25f	d08cedcf86cd12f3dd92668f59f4d11183317223	2026-08-15T21:35:45.617828+00:00	99.980000%	1846	keep	stage next eligible smallest QKV scalar prune	Parameterization-preserving staged sparsity with boundary feedback: preserve the accepted fixed-zero set and two-index failed blacklist, select exactly the smallest-magnitude eligible QKV survivor, fix only it to zero, and use the accepted 99.5% internal early-stop protocol; stop at the first non-accepted logged result.	0	0
attempt-0286	1548ef4e9470415f4eb4ceb716153039f1783b5d	bec7d034b79e4852dfb7926384496b09a3c9d25f	2026-08-15T21:36:45.997146+00:00	99.970000%	1845	keep	stage next eligible smallest QKV scalar prune	Parameterization-preserving staged sparsity with boundary feedback: preserve the accepted fixed-zero set and two-index failed blacklist, select exactly the smallest-magnitude eligible QKV survivor, fix only it to zero, and use the accepted 99.5% internal early-stop protocol; stop at the first non-accepted logged result.	0	0
attempt-0287	b92391668f294a4e9dd00faae3ce0d11eb671bac	1548ef4e9470415f4eb4ceb716153039f1783b5d	2026-08-15T21:37:47.586698+00:00	99.890000%	1844	keep	stage next eligible smallest QKV scalar prune	Parameterization-preserving staged sparsity with boundary feedback: preserve the accepted fixed-zero set and two-index failed blacklist, select exactly the smallest-magnitude eligible QKV survivor, fix only it to zero, and use the accepted 99.5% internal early-stop protocol; stop at the first non-accepted logged result.	0	0
attempt-0288	afa33f82f690ca47cb785489b47fc0441fc9172f	b92391668f294a4e9dd00faae3ce0d11eb671bac	2026-08-15T21:38:47.741703+00:00	99.920000%	1843	keep	stage next eligible smallest QKV scalar prune	Parameterization-preserving staged sparsity with boundary feedback: preserve the accepted fixed-zero set and two-index failed blacklist, select exactly the smallest-magnitude eligible QKV survivor, fix only it to zero, and use the accepted 99.5% internal early-stop protocol; stop at the first non-accepted logged result.	0	0
attempt-0289	438e15a8c3b1091c3896f8cbe3b8c44d7655803b	afa33f82f690ca47cb785489b47fc0441fc9172f	2026-08-15T21:39:38.853642+00:00	99.920000%	1842	keep	stage next eligible smallest QKV scalar prune	Parameterization-preserving staged sparsity with boundary feedback: preserve the accepted fixed-zero set and two-index failed blacklist, select exactly the smallest-magnitude eligible QKV survivor, fix only it to zero, and use the accepted 99.5% internal early-stop protocol; stop at the first non-accepted logged result.	0	0
attempt-0290	ec952128f9151c93ac456a8d339e6e57a372a4ab	438e15a8c3b1091c3896f8cbe3b8c44d7655803b	2026-08-15T21:40:30.531034+00:00	99.850000%	1841	keep	stage next eligible smallest QKV scalar prune	Parameterization-preserving staged sparsity with boundary feedback: preserve the accepted fixed-zero set and two-index failed blacklist, select exactly the smallest-magnitude eligible QKV survivor, fix only it to zero, and use the accepted 99.5% internal early-stop protocol; stop at the first non-accepted logged result.	0	0
attempt-0291	e7fd75fb66e0dd0ebea722213a3a287a601288a3	ec952128f9151c93ac456a8d339e6e57a372a4ab	2026-08-15T21:41:30.064898+00:00	99.930000%	1840	keep	stage next eligible smallest QKV scalar prune	Parameterization-preserving staged sparsity with boundary feedback: preserve the accepted fixed-zero set and two-index failed blacklist, select exactly the smallest-magnitude eligible QKV survivor, fix only it to zero, and use the accepted 99.5% internal early-stop protocol; stop at the first non-accepted logged result.	0	0
attempt-0292	ac7d091347bb70d683bf1690a89c1d7e659a29bc	e7fd75fb66e0dd0ebea722213a3a287a601288a3	2026-08-15T21:42:32.641385+00:00	99.740000%	1839	keep	stage next eligible smallest QKV scalar prune	Parameterization-preserving staged sparsity with boundary feedback: preserve the accepted fixed-zero set and two-index failed blacklist, select exactly the smallest-magnitude eligible QKV survivor, fix only it to zero, and use the accepted 99.5% internal early-stop protocol; stop at the first non-accepted logged result.	0	0
attempt-0293	f4749ee0efea425db0dc1d8302fa71eee06edd64	ac7d091347bb70d683bf1690a89c1d7e659a29bc	2026-08-15T21:43:32.293475+00:00	100.000000%	1838	keep	stage next eligible smallest QKV scalar prune	Parameterization-preserving staged sparsity with boundary feedback: preserve the accepted fixed-zero set and two-index failed blacklist, select exactly the smallest-magnitude eligible QKV survivor, fix only it to zero, and use the accepted 99.5% internal early-stop protocol; stop at the first non-accepted logged result.	0	0
attempt-0294	059409ba36b67629d668d5d38e46a8af462603b2	f4749ee0efea425db0dc1d8302fa71eee06edd64	2026-08-15T21:44:32.482986+00:00	99.920000%	1837	keep	stage next eligible smallest QKV scalar prune	Parameterization-preserving staged sparsity with boundary feedback: preserve the accepted fixed-zero set and two-index failed blacklist, select exactly the smallest-magnitude eligible QKV survivor, fix only it to zero, and use the accepted 99.5% internal early-stop protocol; stop at the first non-accepted logged result.	0	0
attempt-0295	0abe326350611b8441263d3db8234ebb4d03d7fe	059409ba36b67629d668d5d38e46a8af462603b2	2026-08-15T21:45:29.960862+00:00	99.950000%	1836	keep	stage next eligible smallest QKV scalar prune	Parameterization-preserving staged sparsity with boundary feedback: preserve the accepted fixed-zero set and two-index failed blacklist, select exactly the smallest-magnitude eligible QKV survivor, fix only it to zero, and use the accepted 99.5% internal early-stop protocol; stop at the first non-accepted logged result.	0	0
attempt-0296	65bd8f668003cb5119c1b0da76caa7a8e148b543	0abe326350611b8441263d3db8234ebb4d03d7fe	2026-08-15T21:46:20.819784+00:00	99.950000%	1835	keep	stage next eligible smallest QKV scalar prune	Parameterization-preserving staged sparsity with boundary feedback: preserve the accepted fixed-zero set and two-index failed blacklist, select exactly the smallest-magnitude eligible QKV survivor, fix only it to zero, and use the accepted 99.5% internal early-stop protocol; stop at the first non-accepted logged result.	0	0
attempt-0297	f374fa22b898cfed6864c2605e9206751154826a	65bd8f668003cb5119c1b0da76caa7a8e148b543	2026-08-15T21:47:19.601311+00:00	99.800000%	1834	keep	stage next eligible smallest QKV scalar prune	Parameterization-preserving staged sparsity with boundary feedback: preserve the accepted fixed-zero set and two-index failed blacklist, select exactly the smallest-magnitude eligible QKV survivor, fix only it to zero, and use the accepted 99.5% internal early-stop protocol; stop at the first non-accepted logged result.	0	0
attempt-0298	08385e296e0968e71c6888a189557d56e59bca99	f374fa22b898cfed6864c2605e9206751154826a	2026-08-15T21:48:10.702804+00:00	99.800000%	1833	keep	stage next eligible smallest QKV scalar prune	Parameterization-preserving staged sparsity with boundary feedback: preserve the accepted fixed-zero set and two-index failed blacklist, select exactly the smallest-magnitude eligible QKV survivor, fix only it to zero, and use the accepted 99.5% internal early-stop protocol; stop at the first non-accepted logged result.	0	0
attempt-0299	f744fba27ab862fe7d8fcf6e8392359610514b37	08385e296e0968e71c6888a189557d56e59bca99	2026-08-15T21:49:00.997748+00:00	99.740000%	1832	keep	stage next eligible smallest QKV scalar prune	Parameterization-preserving staged sparsity with boundary feedback: preserve the accepted fixed-zero set and two-index failed blacklist, select exactly the smallest-magnitude eligible QKV survivor, fix only it to zero, and use the accepted 99.5% internal early-stop protocol; stop at the first non-accepted logged result.	0	0
attempt-0300	7dd500d6740c911b35ae68cce9505f1b365b5ec0	f744fba27ab862fe7d8fcf6e8392359610514b37	2026-08-15T21:49:59.086739+00:00	99.840000%	1831	keep	stage next eligible smallest QKV scalar prune	Parameterization-preserving staged sparsity with boundary feedback: preserve the accepted fixed-zero set and two-index failed blacklist, select exactly the smallest-magnitude eligible QKV survivor, fix only it to zero, and use the accepted 99.5% internal early-stop protocol; stop at the first non-accepted logged result.	0	0
